,SMILES_desalted,ADRA1A_label,ADRA1B_label,ADRA1D_label
0,COC(=O)C1=C(C)NC(=O)N(C(=O)NCCCN2CCN(c3ccccc3[N+](=O)[O-])CC2)C1c1ccc(F)c(F)c1,1,1,1
1,COC(=O)C1=C(C)NC(=O)N(C(=O)NCCCN2CCN(c3ccccc3[N+](=O)[O-])C[C@@H]2C)C1c1ccc(F)c(F)c1,1,1,1
2,Cc1[nH]c(=O)n(CCCN2CCN(c3ccccc3OCC(F)(F)F)CC2)c(=O)c1C,1,1,1
4,COC(=O)C1=C(C)NC(=O)N(C(=O)NCCCN2CCN(c3ccccc3[N+](=O)[O-])C[C@H]2C)C1c1ccc(F)c(F)c1,1,1,1
5,COc1cccc(OC)c1OCCN[C@H]1C[C@@H](c2ccccc2)c2ccccc2O1,1,1,NaN
6,COc1cccc(OC)c1OCCNC[C@@H]1C[C@H](c2ccccc2)c2ccccc2O1,1,1,1
7,CSc1ccc2c(c1)C(=O)N(CCCCN1CCC(n3c(=O)oc4ccccc43)CC1)S2(=O)=O,1,1,1
8,COCC1=C(C(=O)OC)C(c2ccc(F)c(F)c2)N(C(=O)NCCCN2CCC(C#N)(c3ccc(F)cc3)CC2)C(=O)N1,1,1,NaN
9,COC(=O)C1=C(C)NC(=O)N(C(=O)NCCCN2CCC(c3ccc(C)cc3)(c3ccccc3C)CC2)C1c1ccc(F)c(F)c1,1,1,NaN
10,O=c1[nH]c2ccccc2c(=O)n1CCCN1CCN(c2ccccc2OCC(F)(F)F)CC1,1,1,1
11,COc1ccc2c(c1)C(=O)N(CCCCN1CCC(n3c(=O)oc4ccccc43)CC1)S2(=O)=O,1,1,1
12,CN1C=C(C(=O)NCCCN2CCC(c3ccc(F)cc3C#N)CC2)[C@@H](c2ccc(F)c(F)c2)NC1=O,1,1,1
13,N#Cc1cc(F)ccc1C1CCN(CCCNC(=O)C2=CNC(=O)N[C@@H]2c2ccc(F)c(F)c2)CC1,1,1,1
14,N#Cc1cc(F)ccc1C1CCN(CCCNC(=O)C2C=NC(=O)N[C@@H]2c2ccc(F)c(F)c2)CC1,1,1,1
15,O=C1c2ccccc2S(=O)(=O)N1CCCCN1CCC(n2c(=O)oc3cc(F)ccc32)CC1,1,1,1
16,COc1cccc(OC)c1OCCN[C@H]1C[C@@H](c2ccccc2)c2ccccc2S1,1,1,NaN
17,COc1cccc(OC)c1OCCNCC1CC(c2ccccc2)c2ccccc2S1,1,1,1
18,COC(=O)C1=C(C)NC(=O)N(C(=O)NCCCN2CCN(c3ccccc3C#N)CC2)C1c1ccc(F)c(F)c1,1,1,1
19,Cc1c(-c2ccccc2)oc2c(C(=O)NCCCN3CCN(c4ccccc4OCCCO[N+](=O)[O-])CC3)cccc2c1=O,1,1,1
20,Cc1ccc2c(c1)C(=O)N(CCCCN1CCC(n3c(=O)oc4ccccc43)CC1)S2(=O)=O,1,1,1
21,c1ccc2c(c1)nnn2CCCCN1CCN(c2nsc3ccccc23)CC1,1,1,1
22,CC(C)Oc1ccccc1N1CCN(CCn2cnc3sc4c(c3c2=O)CCN(C)C4)CC1,1,1,1
23,COc1ccc(Cl)cc1N1CCN(CCn2cnc3sc4c(c3c2=O)CCN(C)C4)CC1,1,1,1
24,COc1ccc(-c2ccccc2)cc1N1CCN(CCn2cnc3sc4c(c3c2=O)CCN(C)C4)CC1,1,1,1
25,COC(=O)C1=C(C)NC(=O)N(C(=O)NCCCN2CCN(c3ccccc3OC)CC2)C1c1ccc(F)c(F)c1,1,1,1
26,CCOc1ccccc1N1CCN(CCCNC(=O)N2C(=O)NC(C)=C(C(=O)OC)C2c2ccc(F)c(F)c2)CC1,1,1,1
27,COC(=O)C1C(C)=NC(=O)N(CCCCCN2CCC(C(=O)OC)(c3ccccc3)CC2)C1c1ccc(F)c(F)c1,1,1,NaN
28,COC(=O)C1=C(C)NC(=O)N(CCCCCN2CCC(C(=O)OC)(c3ccccc3)CC2)C1c1ccc(F)c(F)c1,1,NaN,NaN
29,CCC1=C(C(=O)OC)C(c2ccc(F)cc2F)N(C(=O)NCCCN2CCN(c3ccccc3C(N)=O)CC2)C(=O)N1,1,1,1
30,COC(=O)C1=C(C)NC(=O)N(C(=O)NCCCN2CCC(C(=O)OC)(c3ccccc3)CC2)C1c1ccc2nonc2c1,1,1,1
31,COCC1=C(C(=O)OC)C(c2ccc(F)c(F)c2)N(C(=O)NCCCN2CCC(C#N)(c3ccccc3)CC2)C(=O)N1,1,NaN,NaN
32,COC(=O)C1=C(C)NC(=O)N(C(=O)NCCCN2CCC(C(=O)OC)(c3ccccc3)CC2)C1c1ccc(F)c(F)c1,1,1,NaN
33,COCC1=C(C(=O)OC)C(c2ccc(F)c(F)c2)N(C(=O)NCCCN2CCN(c3ccccc3C(N)=O)CC2)C(=O)N1,1,1,NaN
34,COC(=O)C1=C(C)N=C(C)N(CCCCCN2CCC(c3ccc(C)cc3)(c3ccccc3C)CC2)C1c1ccc(F)c(F)c1,1,NaN,NaN
35,COCC1=C(C(=O)OC)C(c2cc(F)c(F)cc2F)N(C(=O)NCCCN2CCN(c3ccccc3C(N)=O)CC2)C(=O)N1,1,NaN,NaN
36,COc1ccc(N2C(=O)c3ccc(C(=O)NCCCN4CCN(c5ccccc5OC(C)C)CC4)cc3C2=O)cc1,1,NaN,1
37,O=C1c2ccccc2S(=O)(=O)N1CCCCN1CCC(n2c(=O)oc3ccccc32)CC1,1,1,1
38,CN1C=C(C(=O)NCCCN2CCC(C#N)(c3ccc(F)cc3)CC2)[C@@H](c2ccc(F)c(F)c2)NC1=O,1,1,NaN
39,CC1=C(C(=O)NCCCN2CCC(c3ccc(F)cc3C#N)CC2)[C@@H](c2ccc(F)c(F)c2)NC(=O)N1C,1,NaN,NaN
40,N#Cc1ccccc1C1CCN(CCCNC(=O)C2C=NC(=O)N[C@@H]2c2ccc(F)c(F)c2)CC1,1,1,NaN
41,N#Cc1ccccc1C1CCN(CCCNC(=O)C2=CNC(=O)N[C@@H]2c2ccc(F)c(F)c2)CC1,1,NaN,NaN
42,O=C1c2cc([N+](=O)[O-])ccc2S(=O)(=O)N1CCCCN1CCC(n2c(=O)oc3ccccc32)CC1,1,NaN,NaN
43,CC1=NC(=O)N(C)[C@H](c2ccc(F)c(F)c2)C1C(=O)NCCCN1CCC(c2ccc(F)cc2)CC1,1,1,NaN
44,COCC1=NC(=O)N[C@H](c2ccc(F)c(F)c2)C1C(=O)NCCCN1CCC(c2ccc(F)cc2C#N)CC1,1,1,NaN
45,CC1=C(C(=O)NCCCN2CCC(c3ccc(F)cc3)CC2)[C@@H](c2ccc(F)c(F)c2)N(C)C(=O)N1,1,1,NaN
46,COCC1=C(C(=O)NCCCN2CCC(c3ccc(F)cc3C#N)CC2)[C@@H](c2ccc(F)c(F)c2)NC(=O)N1,1,1,NaN
47,COc1cccc2c1CC[C@H]1CN(CCn3c(=O)[nH]c4cc(C#N)ccc4c3=O)C[C@@H]21,1,1,NaN
48,Cc1c[nH]c(=O)n(CCCCN2CCN(c3ccc(F)cc3OCC(F)(F)F)CC2)c1=O,1,1,NaN
49,Cc1ccc(N2C(=O)c3ccc(C(=O)NCCCN4CCN(c5ccccc5OC(C)C)CC4)cc3C2=O)cc1,1,1,1
50,N#Cc1ccccc1C1(C#N)CCN(CCCNC(=O)C2C=NC(=O)N[C@@H]2c2ccc(F)c(F)c2)CC1,1,1,0
51,N#Cc1ccccc1C1(C#N)CCN(CCCNC(=O)C2=CNC(=O)N[C@@H]2c2ccc(F)c(F)c2)CC1,1,NaN,0
52,O=C1c2ccc([N+](=O)[O-])cc2S(=O)(=O)N1CCCCN1CCC(n2c(=O)oc3ccccc32)CC1,1,1,1
53,CC1=C(C(=O)NCCCN2CCC(c3ccc(F)cc3)CC2)[C@@H](c2ccc(F)c(F)c2)N(C)C(=O)N1C,1,1,NaN
54,COCC1=C(C(=O)NCCCN2CCC(C#N)(c3ccc(C#N)cc3)CC2)[C@@H](c2ccc(F)c(F)c2)NC(=O)N1,1,1,NaN
55,Cc1c(-c2ccccc2)oc2c(C(=O)NCCCN3CCN(c4ccccc4OCc4no[n+]([O-])c4C)CC3)cccc2c1=O,1,1,1
56,COC(=[OH+])C1=C(C)N=C(C)C(=C([O-])OCCCN2CCC(c3ccccc3)(c3ccccc3)CC2)[C@H]1c1cccc([N+](=O)[O-])c1,1,1,1
57,COc1cc2nc(N(C)CCCCCCN(C)C(=O)c3ccco3)nc(N)c2cc1OC,1,1,1
58,O=C1NC=C(C(=O)NCCCN2CCC(c3ccc(F)cc3)CC2)[C@@H](c2ccc(F)c(F)c2)N1,1,1,1
59,O=C1N=CC(C(=O)NCCCN2CCC(c3ccc(F)cc3)CC2)[C@@H](c2ccc(F)c(F)c2)N1,1,1,1
60,CC1=NC(=O)N[C@H](c2ccc(F)c(F)c2)C1C(=O)NCCCN1CCC(c2ccc(F)cc2C#N)CC1,1,1,NaN
61,C[C@@H]1OC(=O)N(C(=O)NCCCN2CCC(c3ccc(F)cc3)CC2)[C@H]1c1ccc(F)c(F)c1,1,NaN,NaN
62,COCC1=C(C(=O)NCCCN2CCC(C#N)(c3ccc(F)cc3)CC2)[C@@H](c2ccc(F)cc2)NCN1,1,1,NaN
63,N#CC1(c2ccc(F)cc2)CCN(CCCNC(=O)C2C=NC(=O)N[C@@H]2c2ccc(F)c(F)c2)CC1,1,1,NaN
64,N#CC1(c2ccc(F)cc2)CCN(CCCNC(=O)C2=CNC(=O)N[C@@H]2c2ccc(F)c(F)c2)CC1,1,NaN,NaN
65,CC1=C(C(=O)NCCCN2CCC(c3ccc(F)cc3C#N)CC2)[C@@H](c2ccc(F)c(F)c2)NC(=O)N1,1,1,NaN
66,COc1ccccc1N1CCN(CCNc2c(C(=O)C(C)C)c(-c3ccccc3)nn(C)c2=O)CC1,1,1,1
67,CC1=C(C(=O)NCCCN2CCC(c3ccc(F)cc3)CC2)[C@@H](c2ccc(F)c(F)c2)NC(=O)N1C,1,NaN,NaN
68,CC1=C(C(=O)NCCCN2CCC(c3ccc(F)c(F)c3)CC2)[C@@H](c2ccc(F)c(F)c2)NC(=O)N1C,1,1,NaN
69,CC(C)Oc1ccccc1N1CCN(CCCNC(=O)c2ccc3c(c2)C(=O)N(c2ccc(N(C)C)cc2)C3=O)CC1,1,NaN,1
70,CN1C=C(C(=O)NCCCN2CCC(C#N)(c3ccc(F)cc3C#N)CC2)[C@@H](c2ccc(F)c(F)c2)NC1=O,1,NaN,NaN
71,COC(=O)C1=C(C)NC(C)=C(C(=O)NCCCN2CCC(c3ccccc3)(c3ccccc3)CC2)[C@H]1c1ccc([N+](=O)[O-])cc1,1,NaN,NaN
72,COC(=O)C1C(C)=NC(C)=C(C(=O)NCCCN2CCC(c3ccccc3)(c3ccccc3)CC2)[C@H]1c1ccc([N+](=O)[O-])cc1,1,1,NaN
73,CO/C(O)=C1\C(C)=NC(C)=C(C(=O)NCCCN2CCC(c3ccccc3)(c3ccccc3)CC2)[C@H]1c1ccc([N+](=O)[O-])cc1,1,NaN,NaN
74,CCOc1ccccc1OCCNC(C)Cc1ccc(OC)c(S(N)(=O)=O)c1,1,1,1
75,CCC(=O)c1c(-c2ccccc2)nn(C)c(=O)c1NCCN1CCN(c2ccccc2OC)CC1,1,1,1
76,COC(=O)C1=C(C)NC(=O)N(C(=O)NCCCN2CCN(c3ccccc3C(N)=O)CC2)C1c1ccc(F)c(F)c1,1,NaN,NaN
77,COc1ccc(CCN2CCC(c3nc(COCC(F)(F)F)c(-c4ccc(F)cc4)o3)CC2)cc1S(N)(=O)=O,1,1,1
78,COC(=O)C1=C(C)NC(C)=C(C(=O)OCCCN2CCC(c3ccccc3)(c3ccccc3)CC2)[C@@H]1c1cccc([N+](=O)[O-])c1,1,1,1
79,COc1cccc(OC)c1OCCNC[C@H]1CSc2ccccc2O1,1,1,NaN
80,CC(C)Oc1ccccc1N1CCN(Cc2cc(CN3CCCC3=O)cs2)CC1,1,NaN,1
81,CN1CCc2c(sc3ncn(CCN4CCN(c5cccc6c5OCC6)CC4)c(=O)c23)C1,1,1,1
82,COc1cc(Cl)c(Cl)cc1N1CCN(CCn2cnc3sc4c(c3c2=O)CCN(C)C4)CC1,1,1,1
83,CN1CCc2c(sc3ncn(CCN4CCN(c5ccccc5OCC(C)(C)C)CC4)c(=O)c23)C1,1,1,1
84,COC(=O)C1=C(C)NC(=O)N(C(=O)NCCCN2CCN(c3ccccc3)CC2)C1c1ccc(F)c(F)c1,1,1,1
85,COC(=O)C1=C(C)NC(=O)N(C(=O)NCCCN2CCC(c3ccccc3)CC2)C1c1ccc(F)c(F)c1,1,1,NaN
86,CC(C)Oc1ccccc1N1CCN(CCCNC(=O)c2ccc3c(c2)C(=O)N(c2ccc(O)cc2)C3=O)CC1,1,NaN,1
87,COC(=O)C1=C(C)NC(=O)N(C(=O)NCCCN2CCN(c3ccccc3Cl)CC2)C1c1ccc(F)c(F)c1,1,1,1
88,CC1=C(C(=O)NCCCN2CCC(c3ccc(F)cc3C#N)CC2)[C@@H](c2ccc(F)c(F)c2)CC(=O)N1,1,1,NaN
89,COC(=O)C1=C(C)NC(=O)N(C(=O)NCCCN2CCC3(CC2)OCCc2ccccc23)C1c1ccc(F)c(F)c1,1,NaN,NaN
90,COC(=O)C1=C(C)NC(=O)N(C(=O)NCCCN2CCN(c3ccccc3C(=O)OC)CC2)C1c1ccc(F)c(F)c1,1,1,1
91,COC(=O)C1=C(C)NC(=O)N(C(=O)NCCCN2CCC(C(=O)OC)(c3ccccc3)CC2)C1c1ccc(F)cc1F,1,1,NaN
92,COC(=O)C1=C(C)NC(=O)N(C(=O)NCCCN2CCC3(CC2)OC(=O)Cc2ccccc23)C1c1ccc(F)c(F)c1,1,NaN,NaN
93,CCC1=C(C(N)=O)C(c2ccc(F)cc2F)N(C(=O)NCCCN2CCC(C(=O)OC)(c3ccccc3)CC2)C(=O)N1,1,NaN,NaN
94,COC(=O)C1=C(C)NC(=O)N(CC(=O)NCCN2CCC(C(=O)OC)(c3ccccc3)CC2)C1c1ccc(F)c(F)c1,1,0,NaN
95,COC(=O)C1C(C)=NC(=O)N(CC(=O)NCCN2CCC(C(=O)OC)(c3ccccc3)CC2)C1c1ccc(F)c(F)c1,1,1,NaN
96,CCC1=C(C(N)=O)C(c2ccc(F)c(F)c2)N(C(=O)NCCCN2CCC(C(=O)OC)(c3ccccc3)CC2)C(=O)N1,1,NaN,NaN
97,COCC1=C(C(=O)OC)C(c2ccc(F)c(F)c2)N(C(=O)NCCCN2CCC(C#N)(c3cccc(F)c3)CC2)C(=O)N1,1,NaN,NaN
98,COC(=O)C1=C(C)NC(=O)N(C(=O)NCCCN2CCC(c3ccc(F)cc3)(c3ccc(F)cc3)CC2)C1c1ccc(F)c(F)c1,1,1,NaN
99,COc1ccccc1N1CCN(CCNc2cc(-c3ccccc3)nn(C)c2=O)CC1,1,1,1
100,COc1cccc2c1CC[C@H]1CN(CCn3c(=O)[nH]c4c(sc5cccnc54)c3=O)C[C@@H]21,1,1,1
101,CO/C(O)=C1\C(C)=NC(C)=C(C(=O)NCCCN2CCC(c3ccccc3)CC2)C1c1ccc([N+](=O)[O-])cc1,1,1,1
102,COC(=O)C1=C(C)NC(C)=C(C(=O)NCCCN2CCC(c3ccccc3)CC2)C1c1ccc([N+](=O)[O-])cc1,1,1,1
103,COc1ccc(N2C(=O)c3ccc(C(=O)NC[C@H](O)CN4CCN(c5ccccc5OC(C)C)CC4)cc3C2=O)cc1,1,1,NaN
104,O=C1c2cc(Cl)ccc2S(=O)(=O)N1CCCCN1CCC(n2c(=O)oc3ccccc32)CC1,1,1,1
105,COCC1=NC(=O)N[C@H](c2ccc(F)c(F)c2)C1C(=O)NCCCN1CCC(c2ccc(F)cc2)CC1,1,1,NaN
106,COCC1=C(C(=O)NCCCN2CCC(c3ccc(F)cc3)CC2)[C@@H](c2ccc(F)c(F)c2)NC(=O)N1,1,1,NaN
107,COCC1=C(C(=O)OC)[C@H](c2ccc(F)c(F)c2)N(C(=O)N[C@@H]2CC[C@H](N3CCC(c4ccccc4C#N)CC3)C2)C(=O)N1,1,NaN,1
108,CCCCCNC(=O)/N=C(\N)NCCCc1nnc(N)s1,1,1,NaN
109,CCCCCNC(=O)/N=C(\N)NCCCc1sc(N)nc1C,1,1,NaN
110,N/C(=N\C(=O)NCc1ccccc1)NCCCc1nnc(N)s1,1,1,NaN
111,C[C@@H](NC(=O)/N=C(\N)NCCCc1ncn[nH]1)c1ccccc1,1,1,NaN
112,CC1=NC(=O)N[C@H](c2ccc(F)c(F)c2)C1C(=O)NCCCN1CCC(c2ccccc2C#N)CC1,1,1,NaN
113,CC1=C(C(=O)NCCCN2CCC(c3ccccc3C#N)CC2)[C@@H](c2ccc(F)c(F)c2)NC(=O)N1,1,NaN,NaN
114,Cc1c[nH]c(=O)n(CCCN2CCN(c3ccccc3OCC(F)(F)F)CC2)c1=O,1,1,1
115,COc1cccc(OC)c1OCCNCCOc1ccccc1OCc1ccc(Cl)cc1,1,1,1
116,COc1cccc(OC)c1OCCNCCOc1ccccc1OCc1cccc(Cl)c1,1,1,1
117,COc1cccc(OC)c1OCCNCC1CC(c2ccccc2)c2ccccc2C1=O,1,1,1
118,O=c1[nH]cc(F)c(=O)n1CCCN1CCN(c2ccc(F)cc2OCC(F)(F)F)CC1,1,1,1
119,COc1ccccc1N1CCN(CC2COC(c3ccccc3)(c3ccccc3)O2)CC1,1,1,1
120,COc1ccccc1N1CCN(CC2OCC(c3ccccc3)(c3ccccc3)O2)CC1,1,1,1
121,O=C1c2cc(F)ccc2S(=O)(=O)N1CCCCN1CCC(n2c(=O)oc3ccccc32)CC1,1,1,1
122,COc1ccccc1N1CCN(CCn2c(=O)[nH]c3c([nH]c4ccccc43)c2=O)CC1,1,1,1
123,O=C1c2ccccc2C(=O)N1CCCCN1CCC(n2c(O)nc3ccccc32)CC1,1,1,1
124,COc1ccc(Cl)cc1N1CCN(CCNc2c(C(C)=O)c(-c3ccccc3)nn(C)c2=O)CC1,1,1,1
125,COc1cc2nc(N3CCN(C(=O)CC4CCSS4)CC3)nc(N)c2cc1OC,1,1,1
126,Cc1ccc(N2C(=O)c3ccc(C(=O)NC[C@H](O)CN4CCN(c5ccccc5OC(C)C)CC4)cc3C2=O)cc1,1,1,1
127,CC(C)Oc1ccccc1N1CCN(Cc2ccc(CN3CCCCC3=O)s2)CC1,1,NaN,1
128,COc1ccc(F)cc1OCCNC(C)Cc1cc(C(N)=O)c2c(ccn2CCCO)c1,1,1,1
129,CC(=O)c1c(-c2ccccc2)nn(C)c(=O)c1NCCN1CCN(c2ccccc2Cl)CC1,1,1,1
130,COC(=O)C1=C(C)N=C(C)N(CCCCCN2CCC(c3ccccc3OC)CC2)C1c1ccc(F)c(F)c1,1,NaN,NaN
131,COC(=O)C1=C(C)NC(=O)N(C(=O)NCCCN2CCN(c3ccccc3C)CC2)C1c1ccc(F)c(F)c1,1,1,1
132,COC(=O)C1=C(C)NC(=O)N(C(=O)NCCCN2CCC3(CC2)OCc2ccccc23)C1c1ccc(F)c(F)c1,1,NaN,NaN
133,COC(=O)C1=C(C)NC(=O)N(C(=O)NCCCN2CCN(c3ccccc3C(N)=O)CC2)C1c1cc(F)c(F)c(F)c1,1,1,NaN
134,COC(=O)C1=C(C)NC(=O)N(C(=O)NCCCN2CCC(OC(C)=O)(c3ccccc3)CC2)C1c1ccc(F)c(F)c1,1,NaN,NaN
135,CN1C=C(C(=O)NCCCN2CCC(C#N)(c3ccc(F)cc3C#N)CC2)[C@@H](c2ccc(F)c(F)c2)N(C)C1=O,1,1,NaN
136,CCOC(=O)C1=C(C)NC(=O)N(C(=O)NCCCN2CCC(C(=O)OC)(c3ccccc3)CC2)C1c1ccc([N+](=O)[O-])cc1,1,1,1
138,Cc1n[nH]c(=O)n(CCCN2CCN(c3ccccc3OCC(F)(F)F)CC2)c1=O,1,1,1
139,COc1cccc(OC)c1OCCNCCOc1ccccc1OCc1cccc([N+](=O)[O-])c1,1,1,1
140,CC(=O)c1c(-c2ccccc2)nn(C)c(=O)c1NCCN1CCN(c2ccccc2F)CC1,1,1,1
141,CO/C(O)=C1\C(C)=NC(C)=C(C(=O)OCCCN2CCC(c3ccccc3)(c3ccccc3)CC2)C1c1ccc([N+](=O)[O-])cc1,1,1,NaN
142,COC(=[OH+])C1=C(C)N=C(C)C(=C([O-])OCCCN2CCC(c3ccccc3)(c3ccccc3)CC2)C1c1ccc([N+](=O)[O-])cc1,1,1,NaN
143,COc1cc2nc(N(C)CCCCCCN(C)C(=O)c3cccc(CN(C)C)c3)nc(N)c2cc1OC,1,1,1
144,COc1ccccc1N1CCN(CCn2c(=O)[nH]c3c(sc4ccc(NC(=O)CCCC(=O)NCc5ccccc5)cc43)c2=O)CC1,1,1,1
145,COc1cccc2c1CCCC2CCCN1CCN(c2ccccn2)CC1,1,1,1
146,CC(C)Oc1ccccc1N1CCN(C[C@@H](O)CNC(=O)c2ccc3c(c2)C(=O)N(c2ccc(N(C)C)cc2)C3=O)CC1,1,1,1
147,COc1ccc(C[C@@H](C)NCCOc2ccccc2OC(C)C)cc1S(N)(=O)=O,1,1,1
149,COc1ccccc1N1CCN(CCn2c(=O)[nH]c3sccc3c2=O)CC1,1,1,1
150,COc1ccc(C[C@@H](C)NCCOc2ccccc2OCc2ccccc2)cc1S(N)(=O)=O,1,1,1
151,COc1cccc(OC)c1OCCNC[C@@H]1Oc2ccccc2O[C@H]1c1ccc(C)cc1,1,1,NaN
152,COC(=O)C1=C(C)NC(C)=C(C(=O)NCCCN2CCC(c3ccccc3)(c3ccccc3)CC2)C1c1ccc([N+](=O)[O-])cc1,1,NaN,NaN
153,COC(=O)C1C(C)=NC(C)=C(C(=O)NCCCN2CCC(c3ccccc3)(c3ccccc3)CC2)C1c1ccc([N+](=O)[O-])cc1,1,1,NaN
154,COc1cccc2c1CC[C@H]1CN(CCn3c(=O)[nH]c4c(OC)c(OC)ccc4c3=O)C[C@@H]21,1,1,NaN
155,COCC1=C(C(=O)OC)[C@H](c2ccc(F)c(F)c2)N(C(=O)NCCCN2CCC(c3ccccn3)CC2)C(=O)N1,1,1,NaN
156,COCC1=C(C(=O)OC)[C@H](c2ccc(F)c(F)c2)C(C(=O)NCCCN2CCC(c3ccccn3)CC2)C(=O)N1,1,1,NaN
157,COC(=O)C1=C(C)N=C(C)N(CCCCCN2CCC(c3ccccc3)(c3ccccc3)CC2)C1c1ccc(F)c(F)c1,1,1,NaN
158,COCC1=C(C(=O)OC)[C@H](c2ccc(F)c(F)c2)N(C(=O)N[C@@H]2CC[C@@H](N3CCC(C#N)(c4ccccc4)CC3)C2)C(=O)N1,1,NaN,NaN
159,COCC1=C(C(=O)OC)[C@H](c2ccc(F)c(F)c2)N(C(=O)N[C@@H]2CC[C@@H](N3CCC(c4ccccn4)CC3)C2)C(=O)N1,1,NaN,NaN
160,CC(C)Oc1ccccc1N1CCN(CCc2ccc3c(c2)OCO3)CC1,1,1,1
161,CC1=NC(=O)N[C@H](c2ccc(F)c(F)c2)C1C(=O)NCCCN1CCC(c2ccc(F)cc2)CC1,1,1,NaN
162,CC1=C(C(=O)NCCCN2CCC(c3ccc(F)cc3)CC2)[C@@H](c2ccc(F)c(F)c2)NC(=O)N1,1,1,NaN
163,CC1=C(C(=O)NCCCN2CCC(C#N)(c3ccc(F)cc3)CC2)[C@@H](c2ccc(F)c(F)c2)NC(=O)N1C,1,0,0
164,COc1cccc(OC)c1OCCNCCOc1ccccc1Cc1ccccc1,1,1,1
165,COc1cccc(OC)c1OCCNCCOc1ccccc1OCc1cccc(C)c1,1,1,1
166,COc1c(C)c(C)c(O)c(C)c1CN(C)CCOc1cc(C)c(O)cc1C(C)C,1,1,1
167,COc1ccccc1N1CCN(CCn2cnc3sc4c(c3c2=O)CCN(C)C4)CC1,1,1,1
168,CC(C)Oc1ccccc1N1CCN(C2CCC(N3C(=O)c4ccncc4C3=O)CC2)CC1,1,1,1
169,COC(=O)C1=C(C)N=C(C)N(CCCCCN2CCC(c3ccccc3)CC2)C1c1ccc(F)c(F)c1,1,1,NaN
170,COC(=O)C1=C(C)N=C(C)N(CCCCCN2CCN(c3ccccc3OC)CC2)C1c1ccc(F)c(F)c1,1,1,1
171,CC1=C(C(=O)NCCCN2CCC(c3ccc(F)cc3)CC2)[C@@H](c2ccc(F)c(F)c2)CC(=O)N1,1,1,NaN
172,COCC1=NC(C)=C(C(=O)OC)C(c2ccc(F)c(F)c2)N1CCCCCN1CCC(C#N)(c2ccccc2)CC1,1,NaN,NaN
173,COCC1=C(C(=O)OC)C(c2ccc(F)c(F)c2)N(CCCCCN2CCC(C#N)(c3ccccc3)CC2)C(C)=N1,1,NaN,NaN
174,COC(=O)C1=C(C)NC(=O)N(C(=O)NCCCN2CCC3(CCCc4ccccc43)CC2)C1c1ccc(F)c(F)c1,1,NaN,NaN
175,CC(=O)C1=C(C)NC(=O)N(C(=O)NCCCN2CCN(c3ccccc3C(N)=O)CC2)C1c1cc(F)c(F)c(F)c1,1,NaN,NaN
176,COC(=O)c1c(C)nc(C)c(C(=O)NCCCN2CCC(c3ccccc3)(c3ccccc3)CC2)c1-c1cccc([N+](=O)[O-])c1,1,1,NaN
177,COC(=O)C1=C(C)NC(C)=C(C(=O)NCCCN2CCC(c3ccccc3)(c3ccccc3)CC2)C1c1cccc([N+](=O)[O-])c1,1,NaN,NaN
178,COCC1=C(C(=O)OC)[C@H](c2ccc(F)c(F)c2)N(C(=O)N[C@@H]2CC[C@H](N3CCC(c4ccccn4)CC3)C2)C(=O)N1,1,0,NaN
179,CCC1=NC(COCCN)=C(C(=O)NCCCN2CCC(c3ccccc3)(c3ccccc3)CC2)[C@@H](c2ccc([N+](=O)[O-])cc2)C1C(N)=O,1,1,NaN
180,COc1cccc(OC)c1OCCNC[C@H]1COc2ccccc2O1,1,1,1
181,CC(C)Oc1ccccc1N1CCN(CCCNC(=O)c2ccc3c(c2)C(=O)N(c2cccc(F)c2)C3=O)CC1,1,NaN,1
182,COc1cc2nc(N(C)CCSSCCN(C)C(=O)c3ccco3)nc(N)c2cc1OC,1,1,1
183,COCC1=NC(=O)N[C@H](c2ccc(F)c(F)c2)C1C(=O)NCCCN1CCC(c2ccccc2C#N)CC1,1,1,NaN
184,COCC1=C(C(=O)NCCCN2CCC(c3ccccc3C#N)CC2)[C@@H](c2ccc(F)c(F)c2)NC(=O)N1,1,NaN,NaN
185,COc1ccc(Cl)cc1N1CCN(CCCNc2c(C(C)=O)c(-c3ccccc3)nn(C)c2=O)CC1,1,1,1
186,COCC1=C(C(=O)OC)[C@H](c2ccc(F)c(F)c2)N(C(=O)N[C@H]2CC[C@@H](N3CCN(c4ccccc4C#N)CC3)C2)C(=O)N1,1,1,1
187,COCC1=NC(=O)N[C@H](c2ccc(F)c(F)c2)C1C(=O)NCCCN1CCC(c2ccccn2)CC1,1,1,NaN
188,COCC1=C(C(=O)NCCCN2CCC(c3ccccn3)CC2)[C@@H](c2ccc(F)c(F)c2)NC(=O)N1,1,NaN,NaN
189,CC(C)Oc1ccccc1N1CCN(C[C@@H](O)CNC(=O)c2ccc3c(c2)C(=O)N(c2ccc(O)cc2)C3=O)CC1,1,1,NaN
190,COCC1=C(C(=O)OC)[C@H](c2ccc(F)c(F)c2)N(C(=O)N[C@@H]2CC[C@@H](N3CCC(c4ccccc4C#N)CC3)C2)C(=O)N1,1,1,1
191,COc1cccc(OC)c1OCCNCCOc1ccccc1OCc1ccccc1,1,1,1
192,Cc1ccc(C2(c3ccc(C)cc3)CC(=O)N(CCCN3CCC(C#N)(c4ccccc4Cl)CC3)C2=O)cc1,1,1,NaN
193,COc1ccc2ccoc2c1OCCNC[C@H]1COc2ccccc2O1,1,1,1
194,CC(C)Oc1ccccc1N1CCN(Cc2cc(CN3CCCCC3=O)cs2)CC1,1,NaN,1
195,COc1cc(Cl)ccc1N1CCN(CCn2cnc3sc4c(c3c2=O)CCN(C)C4)CC1,1,1,1
196,CN1CCc2c(sc3ncn(CCN4CCN(c5cccc6ccsc56)CC4)c(=O)c23)C1,1,1,1
197,CN1CCc2c(sc3ncn(CCN4CCN(c5ccccc5Oc5ccccc5)CC4)c(=O)c23)C1,1,1,1
198,COC(=O)C1=C(C)N=C(C)N(CCCCCN2CCN(c3ccccc3C(=O)OC)CC2)C1c1ccc(F)c(F)c1,1,1,1
199,COC(=O)C1=C(C)NC(=O)N(C(=O)NCCCN2CCC(C)(c3ccccc3)CC2)C1c1ccc(F)c(F)c1,1,NaN,NaN
200,COC(=O)C1=C(C)N=C(C)N(CCCCCN2CCC(C(=O)OC)(c3ccccc3)CC2)C1c1ccc(F)cc1F,1,NaN,NaN
201,COCC1=C(C(=O)OC)C(c2ccc(F)c(F)c2)N(C(=O)NCCCN2CCC(C)(c3ccccc3)CC2)C(=O)N1,1,NaN,NaN
202,COC(=O)C1=C(C)NC(=O)N(C(=O)NCCCN2CCC(C(=O)OC)(c3ccccc3)CC2)C1c1ccc([N+](=O)[O-])cc1,1,1,1
203,CCC1=C(C(N)=O)C(c2ccc([N+](=O)[O-])cc2)N(C(=O)NCCCN2CCC(C(=O)OC)(c3ccccc3)CC2)C(=O)N1,1,NaN,NaN
204,CCC1=C(C(N)=O)C(c2ccc([N+](=O)[O-])cc2)C(C(=O)NCCCN2CCC(c3ccccc3)(c3ccccc3)CC2)=C(COCCN)N1,1,NaN,NaN
205,Cc1c[nH]c(=O)n(CCN2CCN(c3ccc(F)cc3OCC(F)(F)F)CC2)c1=O,1,1,1
206,COc1cc2nc(N3CCN(C(=O)OCc4ccccc4)[C@@H]4CCCC[C@@H]43)nc(N)c2cc1OC,1,1,1
207,CCOC(=O)[C@@H]1CN(CCCCN2C(=O)c3cc(Cl)ccc3S2(=O)=O)CC[C@@H]1c1ccccc1,1,NaN,NaN
208,COc1cccc(OC)c1OCCNCC1Cc2ccccc2C(c2ccccc2)C1,1,1,1
209,COC(=O)C1=C(C)NC(C)=C(C(=O)NCCCN2CCC(c3ccccc3)CC2)C1c1ccc(Cl)c([N+](=O)[O-])c1,1,1,NaN
210,CO/C(O)=C1\C(C)=NC(C)=C(C(=O)NCCCN2CCC(c3ccccc3)CC2)C1c1ccc(Cl)c([N+](=O)[O-])c1,1,1,NaN
211,COc1ccc(Cl)cc1N1CCN(CCCNc2c(C(C)=O)c(C)nn(C)c2=O)CC1,1,1,1
212,COc1cccc2c1CCCC2CCCNCCOc1ccccn1,1,1,1
213,CC(C)Oc1ccccc1N1CCN([C@H]2CC[C@H](NS(=O)(=O)c3cccc(Cl)c3F)CC2)CC1,1,NaN,1
215,CCC1=C(C(N)=O)[C@H](c2ccc([N+](=O)[O-])cc2)C(C(=O)NCCCN2CCC(c3ccccc3)(c3ccccc3)CC2)=C(COCCN)N1,1,NaN,NaN
216,COc1cc2ncn(CCN3C[C@@H]4CCc5c(OC)cccc5[C@@H]4C3)c(=O)c2cc1OC,1,1,NaN
217,CC(C)Oc1ccccc1N1CCN(C2CCC(N3C(=O)c4cccc(F)c4C3=O)CC2)CC1,1,1,1
218,COC(=O)C1=C(C)NC(=O)N(C(=O)NCCCN2CCN(c3ccccc3O)CC2)C1c1ccc(F)c(F)c1,1,1,1
219,COC(=O)C1=C(C)N=C(C)N(CCCCCN2CCN(c3ccccc3C(N)=O)CC2)C1c1ccc(F)c(F)c1,1,NaN,NaN
220,CC1=C(C(=O)NCCCN2CCC(C#N)(c3ccc(F)cc3C#N)CC2)[C@@H](c2ccc(F)c(F)c2)NC(=O)N1C,1,1,0
221,O=C1OCC2=C1C(c1ccc(F)c(F)c1)N(C(=O)NCCCN1CCN(c3ccccc3[N+](=O)[O-])CC1)C(=O)N2,1,NaN,NaN
222,CCN(CC)c1ccc2cc(-n3cc(C(=O)N4CCN(c5nc(N)c6cc(OC)c(OC)cc6n5)CC4)nn3)c(=O)oc2c1,1,1,1
223,COCC1=C(C(=O)OC)[C@H](c2ccc(F)c(F)c2)N(C(=O)N[C@H]2CC[C@@H](N3CCC(c4ccccc4C#N)CC3)C2)C(=O)N1,1,1,1
224,COc1ccc(C[C@@H](C)NCCOc2ccccc2OCC(F)(F)F)cc1S(N)(=O)=O,1,1,1
225,CC(C)(Cc1c[nH]c2ccc(Cl)cc12)NCCOc1ccccc1OCC1CC1,1,1,1
226,COc1ccccc1N1CCN(CCNc2c(C(C)=O)c(-c3ccccc3)nn(C)c2=O)CC1,1,1,1
227,COc1cc2nc(N3CCC[C@H](NC(=O)c4ccco4)C3)nc(N)c2cc1OC,1,1,1
228,COc1ccccc1N1CCN(C[C@H]2CO[C@@](CN3CCCCCC3=O)(c3ccccc3)O2)CC1,1,1,1
229,COc1cccc(OC)c1OCCNC[C@H]1COc2cccc(F)c2O1,1,1,1
230,COc1ccccc1N1CCN(CC2CCC(c3ccccc3)(c3ccccc3)O2)CC1,1,1,1
231,CC(C)Oc1ccccc1N1CCN(CCCNC(=O)CN2CCCCC2=O)CC1,1,0,1
232,Cc1ccc(N2C(=O)c3ccc(C(=O)NCC(O)CN4CCN(c5ccccc5OC(C)C)CC4)cc3C2=O)cc1,1,1,1
233,CCC1=C(C(=O)NCCCN2CCC(c3ccccc3)(c3ccccc3)CC2)C(c2ccc([N+](=O)[O-])cc2)C(C(=O)OC)=C(C)N1,1,NaN,NaN
234,CCC1=C(C(=O)NCCCN2CCC(c3ccccc3)(c3ccccc3)CC2)C(c2ccc([N+](=O)[O-])cc2)/C(=C(\O)OC)C(C)=N1,1,NaN,NaN
235,COc1ccccc1N1CCN(CCCCNC(=O)c2cccs2)CC1,1,1,1
236,CC1=C(C(=O)NCCCN2CCC(c3ccc(F)cc3)CC2)[C@@H](c2ccc(F)c(F)c2)CC(=O)N1C,1,1,NaN
237,COC(=O)C1=C(C)NC(=O)N(C(=O)NCCCN2CCN(c3cccc(Cl)c3)CC2)C1c1ccc(F)c(F)c1,1,1,1
238,CC(=O)C1=C(C)NC(=O)N(C(=O)NCCCN2CCN(c3ccccc3C(N)=O)CC2)C1c1ccc(F)c(F)c1,1,NaN,NaN
239,CCC1=C(C(N)=O)C(c2ccc(F)cc2F)N(C(=O)NCCCN2CCC(C#N)(c3ccccc3)CC2)C(=O)N1,1,NaN,0
240,COC(=O)C1(c2ccccc2)CCN(CCCNC(=O)N2C(=O)NC(C)=C(C(N)=O)C2c2ccc([N+](=O)[O-])cc2)CC1,1,1,NaN
241,CC(C)Oc1ccccc1N1CCN([C@H]2CC[C@H](NS(=O)(=O)c3cccc(F)c3)CC2)CC1,1,NaN,1
242,Cc1c(-c2ccccc2)oc2c(C(=O)NCCCN3CCN(c4ccccc4OCc4no[n+]([O-])c4C#N)CC3)cccc2c1=O,1,1,1
243,COc1cccc(OC)c1OCCNCC1Oc2ccccc2OC1c1ccccc1,1,1,NaN
244,COC(=O)N1C(=O)N(C)C(C)=C(C(=O)NCCCN2CCC(c3ccc(F)cc3)CC2)[C@H]1c1ccc(F)c(F)c1,1,1,NaN
245,CC(C)Oc1ccccc1N1CCN(CC(O)CNC(=O)c2ccc3c(c2)C(=O)N(c2cccc(Cl)c2)C3=O)CC1,1,NaN,1
246,CC(C)Oc1ccccc1N1CCN([C@H]2CC[C@H](NS(=O)(=O)c3ccccc3C#N)CC2)CC1,1,1,1
247,COc1ccc(N2C(=O)c3ccc(C(=O)NCC(O)CN4CCN(c5ccccc5OC(C)C)CC4)cc3C2=O)cc1,1,1,1
248,CCc1c[nH]c(=O)n(CCCN2CCN(c3ccc(F)cc3OCC(F)(F)F)CC2)c1=O,1,1,1
249,Cc1c[nH]c(=O)n(CC2(CN3CCN(c4ccccc4OCC(F)(F)F)CC3)CC2)c1=O,1,1,1
250,CC(C)Oc1ccccc1N1CCN(C2CCC(N3C(=O)c4cccnc4C3=O)CC2)CC1,1,1,1
251,O=S(=O)(NCCCCN1CCC(c2noc3cc(F)ccc23)CC1)c1cc2ccccc2s1,1,1,NaN
252,COC(=O)C1=C(C)NC(=O)N(C(=O)NCCCN2CCN(c3ccc(Cl)cc3)CC2)C1c1ccc(F)c(F)c1,1,1,1
253,CC1=C(C(=O)NCCCN2CCC(c3ccc(F)cc3C#N)CC2)[C@@H](c2ccc(F)c(F)c2)CC(=O)N1C,1,NaN,NaN
254,CC(C)Oc1ccccc1N1CCN(CC(O)CNC(=O)c2ccc3c(c2)C(=O)N(c2ccc(N(C)C)cc2)C3=O)CC1,1,1,1
255,CCC1=C(C(=O)OC)C(c2ccc([N+](=O)[O-])cc2)N(C(=O)NCCCN2CCC(C(=O)OC)(c3ccccc3)CC2)C(=O)N1,1,1,1
256,COc1cc2nc(N3CCN(C(=O)C4CCSS4)CC3)nc(N)c2cc1OC,1,1,1
257,COc1ccccc1N1CCN(CCCOc2ccc3c(C)cc(=O)oc3c2)CC1,1,NaN,NaN
258,COc1ccccc1N1CCN(CCn2c(=O)[nH]c3sc(-c4ccccc4)cc3c2=O)CC1,1,1,NaN
259,COc1ccccc1N1CCN(C[C@H]2CO[C@@](CN3CCCCC3=O)(c3ccccc3)O2)CC1,1,NaN,1
260,COc1cc2nc(N3CCN(C(=O)COc4c(OC)cccc4C(C)C)[C@H]4CCCC[C@H]43)nc(N)c2cc1OC,1,1,1
261,CC(C)Oc1ccccc1N1CCN([C@H]2CC[C@H](NS(=O)(=O)c3ccccc3F)CC2)CC1,1,NaN,1
262,CC(C)Oc1ccccc1N1CCN(CC(O)CNC(=O)c2ccc3c(c2)C(=O)N(c2ccc(O)cc2)C3=O)CC1,1,1,1
263,COc1ccccc1N1CCN(CCCNc2c(C(C)=O)c(C)nn(C)c2=O)CC1,1,1,1
264,COc1cccc(OC)c1OCCNC[C@H]1COc2cccc(Cl)c2O1,1,1,1
265,CC(C)Oc1ccccc1N1CCN(Cc2nc(CN3CCCC3=O)cs2)CC1,1,0,NaN
266,COc1ccc(C)cc1S(=O)(=O)N[C@H]1CC[C@H](N2CCN(c3ccccc3OC(C)C)CC2)CC1,1,NaN,1
267,C[C@H]1OC(=O)N(C(=O)NCCCN2CCC(c3ccc(F)cc3)CC2)[C@H]1c1ccc(F)c(F)c1,1,1,1
268,CC(C)Oc1ccccc1N1CCN(CC(O)CNC(=O)c2ccc3c(c2)C(=O)N(c2ccccc2)C3=O)CC1,1,1,1
269,Cc1cccc(N2C(=O)c3ccc(C(=O)NCC(O)CN4CCN(c5ccccc5OC(C)C)CC4)cc3C2=O)c1,1,1,1
270,COC(=O)C1(c2ccccc2)CCN(CCCNC(=O)N2C(=O)NC3=C(C(=O)OC3)C2c2ccc3nonc3c2)CC1,1,NaN,NaN
271,COC(=O)C1(c2ccccc2)CCN(CCCNC(=O)N2C(=O)NC3=C(C(=O)OC3)C2c2ccc(F)c(F)c2)CC1,1,NaN,NaN
272,COCC1=C(C(=O)OC)[C@H](c2ccc(F)c(F)c2)N(C(=O)N[C@@H]2CC[C@@H](N3CCN(c4ccccc4C#N)CC3)C2)C(=O)N1,1,1,1
273,O=C1NC=C(C(=O)NCCCN2CCC(O)(c3ccc(F)cc3)CC2)[C@@H](c2ccc(F)c(F)c2)N1,1,NaN,NaN
274,COc1ccc(S(=O)(=O)N[C@H]2CC[C@@H](N3CCC(c4ccccc4OC4CC4)CC3)CC2)cc1OC,1,1,1
275,O=C1N=CC(C(=O)NCCCN2CCC(O)(c3ccc(F)cc3)CC2)[C@@H](c2ccc(F)c(F)c2)N1,1,1,NaN
276,COc1cccc(OC)c1OCCNC[C@H]1COc2cccc(OC)c2O1,1,1,1
277,COc1ccccc1N1CCN(CCn2c(C)nc3c(sc4ccc(NC(=O)CCCC(=O)NCCc5ccccc5)cc43)c2=O)CC1,1,1,1
278,COc1ccccc1N1CCN(CCn2c(=O)[nH]c3c(sc4ccc(NC(=O)CCCC(=O)N(C)Cc5ccccc5)cc43)c2=O)CC1,1,1,1
279,CC(C)Oc1ccccc1N1CCN(CC(O)CNC(=O)c2ccc3c(c2)C(=O)N(c2ccc(Cl)cc2)C3=O)CC1,1,NaN,1
280,COc1cc2[nH]c(=O)n(CCN3C[C@@H]4CCc5c(OC)cccc5[C@@H]4C3)c(=O)c2cc1OC,1,1,NaN
281,COc1ccc(N2C(=O)c3ccc(C(=O)NCC(O)CN4CCN(c5ccccc5OC(C)C)CC4)cc3C2=O)cc1OC,1,1,1
282,Cc1ccc(C(C(=O)NCCCN2CCC(C#N)(c3ccccc3Cl)CC2)c2ccc(C)cc2)cc1,1,NaN,NaN
283,COc1cccc(OC)c1OCCNCC1COc2ccccc2O1,1,1,1
284,COc1ccccc1N1CCN(CCN2C(=O)c3ccccc3C(C)(C)C2=O)CC1,1,1,NaN
285,C1=C(c2c[nH]c3ncccc23)CCN(CCOc2cccc3[nH]ccc23)C1,1,1,1
286,O=C1CCNC(=O)N1CCCN1CCN(c2ccc(F)cc2OCC(F)(F)F)CC1,1,NaN,1
287,CN1CCc2c(sc3ncn(CCN4CCN(c5ccccc5Cl)CC4)c(=O)c23)C1,1,1,1
288,COc1ccc(Cl)cc1N1CCN(CCNc2cc(-c3ccccc3)nn(C)c2=O)CC1,1,1,1
289,O=c1[nH]cc(Cl)c(=O)n1CCCN1CCN(c2ccc(F)cc2OCC(F)(F)F)CC1,1,1,1
291,COC(=O)C1=C(C)N=C(C)N(CCCCCN2CCC(C#N)(c3ccccc3)CC2)C1c1ccc(F)c(F)c1,1,NaN,0
292,CC1=C(C(=O)NCCCN2CCC(c3ccccc3C#N)CC2)[C@@H](c2ccc(F)c(F)c2)CC(=O)N1,1,NaN,NaN
293,COC(=O)C1=C(C)NC(=O)N(C(=O)NCCCN2CCC(OC)(c3ccccc3)CC2)C1c1ccc(F)c(F)c1,1,NaN,NaN
294,COC(=O)C1=C(C)N=C(C)N(CCCCCN2CCC(C(=O)OC)(c3ccccc3)CC2)C1c1ccc(F)c(F)c1,1,NaN,NaN
295,CC(C)Oc1ccccc1N1CCN([C@H]2CC[C@H](NS(=O)(=O)c3ccccc3[N+](=O)[O-])CC2)CC1,1,NaN,1
296,CC1=C(C(=O)NCCCN2CCC(C#N)(c3ccc(F)cc3F)CC2)[C@@H](c2ccc(F)c(F)c2)CC(=O)N1,1,NaN,NaN
297,COc1ccccc1N1CCN(CCn2c(C)nc3c(sc4ccc(NC(=O)CCCNC(=O)Cc5ccccc5)cc43)c2=O)CC1,1,1,1
298,COc1ccc([N+](=O)[O-])cc1S(=O)(=O)N[C@H]1CC[C@H](N2CCN(c3ccccc3OC(C)C)CC2)CC1,1,1,1
299,COCC1=C(C(=O)OC)C(c2ccc(F)c(F)c2)N(C(=O)NCCCN2CCC(C(=O)OC)(c3ccccc3)CC2)C(=O)N1,1,1,NaN
300,CC1=NC(C)=C(C(=O)NCCCN2CCC(c3ccccc3)(c3ccccc3)CC2)C(c2ccc([N+](=O)[O-])cc2)C1C(N)=O,1,1,NaN
301,COCC1=C(C(=O)OC)[C@H](c2ccc(F)c(F)c2)N(C(=O)N[C@@H]2CC[C@H](N3CCC(C#N)(c4ccccc4)CC3)C2)C(=O)N1,1,0,NaN
302,CC(C)Oc1ccccc1N1CCN(C[C@@H](O)CNC(=O)c2ccc3c(c2)C(=O)N(c2cccc(F)c2)C3=O)CC1,1,1,NaN
303,CCC1=C(C(N)=O)C(c2ccc([N+](=O)[O-])cc2)C(C(=O)NCCCN2CCC(c3ccccc3)(c3ccccc3)CC2)=C(CC)N1,1,NaN,NaN
304,COc1ccccc1N1CCN(CCn2c(=O)[nH]c3c(sc4ccc(NC(=O)c5ccccc5)cc43)c2=O)CC1,1,1,1
305,COc1ccccc1N1CCN(CCn2c(=O)[nH]c3c(sc4ccc(NC(=O)CCC(=O)NCc5ccccc5)cc43)c2=O)CC1,1,1,1
306,CC(C)Oc1ccccc1N1CCN(Cc2cc(CN3CCCC3=O)no2)CC1,1,0,1
307,COc1ccccc1N1CCN(CCNc2ccc3c4c(=O)n(C)nc(Cl)c4cn3n2)CC1,1,1,1
308,Cc1ccc(C(C(=O)NCCCN2CCN(c3ccccc3C)CC2)c2ccc(C)cc2)cc1,1,1,1
309,CN1CCc2c(sc3ncn(CCN4CCN(c5ccccc5-c5ccccc5)CC4)c(=O)c23)C1,1,1,1
310,COC(=O)C1=C(C)N=C(C)N(CCCCCN2CCC(c3ccccc3C(F)(F)F)CC2)C1c1ccc(F)c(F)c1,1,NaN,0
311,COC(=O)C1=C(C)NC(=O)N(C(=O)NCCCN2CCC3(CCc4ccccc43)CC2)C1c1ccc(F)c(F)c1,1,NaN,NaN
312,COC(=O)C1=C(C)NC(=O)N(C(=O)NCCCN2CCC(C(=O)OC)(c3ccccc3)CC2)C1c1cccc(Cl)c1,1,1,NaN
313,CC1=C(C(=O)NCCCN2CCC(C#N)(c3ccc(F)cc3F)CC2)[C@@H](c2ccc(F)c(F)c2)CC(=O)N1C,1,NaN,0
314,COC(=O)C1(c2ccccc2)CCN(CCCNC(=O)N2C(=O)NC3=C(C(=O)OC3)C2c2ccc([N+](=O)[O-])cc2)CC1,1,NaN,NaN
315,CO/C(O)=C1\C(C)=NC(C)=C(C(=O)NCCCN2CCC(c3ccccc3)(c3ccccc3)CC2)C1c1ccc2c(c1)OCO2,1,NaN,NaN
316,CCOc1ccccc1N1CCN(CCc2ccc(OC)cc2)CC1,1,1,1
317,CCOc1ccccc1N1CCN(CCc2ccc3c(c2)OCO3)CC1,1,1,1
318,COc1cccc([N+](=O)[O-])c1OCCNCCOc1ccccc1OCc1ccccc1,1,1,1
319,COC(=O)C1=C(C)NC(C)=C(C(=O)NCCCN2CCC(c3ccccc3)(c3ccccc3)CC2)C1c1ccc2c(c1)OCO2,1,NaN,NaN
320,COc1ccccc1N1CCN(CCCCN2C(=O)c3ccccc3C2=O)CC1,1,1,1
322,CC(=O)C1=C(C)NC(C)=C(C(=O)NCCCN2CCC(c3ccccc3)(c3ccccc3)CC2)C1c1ccc([N+](=O)[O-])cc1,1,NaN,NaN
323,COc1ccccc1N1CCN(CCn2c(=O)[nH]c3[nH]c(-c4ccccc4C)cc3c2=O)CC1,1,1,1
324,CC(C)Oc1ccccc1N1CCN(CC(O)CNC(=O)c2ccc3c(c2)C(=O)N(c2ccc(Cl)c(Cl)c2)C3=O)CC1,1,0,1
325,CC(C)Oc1ccccc1N1CCN(Cc2nc(CN3CCCCC3=O)cs2)CC1,1,0,1
326,CN1CCc2c(sc3ncn(CCN4CCN(c5cccc6cccnc56)CC4)c(=O)c23)C1,1,1,1
327,CN1CCc2c(sc3ncn(CCN4CCN(c5cccc6ccncc56)CC4)c(=O)c23)C1,1,1,1
328,Cc1ccc2oc(=O)n(C3CCN(CCCCN4C(=O)c5ccccc5S4(=O)=O)CC3)c2c1,1,1,NaN
329,CC(C)Oc1ccccc1N1CCN([C@H]2CC[C@@H](NS(=O)(=O)Cc3ccccc3)CC2)CC1,1,1,1
330,COc1ccc(S(=O)(=O)N[C@H]2CC[C@@H](N3CCN(c4ccccc4OCC(F)(F)F)CC3)CC2)cc1OC,1,1,1
331,COC(=O)C1=C(C)NC(=O)N(C(=O)NCCCN2CCC(C(=O)OC)(c3ccccc3)CC2)C1c1ccc(F)cc1,1,1,NaN
332,COC(=O)C1=C(C)N=C(C)N(CCC[C@H](C)CN2CCC(C#N)(c3ccccc3)CC2)C1c1ccc(F)c(F)c1,1,NaN,0
333,CCC1=C(C(=O)NC)C(c2ccc([N+](=O)[O-])cc2)N(C(=O)NCCCN2CCC(C(=O)OC)(c3ccccc3)CC2)C(=O)N1,1,NaN,NaN
334,COc1cccc(-c2ccccc2)c1OCCNC[C@H]1COc2ccccc2O1,1,1,1
336,COc1cc(N2C(=O)c3ccc(C(=O)NCC(O)CN4CCN(c5ccccc5OC(C)C)CC4)cc3C2=O)cc(OC)c1OC,1,1,NaN
337,O=c1cc[nH]c(=O)n1CCCN1CCN(c2ccc(F)cc2OCC(F)(F)F)CC1,1,1,1
338,COc1cccc(OC)c1OCCNCCOc1ccccc1OCc1ccc([N+](=O)[O-])cc1,1,1,1
339,COc1cc2nc(N3CCN(C4=CC(=O)c5ccccc5C4=O)CC3)nc(N)c2cc1OC,1,1,1
340,Cc1c[nH]c(=O)n(CCCN2CCN(c3ccc(F)cc3OCC(F)(F)F)CC2)c1=O,1,1,1
341,CCC1=NC(CC)=C(C(=O)NCCCN2CCC(c3ccccc3)(c3ccccc3)CC2)C(c2ccc([N+](=O)[O-])cc2)/C1=C(\O)OC,1,NaN,NaN
342,CCC1=C(C(=O)NCCCN2CCC(c3ccccc3)(c3ccccc3)CC2)C(c2ccc([N+](=O)[O-])cc2)C(C(=O)OC)=C(CC)N1,1,NaN,NaN
343,Cc1ccc(C(C(=O)NCCCN2CCC(C#N)(c3ccccc3C)CC2)c2ccc(C)cc2)cc1,1,NaN,0
344,CC(Cc1cc(C(N)=O)c2c(ccn2CCCO)c1)NCCOc1cc(Cl)ccc1OCC(F)(F)F,1,1,1
345,CC(C)Oc1ccccc1N1CCN([C@H]2CC[C@H](NS(=O)(=O)c3ccc(F)cc3)CC2)CC1,1,NaN,1
346,COc1ccc(Cl)cc1S(=O)(=O)N[C@H]1CC[C@@H](N2CCC(c3ccccc3OC3CC3)CC2)CC1,1,1,1
347,CCC1=C(C(N)=O)C(c2ccc(F)cc2F)N(C(=O)NCCCN2CCN(c3ccccc3C(N)=O)CC2)C(=O)N1,1,NaN,0
348,Cc1nc(C)c(C(=O)NCCCN2CCC(c3ccccc3)(c3ccccc3)CC2)c(-c2ccc([N+](=O)[O-])cc2)c1C(N)=O,1,1,NaN
349,COc1ccc(Cl)cc1N1CCN(CCn2c(C)nc3c([nH]c4ccccc43)c2=O)CC1,1,1,1
350,CC1=C(C(N)=O)C(c2ccc([N+](=O)[O-])cc2)C(C(=O)NCCCN2CCC(c3ccccc3)CC2)=C(COCCN)N1,1,1,NaN
351,COc1ccccc1N1CCN(C[C@H]2CO[C@](CN3CCCC3=O)(c3ccccc3)O2)CC1,1,NaN,1
352,COC(=O)C1=C(C)NC(C)=C(C(=O)NCCCN2CCC(c3ccccc3)(c3ccccc3)CC2)C1c1ccc(C)cc1,1,NaN,NaN
353,COc1cc2nc(N3CCN(c4ccco4)CC3)nc(N)c2cc1OC,1,1,NaN
354,CO/C(O)=C1\C(C)=NC(C)=C(C(=O)NCCCN2CCC(c3ccccc3)(c3ccccc3)CC2)C1c1ccc(C)cc1,1,NaN,NaN
355,O=C(NCCCCN1CCN(c2csc3cc(F)ccc23)CC1)c1cnccn1,1,1,NaN
356,COc1ccccc1N1CCN(CCn2nc(-c3ccccc3)c3c(C)onc3c2=O)CC1,1,1,1
357,CC(C)Oc1ccccc1C1CCN([C@H]2CC[C@H](NS(=O)(=O)c3ccc(F)c(F)c3)CC2)CC1,1,NaN,1
358,CC1=C(C(=O)NCCCN2CCC(C#N)(c3ccc(F)cc3C#N)CC2)[C@@H](c2ccc(F)c(F)c2)CC(=O)N1,1,1,0
359,CC1=NC(COCCN)=C(C(=O)NCCCN2CCC(c3ccccc3)CC2)C(c2ccc([N+](=O)[O-])cc2)C1C(N)=O,1,1,NaN
360,Cc1ccc2c(c1)c1c(n2/C=C\c2ccccc2)CCN(C)C1,1,NaN,NaN
361,COc1cccc(OC)c1OCCNCCOc1ccccc1OCc1ccccc1Cl,1,1,1
362,COc1cc2nc(N3CCN(C(=O)CCCCC4CCSS4)CC3)nc(N)c2cc1OC,1,1,1
363,O=C1CC2(CCCC2)CC(=O)N1CCCCN1CCN(c2cc(Cl)ccc2Cl)CC1,1,1,NaN
364,COc1ccccc1N1CCN(CCCNc2c(C)c(=O)n(C)c(=O)n2C)CC1,1,1,1
365,COc1ccccc1N1C(=O)c2ccc(C(=O)NCC(O)CN3CCN(c4ccccc4OC(C)C)CC3)cc2C1=O,1,0,1
366,COc1ccccc1N1CCN(CCn2c(C)nc3c(sc4ccccc43)c2=O)CC1,1,1,1
367,COc1ccccc1N1CCN(CCn2c(=O)[nH]c3c(sc4ccc(NC(=O)Cc5ccccc5)cc43)c2=O)CC1,1,1,1
368,COC(=O)C1=C(C)NC(C)=C(C(=O)NCCCN2CCC(c3ccccc3)(c3ccccc3)CC2)C1c1ccc([N+](=O)[O-])c(OC)c1,1,1,NaN
369,CO/C(O)=C1\C(C)=NC(C)=C(C(=O)NCCCN2CCC(c3ccccc3)(c3ccccc3)CC2)C1c1ccc([N+](=O)[O-])c(OC)c1,1,1,NaN
370,Cc1ccc(S(=O)(=O)N[C@H]2CC[C@H](N3CCN(c4ccccc4OC(C)C)CC3)CC2)cc1Cl,1,1,1
371,CC(C)Oc1ccccc1N1CCN(CC(O)CNC(=O)c2ccc3c(c2)C(=O)N(c2cccc(F)c2)C3=O)CC1,1,1,1
372,CC(C)Oc1ccccc1N1CCN(CC(O)CNC(=O)c2ccc3c(c2)C(=O)N(c2ccc(F)cc2)C3=O)CC1,1,1,NaN
373,COC(=O)C1=C(C)NC(=O)N(C(=O)NCCCN2CCC(C(=O)OC)(c3ccccc3)CC2)C1c1cccc(F)c1,1,1,NaN
374,COc1ccccc1N1CCN(CCCNc2c(C(C)=O)c(-c3ccccc3)nn(C)c2=O)CC1,1,1,1
375,COc1ccc2ccccc2c1OCCNC[C@H]1COc2ccccc2O1,1,1,1
376,COc1cccc(OC)c1OCCNCCOc1ccccc1OCc1ccccc1C,1,1,1
377,COc1c[nH]c(=O)n(CCCN2CCN(c3ccc(F)cc3OCC(F)(F)F)CC2)c1=O,1,NaN,1
378,Cc1cc(=O)n(CCCN2CCN(c3ccc(F)cc3OCC(F)(F)F)CC2)c(=O)[nH]1,1,NaN,1
379,COc1cc2nc(N3CCN(C(=O)CC(c4ccccc4)c4ccccc4)CC3)nc(N)c2cc1OC,1,1,NaN
380,COc1ccccc1N1CCN(CCCNC(=O)NN(Cc2ccc(F)cc2)c2ccccc2)CC1,1,1,NaN
381,CC(C)Oc1ccccc1N1CCN([C@H]2CC[C@H](NS(=O)(=O)c3ccc(Cl)cc3Cl)CC2)CC1,1,NaN,1
382,COc1ccc(Br)cc1S(=O)(=O)N[C@H]1CC[C@@H](N2CCN(c3ccccc3OC(C)C)CC2)CC1,1,1,1
383,COC(=O)C1=C(C)N=C(C)N(CCC[C@H](C)CN2CCC(C(=O)OC)(c3ccccc3)CC2)C1c1ccc(F)c(F)c1,1,NaN,NaN
384,COCC1=C(C(=O)OC)[C@H](c2ccc(F)c(F)c2)N(C(=O)N[C@@H]2CC[C@H](N3CCN(c4ccccc4C#N)CC3)C2)C(=O)N1,1,1,1
385,COc1cccc2c(CCCN3CCN(c4ccccn4)CC3)cccc12,1,1,1
386,COC(=O)C1(c2ccccc2)CCN(CCCNC(=O)C2=C(C)N=C(C)C(C(N)=O)C2c2ccc([N+](=O)[O-])cc2)CC1,1,1,0
387,COC(=O)C1(c2ccccc2)CCN(CCCNC(=O)C2=C(C)NC(C)=C(C(N)=O)C2c2ccc([N+](=O)[O-])cc2)CC1,1,0,0
388,COc1ccccc1N1CCN(CCn2c(=O)[nH]c3c(sc4ccc(NC(=O)CCCC(=O)NCCc5ccccc5)cc43)c2=O)CC1,1,1,1
389,COc1ccccc1-c1cc2c(=O)n(CCN3CCN(c4ccccc4OC)CC3)c(=O)[nH]c2[nH]1,1,1,1
390,COc1ccccc1N1CCN(CCn2c(=O)[nH]c3c(sc4ccc(NC(=O)CCCN(C)C)cc43)c2=O)CC1,1,1,1
391,COc1ccccc1N1CCN(CCCCNC(=O)c2ccc(I)s2)CC1,1,1,1
392,Cc1ccccc1N1CCN(CCn2cnc3sc4c(c3c2=O)CCN(C)C4)CC1,1,1,1
393,COc1ccccc1N1CCN(CCCNC(=O)NN(Cc2ccccc2)c2ccccc2)CC1,1,1,NaN
394,CC(C)Oc1ccccc1N1CCN(Cc2cccc(C(=O)N3CCc4ccccc43)c2)CC1,1,1,1
395,Cc1ccc(C2(c3ccc(C)cc3)CC(=O)N(CCCN3CCC(C#N)(c4ccccc4C)CC3)C2=O)cc1,1,0,0
396,COCC1=C(C(=O)OC)C(c2cc(F)c(F)c(F)c2)N(C(=O)N2CCC(N3CCC(C(=O)OC)(c4ccccc4)CC3)CC2)C(=O)N1,1,0,0
397,CCC1=C(C(=O)NCCCN2CCC(c3ccccc3)(c3ccccc3)CC2)C(c2ccc([N+](=O)[O-])cc2)C(C(N)=O)=C(COCCN)N1,1,1,NaN
398,CCC1=C(C(=O)NCCCN2CCC(c3ccccc3)(c3ccccc3)CC2)C(c2ccc([N+](=O)[O-])cc2)C(C(N)=O)C(COCCN)=N1,1,1,NaN
399,COC(=O)C1=C(C)NC(C)=C(C(=O)NCCCN2CCC(c3ccccc3)(c3ccccc3)CC2)C1c1ccc(Cl)cc1,1,1,NaN
400,CO/C(O)=C1\C(C)=NC(C)=C(C(=O)NCCCN2CCC(c3ccccc3)(c3ccccc3)CC2)C1c1ccc(Cl)cc1,1,1,NaN
401,CSc1ccccc1N1CCN(CCCCn2ncc(=O)n(C)c2=O)CC1,1,1,1
402,CCOc1ccccc1N1CCN(CCCCn2ncc(=O)n(C)c2=O)CC1,1,1,1
403,CC(C)Oc1ccccc1N1CCN(Cc2cc(CN3CCCCCC3=O)cs2)CC1,1,NaN,1
404,CN1CCc2c(sc3ncn(CCN4CCN(c5ccccc5C#N)CC4)c(=O)c23)C1,1,1,1
405,CC(C)Oc1ccccc1N1CCN(C2CCC(N3C(=O)c4ccc5ccccc5c4C3=O)CC2)CC1,1,1,1
406,O=S(=O)(N[C@H]1CC[C@@H](N2CCC(c3ccccc3OC3CC3)CC2)CC1)c1cc(Cl)ccc1F,1,1,1
407,COc1ccc(S(=O)(=O)N[C@H]2CC[C@@H](N3CCC(c4ccccc4OCC(F)(F)F)CC3)CC2)cc1OC,1,1,1
408,CC1=C(C(=O)NCCCN2CCC(C#N)(c3ccc(F)cc3)CC2)[C@@H](c2ccc(F)c(F)c2)CC(=O)N1,1,0,0
409,COC(=O)C1=C(C)NC(=O)N(C(=O)NCCCN2CCC(C(=O)OC)(c3ccccc3)CC2)C1c1cccc(C)c1,1,NaN,NaN
410,CC(C)Oc1ccccc1N1CCN(CC(O)CNC(=O)c2ccc3c(c2)C(=O)N(c2ccc([N+](=O)[O-])cc2)C3=O)CC1,1,1,1
411,Cc1c(-c2ccccc2)oc2c(C(=O)NCCCN3CCN(c4ccccc4OCc4no[n+]([O-])c4C(N)=O)CC3)cccc2c1=O,1,1,1
412,CO/C(O)=C1\C(C)=NC(C)=C(C(=O)NCCCN2CCC(c3ccccc3)(c3ccccc3)CC2)C1c1ccc(C#N)cc1,1,1,NaN
413,COC(=O)C1=C(C)NC(C)=C(C(=O)NCCCN2CCC(c3ccccc3)(c3ccccc3)CC2)C1c1ccc(C#N)cc1,1,1,NaN
415,COc1cc2nc(N(C)CCCCCCN(C)C(=O)C3COc4ccccc4O3)nc(N)c2cc1OC,1,1,1
416,CCCN(CCC)c1nc(N2CCN(C(=O)c3ccco3)[C@@H]3CCCC[C@@H]32)nc2cc(OC)c(OC)cc12,1,1,1
417,COC(=O)C1=C(C)NC(C)=C(C(=O)NCCCN2CCC(c3ccccc3)(c3ccccc3)CC2)C1c1ccc(Cl)c(Cl)c1,1,1,NaN
418,CC1=C(C(N)=O)C(c2ccc([N+](=O)[O-])cc2)C(C(=O)NCCCN2CCC(c3ccccc3)(c3ccccc3)CC2)=C(C)N1,1,NaN,NaN
419,CC1=C(C(N)=O)C(c2ccc([N+](=O)[O-])cc2)C(C(=O)NCCCCN2CCC(c3ccccc3)(c3ccccc3)CC2)=C(C)N1,1,NaN,NaN
420,CO/C(O)=C1\C(C)=NC(C)=C(C(=O)NCCCN2CCC(c3ccccc3)(c3ccccc3)CC2)C1c1ccc(Cl)c(Cl)c1,1,1,NaN
421,CCOc1ccccc1OCCNC(C)Cc1cc(C(N)=O)c2c(ccn2CCCO)c1,1,1,1
422,CC(Cc1cc(C(N)=O)c2c(ccn2CCCO)c1)NCCOc1ccccc1OCC(F)(F)F,1,1,1
423,Cc1ccc(OCC(F)(F)F)c(OCCN[C@H](C)Cc2cc(C(N)=O)c3c(ccn3CCCO)c2)c1,1,NaN,1
424,CC1=C(C(=O)NCCCN2CCC(C#N)(c3ccc(F)cc3)CC2)[C@@H](c2ccc(F)c(F)c2)CC(=O)N1C,1,NaN,NaN
425,COC(=O)C1=C(C)NC(=O)N(C(=O)NCCCN2CCC(c3ccccc3)(c3ccccc3)CC2)C1c1ccc(F)c(F)c1,1,1,NaN
426,CCOC(=O)C1(c2ccccc2)CCN(CCCNC(=O)C2=C(C)N=C(C)C(C(C)=O)C2c2ccc([N+](=O)[O-])cc2)CC1,1,1,NaN
427,CC1=NC(C)=C(C(=O)NCCCCN2CCC(c3ccccc3)(c3ccccc3)CC2)C(c2ccc([N+](=O)[O-])cc2)C1C(N)=O,1,1,NaN
428,CCOC(=O)C1(c2ccccc2)CCN(CCCNC(=O)C2=C(C)NC(C)=C(C(C)=O)C2c2ccc([N+](=O)[O-])cc2)CC1,1,0,NaN
429,Cn1nc(Cl)c2cn3nc(NCCN4CCN(c5ccccc5)CC4)ccc3c2c1=O,1,1,1
430,COc1ccccc1N1CCN(CCn2c(=O)[nH]c3[nH]c(-c4ccccc4)cc3c2=O)CC1,1,1,1
431,CCOc1ccccc1OCCNCCOc1ccccc1OCc1ccccc1,1,1,1
432,COc1ccc(CCN2CCN(c3ccccc3OC(C)C)CC2)cc1OC,1,1,1
433,COc1ccc2c(c1OCCNC[C@H]1COc3ccccc3O1)OCC2,1,1,1
434,COc1ccccc1COc1ccccc1OCCNCCOc1c(OC)cccc1OC,1,1,1
435,COc1cccc(OC)c1OCCNCCOc1ccccc1OCc1ccc(C)cc1,1,1,1
436,COc1cccc(COc2ccccc2OCCNCCOc2c(OC)cccc2OC)c1,1,1,1
437,COc1ccc(COc2ccccc2OCCNCCOc2c(OC)cccc2OC)cc1,1,1,1
438,COc1ccccc1N1CCN(CCCNc2ncccc2C(=O)NC(C)(C)C)CC1,1,1,1
439,Cc1cn(CCCN2CCN(c3ccccc3OCC(F)(F)F)CC2)c(=O)[nH]c1=O,1,1,1
440,CN1CCCCC1CCN1c2ccccc2Sc2ccc(S(C)=O)cc21,1,1,NaN
441,COc1cc2c3c(c1OC)-c1cc4c(cc1CC3N(C)CC2)OCO4,1,0,NaN
442,COc1ccc(Cl)cc1N1CCN(CCCNc2cc(-c3ccccc3)nn(C)c2=O)CC1,1,1,1
443,Cc1ccccc1C1(C#N)CCN(CCCNC(=O)C(c2ccc(F)c(F)c2)C(C)C)CC1,1,0,0
444,O=C1CCc2ccc(OC3CCN(C[C@@H]4COc5c(ccc6c5CC(=O)N6)O4)CC3)cc2N1,1,1,1
445,O=C1CCc2ccc(CC3CCN(C[C@@H]4COc5c(ccc6c5CC(=O)N6)O4)CC3)cc2N1,1,1,1
446,Cc1ccc(C(O)(C(=O)NCCCN2CCC(C#N)(c3ccccc3C)CC2)c2ccc(C)cc2)cc1,1,NaN,0
447,COc1ccc(S(=O)(=O)N[C@H]2CC[C@@H](N3CCC(c4ccccc4OC(C)C)CC3)CC2)cc1OC,1,1,1
448,Cc1ccc(N2CCN(CCc3ccc(CN4C(=O)c5ccccc5C4=O)cc3)CC2)cc1,1,1,1
449,COc1ccccc1N1CCN(C[C@H]2CO[C@@](CN3C(=O)CC4(CCCC4)CC3=O)(c3ccccc3)O2)CC1,1,1,1
450,CCOc1ccccc1N1CCN(CCc2ccc(OC)c(OC)c2)CC1,1,1,1
451,CC(C)Oc1ccccc1OCCNCC1COC(c2ccccc2)(c2ccccc2)O1,1,1,1
452,COc1ccc(N2C(=O)c3ccc(C(=O)NC[C@@H](O)CN4CCN(c5ccccc5OC(C)C)CC4)cc3C2=O)cc1,1,1,1
453,CC(C)Oc1ccccc1N1CCN(Cc2cc(CN3CCCCC3=O)n[nH]2)CC1,1,0,NaN
454,CNC(=O)C1=C(C)NC(=O)N(C(=O)NCCCN2CCC(C(=O)OC)(c3ccccc3)CC2)C1c1ccc([N+](=O)[O-])cc1,1,1,NaN
455,CC(C)Oc1ccccc1N1CCN(C2CCC(NS(=O)(=O)c3cccc(F)c3)CC2)CC1,1,NaN,1
456,COc1ccccc1N1CCN(CCCCN2C(=O)CC(c3ccccc3)CC2=O)CC1,1,1,1
457,COc1ccccc1N1CCN(CCn2c(=O)[nH]c3[nH]c(-c4ccccc4Cl)cc3c2=O)CC1,1,1,1
458,COc1cccc(OC)c1OCCNC[C@H]1COc2cccc(O)c2O1,1,1,1
459,CCOC(=O)C1(c2ccccc2)CCN(CCCNC(=O)C2=C(C)N=C(C)C(C(N)=O)C2c2ccc([N+](=O)[O-])cc2)CC1,1,1,NaN
460,CCOC(=O)C1(c2ccccc2)CCN(CCCNC(=O)C2=C(C)NC(C)=C(C(N)=O)C2c2ccc([N+](=O)[O-])cc2)CC1,1,0,NaN
461,CC(C)Oc1ccccc1C1CCN(C2CCC(NS(=O)(=O)c3ccc(F)c(F)c3)CC2)CC1,1,NaN,1
462,Cc1ccc(OCC(F)(F)F)c(OCCNC(C)Cc2cc(C(N)=O)c3c(ccn3CCCO)c2)c1,1,NaN,NaN
463,O=S(=O)(N[C@H]1CC[C@H](N2CCC(c3ccccc3OCC(F)(F)F)CC2)CC1)c1ccc2c(c1)OCCO2,1,1,1
464,CC(=O)N1C(=O)N(C)C(C)=C(C(=O)NCCCN2CCC(c3ccc(F)cc3)CC2)[C@H]1c1ccc(F)c(F)c1,1,1,NaN
465,COc1ccc(CCN2CCN(c3ccccc3OC(C)C)CC2)cc1,1,1,1
466,COc1ccc(Cl)cc1N1CCN(CCCNc2nccc(C(N)=O)n2)CC1,1,1,1
467,COc1ccccc1N1CCN(CCNc2c(C(C)=O)c(C)nn(C)c2=O)CC1,1,1,1
468,COc1cccc2c1OC(CNCC1CCN(c3ncccn3)CC1)CO2,1,1,1
469,CN1C=C(C(=O)NCCCN2CCC(C#N)(c3ccc(F)cc3)CC2)[C@H](c2ccc(F)c(F)c2)NC1=O,1,NaN,NaN
470,NC(=O)c1ccccc1N1CCN(CCCNC(=O)N2C(=O)NC3=C(C(=O)OC3)C2c2ccc(F)c(F)c2)CC1,1,NaN,NaN
471,COCC1=C(C(=O)OC)[C@H](c2ccc(F)c(F)c2)N(C(=O)N[C@H]2CC[C@H](N3CCC(C#N)(c4ccccc4)CC3)C2)C(=O)N1,1,NaN,1
473,COc1cccc(OC)c1OCCN[C@H]1C[C@H](c2ccccc2)c2ccccc2S1,1,1,NaN
474,COc1cccc(OC)c1OCCNC[C@H]1C[C@H](c2ccccc2)c2ccccc2S1,1,1,1
475,CS(=O)(=O)c1ccc2c(c1)S(=O)(=O)N(CCCCN1CCC(n3c(=O)oc4ccccc43)CC1)C2=O,1,1,NaN
476,COCC1=C(C(=O)OC)[C@H](c2ccc(F)c(F)c2)N(C(=O)N[C@H]2CC[C@H](N3CCC(c4ccccc4C#N)CC3)C2)C(=O)N1,1,1,1
477,COCC1=C(C(=O)OC)[C@H](c2ccc(F)c(F)c2)N(C(=O)N[C@H]2CC[C@@H](N3CCC(C#N)(c4ccccc4)CC3)C2)C(=O)N1,1,NaN,NaN
478,O=C1N=CC(C(=O)NCCCN2CCC(c3ccccn3)CC2)[C@@H](c2ccc(F)c(F)c2)N1,1,1,0
479,O=C1NC=C(C(=O)NCCCN2CCC(c3ccccn3)CC2)[C@@H](c2ccc(F)c(F)c2)N1,1,0,0
480,COc1cc2nc(N3CCN(C(=O)c4cn(-c5cc6ccc(O)cc6oc5=O)nn4)CC3)nc(N)c2cc1OC,1,1,1
481,COc1cccc(C)c1OCCNCCOc1ccccc1OCc1ccccc1,1,1,1
482,COc1cccc(Cl)c1OCCNCCOc1ccccc1OCc1ccccc1,1,1,1
483,CC(C)c1c[nH]c(=O)n(CCCN2CCN(c3ccc(F)cc3OCC(F)(F)F)CC2)c1=O,1,1,NaN
484,CC(C)Oc1ccccc1N1CCN(C2CCC(NS(=O)(=O)Cc3ccccc3)CC2)CC1,1,NaN,1
485,COC(=O)C1=C(C)NC(C)=C(C(=O)OCCCN2CCC(c3ccccc3)(c3ccccc3)CC2)C1c1ccc([N+](=O)[O-])cc1,1,1,NaN
486,Oc1ccc2[nH]cc(CCCCN3CC=C(c4ccccc4)CC3)c2c1,1,1,1
487,COC(=O)C1(c2ccccc2)CCN(CCCNC(=O)C2=C(C)NC(C)=C(C(C)=O)C2c2ccc([N+](=O)[O-])cc2)CC1,1,0,NaN
488,COC(=O)C1(c2ccccc2)CCN(CCCNC(=O)C2=C(C)N=C(C)C(C(C)=O)C2c2ccc([N+](=O)[O-])cc2)CC1,1,1,NaN
489,COc1ccccc1N1CCN(CCCNc2cc(-c3ccccc3)nn(C)c2=O)CC1,1,1,1
490,CC1=NC(=O)N[C@H](c2ccc(F)c(F)c2)C1C(=O)NCCCN1CCC(c2ccccn2)CC1,1,1,0
491,CC1=C(C(=O)NCCCN2CCC(c3ccccn3)CC2)[C@@H](c2ccc(F)c(F)c2)NC(=O)N1,1,0,0
492,COc1ccccc1N1CCN(CCn2c(=O)[nH]c3scc(-c4ccccc4)c3c2=O)CC1,1,1,1
493,COc1ccccc1N1CCN(CC2COCC(c3ccccc3)(c3ccccc3)O2)CC1,1,1,1
494,COc1ccccc1N1CCN(CCn2c(=O)[nH]c3sc(C)c(-c4ccccc4)c3c2=O)CC1,1,1,1
495,O=c1[nH]c2[nH]c(-c3ccc(Cl)cc3)cc2c(=O)n1CCN1CCN(c2ccccc2Cl)CC1,1,1,1
496,COc1ccc([N+](=O)[O-])cc1S(=O)(=O)NC1CCC(N2CCN(c3ccccc3OC(C)C)CC2)CC1,1,NaN,1
497,CC(Cc1cc(C(N)=O)c2c(ccn2CCCO)c1)NCCOc1ccc(F)cc1Br,1,1,1
498,CC(Cc1cc(C(N)=O)c2c(ccn2CCCO)c1)NCCOc1ccccc1OCc1ccccc1,1,1,1
499,CC(C)Oc1ccccc1N1CCN([C@H]2CC[C@H](NS(=O)(=O)c3ccccc3)CC2)CC1,1,NaN,1
500,CC(Cc1cc2c(c(C(N)=O)c1)N(CCCO)CC2)NCCOc1cc(Br)ccc1OCC(F)(F)F,1,1,1
501,CC(C)Oc1ccccc1N1CCN(C2CCC(N3C(=O)c4cc(Cl)c(Cl)cc4C3=O)CC2)CC1,1,0,1
502,C[C@H](Cc1cc2c(c(C(N)=O)c1)N(CCCO)CC2)NCCOc1cc(Cl)ccc1OCC(F)(F)F,1,NaN,NaN
503,COc1cccc(CCN2CCN(c3ccccc3OC(C)C)CC2)c1,1,1,1
504,Cc1ccc2c(N3CCN(CCc4cccc5c4OCc4c(C(N)=O)ncn4-5)CC3)cccc2n1,1,NaN,NaN
505,O=S(=O)(NC1CCC(N2CCC(c3ccccc3OC3CC3)CC2)CC1)c1cc(Cl)ccc1F,1,NaN,1
506,Cc1ccccc1-c1cc2c(=O)n(CCN3CCN(c4ccccc4Cl)CC3)c(=O)[nH]c2[nH]1,1,1,1
507,COc1ccc2c(c1OCCNC[C@H]1COc3ccccc3O1)CCCC2,1,1,1
508,CC(C)Oc1ccccc1N1CCN(CCN2C(=O)CC3(CCCC3)CC2=O)CC1,1,1,NaN
509,CC1=NC(C)=C(C(=O)NCCCN2CCC(C#N)(c3ccccc3)CC2)C(c2ccc([N+](=O)[O-])cc2)C1C(N)=O,1,1,NaN
510,CC1=C(C(N)=O)C(c2ccc([N+](=O)[O-])cc2)C(C(=O)NCCCN2CCC(C#N)(c3ccccc3)CC2)=C(C)N1,1,0,NaN
511,COc1ccccc1N1CCN(C[C@H]2CO[C@@](CN3C(=O)CCC3=O)(c3ccccc3)O2)CC1,1,1,1
512,COc1ccc(F)cc1OCCNC(C)Cc1cc2c(c(C(N)=O)c1)N(CCCO)CC2,1,1,1
513,COc1cc(Br)ccc1OCCNC(C)Cc1cc2c(c(C(N)=O)c1)N(CCCO)CC2,1,1,1
514,O=C(c1cccc(CN2CCc3c([nH]c4ccccc34)C2)c1)N1CCc2ccccc21,1,1,1
515,COc1ccc(Cl)cc1S(=O)(=O)NC1CCC(N2CCC(c3ccccc3OC3CC3)CC2)CC1,1,NaN,1
516,CCOc1ccccc1N1CCN(CCc2cccc(OC)c2)CC1,1,1,1
517,COc1ccc(Cl)cc1N1CCN(CCCCNc2c(C(C)=O)c(C)nn(C)c2=O)CC1,1,1,1
520,CCOC(=O)C1CN(CCCCN2C(=O)c3cc(Cl)ccc3S2(=O)=O)CCC1c1ccccc1,1,NaN,0
521,CC(C)Oc1ccccc1N1CCN([C@H]2CC[C@H](NS(=O)(=O)c3ccc(Cl)cc3F)CC2)CC1,1,NaN,1
522,CC(C)Oc1ccccc1C1CCN([C@H]2CC[C@@H](NS(=O)(=O)c3ccc(F)c(F)c3)CC2)CC1,1,NaN,1
523,CC1=C(C(=O)NCCCN2CCC(c3ccccc3C#N)CC2)[C@@H](c2ccc(F)c(F)c2)CC(=O)N1C,1,0,NaN
524,CCNC(=O)C1=C(COCCN)NC(CC)=C(C(=O)NCCCN2CCC(c3ccccc3)(c3ccccc3)CC2)C1c1ccc([N+](=O)[O-])cc1,1,NaN,NaN
525,CCNC(=O)C1C(COCCN)=NC(CC)=C(C(=O)NCCCN2CCC(c3ccccc3)(c3ccccc3)CC2)C1c1ccc([N+](=O)[O-])cc1,1,1,NaN
526,COc1ccccc1N1CCN(CC2COC3(CCN(S(=O)(=O)c4cccc([N+](=O)[O-])c4)CC3)O2)CC1,1,1,1
527,CC(C)Oc1ccccc1N1CCN(C2CCC(NS(=O)(=O)c3ccc(Cl)cc3Cl)CC2)CC1,1,NaN,1
528,CC(C)Oc1ccccc1N1CCN(CC(O)CNC(=O)c2ccc3c(c2)C(=O)N(c2ccc(C(C)(C)C)cc2)C3=O)CC1,1,1,1
529,COc1ccccc1N1CCN(CCn2c(=O)c3c(-c4ccccc4)csc3n(C)c2=O)CC1,1,1,NaN
530,Cc1ccc2c(c1)oc(=O)n2C1CCN(CCCCN2C(=O)c3ccccc3S2(=O)=O)CC1,1,NaN,NaN
531,O=S(=O)(NC1CCC(N2CCC(c3ccccc3OCC(F)(F)F)CC2)CC1)c1ccc2c(c1)OCCO2,1,1,1
532,CNC(=O)c1c(C)nc(C)c(C(=O)NCCCN2CCC(c3ccccc3)(c3ccccc3)CC2)c1-c1ccc([N+](=O)[O-])cc1,1,1,NaN
533,COc1cc2nc(N3CCN(C(=O)C4COc5ccccc5O4)[C@H]4CCCC[C@H]43)nc(N)c2cc1OC,1,1,1
534,COC(=O)C1(c2ccccc2)CCN(CCCNC(=O)C2=C(COCCN)NC(C)=C(C(N)=O)C2c2ccc([N+](=O)[O-])cc2)CC1,1,NaN,0
535,COc1ccccc1OCCNCCOc1ccccc1OCc1ccccc1,1,1,1
536,COc1cccc(OC)c1SCCNCCOc1ccccc1OCc1ccccc1,1,1,1
537,CCOc1cccc(OCC)c1OCCNCCOc1ccccc1OCc1ccccc1,1,1,1
539,CN(C)S(=O)(=O)c1ccc2c(c1)N(CCCN1CCC(CCO)CC1)c1ccccc1S2,1,NaN,NaN
540,COc1ccccc1N1CCN(CCCCNC(=O)c2cc3ccc2CCc2ccc(cc2)CC3)CC1,1,1,1
541,CC(Cc1cc2c(c(C(N)=O)c1)N(CCCO)CC2)NCCOc1ccccc1OCC(F)(F)F,1,1,1
542,CC(Cc1cc2c(c(C(N)=O)c1)N(CCCO)CC2)NCCOc1cc(Cl)ccc1OCC(F)(F)F,1,NaN,1
543,COC(=O)C1=C(C)NC(=O)N(C(=O)NCCCN2CCC(C#N)(c3ccccc3)CC2)C1c1ccc(F)c(F)c1,1,NaN,NaN
544,CC1=C(C(=O)NCCCN2CCC(C#N)(c3ccccc3C#N)CC2)[C@@H](c2ccc(F)c(F)c2)CC(=O)N1,1,1,0
545,COC(=O)C1(c2ccccc2)CCN(CCCNC(=O)C2=C(COCCN)N=C(C)C(C(N)=O)C2c2ccc([N+](=O)[O-])cc2)CC1,1,1,0
546,CC(C)Oc1ccccc1N1CCN(C2CCC(NS(=O)(=O)c3ccccc3F)CC2)CC1,1,NaN,1
547,COc1ccc(S(=O)(=O)N[C@H]2CC[C@@H](N3CCC(c4cc(F)ccc4OC(C)C)CC3)CC2)cc1OC,1,NaN,1
548,COC(=O)c1c(C)nc(C)c(C(=O)OCCCN2CCC(c3ccccc3)(c3ccccc3)CC2)c1-c1ccc([N+](=O)[O-])cc1,1,1,NaN
549,CCC1=NC(COCCN=[N+]=[N-])=C(C(=O)NCCCN2CCC(c3ccccc3)(c3ccccc3)CC2)C(c2ccc([N+](=O)[O-])cc2)C1C(N)=O,1,1,NaN
550,CCC1=C(C(N)=O)C(c2ccc([N+](=O)[O-])cc2)C(C(=O)NCCCN2CCC(c3ccccc3)(c3ccccc3)CC2)=C(COCCN=[N+]=[N-])N1,1,1,NaN
551,COc1ccccc1N1CCN(CCn2c(=O)[nH]c3c(sc4ccccc43)c2=O)CC1,1,1,1
552,COc1ccccc1-c1cc2c(=O)n(CCN3CCN(c4ccccc4Cl)CC3)c(=O)[nH]c2[nH]1,1,1,1
553,COc1ccccc1N1CCN(CCn2c(C)nc3c(sc4ccc(NC(=O)Cc5ccccc5)cc43)c2=O)CC1,1,1,1
554,COc1cc2nc(N3CCN(C(=O)C4COc5ccccc5O4)[C@@H]4CCCC[C@@H]43)nc(N)c2cc1OC,1,1,1
555,Cc1ccccc1C1(C#N)CCN(CCCNC(=O)C(c2cccc(F)c2)C(C)C)CC1,1,NaN,0
556,[2H]c1c([2H])c([2H])c([C@@H]2C[C@@H](N3CCN(C([2H])([2H])[2H])C(C)(C)C3)c3cc(Cl)ccc32)c([2H])c1[2H],1,1,1
557,CC(C)Oc1ccccc1N1CCN(C2CCC(NS(=O)(=O)c3ccc(F)cc3)CC2)CC1,1,NaN,1
558,COc1ccccc1N1CCN(CCc2ccc3c(c2)OCO3)CC1,1,1,1
559,COc1ccc(Cl)cc1N1CCN(CCn2c(C)nc3c(sc4ccccc43)c2=O)CC1,1,1,1
560,COc1cc2nc(N3CCN(C(=O)c4ccc(Br)o4)[C@H]4CCCC[C@H]43)nc(N)c2cc1OC,1,1,1
561,COc1cc2nc(N3CCN(C(=O)c4ccc(Br)o4)[C@H]4CCCC[C@@H]43)nc(N)c2cc1OC,1,1,1
562,CN(C)CC/C=C1/c2ccccc2Sc2ccc(Cl)cc21,1,NaN,NaN
563,CC(C)Oc1ccccc1N1CCN([C@H]2CC[C@@H](NS(=O)(=O)c3cccc(F)c3)CC2)CC1,1,1,1
564,CC(C)Oc1ccccc1N1CCN([C@H]2CC[C@H](NS(=O)(=O)c3cnc(Cl)c(Br)c3)CC2)CC1,1,NaN,1
565,COC(=O)C1=C(C)N=C(C)N(CCC[C@H](C)CN2CCN(c3ccccc3C(N)=O)CC2)C1c1ccc(F)c(F)c1,1,NaN,0
566,COc1ccccc1N1CCN(CCn2c(C)nc3c(sc4ccc(NC(=O)CCCC(=O)NCc5ccccc5)cc43)c2=O)CC1,1,1,1
567,COC(=O)C1=C(C)NC(C)=C(C(=O)NCCCN2CCC(C(=O)OC)(c3ccccc3)CC2)C1c1ccc([N+](=O)[O-])cc1,1,NaN,0
568,CCN(CC)C(=O)N[C@H]1C[C@@H]2c3cccc4[nH]cc(c34)C[C@H]2N(C)C1,1,1,1
569,COC(=O)C1C(C)=NC(C)=C(C(=O)NCCCN2CCC(C(=O)OC)(c3ccccc3)CC2)C1c1ccc([N+](=O)[O-])cc1,1,1,0
570,COC(=O)C1(c2ccccc2)CCN(CCCNC(=O)C2=C(C)N=C(C)/C(=C(/O)OC)C2c2ccc([N+](=O)[O-])cc2)CC1,1,NaN,0
571,COc1ccccc1N1CCN(CCCNc2cc(O)nc(Nc3c(Cl)cccc3Cl)n2)CC1,1,1,NaN
572,COC(=O)C1=C(C)N=C(C)N(CCCCN2CCC(C(=O)OC)(c3ccccc3)CC2)C1c1ccc(F)c(F)c1,1,NaN,NaN
573,COC(=O)C1(c2ccccc2)CCN(CCCNC(=O)C2=C(C)NC(C)=C(C(=O)OCCO)C2c2ccc([N+](=O)[O-])cc2)CC1,1,NaN,NaN
574,CC(C)Oc1ccccc1N1CCN(C2CCC(NS(=O)(=O)c3ccccc3[N+](=O)[O-])CC2)CC1,1,NaN,1
575,COC(=O)C1(c2ccccc2)CCN(CCCNC(=O)C2=C(C)N=C(C)C(C(=O)OCCO)C2c2ccc([N+](=O)[O-])cc2)CC1,1,1,NaN
576,COC(=O)C1(c2ccccc2)CCN(CCCNC(=O)C2=C(C)N=C(C)/C(=C(/O)OCCO)C2c2ccc([N+](=O)[O-])cc2)CC1,1,0,NaN
577,CC(C)Oc1ccccc1N1CCN(Cc2cc(CN3CCCCC3=O)n(C)n2)CC1,1,0,1
578,COc1cc(Br)ccc1OCCNC(C)Cc1cc(C(N)=O)c2c(ccn2CCCO)c1,1,1,1
579,CCOC(=O)C1=C(C)NC(C)=C(C(=O)NCCCN2CCC(C(=O)OC)(c3ccccc3)CC2)C1c1ccc([N+](=O)[O-])cc1,1,NaN,NaN
580,CCOC(=O)C1C(C)=NC(C)=C(C(=O)NCCCN2CCC(C(=O)OC)(c3ccccc3)CC2)C1c1ccc([N+](=O)[O-])cc1,1,1,NaN
581,CCO/C(O)=C1\C(C)=NC(C)=C(C(=O)NCCCN2CCC(C(=O)OC)(c3ccccc3)CC2)C1c1ccc([N+](=O)[O-])cc1,1,NaN,NaN
582,CC(C)Oc1ccccc1N1CCN(Cc2cc(CN3CCCCC3=O)on2)CC1,1,0,NaN
583,COc1ccc(Cl)cc1S(=O)(=O)NC1CCC(N2CCN(c3ccccc3OC(C)C)CC2)CC1,1,NaN,1
584,O=S(=O)(N[C@H]1CC[C@H](N2CCC(c3ccccc3OC3CC3)CC2)CC1)c1cc(Cl)ccc1F,1,NaN,1
585,COc1ccc(Cl)cc1S(=O)(=O)N[C@H]1CC[C@H](N2CCN(c3ccccc3OC(C)C)CC2)CC1,1,NaN,1
586,CC1=NC(CCCN)=C(C(=O)NCCCN2CCC(c3ccccc3)(c3ccccc3)CC2)C(c2ccc([N+](=O)[O-])cc2)C1C(N)=O,1,1,NaN
587,CC1=C(C(N)=O)C(c2ccc([N+](=O)[O-])cc2)C(C(=O)NCCCN2CCC(c3ccccc3)(c3ccccc3)CC2)=C(CCCN)N1,1,NaN,NaN
588,CCCC1=C(C(=O)NCCCN2CCC(c3ccccc3)(c3ccccc3)CC2)C(c2ccc([N+](=O)[O-])cc2)C(C(=O)NCC)C(CC)=N1,1,1,NaN
589,CCCC1=C(C(=O)NCCCN2CCC(c3ccccc3)(c3ccccc3)CC2)C(c2ccc([N+](=O)[O-])cc2)C(C(=O)NCC)=C(CC)N1,1,NaN,NaN
590,COc1ccc2c(c1OCCNC[C@H]1COc3ccccc3O1)NCC2,1,1,1
591,CNC(=O)C1=C(C)NC(C)=C(C(=O)NCCCN2CCC(c3ccccc3)(c3ccccc3)CC2)C1c1ccc([N+](=O)[O-])cc1,1,NaN,NaN
593,COc1ccccc1N1CCN(CCn2c(C)nc3c(sc4ccc(NC(=O)c5ccccc5)cc43)c2=O)CC1,1,1,1
594,COc1ccccc1N1CCN(CCCCNS(=O)(=O)c2ccc(F)cc2)CC1,1,1,1
595,COc1cc2nc(N3CCN(C(=O)c4cc5ccc(O)cc5oc4=O)CC3)nc(N)c2cc1OC,1,1,1
596,CC(C)Oc1ccccc1N1CCN([C@H]2CC[C@H](NS(=O)(=O)Cc3ccccc3)CC2)CC1,1,NaN,1
597,CNC(=O)C1C(C)=NC(C)=C(C(=O)NCCCN2CCC(C(=O)OC)(c3ccccc3)CC2)C1c1ccc([N+](=O)[O-])cc1,1,1,NaN
598,CNC(=O)C1=C(C)NC(C)=C(C(=O)NCCCN2CCC(C(=O)OC)(c3ccccc3)CC2)C1c1ccc([N+](=O)[O-])cc1,1,0,NaN
599,C1=C(N2CCNCC2)c2nccn2Cc2ccccc21,1,1,NaN
600,NC1=N[C@]2(CCc3cccc(Cl)c3C2)OC1,1,1,1
601,Cc1c[nH]c(=O)n(CC(C)(C)CN2CCN(c3ccccc3OCC(F)(F)F)CC2)c1=O,1,NaN,NaN
602,CC(C)C(=O)NCCN1CCC[C@@H]1Cn1nc(Cc2ccc(Cl)cc2)c2ccccc2c1=O,1,1,NaN
603,NC1=NC2(CCc3ccccc3C2)CO1,1,1,1
604,CN1CCc2c(sc3ncn(CCN4CCN(c5ccccc5OCc5ccccc5)CC4)c(=O)c23)C1,1,1,1
605,CC(Cc1cc2c(c(C(N)=O)c1)N(CCCO)CC2)NCCOc1ccc(F)cc1OCC(F)(F)F,1,1,1
606,O=S(=O)(N[C@H]1CC[C@@H](N2CCC(c3ccccc3OCC(F)(F)F)CC2)CC1)c1ccc2c(c1)OCCO2,1,1,1
607,COc1ccccc1N1CCN(CCn2c(=O)[nH]c3[nH]c(-c4ccc(Cl)cc4)cc3c2=O)CC1,1,1,1
608,COc1cccc(OC)c1OCCNCC1Oc2ccccc2OC1c1ccc(C)cc1,1,1,NaN
609,COc1cc2nc(N3CCN(C(=O)c4ccccc4)[C@H]4CCCC[C@H]43)nc(N)c2cc1OC,1,1,1
610,COC(=O)C1(c2ccccc2)CCN(CCCNC(=O)C2=C(C)NC(C)=C(C(C)=O)C2c2ccc3c(c2)OCO3)CC1,1,NaN,NaN
611,COC(=O)C1(c2ccccc2)CCN(CCCNC(=O)C2=C(C)N=C(C)C(C(C)=O)C2c2ccc3c(c2)OCO3)CC1,1,1,NaN
612,COc1ccc(CCNCC2CCc3ccccc3C2)cc1,1,1,NaN
613,COc1ccccc1N1CCN(CCn2c(=O)[nH]c3scc(-c4cccc(C)c4)c3c2=O)CC1,1,1,1
614,COC(=O)C1(c2ccccc2)CCN(CCCCCN2C(C)=NC(C)=C(C(N)=O)C2c2ccc(F)cc2F)CC1,1,NaN,NaN
615,N#Cc1cc(F)ccc1C1CCN(CCCNC(=O)C2C(C(F)(F)F)=NC(=O)N[C@@H]2c2ccc(F)c(F)c2)CC1,1,1,NaN
616,N#Cc1cc(F)ccc1C1CCN(CCCNC(=O)C2=C(C(F)(F)F)NC(=O)N[C@@H]2c2ccc(F)c(F)c2)CC1,1,NaN,NaN
617,CCOc1ccccc1N1CCN(CC(O)CNC(=O)c2ccc3c(c2)C(=O)N(c2cccc(F)c2)C3=O)CC1,1,1,NaN
618,COc1cc2nc(N3CCN(C(=O)c4cccs4)[C@H]4CCCC[C@H]43)nc(N)c2cc1OC,1,1,1
619,COc1ccc([N+](=O)[O-])cc1S(=O)(=O)N[C@H]1CC[C@@H](N2CCN(c3ccccc3OC(C)C)CC2)CC1,1,1,1
620,COc1ccccc1OCCNC(C)Cc1cc(C(N)=O)c2c(ccn2CCCO)c1,1,1,1
621,CC1=NC(CCCCN)=C(C(=O)NCCCN2CCC(c3ccccc3)(c3ccccc3)CC2)C(c2ccc([N+](=O)[O-])cc2)C1C(N)=O,1,1,NaN
622,CC1=C(C(N)=O)C(c2ccc([N+](=O)[O-])cc2)C(C(=O)NCCCN2CCC(c3ccccc3)(c3ccccc3)CC2)=C(CCCCN)N1,1,NaN,NaN
623,COc1ccc2ccccc2c1N1CCN(CCn2cnc3sc4c(c3c2=O)CCN(C)C4)CC1,1,1,1
624,C[C@@H]1CCCN(C2CCN(C(=O)c3ccc(N(C)Cc4c(F)cccc4F)nc3)CC2)C1,1,1,NaN
625,COc1ccc(Cl)cc1S(=O)(=O)N[C@H]1CC[C@H](N2CCC(c3ccccc3OC3CC3)CC2)CC1,1,NaN,1
626,CC(C)Oc1ccccc1N1CCN([C@H]2CC[C@@H](NS(=O)(=O)c3ccc(Cl)cc3Cl)CC2)CC1,1,1,1
627,COC(=O)C1=C(C)NC(=O)N(C(=O)NCCCN2CCC(C(=O)OC)(c3ccccc3)CC2)C1c1ccc(Cl)cc1,1,1,NaN
628,COC(=O)C1=C(C)NC(=O)N(C(=O)NCCCN2CCC3(CC2)C(=O)Oc2ccccc23)C1c1ccc(F)c(F)c1,1,0,0
629,CCNC(=O)C1C(CC)=NC(COCCN)=C(C(=O)NCCCN2CCC(c3ccccc3)(c3ccccc3)CC2)C1c1ccc([N+](=O)[O-])cc1,1,1,0
630,CCNC(=O)C1=C(CC)NC(COCCN)=C(C(=O)NCCCN2CCC(c3ccccc3)(c3ccccc3)CC2)C1c1ccc([N+](=O)[O-])cc1,1,NaN,0
631,COc1ccc2ccccc2c1OCCNC[C@@H]1COc2ccccc2O1,1,1,1
632,COc1ccccc1N1CCN(CC2COC3(CCN(S(=O)(=O)c4ccc(C)cc4)CC3)O2)CC1,1,1,1
633,COc1cc(F)ccc1OCCNC(C)Cc1cc2c(c(C(N)=O)c1)N(CCCO)CC2,1,NaN,1
634,COC(=O)C1=C(C)NC(=O)N(C(=O)NCCCN2CCC(c3cc(C)cc(C)c3)(c3cc(C)cc(C)c3)CC2)C1c1ccc(F)c(F)c1,1,NaN,NaN
635,COCC1=C(C(=O)OC)[C@H](c2ccc(F)c(F)c2)N(C(=O)N[C@H]2CC[C@@H](N3CCC(c4ccccn4)CC3)C2)C(=O)N1,1,NaN,NaN
636,COC(=[OH+])C1=C(C)N=C(C)C(=C([O-])OCCCN2CCC(c3ccccc3)(c3ccccc3)CC2)[C@@H]1c1cccc([N+](=O)[O-])c1,1,1,NaN
637,O=c1[nH]c2[nH]c(-c3ccccc3)cc2c(=O)n1CCN1CCN(c2ccccc2Cl)CC1,1,1,1
638,COc1ccccc1N1CCN(CCn2nc(-c3ccccc3)c(C(C)=O)c(N)c2=O)CC1,1,1,1
639,COC(=O)C1(c2ccccc2)CCN(CCCNC(=O)C2=C(C)NC(C)=C(C(=O)OCCC#N)C2c2ccc([N+](=O)[O-])cc2)CC1,1,NaN,NaN
640,COC(=O)C1(c2ccccc2)CCN(CCCNC(=O)C2=C(C)N=C(C)C(C(=O)OCCC#N)C2c2ccc([N+](=O)[O-])cc2)CC1,1,1,NaN
641,COC(=O)C1(c2ccccc2)CCN(CCCNC(=O)C2=C(C)N=C(C)/C(=C(/O)OCCC#N)C2c2ccc([N+](=O)[O-])cc2)CC1,1,NaN,NaN
642,COc1ccccc1OCCNC(C)Cc1cc2c(c(C(N)=O)c1)N(CCCO)CC2,1,1,1
643,O=S(=O)(N[C@H]1CC[C@H](N2CCC(c3ccccc3OCC(F)(F)F)CC2)CC1)c1cc(Cl)ccc1F,1,NaN,1
644,CC(C)Oc1ccccc1N1CCN([C@H]2CC[C@@H](NS(=O)(=O)c3ccc(S(C)(=O)=O)cc3)CC2)CC1,1,1,1
645,CCC1=NC(COCCCN)=C(C(=O)NCCCN2CCC(c3ccccc3)(c3ccccc3)CC2)C(c2ccc([N+](=O)[O-])cc2)C1C(N)=O,1,1,NaN
646,CCC1=C(C(N)=O)C(c2ccc([N+](=O)[O-])cc2)C(C(=O)NCCCN2CCC(c3ccccc3)(c3ccccc3)CC2)=C(COCCCN)N1,1,NaN,NaN
647,COCC1=C(C(=O)OC)[C@H](c2ccc(F)c(F)c2)N(C(=O)N[C@H]2CC[C@H](N3CCN(c4ccccc4C#N)CC3)C2)C(=O)N1,1,1,1
648,CCNC(=O)C1=C(C)NC(C)=C(C(=O)NCCCN2CCC(C(=O)OC)(c3ccccc3)CC2)C1c1ccc([N+](=O)[O-])cc1,1,0,NaN
649,CCNC(=O)C1C(C)=NC(C)=C(C(=O)NCCCN2CCC(C(=O)OC)(c3ccccc3)CC2)C1c1ccc([N+](=O)[O-])cc1,1,1,NaN
650,COc1ccncc1S(=O)(=O)N[C@H]1CC[C@@H](N2CCN(c3ccccc3OC(C)C)CC2)CC1,1,1,1
651,COC(=O)C1=C(C)NC(=O)N(C(=O)NCCCN2CCN(c3cccc(C(F)(F)F)c3)CC2)C1c1ccc(F)c(F)c1,1,1,NaN
652,COc1ccccc1N1CCN(CCn2c(=O)[nH]c3[nH]c(-c4ccc(C)cc4)cc3c2=O)CC1,1,1,1
653,COc1cccc(C2CCC(N3CCN(c4ccccc4OC)CC3)CC2)c1,1,1,1
654,Fc1ccn(Cc2c(F)ccc3c2CC[C@H]3c2ncc[nH]2)n1,1,1,NaN
655,CSc1ccc2c(c1)N(CC[C@@H]1CCCCN1C)c1ccccc1S2,1,1,NaN
656,COc1ccccc1N1CCN(CCCCNC(=O)Nc2cccc(Cl)c2)CC1,1,1,NaN
657,CC(C)Oc1ccccc1N1CCN([C@H]2CC[C@@H](NS(=O)(=O)c3cccnc3)CC2)CC1,1,NaN,1
658,C[C@@]1(O)C(=O)N(CCCN2CCN(c3ccc(F)cc3OCC(F)(F)F)CC2)C(=O)N[C@@H]1O,1,1,NaN
659,COC(=O)C1=C(C)NC(=O)N(C(=O)NCCCN2CCC(c3ccccc3)(c3ccccc3)CC2)C1c1ccc([N+](=O)[O-])cc1,1,1,NaN
660,CC(C)Oc1ccccc1N1CCN(CCc2ccccc2)CC1,1,1,1
661,Oc1cccc(O)c1OCCNCCOc1ccccc1OCc1ccccc1,1,1,1
662,C[C@]1(O)C(=O)N(CCCN2CCN(c3ccc(F)cc3OCC(F)(F)F)CC2)C(=O)N[C@H]1O,1,NaN,NaN
663,CCC1=NC(CCCCOC)=C(C(=O)NCCCN2CCC(c3ccccc3)(c3ccccc3)CC2)C(c2ccc([N+](=O)[O-])cc2)C1C(N)=O,1,1,NaN
664,CCC1=C(C(N)=O)C(c2ccc([N+](=O)[O-])cc2)C(C(=O)NCCCN2CCC(c3ccccc3)(c3ccccc3)CC2)=C(CCCCOC)N1,1,NaN,NaN
665,COc1ccccc1N1CCN(CCN(C(=O)C2CCCCC2)c2ccccc2OC)CC1,1,1,1
666,CC(C)Oc1ccccc1N1CCN(C2CCC(NS(=O)(=O)c3ccccc3C#N)CC2)CC1,1,NaN,1
667,COCC1=C(C(=O)OC)C(c2ccc(F)c(F)c2)N(C(=O)NCCCN2CCC(C#N)(c3ccccc3F)CC2)C(=O)N1,1,NaN,NaN
668,COc1ccccc1N1CCN(CC2COC3(CCN(S(=O)(=O)c4ccc([N+](=O)[O-])cc4)CC3)O2)CC1,1,NaN,1
669,COc1ccccc1N1CCN(CCn2c(=O)[nH]c3c(sc4ccc(NC(=O)CCCCc5ccccc5)cc43)c2=O)CC1,1,1,1
670,Cc1ccc(N(NC2=NCCO2)c2cccc(O)c2)cc1,1,1,NaN
671,COc1cccc(N(NC2=NCCO2)c2ccc(C)cc2)c1,1,1,NaN
672,Cc1noc(C)c1S(=O)(=O)Nc1ccc2c(c1)C(=O)CC1(CCN(CCc3cccc4ccccc34)CC1)O2,1,1,1
673,CN(C)CCOC1=Cc2ccccc2Sc2ccc(Cl)cc21,1,1,1
674,O=S(=O)(NC1CCC(N2CCC(c3ccccc3OCC(F)(F)F)CC2)CC1)c1cc(Cl)ccc1F,1,NaN,1
675,CC(C)Oc1ccccc1N1CCN(C2CCC(NS(=O)(=O)c3cccnc3)CC2)CC1,1,NaN,1
676,O=S(=O)(N[C@H]1CC[C@@H](N2CCC(c3ccccc3OCC(F)(F)F)CC2)CC1)c1ccc(OC(F)F)cc1,1,1,1
677,COCCOC(=O)C1(c2ccccc2)CCN(CCCNC(=O)C2=C(C)N=C(C)C(C(N)=O)C2c2ccc([N+](=O)[O-])cc2)CC1,1,1,NaN
678,COCCOC(=O)C1(c2ccccc2)CCN(CCCNC(=O)C2=C(C)NC(C)=C(C(N)=O)C2c2ccc([N+](=O)[O-])cc2)CC1,1,0,NaN
679,COc1ccc(-c2cc3c(=O)n(CCN4CCN(c5ccccc5OC)CC4)c(=O)[nH]c3[nH]2)cc1,1,1,1
680,COc1cc2nc(N3CCN(C(=O)OCc4ccccc4)[C@H]4CCCC[C@H]43)nc(N)c2cc1OC,1,1,1
681,CCN(CC)C(=O)N[C@@H]1C=C2c3cccc4[nH]cc(c34)C[C@H]2N(C)C1,1,1,1
682,CC(C)Oc1ccccc1N1CCN([C@H]2CC[C@@H](NS(=O)(=O)c3ccccc3F)CC2)CC1,1,1,1
683,CC(C)Oc1ccccc1N1CCN([C@H]2CC[C@@H](NS(=O)(=O)c3ccc(F)cc3)CC2)CC1,1,1,1
684,COc1cccc(OC)c1OCCNC[C@@H]1COc2cccc(Cl)c2O1,1,1,1
685,COc1ccc(-c2ccccc2)cc1OCCNC[C@H]1COc2ccccc2O1,1,1,1
686,Cc1ccc(C(O)(C(=O)NCCCN2CCC(C#N)(c3ccccc3)CC2)c2ccc(C)cc2)cc1,1,0,0
687,CCCCCC(=O)N1CCN(c2nc(N)c3cc(OC)c(OC)cc3n2)[C@@H]2CCCC[C@@H]21,1,1,1
688,COc1ccccc1N1CCN(CCCCNC(=O)c2cccc(F)n2)CC1,1,1,1
689,COc1ccccc1N1CCN(CCCCNC(=O)c2cc3cc(I)ccc3s2)CC1,1,1,1
690,COc1ccc(Br)cc1S(=O)(=O)NC1CCC(N2CCN(c3ccccc3OC(C)C)CC2)CC1,1,1,1
691,CC(C)Oc1ccccc1N1CCN([C@H]2CC[C@H](NS(=O)(=O)c3cccnc3)CC2)CC1,1,1,1
692,N#CC1(c2ccccc2)CCN(CCCNC(=O)N2C(=O)NC3=C(C(=O)OC3)C2c2ccc(F)c(F)c2)CC1,1,NaN,0
693,COc1ccccc1N1CCN(CCCCNC(=O)c2cc3cc(I)ccc3o2)CC1,1,1,1
694,O=S(=O)(N[C@H]1CC[C@@H](N2CCC(c3ccccc3OCC(F)(F)F)CC2)CC1)c1cc(Cl)ccc1F,1,1,1
695,CCC1=NC(COCCN)=C(C(=O)NCCCN2CCC(c3ccccc3)(c3ccccc3)CC2)C(c2ccc([N+](=O)[O-])cc2)C1C(N)=O,1,1,NaN
696,Cn1nc(Cl)c2cn3nc(NCCN4CCN(c5ccccc5Cl)CC4)ccc3c2c1=O,1,1,1
697,COc1ccc(S(=O)(=O)NC2CCC(N3CCC(c4ccccc4OC4CC4)CC3)CC2)cc1OC,1,NaN,1
698,CC1=NC(C)=C(C(=O)NCCCN2CCC(C(=O)Oc3ccccc3)(c3ccccc3)CC2)C(c2ccc([N+](=O)[O-])cc2)C1C(N)=O,1,1,NaN
699,CC1=C(C(N)=O)C(c2ccc([N+](=O)[O-])cc2)C(C(=O)NCCCN2CCC(C(=O)Oc3ccccc3)(c3ccccc3)CC2)=C(C)N1,1,NaN,NaN
700,COc1ccccc1N1CCN(CCCCNc2nccc3ccccc23)CC1,1,1,NaN
701,COc1ccccc1N1CCN(CCCCNc2ccc3ccccc3n2)CC1,1,1,NaN
702,COc1ccc(F)cc1S(=O)(=O)N[C@H]1CC[C@@H](N2CCN(c3ccccc3OC(C)C)CC2)CC1,1,1,1
703,CCOC(=O)C1(c2ccccc2)CCN(CCCNC(=O)C2=C(C)NC(C)=C(C(=O)NC)C2c2ccc([N+](=O)[O-])cc2)CC1,1,0,NaN
704,CC(C)Oc1ccccc1N1CCN(C2CCC(NS(=O)(=O)c3ccc(S(C)(=O)=O)cc3)CC2)CC1,1,NaN,1
705,CCOC(=O)C1(c2ccccc2)CCN(CCCNC(=O)C2=C(C)N=C(C)C(C(=O)NC)C2c2ccc([N+](=O)[O-])cc2)CC1,1,1,NaN
706,CNC(=O)C1=C(C)NC(C)=C(C(=O)NCCCN2CCC(c3ccccc3)CC2)C1c1ccc([N+](=O)[O-])cc1,1,NaN,NaN
707,CNC(=O)C1C(C)=NC(C)=C(C(=O)NCCCN2CCC(c3ccccc3)CC2)C1c1ccc([N+](=O)[O-])cc1,1,1,NaN
708,COc1ccc(Cl)cc1S(=O)(=O)N[C@H]1CC[C@@H](N2CCC(c3ccccc3OCC(F)(F)F)CC2)CC1,1,NaN,1
709,Cc1ccc(S(=O)(=O)NC2CCC(N3CCN(c4ccccc4OC(C)C)CC3)CC2)cc1Cl,1,NaN,1
710,CC(C)Oc1ccccc1N1CCN(C2CCC(NS(=O)(=O)c3cccc(Cl)c3F)CC2)CC1,1,NaN,1
711,O=c1[nH]c2[nH]c(-c3ccccc3Cl)cc2c(=O)n1CCN1CCN(c2ccccc2Cl)CC1,1,1,1
712,CC(C)Oc1ccccc1N1CCN([C@H]2CC[C@@H](NS(=O)(=O)c3ccccc3[N+](=O)[O-])CC2)CC1,1,NaN,1
713,COc1ccc(C2(c3ccccc3)CCN(CCCNC(=O)C3=C(COCCN)N=C(C)C(C(N)=O)C3c3ccc([N+](=O)[O-])cc3)CC2)cc1,1,1,0
714,Clc1cccc(Cl)c1OCCNCCOc1ccccc1OCc1ccccc1,1,1,1
715,CCCCN1CCC[C@@H]1Cn1nc(Cc2ccc(Cl)cc2)c2cnccc2c1=O,1,1,NaN
716,COCCNC(=O)CCCN1CCC[C@@H]1Cn1nc(Cc2ccc(Cl)cc2)c2ccccc2c1=O,1,1,NaN
717,CN(C)c1c[nH]c(=O)n(CCCN2CCN(c3ccc(F)cc3OCC(F)(F)F)CC2)c1=O,1,NaN,1
718,COc1ccc(C2(c3ccccc3)CCN(CCCNC(=O)C3=C(COCCN)NC(C)=C(C(N)=O)C3c3ccc([N+](=O)[O-])cc3)CC2)cc1,1,NaN,0
719,Cc1ccccc1C1(C#N)CCN(CCCNC(=O)C(c2ccc(Cl)cc2)C(C)C)CC1,1,NaN,0
720,COc1cc2nc(N3CCN(C(=O)c4ccco4)[C@@H]4CCCC[C@@H]43)nc(N)c2cc1OC,1,1,1
721,COc1ccccc1N1CCN(CC2COC3(CCN(c4ccccc4)CC3)O2)CC1,1,NaN,1
722,COc1ccccc1N1CCN(CC2COC3(CCN(S(=O)(=O)c4ccc(Cl)cc4)CC3)O2)CC1,1,1,1
723,COc1ccccc1CCN1CCC2(CC1)CC(=O)c1ccc(NS(C)(=O)=O)cc1O2,1,NaN,1
724,CCOc1ccccc1OCCNCC1COC(c2ccccc2)(c2ccccc2)O1,1,1,1
725,COc1cc2nc(N3CCN(C(=O)C(C)(C)C)[C@H]4CCCC[C@H]43)nc(N)c2cc1OC,1,1,1
726,COc1ccccc1N1CCN(C[C@H]2CO[C@@](CN3C(=O)CCCC3=O)(c3ccccc3)O2)CC1,1,1,1
727,COc1ccccc1N1CCN(CCCCn2ncc(=O)n(C)c2=O)CC1,1,1,1
728,COc1ccccc1N1CCN(CC2COC3(CCN(Cc4ccccc4)CC3)O2)CC1,1,1,1
729,COC(=O)C1=C(C)N=C(C)N(Cc2cccc(CN3CCC(C(=O)OC)(c4ccccc4)CC3)c2)C1c1ccc(F)c(F)c1,1,NaN,NaN
730,COC(CNC(=O)c1ccc2c(c1)C(=O)N(c1cccc(F)c1)C2=O)CN1CCN(c2ccccc2OC(C)C)CC1,1,1,NaN
731,COC(=O)C1=C(C)NC(=O)N(C(=O)NCCCN2CCC(c3ccc(Cl)cc3)(c3ccc(Cl)cc3)CC2)C1c1ccc(F)c(F)c1,1,1,NaN
732,COc1ccccc1N1CCN(CCCCNC(=O)c2sccc2Cl)CC1,1,1,1
733,COc1ccccc1N1CCN(CCn2c(=O)[nH]c3c(sc4ccc(NC(=O)CCCN(C)Cc5ccccc5)cc43)c2=O)CC1,1,1,1
734,COc1c(Cl)cccc1N1CCN(CCn2cnc3sc4c(c3c2=O)CCN(C)C4)CC1,1,1,1
735,CC(C)Oc1ccccc1N1CCN(C2CCC(NS(=O)(=O)c3ccc(Cl)cc3F)CC2)CC1,1,NaN,1
736,O=S(=O)(N[C@H]1CC[C@@H](N2CCC(c3ccccc3OCC(F)(F)F)CC2)CC1)c1cccc(OC(F)F)c1,1,NaN,1
737,CC1=C(C(=O)NCCCN2CCC(C#N)(c3ccc(F)cc3C#N)CC2)[C@@H](c2ccc(F)c(F)c2)CC(=O)N1C,1,1,0
738,Cc1ccc(CCn2c3c(c4cc(C)ccc42)CN(C)CC3)cc1,1,NaN,NaN
739,COc1cc2nc(N3CCC[C@H](NC4=CC(=O)c5ccccc5C4=O)C3)nc(N)c2cc1OC,1,1,1
740,COc1ccccc1N1CCN(CCn2c(=O)[nH]c3c(sc4ccc(NC(=O)CCCc5ccccc5)cc43)c2=O)CC1,1,1,1
741,COC(=O)C1=C(C)NC(C)=C(C(=O)NCCCN2CCC(c3ccccc3)(c3ccccc3)CC2)C1c1ccc(OC)cc1,1,NaN,NaN
742,CO/C(O)=C1\C(C)=NC(C)=C(C(=O)NCCCN2CCC(c3ccccc3)(c3ccccc3)CC2)C1c1ccc(OC)cc1,1,NaN,NaN
743,COc1ccccc1N1CCN(CCCNC(=O)Nc2ccccc2-c2ccccc2)CC1,1,1,NaN
744,COc1cccc(OC)c1OCCNCC1=Cc2ccccc2OC1c1ccccc1,1,1,1
745,Cc1cccc2c(NCCNc3ccnc4c(C)cccc34)ccnc12,1,1,NaN
746,COc1ccccc1OCCNCCC1COC(c2ccccc2)(c2ccccc2)O1,1,1,1
747,Cn1c(=O)cnn(CCCCN2CCN(c3ccccc3C#N)CC2)c1=O,1,1,1
748,Cc1ccc(C(C(=O)NCCCN2CCC(C#N)(c3ccccc3)CC2)c2ccc(C)cc2)cc1,1,1,0
749,COc1ccccc1N1CCN(CCCCNC(=O)c2ccc(F)cc2)CC1,1,1,1
750,Cc1ccc(C(C(=O)NCCCN2CCC(C#N)(c3ccccc3C)CC2)C(C)C)cc1,1,NaN,0
751,Cc1cc2c(s1)CCC(CN[C@@H]1CC[C@@H](Oc3ccccc3)[C@@H]1O)C2=O,1,1,1
752,COc1cccc(OC)c1OCCNCC1C(=O)c2ccccc2SC1c1ccccc1,1,1,1
753,COc1ccccc1C1(C#N)CCN(CCCNC(=O)C(c2ccc(C)cc2)c2ccc(C)cc2)CC1,1,NaN,NaN
754,CC(C)Oc1ccccc1N1CCN([C@H]2CC[C@H](NS(=O)(=O)c3ccc(S(C)(=O)=O)cc3)CC2)CC1,1,NaN,1
755,COCC1=C(C(=O)OC)C(c2ccc(F)c(F)c2)N(C(=O)N2CCC(N3CCC(C(=O)OC)(c4ccccc4)CC3)CC2)C(=O)N1,1,0,0
756,COc1cc(C)ccc1OCCNC(C)Cc1cc2c(c(C(N)=O)c1)N(CCCO)CC2,1,1,1
757,COc1cccc(OC)c1OCCNCC1Oc2ccccc2CC1c1ccccc1,1,1,1
758,CC1=NC(C)=C(C(=O)NCCCN2CCC(O)(c3ccccc3)CC2)C(c2ccc([N+](=O)[O-])cc2)C1C(N)=O,1,1,NaN
759,CC1=C(C(N)=O)C(c2ccc([N+](=O)[O-])cc2)C(C(=O)NCCCN2CCC(O)(c3ccccc3)CC2)=C(C)N1,1,0,NaN
760,CCOC(=O)C1(c2ccccc2)CCN(CCCNC(=O)C2=C(C)NC(C)=C(C(N)=O)C2c2ccc3c(c2)OCO3)CC1,1,0,NaN
761,CCOC(=O)C1(c2ccccc2)CCN(CCCNC(=O)C2=C(C)N=C(C)C(C(N)=O)C2c2ccc3c(c2)OCO3)CC1,1,1,NaN
762,CN1CCN(C2=c3ccccc3=Nc3ccc(Cl)cc3N2)CC1,1,1,NaN
764,COC(=O)C1=C(C)NC(=O)N(C(=O)NCCCN2CCC3(CC2)OC(=O)c2ccccc23)C1c1ccc(F)c(F)c1,1,0,0
765,COc1ccccc1N1CCN(CC2CO[C@H](c3cccc4ccccc34)O2)CC1,1,1,NaN
766,Cc1cccc(C)c1OCCNCCOc1ccccc1OCc1ccccc1,1,1,1
767,c1cnc2c(N3CCN(CCc4ccc(OCCCN5CCCCCC5)cc4)CC3)cccc2c1,1,1,NaN
768,COc1cccc(OC)c1OCCNCCOc1ccccc1OCc1ccccc1[N+](=O)[O-],1,1,1
769,COc1ccccc1N1CCN(CC2COC3(CCN(S(=O)(=O)c4cccs4)CC3)O2)CC1,1,1,1
770,O=c1[nH]cc(CO)c(=O)n1CCCN1CCN(c2ccc(F)cc2OCC(F)(F)F)CC1,1,NaN,1
771,COCCC(=O)NCCN1CCC[C@@H]1Cn1nc(Cc2ccc(Cl)cc2)c2ccccc2c1=O,1,1,NaN
772,COc1ccccc1N1CCN(CC2COC3(CCN(S(=O)(=O)c4ccccc4)CC3)O2)CC1,1,1,1
773,C[C@H](Nc1ccnc(NCCOc2ccc(F)cc2)c1)c1ccccc1,1,1,1
774,COc1cc(F)ccc1OCCNC(C)Cc1cc(C(N)=O)c2c(ccn2CCCO)c1,1,1,1
775,CC(O)c1nn(CCCN2CCN(c3ccc(Cl)cc3)CC2)c(=O)n1CCOc1ccccc1,1,1,NaN
776,Cn1c(=O)c2c(ncn2CCCN2CCC(C(c3ccccc3)c3ccccc3)CC2)n(C)c1=O,1,1,1
777,Cc1[nH]c2ccccc2c1CCN1CCC2(CC1)CC(=O)c1ccc(NS(C)(=O)=O)cc1O2,1,NaN,NaN
778,O=C1CCc2ccc(CC3CC4CCC(C3)N4C[C@@H]3COc4c(ccc5c4CC(=O)N5)O3)cc2N1,1,1,1
779,Cn1cnc(S(=O)(=O)Nc2ccc3c(c2)C(=O)CC2(CCN(CCc4cccc5ccccc45)CC2)O3)c1,1,1,1
780,COC(=O)C1=C(C)NC(=O)N(C(=O)NCCCN2CCC(C(=O)OC)(c3ccccc3)CC2)C1c1ccc(C)cc1,1,1,NaN
781,CC(C)Oc1ccccc1N1CCN(C[C@H](O)CNC(=O)c2ccc3c(c2)C(=O)N(c2cccc(F)c2)C3=O)CC1,1,1,1
782,COc1cccc(OC)c1OCCNCC1C(=O)c2ccccc2CC1c1ccccc1,1,1,1
783,COc1cc(Cl)ccc1OCCNC(C)Cc1cc2c(c(C(N)=O)c1)N(CCCO)CC2,1,NaN,1
784,COc1ccc(Cl)cc1S(=O)(=O)NC1CCC(N2CCC(c3ccccc3OCC(F)(F)F)CC2)CC1,1,NaN,1
785,COc1cc2nc(N3CCN(C(=O)CC(=O)c4ccccc4)CC3)nc(N)c2cc1OC,1,1,NaN
786,CC(C)Oc1ccccc1N1CCN(C2CCC(NS(=O)(=O)c3ccccc3)CC2)CC1,1,NaN,1
787,COc1ccccc1N1CCN(CCCNC(=O)Nc2ccccc2-c2ccc(-c3ccccc3)cc2)CC1,1,1,NaN
788,COCC1=C(C(=O)OC)[C@H](c2ccc(F)c(F)c2)N(C(=O)N[C@H]2CC[C@H](N3CCC(c4ccccn4)CC3)C2)C(=O)N1,1,NaN,NaN
789,COc1ccc(Cl)cc1N1CCN(CCn2c(=O)[nH]c3c([nH]c4ccccc43)c2=O)CC1,1,1,1
790,CC(C)Oc1ccccc1N1CCN(Cc2cc(CN3CCCCC3=O)no2)CC1,1,1,0
791,COc1ccc(OC)c(N2CCN(CCn3cnc4sc5c(c4c3=O)CCN(C)C5)CC2)c1,1,1,1
792,COc1ccccc1N1CCN(CCCCNC(=O)c2cc3c4ccc(c3o2)CCc2ccc(cc2)CC4)CC1,1,1,1
793,COc1ccccc1N1CCN(CCCn2c(=O)[nH]c3scc(-c4ccccc4)c3c2=O)CC1,1,1,1
794,COc1ccc(F)cc1S(=O)(=O)NC1CCC(N2CCN(c3ccccc3OC(C)C)CC2)CC1,1,NaN,1
795,COc1ccc(Cl)cc1S(=O)(=O)N[C@H]1CC[C@@H](N2CCN(c3ccccc3OC(C)C)CC2)CC1,1,NaN,1
796,COc1ccccc1N1CCN(CC2COC3(CCSCC3)O2)CC1,1,NaN,1
797,CC(C)Oc1ccccc1N1CCN(C2CCC(NC(=O)Nc3ccc(F)cc3F)CC2)CC1,1,NaN,1
798,COc1ccccc1N1CCN(CCCCNC(=O)c2cc3ccccc3o2)CC1,1,1,1
799,CC(Cc1cc2c(c(C(N)=O)c1)N(CCCO)CC2)NCCOc1ccccc1OCc1ccccc1,1,1,1
800,COc1ccc(OC)c(S(=O)(=O)N[C@H]2CC[C@@H](N3CCN(c4ccccc4OC(C)C)CC3)CC2)c1,1,1,1
801,COc1cccc(OC)c1OCCNC[C@@H]1C(=O)c2ccccc2C[C@H]1c1ccccc1,1,1,NaN
802,CO/C(O)=C1\C(C)=NC(C)=C(C(=O)NCCN2CCC(c3ccccc3)(c3ccccc3)CC2)C1c1ccc([N+](=O)[O-])cc1,1,1,0
803,CC1=C(C(N)=O)C(c2ccc3c(c2)OCO3)C(C(=O)NCCCN2CCC(c3ccccc3)(c3ccccc3)CC2)=C(C)N1,1,0,0
804,COC(=O)C1=C(C)NC(C)=C(C(=O)NCCN2CCC(c3ccccc3)(c3ccccc3)CC2)C1c1ccc([N+](=O)[O-])cc1,1,1,0
805,Cc1ccc(C(C(=O)NCCCN2CCC(c3ccccc3)CC2)c2ccc(C)cc2)cc1,1,1,NaN
806,COc1cc2nc(N3CCN(C(=S)Nc4ccc(-c5c6ccc(=O)cc-6oc6cc(O)ccc56)c(C(=O)O)c4)CC3)nc(N)c2cc1OC,1,1,1
807,COc1ccc(-c2ccccc2)c(CNC(=O)NCCCN2CCN(c3ccccc3OC)CC2)c1,1,1,NaN
808,COc1ccccc1N1CCN(CC2COC3(CCN(S(=O)(=O)c4ccc(OC(F)(F)F)cc4)CC3)O2)CC1,1,NaN,1
809,CC(=O)C1=C(C)NC(C)=C(C(=O)NCCCN2CCC(c3ccccc3)(c3ccccc3)CC2)C1c1ccc2c(c1)OCO2,1,NaN,NaN
810,CC(C)Oc1ccccc1N1CCN(C2CCC(NS(=O)(=O)c3cnc(Cl)c(Br)c3)CC2)CC1,1,NaN,1
811,Cc1nc2ccccn2c(=O)c1CCN1CCN(c2cccc3sccc23)CC1,1,1,NaN
812,CC(C)Oc1ccccc1N1CCN(CCNC(=O)CN2CCCCC2=O)CC1,1,0,NaN
813,Fc1ccccc1N1CCN(CCCCNc2cc(-c3ccccc3)ccn2)CC1,1,1,NaN
814,CC(C)Oc1ccccc1N1CCN(Cc2cc(CN3CCCCC3=O)nn2C)CC1,1,0,1
815,O=C(c1ccc(N2CCOCC2)nc1)N1CCC(N2CCc3ccccc3C2)CC1,1,1,NaN
816,CC1=NC(C)=C(C(=O)NCCCN2CCC(C(=O)OCCO)(c3ccccc3)CC2)C(c2ccc([N+](=O)[O-])cc2)C1C(N)=O,1,1,NaN
817,CC1=C(C(N)=O)C(c2ccc([N+](=O)[O-])cc2)C(C(=O)NCCCN2CCC(C(=O)OCCO)(c3ccccc3)CC2)=C(C)N1,1,0,NaN
818,O=C1OCC2=C1C(c1ccc(F)c(F)c1)N(C(=O)NCCCN1CCC(c3ccccc3)(c3ccccc3)CC1)C(=O)N2,1,NaN,NaN
819,COc1ccc2ccoc2c1OCCNC[C@@H]1COc2ccccc2O1,1,NaN,1
820,COc1cc2nc(N3CCN(C(C)=O)[C@@H]4CCCC[C@@H]43)nc(N)c2cc1OC,1,1,1
821,COc1ccncc1S(=O)(=O)NC1CCC(N2CCN(c3ccccc3OC(C)C)CC2)CC1,1,NaN,1
822,COc1ccccc1N1CCN(CCCCNC(=O)c2ccc3ccccc3c2)CC1,1,1,1
823,COc1cccc(OC)c1OCCNCC1C(=O)c2ccccc2OC1c1ccccc1,1,1,1
824,COc1cccc(-c2ccccc2)c1OCCNC[C@@H]1COc2ccccc2O1,1,NaN,1
825,COc1ccc(C)cc1S(=O)(=O)NC1CCC(N2CCN(c3ccccc3OC(C)C)CC2)CC1,1,NaN,1
826,CC(C)Oc1ccccc1N1CCN(C2CCC(N3C(=O)c4ccc5ccc(F)cc5c4C3=O)CC2)CC1,1,NaN,1
827,Nc1ccc(C(=O)NCCN2CCC(c3cccc4[nH]ccc34)CC2)cc1,1,1,NaN
828,O=S(=O)(NC1CCC(N2CCC(c3ccccc3OCC(F)(F)F)CC2)CC1)c1cccc(OC(F)F)c1,1,NaN,1
829,CC(C)Oc1ccccc1N1CCN([C@H]2CC[C@@H](NS(=O)(=O)c3ccccc3C#N)CC2)CC1,1,NaN,1
830,Cc1ccc(C2(c3ccc(C)cc3)CC(=O)N(CC(O)CN3CCC(C#N)(c4ccccc4C)CC3)C2=O)cc1,1,0,0
831,Cn1c(=O)cnn(CCCCN2CCN(c3ccccc3F)CC2)c1=O,1,1,1
832,COc1ccc(S(=O)(=O)N[C@H]2CC[C@@H](N3CCC(c4ccccc4OCCF)CC3)CC2)cc1OC,1,NaN,1
833,COc1cccc(OC)c1CCCNCCOc1ccccc1OCc1ccccc1,1,1,1
834,COc1ccccc1N1CCN(CC2COC3(CCS(=O)(=O)CC3)O2)CC1,1,NaN,1
835,COc1ccccc1N1CCN(CCCCN2C(=O)CC3(CCc4ccccc43)CC2=O)CC1,1,1,1
836,CNC(=O)C(CCN1CCC(O)(c2ccc(Cl)cc2)CC1)(c1ccccc1)c1ccccc1,1,1,NaN
837,c1ccc(COc2ccccc2OCCNCCOc2ccccc2)cc1,1,1,1
838,Fc1ccccc1N1CCN(CCCCNc2ccc(-c3ccccc3)cn2)CC1,1,1,NaN
839,Cc1ccc(Cc2nn(C[C@H]3CCCN3C)c(=O)c3ccccc23)cc1,1,1,NaN
840,CCCNC(=O)CCCN1CCC[C@@H]1Cn1nc(Cc2ccc(Cl)cc2)c2ccccc2c1=O,1,1,NaN
841,COc1ccc(Br)cc1S(=O)(=O)N[C@H]1CC[C@H](N2CCN(c3ccccc3OC(C)C)CC2)CC1,1,1,1
842,COc1ccc(Cl)cc1S(=O)(=O)N[C@H]1CC[C@H](N2CCC(c3ccccc3OCC(F)(F)F)CC2)CC1,1,NaN,1
843,COc1ccccc1N1CCN(C[C@@H]2CO[C@@](CN3C(=O)CC4(CCCC4)CC3=O)(c3ccccc3)O2)CC1,1,1,1
844,COC(=O)C1(c2ccccc2)CCN(CCCNC(=O)N2C(=O)NC(C)=C(C(=O)O)C2c2ccc([N+](=O)[O-])cc2)CC1,1,0,0
845,COc1ccccc1N1CCN(CCCN2C(=O)CC(C)(c3ccccc3)CC2=O)CC1,1,NaN,1
846,COc1ccccc1N1CCN(CC2COC3(CCN(C(=O)c4ccc(C(F)(F)F)cc4)CC3)O2)CC1,1,1,1
847,COc1ccccc1N1CCN(CCCCCOc2ccc3ccccc3c2)CC1,1,1,NaN
848,COc1cc2nc(N3CCN(C(=O)COc4c(OC)cccc4C(C)C)CC3)nc(N)c2cc1OC,1,1,NaN
849,COc1cc2nc(N3CCN(C(=O)c4ccc[nH]4)[C@H]4CCCC[C@H]43)nc(N)c2cc1OC,1,1,1
850,COc1ccccc1N1CCN(CC2COC3(CCN(C(=O)c4ccccc4)CC3)O2)CC1,1,1,1
851,CN1CCc2ccccc2Cc2[nH]c3ccccc3c2CC1,1,1,1
852,COc1ccccc1N1CCN(CCCOc2ccc(C)cc2C)CC1,1,1,NaN
853,COc1ccccc1N1CCN(CCCNC(=O)NCc2ccccc2-c2ccccc2)CC1,1,1,NaN
854,CNC(=O)c1cc(OCCCCN2CCC(c3noc4cc(F)ccc34)CC2)ccn1,1,1,NaN
855,Cc1ccccc1CN1CCC(N2CCC(n3c(=O)[nH]c4ccccc43)CC2)CC1,1,1,NaN
856,CN1CCN(CCC=C2c3ccccc3Sc3ccc(S(=O)(=O)N(C)C)cc32)CC1,1,1,NaN
857,O=C(c1ccc(N2CC3(COC3)C2)nc1)N1CCC(N2CCc3ccccc3C2)CC1,1,1,NaN
858,COC[C@H]1CCCN1c1ccc(C(=O)N2CCC(N3CCC[C@@H](C)C3)CC2)cn1,1,1,NaN
859,COc1ccc2c(c1)CCN(C1CCN(C(=O)c3ccc(N4CCC(OC)C4)nc3)CC1)C2,1,1,NaN
860,COc1ccc(F)cc1S(=O)(=O)N[C@H]1CC[C@H](N2CCN(c3ccccc3OC(C)C)CC2)CC1,1,NaN,1
861,CC(C)Oc1ccccc1N1CCN([C@H]2CC[C@@H](NS(=O)(=O)c3ccc(Cl)cc3F)CC2)CC1,1,1,1
862,COc1ccc(S(=O)(=O)N[C@H]2CC[C@H](N3CCC(c4ccccc4OC4CC4)CC3)CC2)cc1OC,1,1,1
863,Cc1ccc(S(=O)(=O)N[C@H]2CC[C@@H](N3CCN(c4ccccc4OC(C)C)CC3)CC2)cc1Cl,1,1,1
864,CC1=C(C(=O)NCCCN2CCC(c3ccc(F)cc3)CC2)[C@H](c2ccc(F)c(F)c2)N(C)C(=O)N1C,1,1,NaN
865,COC(=O)C1(c2ccccc2)CCN(CCCNC(=O)C(c2ccc(C)cc2)c2ccc(C)cc2)CC1,1,NaN,NaN
866,COc1cccc(OC)c1OCCNC[C@@H]1COc2ccccc2O1,1,1,1
867,CNC(=O)c1cc(C(O)CN2CCN(c3ccccc3OC)CC2)ccc1O,1,1,1
868,COc1ccc(S(=O)(=O)NC2CCC(N3CCC(c4ccccc4OCC(F)(F)F)CC3)CC2)cc1OC,1,NaN,1
869,COc1ccc2c(c1OCCNC[C@@H]1COc3ccccc3O1)CCCC2,1,1,1
870,COc1ccc(C[C@@H](C)NC[C@@H]2Oc3ccccc3O[C@@H]2C)cc1S(N)(=O)=O,1,1,1
871,COc1ccccc1N1CCN(C[C@@H]2CO[C@@](CN3CCCCC3=O)(c3ccccc3)O2)CC1,1,1,1
872,CCC1=C(C(N)=O)C(c2ccc([N+](=O)[O-])cc2)C(C(=O)NCCCN2CCC(c3ccccc3)(c3ccccc3)CC2)=C(COCC(F)(F)F)N1,1,NaN,NaN
873,Cc1ccc(-c2cc3c(=O)n(CCN4CCN(c5ccccc5Cl)CC4)c(=O)[nH]c3[nH]2)cc1,1,1,1
874,COc1ccccc1N1CCN(CC2COC3(CCN(C(=O)C4CCCN4)CC3)O2)CC1,1,NaN,1
875,CN1CCN(C2=Nc3ccccc3Nc3sc(CO)cc32)CC1,1,1,1
876,COc1ccccc1N1CCC(CNCC2COc3cccc(F)c3O2)CC1,1,1,1
877,COc1ccccc1N1CCN(CCCCNC(=O)c2ccc(F)nc2)CC1,1,1,1
878,FC(F)(F)c1cccc(N2CCN(CCCCNc3ccc4ccccc4n3)CC2)c1,1,1,NaN
879,COC(=O)[C@@H]1CCCN1Cc1ccc(CN2CCN(c3ccccc3OC)CC2)s1,1,NaN,1
880,Cc1ccc(C(C(=O)NCCCN2CCN(c3ccccc3)CC2)c2ccc(C)cc2)cc1,1,1,NaN
881,COC1CCN(c2ccc(C(=O)N3CCC(N4CCC[C@@H](C)C4)CC3)cn2)C1,1,1,NaN
882,CC(C)Oc1ccccc1N1CCN([C@H]2CC[C@@H](NS(=O)(=O)c3cccc(Cl)c3F)CC2)CC1,1,1,1
883,COc1ccc(S(=O)(=O)N[C@H]2CC[C@@H](N3CCC(c4ccccc4OCC(F)F)CC3)CC2)cc1OC,1,NaN,1
884,O=S(=O)(N[C@H]1CC[C@H](N2CCC(c3ccccc3OCC(F)(F)F)CC2)CC1)c1cccc(OC(F)F)c1,1,NaN,1
885,COC(=O)C1=C(C)NC(=O)N(C(=O)NCCCN2CCN(c3cccc([N+](=O)[O-])c3)CC2)C1c1ccc(F)c(F)c1,1,NaN,NaN
886,CCC1=NC(COCC(F)(F)F)=C(C(=O)NCCCN2CCC(c3ccccc3)(c3ccccc3)CC2)C(c2ccc([N+](=O)[O-])cc2)C1C(N)=O,1,1,NaN
887,COc1ccccc1N1CCN(CC2COC3(CCN(C(=O)Nc4ccccc4)CC3)O2)CC1,1,1,1
888,COc1ccc(C)cc1N1CCN(CCn2cnc3sc4c(c3c2=O)CCN(C)C4)CC1,1,1,1
889,COc1cc2nc(N3CCN(C(=O)c4ccco4)[C@H]4CCCC[C@H]43)nc(N)c2cc1OC,1,1,1
890,COc1cc2nc(N3CCN(C(=O)c4ccco4)[C@H]4CCCC[C@@H]43)nc(N)c2cc1OC,1,1,1
891,CN1CCC[C@@H]1Cn1nc(Cc2ccc(Cl)cc2)c2cnccc2c1=O,1,1,NaN
892,COCCN1CCC[C@@H]1Cn1nc(Cc2ccc(Cl)cc2)c2cnccc2c1=O,1,1,NaN
893,COc1ccccc1N1CCN(CC2COC3(CCN(C(=O)NC(C)(C)C)CC3)O2)CC1,1,NaN,1
894,COc1ccccc1N1CCN(C[C@@H]2CO[C@](CN3CCCC3=O)(c3ccccc3)O2)CC1,1,1,1
895,CO/C(O)=C1\C(C)=NC(C)=C(C(=O)NCCCCN2CCC(c3ccccc3)(c3ccccc3)CC2)C1c1ccc([N+](=O)[O-])cc1,1,1,NaN
896,COc1ccc2[nH]c3c(c2c1)C[C@H]1c2cc4c(cc2CCN1C3)OCO4,1,1,1
897,COc1ccc(OC)c(S(=O)(=O)NC2CCC(N3CCN(c4ccccc4OC(C)C)CC3)CC2)c1,1,NaN,1
898,O=C(NCCCCN1CCN(c2cccc(Cl)c2Cl)CC1)c1cccc(F)n1,1,1,1
899,COCCNc1ccc(C(=O)N2CCC(N3CCc4ccc(F)cc4C3)CC2)cn1,1,1,NaN
900,O=C(c1ccc(N2CCOCC2)nc1)N1CCC(N2CCCC(OCC3CC3)C2)CC1,1,1,NaN
901,COc1ccccc1N1CCN(CCN(C(=O)c2ccc(F)c(C)c2)c2ccccn2)CC1,1,1,NaN
902,O=C1CC2(CCN(CCc3cccc4ccccc34)CC2)Oc2ccc(NS(=O)(=O)Cc3ccccc3)cc21,1,1,1
903,C[C@H]1OC(=O)N(C(=O)NCCCN2CCC(c3ccc(F)cc3)CC2)[C@@H]1c1ccc(F)c(F)c1,1,1,NaN
904,CC1=C(C(=O)NCCCN2CCC(C#N)(c3ccccc3C#N)CC2)[C@@H](c2ccc(F)c(F)c2)CC(=O)N1C,1,1,0
905,[2H]c1c([2H])c([2H])c([C@@H]2C[C@@H](N3CCNC(C)(C)C3)c3cc(Cl)ccc32)c([2H])c1[2H],1,1,1
906,CN1CCc2c(sc3ncn(CCN4CCN(c5cccc6ccccc56)CC4)c(=O)c23)C1,1,1,1
907,COc1ccccc1N1CCN(CCN(C(=O)c2ccc([18F])c(C)c2)c2ccccn2)CC1,1,NaN,NaN
908,COc1ccncc1S(=O)(=O)N[C@H]1CC[C@H](N2CCN(c3ccccc3OC(C)C)CC2)CC1,1,NaN,1
909,CC(C)Oc1ccccc1N1CCN(C2CCC(NC(=O)Nc3cccc(Cl)c3)CC2)CC1,1,NaN,1
910,CN1CCc2c(sc3ncn(CCN4CCN(c5cncc6ccccc56)CC4)c(=O)c23)C1,1,1,1
911,CC(C)Oc1ccccc1N1CCN([C@H]2CC[C@@H](NS(=O)(=O)c3ccccc3)CC2)CC1,1,1,1
912,CC(C)Oc1ccccc1N1CCN(C2CCC(NC(=O)Nc3cc(F)ccc3F)CC2)CC1,1,NaN,1
913,Cc1ccccc1N1CCN(CCCCNc2ccccn2)CC1,1,1,NaN
914,COc1ccccc1N1CCN(Cc2ccc(CN3CCCCC3=O)s2)CC1,1,1,1
915,COc1ccccc1N1CCN(CCOCCOc2cc(C)cc(C)c2C)CC1,1,1,NaN
916,C[C@H](Nc1ccnc(NCCOc2ccc(F)cc2)n1)c1ccccc1,1,1,1
917,O=S(=O)(NCCCCN1CCN(c2cccc(Cl)c2Cl)CC1)c1ccc(F)cc1,1,1,1
918,O=C(c1cnc(N2CCOCC2)nc1)N1CCC(N2CCCC(OCC3CC3)C2)CC1,1,1,NaN
919,O=S(=O)(N[C@H]1CC[C@H](N2CCC(c3ccccc3OC3CC3)CC2)CC1)c1ccc2c(c1)OCO2,1,NaN,1
920,O=C1CCC(N2Cc3c(OCc4ccc(CN5CCN(c6ccc(F)cc6F)CC5)cc4)cccc3C2=O)C(=O)N1,1,1,1
921,CNC(=O)C1=C(C)N=C(C)N(CCCCCN2CCC(C(=O)OC)(c3ccccc3)CC2)C1c1ccc(F)cc1F,1,NaN,0
922,COC(=O)C1=C(C)NC(=O)N(C(=O)NCCCN2CCN(c3ccc(OC)cc3)CC2)C1c1ccc(F)c(F)c1,1,NaN,NaN
923,CC(C)Oc1ccccc1N1CCN([C@H]2CC[C@@H](NS(=O)(=O)c3cccc(C(F)(F)F)c3)CC2)CC1,1,NaN,1
925,COc1ccccc1N1CCN(CCCN2C(=O)CC(c3ccc([N+](=O)[O-])cc3)CC2=O)CC1,1,NaN,1
926,CC(=O)c1ccc(N2CCN(CCc3ccc(CN4C(=O)c5ccccc5C4=O)cc3)CC2)cc1,1,1,1
927,Cc1ccccc1OCCNC(C)Cc1cc2c(c(C(N)=O)c1)N(CCCO)CC2,1,NaN,1
928,CC(C)Oc1ccccc1N1CCN([C@H]2CC[C@@H](NS(=O)(=O)c3cnc(Cl)c(Br)c3)CC2)CC1,1,1,1
929,CN(C)CC1CC2c3ccccc3Cc3ccc(Cl)cc3N2O1,1,1,NaN
930,COc1cccc2c(CCCNCCOc3ccccn3)cccc12,1,NaN,1
931,COC(=O)C1=C(C)NC(C)=C(C(=O)NCCCCN2CCC(c3ccccc3)(c3ccccc3)CC2)C1c1ccc([N+](=O)[O-])cc1,1,1,NaN
932,COc1c(Cl)cc(Cl)cc1N1CCN(CCn2cnc3sc4c(c3c2=O)CCN(C)C4)CC1,1,1,1
933,COc1ccccc1N1CCN(CCOCCOc2c(C)cc(C)cc2C)CC1,1,1,NaN
934,COc1ccccc1N1CCN(CCCCNC(=O)c2cc3ccccc3s2)CC1,1,1,1
935,COc1ccccc1N1CCN(CCCCNC(=O)c2cc3ccccc3[te]2)CC1,1,1,1
936,O=C1CCCCN1Cc1cc(CN2CCN(c3ccccc3Oc3ccccc3)CC2)on1,1,0,NaN
937,O=S(=O)(NC1CCC(N2CCC(c3ccccc3OC3CC3)CC2)CC1)c1ccc2c(c1)OCO2,1,NaN,1
938,CCN([C@H]1CC[C@@H](N2CCN(c3ccccc3OC(C)C)CC2)CC1)S(=O)(=O)c1ccc(OC)c(OC)c1,1,NaN,1
939,COC(=O)C1(c2ccccc2)CCN(CCCCNC(=O)N2C(=O)NC3=C(C(=O)OC3)C2c2ccc(F)c(F)c2)CC1,1,NaN,NaN
940,O=c1n(CCCCN2CCN(c3cccc4sccc34)CC2)nc2ccccn12,1,1,NaN
941,COc1ccc(S(=O)(=O)NC2CCC(N3CCC(c4ccccc4OC(C)C)CC3)CC2)cc1OC,1,NaN,1
942,O=C1c2ccccc2C(=O)N1Cc1ccc(CCN2CCN(c3ccccc3Cl)CC2)cc1,1,1,1
943,COc1cc(Cl)ccc1OCCNC(C)Cc1cc(C(N)=O)c2c(ccn2CCCO)c1,1,1,1
944,O=C(CCCN1CCC(NC(=O)c2ccccc2)CC1)c1ccccc1,1,NaN,NaN
945,CN1CCC(n2nc(Cc3ccc(Cl)cc3)c3ccccc3c2=O)CC1,1,1,NaN
946,O=C1CC(c2ccccc2)CC(=O)N1CCCCN1CCN(c2ccccc2Cl)CC1,1,1,1
947,CCCCN1CCC[C@@H]1Cn1nc(Cc2ccc(Cl)cc2)c2ccccc2c1=O,1,1,NaN
948,CCC(=O)NCCN1CCC[C@@H]1Cn1nc(Cc2ccc(Cl)cc2)c2ccccc2c1=O,1,1,NaN
949,COc1ccccc1N1CCN(CCC(Oc2ccc(C(=O)Nc3ccccc3OCCCC(=O)O)cc2)c2ccc(C)cc2)CC1,1,1,1
950,c1cnc(NCCNCC2COc3ccccc3O2)nc1,1,1,1
951,O=C(NCCCCN1CCN(c2cccc(Cl)c2Cl)CC1)c1ccc(F)nc1,1,1,1
952,CCC(COC)Nc1ccc(C(=O)N2CCC(N3CCC[C@@H](C)C3)CC2)cn1,1,1,NaN
953,CC1CN(c2ccc(C(=O)N3CCC(N4CCc5ccccc5C4)CC3)cn2)CC(C)O1,1,1,NaN
954,NC(=O)c1ccc2c(c1)CCOC2CCN1CC=C(c2c[nH]c3cc(F)ccc23)CC1,1,1,1
955,COc1ccccc1N1CCN(CCN(C(=O)C23C4C5C2C2C3C4C52CF)c2ccccn2)CC1,1,NaN,1
956,O=S(=O)(N[C@H]1CC[C@@H](N2CCC(c3ccccc3OC3CC3)CC2)CC1)c1ccc2c(c1)OCO2,1,NaN,1
957,COc1ccc(S(=O)(=O)N[C@H]2CC[C@@H](N3CCC(c4ccc(F)cc4OC(C)C)CC3)CC2)cc1OC,1,NaN,1
958,COC(=O)C1=C(C)NC(=O)N(C(=O)NCCCN2CCN(c3ccc(OC)cc3C)CC2)C1c1ccc(F)c(F)c1,1,NaN,NaN
959,COc1ccc(-c2ccccc2)cc1OCCNC[C@@H]1COc2ccccc2O1,1,1,1
960,CNC(=O)C1=C(C)NC(C)=C(C(=O)NCCCN2CCC(c3ccccc3)(c3ccccc3)CC2)C1c1ccc2c(c1)OCO2,1,0,0
961,COc1ccc(-c2cc3c(=O)n(CCN4CCN(c5ccccc5Cl)CC4)c(=O)[nH]c3[nH]2)cc1,1,1,1
962,COc1cccc(OC)c1OCCNC[C@@H]1COc2cccc(OC)c2O1,1,1,1
963,NC(=O)c1ccccc1OCCCN1CCN(c2cccc3c2ccn3S(=O)(=O)c2ccccc2)CC1,1,1,NaN
964,c1ccc(OCCNCCOC(c2ccccc2)c2ccccc2)cc1,1,1,1
965,COc1ccccc1N1CCN(CC2COC3(CCOCC3)O2)CC1,1,NaN,1
966,COc1ccc2c(c1OCCNC[C@@H]1COc3ccccc3O1)OCC2,1,NaN,1
967,COc1cc2nc(N3CCN(C(=O)Cc4ccc5ccccc5c4)[C@H]4CCCC[C@H]43)nc(N)c2cc1OC,1,1,1
968,Fc1ccccc1N1CCN(CCCCNc2ccccn2)CC1,1,1,NaN
969,COc1cc2c(cc1OC)C1c3[nH]c4ccccc4c3CCN1CC2,1,1,1
970,O=C(NCCCCN1CCN(c2cccc(Cl)c2Cl)CC1)c1ccc(F)cc1,1,1,1
971,CC(C)Oc1ccccc1N1CCN(C2CCC(NS(=O)(=O)c3cccc(C(F)(F)F)c3)CC2)CC1,1,NaN,1
972,COc1ccc(OC)c(S(=O)(=O)N[C@H]2CC[C@H](N3CCN(c4ccccc4OC(C)C)CC3)CC2)c1,1,NaN,1
973,CC(C)Oc1ccccc1N1CCN([C@H]2CC[C@@H](NS(=O)(=O)c3ccc(OC(F)(F)F)cc3)CC2)CC1,1,1,1
974,CCc1ccc(OCC(F)(F)F)c(OCCNC(C)Cc2cc(C(N)=O)c3c(ccn3CCCO)c2)c1,1,NaN,NaN
975,Cc1ccc(-c2cc3[nH]c(=O)n(CCN4CCN(c5ccccc5Cl)CC4)c(=O)c3[nH]2)cc1,1,1,1
976,O=c1n(CCCCN2CCN(c3cccc4sccc34)CC2)nc2c(F)cccn12,1,1,NaN
977,COc1ccc2[nH]c3c(c2c1)CC1c2cc4c(cc2CCN1C3)OCO4,1,1,NaN
978,COc1ccccc1N1CCN(CC2COC3(CCN(c4ccccn4)CC3)O2)CC1,1,0,1
979,CCCCC1CCN(CCCC(=O)c2ccccc2C)CC1,1,1,1
980,c1cnc(N2CCC(CNC[C@H]3COc4ccccc4O3)CC2)nc1,1,1,1
981,COc1ccccc1N1CCN(Cc2ccc(CN3CCCCCC3=O)s2)CC1,1,1,1
982,COc1ccccc1N1CCN(CCCCNC(=O)c2cccc3ccnn23)CC1,1,1,1
983,CC(C)Oc1ccccc1N1CCN(C=CCC(=O)CN2CCCCC2=O)CC1,1,1,NaN
984,CC(C)Oc1ccccc1N1CCN(C/C=C/C(=O)CN2CCCCC2=O)CC1,1,0,NaN
985,CC[C@@H](CO)Nc1ccc(C(=O)N2CCC(N3CCC[C@@H](C)C3)CC2)cn1,1,1,NaN
986,C[C@@H]1CCCN(C2CCN(C(=O)c3ccc(N4CCC(F)(F)CC4)nc3)CC2)C1,1,1,NaN
987,COc1ccc(C(F)(F)F)cc1N1CCN(CCn2cnc3sc4c(c3c2=O)CCN(C)C4)CC1,1,1,1
988,COc1ccc(C)cc1S(=O)(=O)N[C@H]1CC[C@@H](N2CCN(c3ccccc3OC(C)C)CC2)CC1,1,1,1
989,COc1cccc(OC)c1OCCNC[C@@H]1COc2cccc(F)c2O1,1,NaN,1
990,COc1cc2nc(N3CCC[C@H](NC(=O)[C@H]4COc5ccccc5O4)C3)nc(N)c2cc1OC,1,1,1
991,COc1ccccc1N1CCN(CCNc2cc(C)nn(C)c2=O)CC1,1,1,1
992,CSc1ccc(Cl)cc1NCC1=NCCN1,1,1,1
993,COc1ccccc1N1CCN(CC2COC3(CCN(S(C)(=O)=O)CC3)O2)CC1,1,NaN,1
994,COc1cc2nc(N3CCN(C(=O)COc4ccccc4OC)CC3)nc(N)c2cc1OC,1,1,NaN
995,COc1ccccc1N1CCN(CCCCNC(=O)c2ccc3ccnn3c2)CC1,1,1,1
996,COc1ccccc1N1CCN(CCN(C(=O)C2CCCCC2)c2ccccn2)CC1,1,1,1
997,O=C(NCCCCN1CCN(c2cccc3[nH]ccc23)CC1)c1ccc2ccccc2c1,1,1,NaN
998,C[C@@H]1CCCN(C2CCN(C(=O)c3cnc(N4CCC(F)(F)CC4)nc3)CC2)C1,1,1,NaN
999,COc1ccc(Cl)cc1S(=O)(=O)NC1CCC(N2CCN(c3ccccc3OCC3CC3)CC2)CC1,1,NaN,1
1000,CCN(C1CCC(N2CCN(c3ccccc3OC(C)C)CC2)CC1)S(=O)(=O)c1ccc(OC)c(OC)c1,1,NaN,1
1001,COc1ccc(Cl)cc1S(=O)(=O)N[C@H]1CC[C@@H](N2CCN(c3ccccc3OCC3CC3)CC2)CC1,1,NaN,1
1002,O=C1NC(C(F)(F)F)=C(C(=O)NCCCN2CCC(c3ccc(F)cc3)CC2)[C@@H](c2ccc(F)c(F)c2)N1,1,NaN,0
1003,O=C1N=C(C(F)(F)F)C(C(=O)NCCCN2CCC(c3ccc(F)cc3)CC2)[C@@H](c2ccc(F)c(F)c2)N1,1,1,0
1004,COC(=O)C1=C(C)NC(=O)N(C(=O)N2CCC(N3CCC(C(=O)OC)(c4ccccc4)CC3)CC2)C1c1ccc(F)c(F)c1,1,0,0
1005,Cc1ccc2c(c1)c1c(n2CCc2ccccc2)CCN(C)C1,1,NaN,NaN
1006,COc1ccccc1N1CCN(CCCCNC(=O)c2cccn2C)CC1,1,1,1
1007,COc1ccc(C[C@@H](C)NC[C@H]2Oc3ccccc3O[C@H]2C)cc1S(N)(=O)=O,1,1,1
1008,COc1cc2nc(N3CCN(C(=O)CCC(=O)c4ccccc4)CC3)nc(N)c2cc1OC,1,1,NaN
1009,COc1ccccc1OCCNCC1COC(c2ccccc2)(c2ccccc2)O1,1,1,1
1010,COc1ccc(S(=O)(=O)NC2CCC(N3CCC(c4ccc(F)cc4OC(C)C)CC3)CC2)cc1OC,1,NaN,1
1011,CCC1=C(C(N)=O)C(c2ccc([N+](=O)[O-])cc2)C(C(=O)NCCCN2CCC(c3ccccc3)(c3ccccc3)CC2)=C(COC)N1,1,NaN,NaN
1012,CC(C)Oc1ccccc1N1CCN(C2CCC(NC(=O)Nc3c(Cl)cccc3Cl)CC2)CC1,1,NaN,1
1013,COc1cccc(N(NC2=NCCN2)c2ccc(C)cc2)c1,1,1,1
1014,CN1CCC[C@@H]1Cn1nc(Cc2ccc(Cl)cc2)c2ccncc2c1=O,1,NaN,NaN
1015,COCCN1CCC[C@@H]1Cn1nc(Cc2ccc(Cl)cc2)c2ccccc2c1=O,1,1,NaN
1016,COc1cccc(OC)c1[S+]([O-])CCNCCOc1ccccc1OCc1ccccc1,1,1,1
1017,CCCCNC(=O)N1CCC2(CC1)OCC(CN1CCN(c3ccccc3OC)CC1)O2,1,NaN,1
1018,O=c1[nH]cc(C(F)(F)F)c(=O)n1CCCN1CCN(c2ccccc2OCC(F)(F)F)CC1,1,1,NaN
1019,COc1ccccc1N1CCN(CCNC(=O)c2ccccn2)CC1,1,1,NaN
1020,COc1ccccc1N1CCN(CCNC(=O)c2ccncc2)CC1,1,1,NaN
1021,COc1ccccc1NCC1CCN(CC2COc3ccccc3O2)CC1,1,1,1
1022,O=C1Nc2ccc(F)cc2C1CCCCN1CCN(c2ccccc2)CC1,1,1,NaN
1023,COc1ccccc1N1CCN(CCCN/C(=N\C#N)c2ccccn2)CC1,1,1,NaN
1024,CC(C)Oc1ccccc1N1CCN(CCNC(=O)CN2CCCCCC2=O)CC1,1,0,NaN
1025,CCOC(=O)C1CCC(=O)N1CC(=O)NCCN1CCN(c2ccccc2OC(C)C)CC1,1,0,NaN
1026,Cn1c(NCCCN2CCN(c3ccc4c(c3)OCC(CO)O4)CC2)cc(=O)n(C)c1=O,1,1,NaN
1027,CS(=O)(=O)Nc1ccc2c(c1)OC1(CCN(CCc3cccc4ccccc34)CC1)CC2=O,1,NaN,NaN
1028,Cc1cc(C)c2oc(=O)n(C3CCN(CCCCN4C(=O)c5ccccc5S4(=O)=O)CC3)c2c1,1,NaN,NaN
1029,CC1=C(C(=O)NCCCN2CCC(c3ccc(F)cc3)CC2)[C@H](c2ccc(F)c(F)c2)NC(=O)N1C,1,NaN,NaN
1030,CC(C)Oc1ccccc1N1CCN([C@H]2CC[C@H](NS(=O)(=O)c3cccc(C(F)(F)F)c3)CC2)CC1,1,NaN,1
1031,N#Cc1ccccc1C1CCN(CCCNC(=O)C2C(C(F)(F)F)=NC(=O)N[C@@H]2c2ccc(F)c(F)c2)CC1,1,1,NaN
1032,N#Cc1ccccc1C1CCN(CCCNC(=O)C2=C(C(F)(F)F)NC(=O)N[C@@H]2c2ccc(F)c(F)c2)CC1,1,NaN,NaN
1033,COC(=O)C1=C(C)N=C(C)N(CCC[C@@H](C)CN2CCN(c3ccccc3C(N)=O)CC2)C1c1ccc(F)c(F)c1,1,0,0
1034,CCC1=NC(COC)=C(C(=O)NCCCN2CCC(c3ccccc3)(c3ccccc3)CC2)C(c2ccc([N+](=O)[O-])cc2)C1C(N)=O,1,1,NaN
1035,CO/C(O)=C1\C(C)=NC(C)=C(C(=O)N(C)CCCN2CCC(c3ccccc3)(c3ccccc3)CC2)C1c1ccc([N+](=O)[O-])cc1,1,NaN,NaN
1036,COC(=O)C1=C(C)NC(C)=C(C(=O)N(C)CCCN2CCC(c3ccccc3)(c3ccccc3)CC2)C1c1ccc([N+](=O)[O-])cc1,1,NaN,NaN
1037,CCc1ccccc1OCCNC(C)Cc1cc(C(N)=O)c2c(ccn2CCCO)c1,1,NaN,1
1038,COc1ccccc1N1CCN(CCCCn2cc(CCCC(=O)O)c3ccccc32)CC1,1,1,1
1039,CSc1cc(F)ccc1NCC1=NCCN1,1,1,1
1040,CSc1ccc(C)cc1NCC1=NCCN1,1,NaN,1
1041,COc1ccccc1OCCNCC1CSC(c2ccccc2)(c2ccccc2)O1,1,1,1
1042,COc1ccccc1N1CCN(CCCCN2C(=O)CC(c3ccc([N+](=O)[O-])cc3)CC2=O)CC1,1,NaN,1
1043,Clc1cccc(N2CCN(CCCCNc3ccc(-c4ccccc4)cn3)CC2)c1Cl,1,1,NaN
1044,CC[C@@H](CO)Nc1ccc(C(=O)N2CCC(N3CCc4ccccc4C3)CC2)cn1,1,1,NaN
1045,CCC(COC(N)=O)Nc1ccc(C(=O)N2CCC(N3CCC[C@@H](C)C3)CC2)cn1,1,1,NaN
1046,COc1ccc(S(=O)(=O)N[C@H]2CC[C@H](N3CCC(c4ccccc4OCC(F)(F)F)CC3)CC2)cc1OC,1,NaN,1
1047,Cn1c(=O)cnn(CCCCN2CCN(c3ccccc3OCCF)CC2)c1=O,1,1,1
1048,COc1ccccc1N1CCN(CC2COC3(CCN(C(=O)c4ccco4)CC3)O2)CC1,1,NaN,1
1049,COc1ccccc1N1CCN(C[C@@H]2CO[C@@](CN3C(=O)CCCC3=O)(c3ccccc3)O2)CC1,1,NaN,1
1050,COc1ccc(S(=O)(=O)NC2CCC(N3CCC(c4ccccc4OCC(F)F)CC3)CC2)cc1OC,1,NaN,1
1051,O=S(=O)(NC1CCC(N2CCC(c3ccccc3OCC(F)(F)F)CC2)CC1)c1ccc(OC(F)F)cc1,1,NaN,1
1052,Cc1cccc(C)c1OCCNC(C)Cc1cc2c(c(C(N)=O)c1)N(CCCO)CC2,1,NaN,NaN
1053,COc1ccccc1N1CCN(CCCCCN2C(=O)CC(c3ccccc3)CC2=O)CC1,1,1,1
1054,COCCNc1ccc(C(=O)N2CCC(N3CCc4ccccc4C3)CC2)cn1,1,1,NaN
1055,Cc1ccc(C(C(=O)NCCCN2CCC(C#N)(c3ccccc3C(F)(F)F)CC2)c2ccc(C)cc2)cc1,1,0,0
1056,COc1ccccc1N1CCN(CC(O)CNC(=O)c2ccc3c(c2)C(=O)N(c2cccc(F)c2)C3=O)CC1,1,1,NaN
1057,COC(=O)C1=C(C)N=C(C)N(CCC[C@@H](C)CN2CCC(C#N)(c3ccccc3)CC2)C1c1ccc(F)c(F)c1,1,0,0
1058,COc1ccccc1OCCNC[C@@H]1COCC(c2ccccc2)(c2ccccc2)O1,1,1,1
1059,CCCN(CCC)c1nc(N2CCN(C(=O)c3ccco3)[C@H]3CCCC[C@H]32)nc2cc(OC)c(OC)cc12,1,1,1
1060,COc1ccccc1N1CCN(CCCCNc2ccccn2)CC1,1,1,NaN
1061,COc1ccccc1N1CCC(CNC[C@H]2COc3ccccc3O2)CC1,1,1,1
1062,O=C(c1ccc(N2CCOC(C(F)(F)F)C2)nc1)N1CCC(N2CCc3ccccc3C2)CC1,1,1,NaN
1063,COc1ccc(S(=O)(=O)NC2CCC(N3CCN(c4ccccc4OC(C)C)CC3)CC2)cc1OC,1,NaN,1
1064,COc1ccc(S(=O)(=O)N[C@H]2CC[C@H](N3CCN(c4ccccc4OC(C)C)CC3)CC2)cc1OC,1,1,1
1065,COc1ccc(S(=O)(=O)N[C@H]2CC[C@H](N3CCC(c4ccc(F)cc4OC(C)C)CC3)CC2)cc1OC,1,NaN,1
1066,CCN([C@H]1CC[C@H](N2CCN(c3ccccc3OC(C)C)CC2)CC1)S(=O)(=O)c1ccc(OC)c(OC)c1,1,1,1
1067,COc1ccc(S(=O)(=O)NC2CCC(N3CCC(c4cc(F)ccc4OC(C)C)CC3)CC2)cc1OC,1,NaN,1
1068,COc1ccccc1N1CCN(CCN2C=CC3(CCCC3)CC2=O)CC1,1,NaN,NaN
1069,COc1cc2nc(N3CCN(C(=O)c4ccc(C)o4)[C@H]4CCCC[C@H]43)nc(N)c2cc1OC,1,1,1
1070,COc1cc2nc(N3CCN(C(=O)c4ccc(C)o4)[C@H]4CCCC[C@@H]43)nc(N)c2cc1OC,1,1,1
1071,CN(C)CC/C=C1/c2ccccc2COc2ccccc21,1,1,NaN
1072,COc1cc2nc(N3CCN(C(=O)COc4c(OC)cccc4OC)CC3)nc(N)c2cc1OC,1,1,NaN
1073,COc1cccc(OC)c1OCCNC[C@H]1COc2c(OC)cccc2O1,1,NaN,1
1074,Cc1ccccc1C1(C#N)CCN(CCCNC(=O)C(c2ccc(F)cc2)C(C)C)CC1,1,NaN,0
1075,C[C@@H]1CCCN(C2CCN(C(=O)c3cnc(N4CC5(COC5)C4)nc3)CC2)C1,1,1,NaN
1076,O=C(c1ccc(N2CCS(=O)(=O)CC2)nc1)N1CCC(N2CCc3ccccc3C2)CC1,1,1,NaN
1077,Oc1ccc(C(O)CCN2CCC(Cc3ccccc3)CC2)cc1,1,1,1
1078,Cn1c(=O)cnn(CCCCN2CCN(c3cccc4ccc(O)cc34)CC2)c1=O,1,1,1
1079,COc1ccccc1OCCNCC1CCOC(c2ccccc2)(c2ccccc2)O1,1,1,1
1080,CC1(C)Cc2cccc(OCCNCC3(F)CCN(C(=O)c4ccc(F)c(Cl)c4)CC3)c2O1,1,1,NaN
1081,Cc1ccc(C(C(=O)NCCCN2CCC(C#N)(c3ccccn3)CC2)c2ccc(C)cc2)cc1,1,1,0
1082,COc1ccc(C(F)(F)F)cc1S(=O)(=O)N[C@H]1CC[C@H](N2CCN(c3ccccc3OC(C)C)CC2)CC1,1,NaN,1
1083,c1ccc(-c2cc[nH]n2)c(NCC2=NCCN2)c1,1,1,1
1084,COc1cccc(OC)c1OCCNC[C@H]1COc2cc3c(cc2O1)CCCC3,1,NaN,NaN
1085,COc1ccccc1N1CCN(CCC(Oc2ccc(C(=O)Nc3ccccc3OCCCC(=O)O)cc2)c2ccccc2)CC1,1,1,1
1086,O=c1c2ccccc2c(Cc2ccc(Cl)cc2)nn1C[C@H]1CCCN1CCCCCc1ccc(OCCCN2CCCCCC2)cc1,1,1,NaN
1087,CCc1ccccc1OCCNC(C)Cc1cc2c(c(C(N)=O)c1)N(CCCO)CC2,1,NaN,1
1088,COc1cc2nc(N3CCN(C(=O)c4ccc(C(C)=O)o4)[C@H]4CCCC[C@H]43)nc(N)c2cc1OC,1,1,1
1089,COc1cc2nc(N3CCN(C(=O)c4ccc(C(C)=O)o4)[C@H]4CCCC[C@@H]43)nc(N)c2cc1OC,1,1,1
1090,COc1ccccc1N1CCN(CCCCNC(=O)c2cc3ccccn3n2)CC1,1,1,1
1091,CCC(C)c1ccc(N2CCN(CCn3c(=O)[nH]c4c([nH]c5ccccc54)c3=O)CC2)cc1,1,0,0
1092,c1ccc2c(NCCNc3ccnc4ccccc34)ccnc2c1,1,1,NaN
1093,CN1CCc2c(sc3ncn(CCN4CCN(c5cccc6ncccc56)CC4)c(=O)c23)C1,1,1,1
1094,Cc1ccc(N(NC2=NCCN2)c2cccc(O)c2)cc1,1,1,1
1095,COc1ccccc1OCCNCC1CCC(c2ccccc2)(c2ccccc2)O1,1,1,1
1096,Cc1ccccc1N1CCN(CC(O)c2ccc(O)c(C(N)=O)c2)CC1,1,1,1
1097,COc1ccccc1N1CCN(C[C@@H]2CO[C@@](CN3CCCCCC3=O)(c3ccccc3)O2)CC1,1,1,1
1098,C[C@H](Nc1cc(NCCOc2ccc(F)cc2)ccn1)c1ccccc1,1,1,1
1099,CC1CCCN(c2ccc(C(=O)N3CCC(N4CCC[C@@H](C)C4)CC3)cn2)C1,1,1,NaN
1100,Cc1ccc(C(C(=O)NCCCN2CCC(c3ccccn3)CC2)c2ccc(C)cc2)cc1,1,NaN,0
1101,O=C(O)[C@H]1CCCN1c1ccc(C(=O)N2CCC(N3CCc4ccccc4C3)CC2)cn1,1,1,NaN
1102,C[C@@H]1CCCN(C2CCN(C(=O)c3ccc(N4CCS(=O)(=O)CC4)nc3)CC2)C1,1,1,NaN
1103,CC(=O)C1(c2ccccc2)CCN(CCCNC(=O)C2=C(C)NC(C)=C(C(N)=O)C2c2ccc([N+](=O)[O-])cc2)CC1,1,0,NaN
1104,CC(=O)C1(c2ccccc2)CCN(CCCNC(=O)C2=C(C)N=C(C)C(C(N)=O)C2c2ccc([N+](=O)[O-])cc2)CC1,1,1,NaN
1105,COc1ccccc1N1CCN(CCCCN2C(=O)CC(C)(c3ccccc3)CC2=O)CC1,1,1,1
1106,CC(C)Oc1ccccc1N1CCN(C2CCC(NC(=O)Nc3ccc(F)c(F)c3)CC2)CC1,1,NaN,1
1107,COc1ccccc1OCCNCC1COCC(c2ccccc2)(c2ccccc2)O1,1,1,1
1108,Cc1ccccc1N1CCN(CC(O)c2ccc(O)c(C3N=NN=N3)c2)CC1,1,1,1
1109,COc1ccc(C(=O)N2CCN(c3nc(N)c4cc(OC)c(OC)cc4n3)[C@H]3CCCC[C@@H]32)o1,1,1,1
1110,COc1ccc(C(=O)N2CCN(c3nc(N)c4cc(OC)c(OC)cc4n3)[C@@H]3CCCC[C@@H]32)o1,1,1,1
1111,COc1ccc(S(=O)(=O)NC2CCC(N3CCN(c4ccccc4OCC(F)(F)F)CC3)CC2)cc1OC,1,1,1
1112,CC(Cc1cc2c(c(C(N)=O)c1)N(CCCO)CC2)NCCOc1ccc2c(c1)OCO2,1,NaN,NaN
1113,COc1ccccc1N1CCN(CCCCNC(=O)c2cccn3nccc23)CC1,1,1,1
1114,CC(C)Oc1ccccc1N1CCN(CC(O)CC(=O)CN2CCCCC2=O)CC1,1,0,NaN
1115,O=C1CCCN1Cc1cc(CN2CCN(c3ccccc3Oc3ccccc3)CC2)on1,1,1,1
1116,N#CC1(c2ccccc2)CCN(CCCNC(=O)C(c2ccccc2)c2ccccc2)CC1,1,NaN,0
1117,Fc1ccc(N2CCN(CCCc3c[nH]c4ccc(F)cc34)CC2)c(-c2ccccc2)c1,1,1,NaN
1118,COc1ccc(S(=O)(=O)N[C@H]2CC[C@H](N3CCC(c4ccccc4OC(C)C)CC3)CC2)cc1OC,1,1,1
1119,COc1ccccc1N1CCN(CCCN2C(=O)CC(c3ccc(Cl)cc3)CC2=O)CC1,1,NaN,1
1120,CN1CCC[C@@H]1Cn1nc(Cc2ccc(Cl)cc2)c2ccccc2c1=O,1,1,NaN
1121,CC(C)Oc1ccccc1N1CCN(C2CCC(NC(=O)Nc3c(F)cccc3F)CC2)CC1,1,NaN,1
1122,CC(C)Oc1ccccc1N1CCN(C2CCC(NC(=O)Nc3c(Cl)cc(Cl)cc3Cl)CC2)CC1,1,NaN,1
1123,COc1ccccc1N1CCN(CC2CO[C@H](c3ccccc3)O2)CC1,1,1,NaN
1125,CC(C)Oc1ccccc1N1CCN(C2CCC(NC(=O)Nc3ccccc3Cl)CC2)CC1,1,NaN,1
1126,Cc1ccccc1N1CCN(CCCCNC(=O)c2ccc3ccccc3c2)CC1,1,1,NaN
1127,O=C(NCCCCN1CCN(c2ccccc2Cl)CC1)c1ccc2ccccc2c1,1,1,NaN
1128,COc1cc(N)c(Cl)cc1C(=O)NC1CCN(CCCOc2ccc(F)cc2)CC1OC,1,1,1
1129,C[C@@H]1OC(=O)N(C(=O)NCCCN2CCC(c3ccc(F)cc3)CC2)[C@@H]1c1ccc(F)c(F)c1,1,1,0
1130,COc1ccccc1N1CCN(CCc2ccc(CN3C(=O)c4ccccc4C3=O)cc2)CC1,1,1,NaN
1131,c1ccc(OCCNC[C@@H]2COC(c3ccccc3)(c3ccccc3)O2)cc1,1,1,1
1132,Cc1nc2c([nH]c3ccccc32)c(=O)n1CCN1CCN(c2ccc(Cl)c(Cl)c2)CC1,1,1,1
1133,COc1ccc(C(F)(F)F)cc1S(=O)(=O)NC1CCC(N2CCN(c3ccccc3OC(C)C)CC2)CC1,1,NaN,1
1134,COc1ccccc1OCCNC[C@H]1CO[C@H](C(c2ccccc2)c2ccccc2)O1,1,1,1
1135,COc1ccccc1N1CCN(CC2COC3(CCN(C(=O)C4CCCCC4)CC3)O2)CC1,1,NaN,1
1136,O=C1c2ccccc2CC12CCN(CCc1cccc3ccccc13)CC2,1,1,NaN
1137,COc1ccc(S(=O)(=O)N[C@H]2CC[C@H](N3CCC(c4ccccc4OCC(F)F)CC3)CC2)cc1OC,1,NaN,1
1138,CCC1=C(C(N)=O)C(c2ccc(F)c(F)c2)N(C(=O)NCCC(C)N2CCC(C(=O)OC)(c3ccccc3)CC2)C(=O)N1,1,0,0
1139,COc1ccc(S(=O)(=O)N[C@H]2CC[C@@H](N3CCN(c4ccccc4OC(C)C)CC3)CC2)cc1OC,1,1,1
1140,COc1ccccc1N1CCN(CCc2ccccc2)CC1,1,1,1
1142,COc1ccc2c(c1OCCNC[C@@H]1COc3ccccc3O1)NCC2,1,NaN,1
1143,c1cnc2c(N3CCN(CCCc4ccc(OCCCN5CCCCCC5)cc4)CC3)cccc2c1,1,1,NaN
1144,CCCC(=O)NCCN1CCC[C@@H]1Cn1nc(Cc2ccc(Cl)cc2)c2ccccc2c1=O,1,1,NaN
1145,COc1cc2nc3c(c(N)c2cc1OC)CCC(CNC(=O)c1cccc(C(F)(F)F)c1)C3,1,1,1
1146,COCCCC(=O)N(C)CCN1CCC[C@@H]1Cn1nc(Cc2ccc(Cl)cc2)c2ccccc2c1=O,1,NaN,NaN
1147,O=c1c2ccccc2c(Cc2ccc(Cl)cc2)nn1C1CCCN(CCc2ccc(OCCCN3CCCCCC3)cc2)CC1,1,1,NaN
1148,O=c1c2ccncc2c(Cc2ccc(Cl)cc2)nn1C[C@H]1CCCN1CCCCc1ccc(OCCCN2CCCCCC2)cc1,1,1,NaN
1149,O=c1c2ccccc2c(Cc2ccc(Cl)cc2)nn1C[C@@H]1CCCN1CCCCc1ccc(OCCCN2CCCCCC2)cc1,1,1,NaN
1150,COc1ccccc1N1CCN(CCCCNC(=O)c2ccn3nccc3c2)CC1,1,1,1
1151,Cn1c(=O)cnn(CCCCN2CCN(c3cccc4ccc(O[11CH3])cc34)CC2)c1=O,1,1,1
1152,c1c[nH]c(-c2ccccc2OCC2=NCCN2)c1,1,1,1
1153,CCOc1ccccc1N1CCN(CCc2ccc(CN3C(=O)c4ccccc4C3=O)cc2)CC1,1,1,1
1154,O=C(O)CCCc1cn(CCCCCN2CCN(c3ccccc3Cl)CC2)c2ccccc12,1,1,1
1155,CC(C)=CCOc1ccc(Cl)c2c1CCN(C)CC2,1,1,1
1156,Clc1cccc(N2CCN(CCCCNc3ccccn3)CC2)c1Cl,1,1,NaN
1157,COc1cccc(C2CCC(N3CCN(c4ccccn4)CC3)CC2)c1,1,1,NaN
1158,c1ccc2c(c1)OCC(CNCC1CCN(c3cccc4c3OCC4)CC1)O2,1,1,1
1159,COCCN(C)c1ccc(C(=O)N2CCC(N3CCC[C@@H](C)C3)CC2)cn1,1,1,NaN
1160,COc1cccc(SCCNCC2(F)CCN(C(=O)c3ccc(F)c(Cl)c3)CC2)c1,1,1,NaN
1161,CSc1ccc(F)cc1NCC1=NCCN1,1,1,1
1162,COc1cc2nc(N3CCC[C@H](NC(=O)[C@@H]4COc5ccccc5O4)C3)nc(N)c2cc1OC,1,1,1
1163,COc1cccc(OC)c1OCCNC[C@H]1COc2cc3ccccc3cc2O1,1,NaN,NaN
1164,COc1ccccc1OCCNCC1COC(c2ccccc2)(c2ccccc2)OC1,1,1,1
1165,C[N+](C)(CCOc1ccccc1)CC1COC(c2ccccc2)(c2ccccc2)O1,1,1,NaN
1166,O=C1CC2(CCCC2)CCN1CCN1CCN(c2cc(Cl)ccc2Cl)CC1,1,1,NaN
1167,Cc1ccc(Cl)cc1N1CCN(CCc2ccc(CN3C(=O)c4ccccc4C3=O)cc2)CC1,1,1,1
1168,Cc1ccoc1-c1ccccc1OCC1=NCCN1,1,1,1
1169,COc1ccc(Cl)cc1N1CCN(CCCN2C(=O)CC(C)(c3ccccc3)CC2=O)CC1,1,NaN,1
1170,COc1cccc(N2CCC(CNCC3COc4ccccc4O3)CC2)c1,1,1,1
1171,CNC(=O)c1cccc(OCCCCN2CCC(c3noc4cc(F)ccc34)CC2)c1,1,1,NaN
1172,COC(=O)C1(c2ccccc2)CCN(CCCNC(=O)N2C(=O)NC3=C(C(=O)OC3)C2c2ccc3c(c2)OCO3)CC1,1,NaN,0
1173,c1ccc(-c2ccno2)c(NCC2=NCCN2)c1,1,1,1
1174,COC(=O)c1cc(C(O)CN2CCN(c3ccccc3C)CC2)ccc1O,1,1,1
1175,COc1ccccc1OCCNCC1CSC(c2ccccc2)(c2ccccc2)S1,1,NaN,1
1176,C=Cc1sc2ccc(Cl)c3c2c1CN(C)CC3,1,1,1
1177,Cc1cccc(OCCOCCN2CCN(CCc3ccccc3)CC2)c1C,1,1,NaN
1178,COCCNc1ccc(C(=O)N2CCC(N3CCC[C@@H](C)C3)CC2)cn1,1,1,NaN
1179,O=C(c1cccc(CN2CCc3c([nH]c4ccccc34)C2)c1)N1CCCCC1,1,1,1
1180,COc1ccccc1N1CCN(CCN(C(=O)C23CCC(CF)(CC2)C3)c2ccccn2)CC1,1,1,1
1181,O=S(=O)(NC1CCC(N2CCN(c3ccccc3OCC3CC3)CC2)CC1)c1cc(Cl)ccc1F,1,NaN,1
1182,O=S(=O)(N[C@H]1CC[C@@H](N2CCN(c3ccccc3OCC3CC3)CC2)CC1)c1cc(Cl)ccc1F,1,NaN,1
1183,COc1ccc(C(F)(F)F)cc1S(=O)(=O)N[C@H]1CC[C@@H](N2CCN(c3ccccc3OC(C)C)CC2)CC1,1,NaN,1
1184,[C-]#[N+]c1ccccc1N1CCN(CCc2ccc(CN3C(=O)c4ccccc4C3=O)cc2)CC1,1,1,1
1185,CO/C(O)=C1\C(C)=NC(C)=C(C(=O)NCCCN2CCC(c3ccccc3)(c3ccccc3)CC2)C1c1ccc2ccccc2c1,1,1,NaN
1186,COc1ccccc1N1CCN(CC2CO[C@@H](c3cccc4ccccc34)O2)CC1,1,1,NaN
1187,O[C@@H]1[C@H](NC[C@H]2COc3ccccc3O2)CC[C@H]1Oc1ccccc1,1,1,1
1188,COc1ccc(Cl)cc1N1CCN(CCCCN2C(=O)CC(c3ccccc3)CC2=O)CC1,1,NaN,1
1189,COC(=O)C1=C(C)NC(C)=C(C(=O)NCCCN2CCC(c3ccccc3)(c3ccccc3)CC2)C1c1ccc2ccccc2c1,1,1,NaN
1190,c1ccc(OCCNCC2COC(c3ccccc3)(c3ccccc3)O2)cc1,1,1,1
1191,CC(C)Oc1ccccc1N1CCN(C2CCC(N3C(=O)c4c(F)c(F)c(F)c(F)c4C3=O)CC2)CC1,1,0,1
1192,Fc1ccc(N2CCN(CCC3OCCc4ccccc43)CC2)cc1,1,1,1
1194,CC(C)Oc1ccccc1N1CCN(CCOC(=O)CN2CCCCC2=O)CC1,1,0,NaN
1195,c1ccc2c(c1)OCC(CNCC1CCN(c3cccc4c3OCCO4)CC1)O2,1,1,1
1196,COCCOCCOc1ccc(NC(=O)NCCCN2CCN(c3ccccc3OC)CC2)c(-c2ccccc2)c1,1,1,NaN
1197,O=S(=O)(N[C@H]1CC[C@H](N2CCC(c3ccccc3OCC(F)(F)F)CC2)CC1)c1ccc(OC(F)F)cc1,1,NaN,1
1198,COc1ccccc1N1CCN(CC(O)c2ccc(O)c(C(N)=O)c2)CC1,1,1,1
1199,CCCNC(=O)CC1CCN(c2nc(N)c3cc(OC)c(OC)cc3n2)CC1,1,1,1
1200,CCc1ccc(OCC(F)(F)F)c(OCCNC(C)Cc2cc3c(c(C(N)=O)c2)N(CCCO)CC3)c1,1,NaN,NaN
1201,O=C(NCCCCN1CCN(c2ccccc2F)CC1)c1ccc2ccccc2c1,1,1,NaN
1202,c1ccc(OCCNCC2CCOC(c3ccccc3)(c3ccccc3)O2)cc1,1,1,1
1203,COc1ccccc1N1CCN(C[C@H]2CCC(c3ccccc3)(c3ccccc3)[C@H]2O)CC1,1,NaN,1
1204,O=C(C1CCCCC1)N(CCN1CC=C(c2ccccc2)CC1)c1ccccn1,1,NaN,NaN
1205,C[C@@H]1CCCN(C2CCN(C(=O)c3ccc(N4CCOCC4)nc3)CC2)C1,1,1,NaN
1206,O=C(CCCN1C2CCC1CC(O)(c1ccc(Cl)cc1)C2)c1ccc(F)cc1,1,1,NaN
1207,CN1CCC[C@H]1Cn1nc(Cc2ccc(Cl)cc2)c2ccccc2c1=O,1,1,NaN
1208,O=C1OC2(CCN(c3nc4cc(Br)ccc4[nH]3)CC2)CN1c1ccccc1,1,1,NaN
1209,COc1ccccc1N1CCN(CC2CCC(c3ccccc3)(c3ccccc3)C2=O)CC1,1,NaN,NaN
1210,Cc1cc2c(s1)CCC(CN[C@@H]1CC[C@@H](Oc3ccccc3)[C@H]1O)C2=O,1,1,1
1211,O=c1c2ccccc2c(Cc2ccc(Cl)cc2)nn1C[C@H]1CCCN1CCCCc1ccc(OCCCN2CCCCCC2)cc1,1,1,NaN
1212,CCc1ccc(C(CCN2CCN(c3ccccc3OC)CC2)Oc2ccc(C(=O)Nc3ccccc3OCCCC(=O)O)cc2)cc1,1,1,1
1213,Cc1cccc(N2CCN(CCCCNc3ccccn3)CC2)c1C,1,1,NaN
1214,COc1ccccc1N1CCN(Cc2ccc(CN3CCCC3=O)s2)CC1,1,1,1
1215,O=C(NCCN1CCN(c2cccc3c2OCCO3)CC1)c1ccc(F)cc1,1,1,NaN
1216,O=C(c1ccc(F)c(Cl)c1)N1CCC(F)(CNCCNc2ccccn2)CC1,1,1,NaN
1217,COc1ccc(S(=O)(=O)NC2CCC(N3CCC(c4ccccc4OCCF)CC3)CC2)cc1OC,1,0,1
1218,COCC1=C(C(=O)OC)[C@H](c2ccc(F)c(F)c2)N(C(=O)NCCCN2CCC(c3cccc(NC(C)=O)c3)CC2)C(=O)N1,1,1,NaN
1219,COc1ccccc1N1CCN(C[C@@H]2CO[C@@](CN3C(=O)CCC3=O)(c3ccccc3)O2)CC1,1,NaN,1
1220,NC(=Nc1ccccc1)N1CCN(C=C2N=C(c3cccc4ccccc34)OC2=O)CC1,1,1,NaN
1221,N=C(Nc1ccccc1)N1CCN(/C=C2/N=C(c3cccc4ccccc34)OC2=O)CC1,1,NaN,NaN
1222,COC[C@H]1CCCN1c1ncc(C(=O)N2CCC(N3CCC[C@@H](C)C3)CC2)cn1,1,1,NaN
1223,CN1CCc2c(sc3ncn(CCN4CCN(c5nccc6ccccc56)CC4)c(=O)c23)C1,1,1,1
1224,O=C1Nc2ccccc2C1CCCCN1CCN(c2ccc(Cl)cc2)CC1,1,1,NaN
1225,O=C(NCCCCN1CCN(c2cccc(Cl)c2Cl)CC1)c1ccc(I)s1,1,1,1
1226,CC1=C(C(=O)NCC(C)CN2CCC(C#N)(c3ccccn3)CC2)[C@@H](c2ccc(F)c(F)c2)CC(=O)N1,1,1,0
1227,Cc1ccc2c(c1)N1OC(CN(C)C)CC1c1ccccc1C2,1,1,NaN
1228,COc1cccc2c1CCCC2CCCN1CCN(c2ccccc2)CC1,1,1,NaN
1229,[11CH3]Oc1cccc2c1CCCC2CCCN1CCN(c2ccccc2)CC1,1,NaN,NaN
1230,COc1ccc(S(=O)(=O)N[C@H]2CC[C@H](N3CCC(c4cc(F)ccc4OC(C)C)CC3)CC2)cc1OC,1,NaN,1
1231,O=C(CCCN1CCC(c2noc3cc(F)ccc23)CC1)c1cc2c3c(c1)CCN3C(=O)CC2,1,1,NaN
1232,O=C1CC2(C=CN1CCN1CCN(c3ccccc3Cl)CC1)CCCC2,1,1,NaN
1233,CCSc1ccccc1NCC1=NCCN1,1,1,1
1234,COc1ccc(N2CCC(CNCC3COc4ccccc4O3)CC2)cc1,1,1,1
1235,COC(=O)C1(c2ccccc2)CCN(CCCCN2C(=O)c3cc(Cl)ccc3S2(=O)=O)CC1,1,0,0
1236,CN(C)CC1CC2c3ccccc3Cc3ccc(F)cc3N2O1,1,1,NaN
1237,COc1ccccc1OCCNCCOC(c1ccccc1)c1ccccc1,1,0,1
1238,COc1ccccc1N1CCN(C[C@H]2CCC(c3ccccc3)(c3ccccc3)[C@@H]2O)CC1,1,NaN,1
1239,O=C1OC2(CCN(CCc3cccc4ccccc34)CC2)Cc2ccccc21,1,NaN,1
1240,O=C1Cc2cc(CCN3CCN(c4cccc5ccccc45)CC3)ccc2N1,1,1,1
1241,O=C(NCCCCN1CCN(c2cccc(F)c2F)CC1)c1cc2ccc1CCc1ccc(cc1)CC2,1,1,1
1242,CC(C)Oc1ccccc1N1CCN(C2CCC(NS(=O)(=O)c3cc(Cl)ccc3F)CC2)CC1,1,0,1
1243,CC(C)Oc1ccccc1N1CCN([C@H]2CC[C@@H](NS(=O)(=O)c3cc(Cl)ccc3F)CC2)CC1,1,NaN,1
1244,c1ccc(-c2ncco2)c(NCC2=NCCN2)c1,1,1,1
1245,Clc1cccc(N2CCN(CCCCNc3ccc4ccccc4n3)CC2)c1Cl,1,1,NaN
1246,COc1ccccc1OCCNCC1(F)CCN(C(=O)c2ccc(Cl)c(Cl)c2)CC1,1,1,NaN
1247,O=C1CCc2ccc(CC3C4CCC3CN(C[C@@H]3COc5c(ccc6c5CC(=O)N6)O3)C4)cc2N1,1,1,1
1248,CS(=O)(=O)c1ccccc1N1CCN(CCc2ccc(CN3C(=O)c4ccccc4C3=O)cc2)CC1,1,1,1
1249,CC(C)Oc1ccccc1N1CCN(C2CCC(NC(=O)NCc3cccc(F)c3)CC2)CC1,1,NaN,1
1250,O=C(NCCCCN1CCN(c2ccccc2O)CC1)c1ccc2ccccc2c1,1,1,NaN
1251,COc1ccccc1N1CCN(CCCN2C(=O)CC(c3ccccc3)CC2=O)CC1,1,NaN,1
1252,c1ccc(-c2ccccc2OCC2=NCCN2)cc1,1,NaN,1
1253,c1ccc(N2CCC(CNCC3COc4ccccc4O3)CC2)cc1,1,1,1
1254,COC(=O)C1(c2ccccc2)CCN(CCCNC(=O)C(C)c2ccc([N+](=O)[O-])cc2)CC1,1,0,0
1255,O=C1CC(c2ccccc2)CC(=O)N1CCCN1CCN(c2ccccc2Cl)CC1,1,NaN,1
1256,COc1ccccc1N1CCN(CCCCNC(=O)c2cnn3ccccc23)CC1,1,1,1
1257,CCOc1ccc2cccc(N3CCN(CCCCn4ncc(=O)n(C)c4=O)CC3)c2c1,1,1,1
1258,N#CCc1ccc(N2CCN(CCn3c(=O)[nH]c4c([nH]c5ccccc54)c3=O)CC2)cc1,1,1,0
1259,CN(C)C1C=CC2(CC1)c1ccccc1C=Cc1ccc(Cl)cc12,1,1,NaN
1260,COc1ccccc1N1CCN(CC2COC3(CCNCC3)O2)CC1,1,1,1
1261,COc1ccccc1CCCNCC1COC(c2ccccc2)(c2ccccc2)O1,1,1,1
1262,O=C1CC(c2ccc(Cl)cc2)CC(=O)N1CCCN1CCN(c2ccccc2Cl)CC1,1,NaN,1
1263,COc1cc2nc(N3CCN(C(=O)c4ccccn4)[C@H]4CCCC[C@H]43)nc(N)c2cc1OC,1,1,1
1264,COc1ccccc1N1CCN(CCCSc2nnc(-c3ccccc3)n2C)CC1,1,1,NaN
1265,O=C(NCCCCN1CCN(c2cccc(Cl)c2Cl)CC1)c1cc2cc(I)ccc2s1,1,1,1
1266,O=C1c2ccccc2C(=O)N1Cc1ccc(CCN2CCN(c3ccccn3)CC2)cc1,1,1,1
1267,CS(=O)(=O)c1ccccc1CCCNCCOc1cc(F)ccc1Cl,1,1,1
1268,O=C(NCCCCN1CCN(c2ccccc2)CC1)c1ccc2ncccc2c1,1,1,1
1269,N#CC1(c2ccccc2)CCN(CCCNC(=O)C(c2ccccc2)C2CCCC2)CC1,1,0,0
1270,c1cncc(-c2ccccc2OCC2=NCCN2)c1,1,NaN,1
1271,CN1CCC[C@@H]1Cn1nc(Cc2cccc(F)c2)c2ccccc2c1=O,1,NaN,NaN
1272,CCCCN1CCC[C@@H]1Cn1nc(Cc2ccc(Cl)cc2)c2ncccc2c1=O,1,1,NaN
1273,COc1ccccc1OCCNCC[C@@H]1CO[C@H](C(c2ccccc2)c2ccccc2)O1,1,1,1
1274,COCC(=O)NCCN1CCC[C@@H]1Cn1nc(Cc2ccc(Cl)cc2)c2ccccc2c1=O,1,1,NaN
1275,COCCCC(=O)NCCN1CCC[C@@H]1Cn1nc(Cc2ccc(Cl)cc2)c2ccccc2c1=O,1,1,NaN
1276,O=C(O)CCc1ccc2cc(Cc3ccccc3)cc(N3CCN(CCc4ccc(OCCCN5CCCCCC5)cc4)CC3)c2n1,1,NaN,NaN
1277,O=C(NCCCCN1CCN(c2cccc(Cl)c2)CC1)c1ccc2ccccc2c1,1,1,NaN
1278,CCN(CC)c1ccc2cc(-n3cc(CN4CCN(c5nc(N)c6cc(OC)c(OC)cc6n5)CC4)nn3)c(=O)oc2c1,1,1,1
1279,Cc1cc2c(s1)CCC(CN[C@H]1CC[C@@H](Oc3ccccc3)[C@H]1O)C2=O,1,1,1
1280,O=C1CC2(CCN(CCc3cccc4ccccc34)CC2)Oc2ccccc21,1,1,1
1281,CC(C)Oc1ccccc1N1CCN(CCN(C)C(=O)CN2CCCCC2=O)CC1,1,0,NaN
1282,CC1(C)CN(c2ccc(C(=O)N3CCC(N4CCc5ccccc5C4)CC3)cn2)CCO1,1,1,NaN
1283,O=C(c1ccc(N2CC3(C2)CS(=O)(=O)C3)nc1)N1CCC(N2CCc3ccccc3C2)CC1,1,1,NaN
1284,O=C1CCc2ccccc2N1CCCN1CCN(c2ccccc2)CC1,1,1,1
1285,c1ccc(OCCNCC2CCC(c3ccccc3)(c3ccccc3)O2)cc1,1,NaN,1
1286,COc1ccc(Cl)cc1N1CCN(CCn2c(=O)[nH]c3c(sc4ccccc43)c2=O)CC1,1,1,1
1287,CC(C)C1=C(C(N)=O)C(c2ccc([N+](=O)[O-])cc2)C(C(=O)NCCCN2CCC(c3ccccc3)(c3ccccc3)CC2)=C(C(C)C)N1,1,NaN,NaN
1288,C[C@@H]1CCCN(C2CCN(C(=O)c3cnc(N4CCOCC4)nc3)CC2)C1,1,1,NaN
1289,COc1ccc(S(=O)(=O)N[C@H]2CC[C@H](N3CCN(c4ccccc4OCC(F)(F)F)CC3)CC2)cc1OC,1,1,1
1290,O=C1CC2(CCCC2)C(=O)N1CCN1CCN(c2cc(Cl)ccc2Cl)CC1,1,1,NaN
1291,CC(C)(C)[C@]1(O)CCN2C[C@H]3c4ccccc4CCc4cccc(c43)[C@@H]2C1,1,1,NaN
1292,c1ccc2c(c1)CCC1(CCN(CCc3cccc4ccccc34)CC1)O2,1,1,1
1293,COc1cc2nc(N3CCC(CC(=O)NCC4CC4)CC3)nc(N)c2cc1OC,1,1,1
1294,Oc1ccc(C[C@H]2CCCN2CCCCCCN2CCC[C@@H]2Cc2ccc(O)c(O)c2)cc1O,1,1,1
1295,CC1=C(C#N)C(c2ccc([N+](=O)[O-])cc2)C(C(=O)NCCCN2CCC(c3ccccc3)(c3ccccc3)CC2)=C(C)N1,1,NaN,NaN
1296,CC(Nc1nccc(NCCOc2ccc(F)cc2)n1)c1ccccc1,1,1,1
1297,CCc1ccc(OCCNC(C)Cc2cc3c(c(C(N)=O)c2)N(CCCO)CC3)c(OC)c1,1,NaN,1
1298,c1ccc2c3c([nH]c2c1)CN1CCc2cc4c(cc2[C@@H]1C3)OCO4,1,1,0
1299,CC(C)Sc1ccccc1NCC1=NCCN1,1,NaN,NaN
1300,COc1ccccc1N1CCN(CC2CSC3(CCCCC3)O2)CC1,1,NaN,1
1301,COc1ccc(N2CCN(CCc3ccc(COc4ccc5c(c4)CCCC5)cc3)CC2)cc1,1,1,1
1302,CCc1sc2ccc(Cl)c3c2c1CN(C)CC3,1,1,1
1303,Clc1cccc(N2CCN(CCCCNc3cc(-c4ccccc4)ccn3)CC2)c1Cl,1,1,NaN
1304,COC1CCN(c2ccc(C(=O)N3CCC(N4CCc5cc(F)ccc5C4)CC3)cn2)C1,1,1,NaN
1305,Cc1cc(C)c(OCCNC(C)Cc2cc3c(c(C(N)=O)c2)N(CCCO)CC3)c(C)c1,1,NaN,NaN
1306,CC(C)Oc1ccccc1N1CCN(C2CCC(NS(=O)(=O)c3ccc(OC(F)(F)F)cc3)CC2)CC1,1,NaN,1
1307,c1ccc(OCCNCCC2COC(c3ccccc3)(c3ccccc3)O2)cc1,1,1,1
1308,CC1=C(C(=O)NCCCN2CCC(c3ccccc3)(c3ccccc3)CC2)C(c2ccc([N+](=O)[O-])cc2)C(C(=O)N(C)C)=C(C)N1,1,0,0
1309,COC(=O)C1(c2ccccc2)CCN(CCCNC(=O)C2=C(C)NC(C)=C(C(=O)O)C2c2ccc([N+](=O)[O-])cc2)CC1,1,0,NaN
1310,COc1cccnc1OCCNCC1(F)CCN(C(=O)c2ccc(F)c(Cl)c2)CC1,1,1,NaN
1311,CCOC(=O)C1CCC(=O)N1CC(=O)CCN1CCN(c2ccccc2OC(C)C)CC1,1,1,NaN
1312,Cn1c(=O)c2c(ncn2CCCN2CCN(C(c3ccc(F)cc3)c3ccc(F)cc3)CC2)n(C)c1=O,1,1,1
1313,COC(=O)C1(c2ccccc2)CCN(CCCNC(=O)C2=C(C)N=C(C)C(C(=O)O)C2c2ccc([N+](=O)[O-])cc2)CC1,1,1,NaN
1314,Clc1ccc(N2CCN(Cc3cn4ccccc4n3)CC2)cc1,1,1,1
1315,Clc1cccc(N2CCN(CCCCNc3nccc4ccccc34)CC2)c1Cl,1,1,NaN
1316,COc1ccccc1N1CCN(CC2COC3(CCN(C(C)=O)CC3)O2)CC1,1,0,1
1317,COc1ccccc1OCCNCC[C@H]1CO[C@H](C(c2ccccc2)c2ccccc2)O1,1,1,1
1318,Clc1ccc(N2CCN(Cc3cn4ccccc4n3)CC2)cc1Cl,1,1,1
1319,N#CC1(c2ccccc2)CCN(CCCNC(=O)C(c2ccccc2)C2CCCCC2)CC1,1,0,0
1320,Cc1ccccc1N1CCN(CC(O)c2ccc(O)c(C(=O)NCC(C)(C)C)c2)CC1,1,1,1
1321,CCC(CO)Nc1ccc(C(=O)N2CCC(N3CCC[C@@H](C)C3)CC2)cn1,1,1,NaN
1322,COC(=O)C1(c2ccccc2)CCN(CCNC(=O)N2C(=O)NC3=C(C(=O)OC3)C2c2ccc(F)c(F)c2)CC1,1,0,0
1323,CC1=NC(C)=C(C(=O)NCCCN2CCC(C)(c3ccccc3)CC2)C(c2ccc([N+](=O)[O-])cc2)C1C(N)=O,1,1,NaN
1324,CC1=C(C(N)=O)C(c2ccc([N+](=O)[O-])cc2)C(C(=O)NCCCN2CCC(C)(c3ccccc3)CC2)=C(C)N1,1,NaN,NaN
1325,Clc1ccc2nc(-n3ccnc3)nc(NCc3ccccc3)c2c1,1,1,NaN
1326,CN1CCC[C@@H]1Cn1nc(Cc2ccc(F)cc2)c2ccccc2c1=O,1,1,NaN
1327,COc1ccccc1N1CCN(CCCN2C(=O)CC3(CCc4ccccc43)CC2=O)CC1,1,NaN,1
1328,O=C(O)/C=C/c1ccc2cccc(N3CCN(CCc4ccc(OCCCN5CCCCCC5)cc4)CC3)c2n1,1,1,NaN
1329,C[C@@H](Cc1cc2c(c(C(N)=O)c1)N(CCCO)CC2)NCCOc1cc(Cl)ccc1OCC(F)(F)F,1,NaN,1
1330,COc1ccc(Cc2nn(C[C@H]3CCCN3CCCCc3ccc(OCCCN4CCCCCC4)cc3)c(=O)c3ccccc23)cc1,1,1,NaN
1331,COc1ccccc1N1CCN(Cc2cn3nc(Cl)ccc3n2)CC1,1,1,1
1332,Cn1c(=O)cnn(CCCCN2CCN(c3ccccc3)CC2)c1=O,1,1,1
1333,Cc1cc(C(C)C)cc(C)c1CC1=NCCN1,1,1,1
1334,COC[C@H]1CCCN1c1ccc(C(=O)N2CCC(N3CCc4ccccc4C3)CC2)cn1,1,1,NaN
1335,COc1ccccc1N1CCN(CCCCNC(=O)CC2CCCCC2)CC1,1,1,NaN
1336,COc1cccc(OC)c1OCCNC[C@@H]1COc2cccc(O)c2O1,1,NaN,NaN
1337,COc1ccc2ccccc2c1OCCNC[C@H]1COc2cc3c(cc2O1)CCCC3,1,NaN,NaN
1338,O=C1c2ccccc2C(=O)N1Cc1ccc(CCN2CCN(c3ccc(C(F)(F)F)cc3)CC2)cc1,1,1,1
1339,COc1ccc(Cl)cc1NC(=O)NC1CCC(N2CCN(c3ccccc3OC(C)C)CC2)CC1,1,NaN,1
1340,Cc1cccc(N2CCN(CCc3ccc4n[nH]nc4c3)CC2)c1C,1,1,1
1341,COc1ccccc1N1CCN(CCCCN2C(=O)CC(c3ccc(Cl)cc3)CC2=O)CC1,1,NaN,1
1342,FC(F)(F)c1cccc(N2CCN(CCCCNc3nccc4ccccc34)CC2)c1,1,1,NaN
1343,COc1ccc(S(=O)(=O)N[C@H]2CC[C@H](N3CCC(c4ccccc4OCCF)CC3)CC2)cc1OC,1,0,1
1344,COc1ccc2c(NCCNc3ccnc4cc(OC)ccc34)ccnc2c1,1,1,NaN
1345,COC(=O)C1=C(C)NC(C)=C(C(=O)NCCCN2CCC(c3ccccc3)(c3ccccc3)CC2)C1c1ccc(OC(C)C)cc1,1,NaN,NaN
1346,CO/C(O)=C1\C(C)=NC(C)=C(C(=O)NCCCN2CCC(c3ccccc3)(c3ccccc3)CC2)C1c1ccc(OC(C)C)cc1,1,NaN,NaN
1347,Cc1cc2c(s1)=Nc1ccccc1NC=2N1CCN(C)CC1,1,1,NaN
1348,COc1ccccc1OCCNCC1(F)CCN(C(=O)c2ccc(F)c(Cl)c2)CC1,1,1,NaN
1349,O=C1CC2(CCCC2)CCN1CCN1CCN(c2ccccc2Cl)CC1,1,1,NaN
1350,O=C(CCCN1CCC(n2c(=O)[nH]c3ccccc32)CC1)c1ccc(F)cc1,1,NaN,NaN
1351,CC(Cc1cc2c(c(C(N)=O)c1)N(CCCO)CC2)NCCOc1ccc(F)cc1Br,1,NaN,1
1352,C1=CC2(CCN(CCc3cccc4ccccc34)CC2)Oc2ccccc21,1,1,NaN
1353,CNC(=O)c1cc(OCCCCN2CCN(c3nsc4ccccc34)CC2)ccn1,1,1,NaN
1354,C[C@@H]1CCCN(C2CCN(C(=O)c3cnc(N4CCS(=O)(=O)CC4)cn3)CC2)C1,1,1,NaN
1355,CCC1(CCCCN2CCN(c3ccc(Cl)cc3)CC2)C(=O)Nc2cc(F)ccc21,1,1,NaN
1356,CC(C)C(C(=O)NCCCN1CCC(C#N)(c2ccccc2)CC1)c1ccccc1,1,0,0
1357,FC(F)(F)c1cccc(N2CCN(CCCCNc3nc(-c4ccccc4)cs3)CC2)c1,1,1,NaN
1358,Cc1cccc2c1CCC2c1cnc[nH]1,1,1,1
1359,CN1CCN2c3c(cccc31)[C@@H]1C[NH+](CCCC(=O)c3ccc(F)cc3)CC[C@@H]12,1,1,NaN
1360,COc1ccccc1N1CCC(CNC[C@@H]2COc3ccccc3O2)CC1,1,1,1
1361,COC(=O)C1(c2ccccc2)CCN(CCCNC(=O)Cc2ccc(C)cc2)CC1,1,1,0
1362,COc1ccccc1N1CCN(CCN(C(=O)C23CCC(CF)(CC2)CC3)c2ccccn2)CC1,1,NaN,1
1363,COc1cccc2c(NCCCCCCCNc3ccnc4c(OC)cccc34)ccnc12,1,NaN,NaN
1364,O=C1CCCN1CCN1CCN(c2ccccc2Cl)CC1,1,1,1
1365,CCCN1CCC(COc2nc3scc(C)c3n3cccc23)CC1,1,1,1
1366,COc1ccccc1OCCNC1COC(c2ccccc2)(c2ccccc2)CO1,1,1,NaN
1367,COc1ccccc1OCCNC[C@@H]1COC(c2ccccc2)(c2ccccc2)CO1,1,1,NaN
1369,CSc1ccccc1OCCNCC1(F)CCN(C(=O)c2ccc(Cl)c(Cl)c2)CC1,1,1,NaN
1370,COC(=O)C1(c2ccccc2)CCN(CCCNC(=O)Cc2ccc([N+](=O)[O-])cc2)CC1,1,0,0
1371,COc1cccc(F)c1OC1CN(Cc2cnn(-c3ccccc3)c2C)C1,1,1,NaN
1372,c1ccc2c3c([nH]c2c1)C1c2[nH]c4ccccc4c2CCN1CC3,1,1,1
1373,Cc1ccc(C2(c3ccc(C)cc3)OC(=O)N(CCCN3CCC(C#N)(c4ccccc4C)CC3)C2=O)cc1,1,1,0
1374,CCCNC(=O)c1ccccc1NCc1c[nH]cn1,1,NaN,1
1375,O[C@@H]1[C@H](NC[C@@H]2COc3ccccc3O2)CC[C@H]1Oc1ccccc1,1,1,1
1376,O=C1C(=Nc2cccc(C(F)(F)F)c2)c2ccccc2N1c1cccc(OCCN2CCCC2)c1,1,NaN,NaN
1377,COc1ccccc1N1CCN(CCN(C(=O)C23C4C5C2C2C3C4C52I)c2ccccn2)CC1,1,NaN,1
1378,O=C1/C(=N/c2cccc(C(F)(F)F)c2)c2ccccc2N1c1cccc(OCCN2CCCC2)c1,1,1,NaN
1379,c1ccc2c(c1)CCN1CCc3c([nH]c4ccccc34)C21,1,1,1
1380,CC(C)Oc1ccccc1N1CCN(Cc2cc(CN3CCCCC3=O)nc(N)n2)CC1,1,1,0
1381,COc1ccccc1OCCNCCCCCCN[C@H]1CCc2c(ccc(O)c2O)C1,1,1,1
1382,COc1ccccc1NC(=O)c1ccc(OCCCN2CCN(c3ccccc3OC)CC2)cc1,1,1,1
1383,c1cnc2c(N3CCN(CCCCc4ccc(OCCCN5CCCCCC5)cc4)CC3)cccc2c1,1,1,NaN
1384,O=C(NCCN1CCC[C@@H]1Cn1nc(Cc2ccc(Cl)cc2)c2ccccc2c1=O)C1CCCC1,1,1,NaN
1385,COc1ccccc1N1CCN(CCCCOc2ccc(C(=O)Nc3ccccc3OCCCC(=O)O)cc2)CC1,1,1,1
1386,COc1ccccc1N1CCN(CCC(Oc2ccc(NC(=O)c3ccccc3OCCCC(=O)O)cc2)c2ccccc2)CC1,1,1,1
1387,COc1ccccc1N1CCN(CCC(Oc2ccc(NC(=O)c3ccccc3OCCCC(=O)O)cc2)c2ccc(C)cc2)CC1,1,1,1
1388,Cc1cc2c(s1)Nc1ccccc1N=C2N1CCNCC1,1,1,1
1389,O=C(Cc1ccc(OC2CCNCC2)cc1OCCF)N1CCC(N2C(=O)CCc3ccccc32)CC1,1,NaN,NaN
1390,COc1c(Cl)cccc1N1CCN(CCCCNC(=O)c2cc3ccc2CCc2ccc(cc2)CC3)CC1,1,1,1
1391,COc1ccccc1N1CCN(CCCCNC(=O)N2CCOCC2)CC1,1,1,NaN
1392,CCC1=C(C(N)=O)C(c2ccc(F)cc2F)N(C(=O)N2CCC(N3CCC(C(=O)OC)(c4ccccc4)CC3)CC2)C(=O)N1,1,0,0
1393,COc1ccccc1N1CCN(CCN(C(=O)C2CCCCC2)c2ccccc2[N+](=O)[O-])CC1,1,1,1
1394,c1ccc(-c2ccccc2NCC2=NCCN2)nc1,1,1,1
1395,COc1cc2nc(N3CCN(C(=O)C4COc5ccccc5O4)[C@H]4CCCC[C@@H]43)nc(N)c2cc1OC,1,1,1
1396,CC(C)Oc1ccccc1N1CCN(Cc2nc(CN3C(=O)CC4(CCCC4)CC3=O)co2)CC1,1,1,0
1397,COCc1c(Cl)ccc2c1CC[C@H]2c1ncc[nH]1,1,1,NaN
1398,CC(C)Oc1cc(F)ccc1N1CCN(CCNC(=O)CN2CCCCC2=O)CC1,1,0,0
1399,COc1ccccc1OCCNCC(CO)OC(c1ccccc1)c1ccccc1,1,1,1
1400,COc1cccc(OCCNCC2COC(c3ccccc3)(c3ccccc3)O2)c1OC,1,NaN,NaN
1401,COc1cc2nc3c(c(N)c2cc1OC)CCC(CNC(=O)c1ccc(C(F)(F)F)cc1)C3,1,1,1
1402,COC(=O)[C@H]1[C@H]2C[C@H]3c4[nH]c5ccccc5c4CCN3C[C@@H]2CC[C@@H]1O,1,NaN,NaN
1403,O=C1CCCCCN1Cc1cc(CN2CCN(c3ccccc3Oc3ccccc3)CC2)on1,1,1,NaN
1404,O=C1CC2(CCCC2)CC(=O)N1CCN1CCN(c2cc(F)ccc2Cl)CC1,1,1,NaN
1405,COc1ccccc1OCCNC[C@@H]1COC[C@@H](c2ccccc2)O1,1,NaN,1
1406,COc1cc(-c2ccccc2)ccc1OCCNC[C@H]1COc2ccccc2O1,1,NaN,NaN
1407,CCCCN1CCC(COC(=O)c2cc(F)c(N)c3c2OCCO3)CC1,1,0,0
1408,N#Cc1ccc2nn(CCCCN3CCN(c4cccc5sccc45)CC3)c(=O)n2c1,1,1,NaN
1409,O=C(CN1CCN(Cc2ccc(Cl)cc2)CC1)N1CCc2ccccc21,1,1,1
1410,CC(C)Oc1ccccc1N1CCN(CC2=NOC(CN3CCCCC3=O)C2)CC1,1,1,0
1411,Cc1ccccc1N1CCN(CCN2CCCC2=O)CC1,1,1,1
1412,c1ccc(OCCNCC[C@H]2CO[C@H](C(c3ccccc3)c3ccccc3)O2)cc1,1,NaN,1
1413,COc1cccc(OC)c1OCCNC[C@@H]1COC(c2ccccc2)(c2ccccc2)CO1,1,NaN,NaN
1414,N#Cc1ccc(N2CCN(CCc3ccc(CN4C(=O)c5ccccc5C4=O)cc3)CC2)cc1,1,1,1
1415,O=C1c2ccccc2C(=O)N1Cc1ccc(CCN2CCN(c3ccc(F)cc3F)CC2)cc1,1,1,1
1416,O=C1c2ccccc2S(=O)(=O)N1CCCCN1CCC(n2c(=O)oc3cc4c(cc32)CCCC4)CC1,1,NaN,NaN
1417,CC(C)(C)c1ccc(C2=NCCN2)cc1,1,1,NaN
1419,CS(=O)(=O)Nc1cccc(OCCN2CCC(Oc3ccc4c(c3)NC(=O)CC4)CC2)c1,1,1,1
1420,COc1ccccc1N1CCN(CC2COC3(CCCCC3)O2)CC1,1,NaN,NaN
1421,NC(=O)c1cc(C(O)CN2CCN(c3ccccc3)CC2)ccc1O,1,1,1
1422,COc1cccc(OCCNCC2COC(c3ccccc3)(c3ccccc3)O2)c1,1,1,1
1423,Cc1cc2c(s1)CCC(CN[C@H]1CC[C@@H](Oc3ccccc3)[C@@H]1O)C2=O,1,1,1
1424,CC(Cc1ccc(O)cc1)CN1CCC(Cc2ccccc2)CC1,1,1,1
1425,COc1ccc(NC(=O)NC2CCC(N3CCN(c4ccccc4OC(C)C)CC3)CC2)c(OC)c1,1,NaN,1
1426,Cc1cc(OCCCN2CCN(c3ccccc3)CC2)ccc1Cl,1,1,NaN
1427,Fc1ccc([Si]2(c3ccc(F)cc3)CCC(N3CCN(c4ccccc4)CC3)C2)cc1,1,1,1
1428,c1ccc2c(N3CCN(CCc4ccc5c(c4)NCN5)CC3)cccc2c1,1,1,1
1429,Clc1ccccc1N1CCC(CNCC2COc3ccccc3O2)CC1,1,1,1
1430,Cc1ccc(C)c(N2CCN(CCN3C(=O)CC4(CCCC4)CC3=O)CC2)c1,1,NaN,NaN
1431,N=CCC(O)CC1CCN(c2ccccc2Oc2ccccc2)CC1,1,1,NaN
1432,COc1cc2nc3c(c(N)c2cc1OC)CCC(CNC(=O)c1ccco1)C3,1,1,1
1433,COc1ccc(Cl)cc1N1CCN(CCCCN2C(=O)CC(C)(c3ccccc3)CC2=O)CC1,1,NaN,1
1434,O=C1c2ccccc2C(=O)N1Cc1ccc(CCN2CCN(c3ccccc3F)CC2)cc1,1,NaN,0
1435,COc1ccccc1NC(=O)NC1CCC(N2CCN(c3ccccc3OC(C)C)CC2)CC1,1,NaN,1
1436,Clc1cccc(N2CCNCC2)c1,1,1,NaN
1437,COc1ccccc1N1CCN(Cc2cn3ccccc3n2)CC1,1,1,1
1438,COc1ccccc1N1CCN(CCCNC(=O)CN2CCCCC2=O)CC1,1,0,0
1439,CCOC(=O)[C@H]1CN(CCCCN2C(=O)c3cc(Cl)ccc3S2(=O)=O)CC[C@H]1c1ccccc1,1,1,0
1440,CN1CCC(Cn2nc(Cc3ccc(Cl)cc3)c3ccccc3c2=O)C1,1,1,NaN
1441,O=C1OC2(CCN(c3nc4ccccc4[nH]3)CC2)CN1c1ccccc1,1,1,NaN
1442,CC(=O)CC(=O)NCCCN1CCC(c2ccccc2)(c2ccccc2)CC1,1,1,NaN
1443,COC(=O)c1cc(C(O)CN2CCN(c3ccccc3OC)CC2)ccc1OC,1,1,1
1444,COc1cccc(OC)c1OCCNC[C@@H]1COc2cc3c(cc2O1)CCCC3,1,NaN,NaN
1445,CN(CCCN1c2ccccc2CCc2ccccc21)CC(=O)c1ccc(Cl)cc1,1,1,NaN
1446,COc1cccc(OC)c1OCCNCC1COC(c2ccccc2)(c2ccccc2)O1,1,1,NaN
1447,O=C1OC2(CCN(c3nc4cc(F)ccc4[nH]3)CC2)CN1c1ccccc1,1,1,NaN
1448,C[C@H]([C@@H](O)c1ccc(O)cc1)N1CCC(Cc2ccccc2)CC1,1,1,NaN
1449,C[C@H](Nc1nc(N)nc(NCCOc2ccc(F)cc2)n1)c1ccc(F)cc1,1,1,1
1450,CCCCN1CCC[C@@H]1Cn1nc(Cc2ccc(Cl)cc2)c2cccnc2c1=O,1,1,NaN
1451,NC(=O)c1ccc2[nH]cc(CCCCN3CCN(c4ccc5c(c4)OCO5)CC3)c2c1,1,1,1
1452,O=C1OC2(CCN(c3nc4cc(C(F)(F)F)ccc4[nH]3)CC2)CN1c1ccccc1,1,1,NaN
1453,COc1ccccc1N1CCN(CCCOc2ccc(C(=O)Nc3ccccc3OCCCC(=O)O)cc2)CC1,1,1,1
1454,COc1ccccc1N1CCN(CCCCCCOc2ccc(C(=O)Nc3ccccc3OCCCC(=O)O)cc2)CC1,1,1,1
1455,CCOC(=O)[C@H]1CN(CCCCN2C(=O)c3cc(Cl)ccc3S2(=O)=O)CC[C@@H]1c1ccccc1,1,0,NaN
1456,O=c1c2ccccc2c(Cc2ccc(Cl)cc2)nn1C1CCCN(Cc2ccc(OCCCN3CCCCCC3)cc2)CC1,1,NaN,NaN
1457,O=c1c2ccccc2c(Cc2ccc(O)cc2)nn1C[C@H]1CCCN1CCCCc1ccc(OCCCN2CCCCCC2)cc1,1,NaN,NaN
1458,CC(C)Oc1ccccc1N1CCN([C@H]2CC[C@H](NS(=O)(=O)c3ccc(OC(F)(F)F)cc3)CC2)CC1,1,NaN,NaN
1459,COc1ccccc1N1CCN(CCC(Oc2ccc(C(=O)Nc3ccccc3OCCCC(=O)O)cc2)c2ccc(Br)cc2)CC1,1,1,1
1460,CSc1ccccc1NCC1=NCCN1,1,1,1
1461,Cc1ccn2c(=O)c(CCN3CCc4oc5ccccc5c4C3)c(C)nc2c1,1,1,NaN
1462,c1ccc(-c2ccccc2OCC2=NCCN2)nc1,1,NaN,NaN
1463,COc1cccn2c(=O)c(CCN3CCc4oc5ccccc5c4C3)c(C)nc12,1,1,NaN
1464,CNC(=O)c1cc(OCCCCN2CCC(c3noc4cc(F)ccc34)CC2)ccc1F,1,1,NaN
1465,Cc1nc2n(c(=O)c1CCN1CCN(c3cccc4sccc34)CC1)CCCC2F,1,1,NaN
1466,O=C1[C@@H]2[C@H]3CC[C@H](C3)[C@@H]2C(=O)N1CCCCN1CCN(c2cccc3sccc23)CC1,1,1,NaN
1467,COc1ccc2[nH]c3c(c2c1)CC1c2cc(OCc4ccccc4)c(OC)cc2CCN1C3,1,NaN,1
1468,c1ccc2c3c([nH]c2c1)CN1CCc2cc4c(cc2C1C3)OCO4,1,0,0
1469,N#Cc1ccc(N2CCN(CCc3ccc(CN4C(=O)c5ccccc5C4=O)cc3)CC2)c(F)c1,1,1,1
1470,O=C1CCCN1CCCCN1CCN(c2ccccc2Cl)CC1,1,1,NaN
1471,CC(=O)c1ccc2c(c1)N(CCCN1CCC(CCO)CC1)c1ccccc1S2,1,NaN,NaN
1472,Cc1nc2n(c(=O)c1CCN1CCN(c3cccc4sccc34)CC1)CCCC2O,1,NaN,NaN
1473,O=C1c2ccccc2C(=O)N1Cc1ccc(CCN2CCN(c3ccccc3)CC2)cc1,1,1,NaN
1474,Cc1nc2n(c(=O)c1CCN1CCN(c3cccc4sccc34)CC1)CCCC2,1,NaN,NaN
1475,CN(C)CC1CC2c3cc(F)ccc3Cc3ccc(F)cc3N2O1,1,NaN,NaN
1476,CNC(=O)c1cc(OCCCCN2CCN(c3cccc4sccc34)CC2)ccn1,1,NaN,NaN
1477,CSc1ccccc1NCc1c[nH]cn1,1,1,1
1478,O=c1[nH]c2ccccc2n1CCCNCc1cc2c(cc1Cl)OCO2,1,1,1
1479,Cc1nc2n(c(=O)c1CCN1CCN(c3cccc4sccc34)CC1)CCCC2(F)F,1,NaN,NaN
1480,O=C1[C@@H]2[C@H](C(=O)N1CCCCN1CCN(c3cccc4sccc34)CC1)[C@H]1C=C[C@@H]2C1,1,NaN,NaN
1481,O=C(c1ccc(F)cc1)C1CCN(CCn2c(=O)[nH]c3ccccc3c2=O)CC1,1,NaN,NaN
1482,CC(C)(C)c1ccc(C(=O)CCCN2CCC(OC(c3ccccc3)c3ccccc3)CC2)cc1,1,1,NaN
1483,Cc1ncoc1-c1ccccc1NCC1=NCCN1,1,1,1
1484,c1cnc(-c2ccccc2NCC2=NCCN2)nc1,1,NaN,1
1485,CNCC1CC2c3ccccc3Cc3ccccc3N2O1,1,NaN,NaN
1486,Cn1nccc1-c1ccccc1NCC1=NCCN1,1,1,1
1487,COc1cccc2[nH]c3c(c12)CC1c2cc4c(cc2CCN1C3)OCO4,1,0,0
1488,O=c1c(CCN2CCc3oc4ccccc4c3C2)c(Cc2ccccc2)nc2ccccn12,1,NaN,NaN
1489,COc1cccc(C(=O)CCN[C@@H](C)[C@H](O)c2ccccc2)c1,1,NaN,NaN
1490,CNC(=O)c1ccccc1NCC1=NCCN1,1,1,1
1491,Cc1nc2ccccn2c(=O)c1CCN1CCc2sc3ccccc3c2C1,1,NaN,NaN
1492,CC(C)OC(=O)c1ccccc1NCC1=NCCN1,1,NaN,NaN
1493,CCCOc1cc2c(cc1OC)CCN1Cc3[nH]c4ccc(OC)cc4c3CC21,1,0,0
1494,Cc1ccccc1N1CCN(CCc2ccc(CN3C(=O)c4ccccc4C3=O)cc2)CC1,1,1,0
1495,O=C1c2ccccc2C(=O)N1Cc1ccc(CCN2CCN(c3ccc(F)cc3)CC2)cc1,1,1,1
1496,Cc1ccc(N(C(=O)N(C)CCCN2CCC3(CCc4ccccc43)CC2)c2ccc(F)c(F)c2)cc1,1,NaN,NaN
1497,CN1CCC2=C(C1)c1ccccc1Cc1ccccc12,1,NaN,NaN
1498,Cc1cc(C)n2c(=O)c(CCN3CCc4oc5ccccc5c4C3)c(C)nc2c1,1,NaN,NaN
1499,COc1ccccc1OCCNCC(O)c1ccc(C)c(S(N)(=O)=O)c1,1,NaN,NaN
1500,Cc1nc2c(O)cccn2c(=O)c1CCN1CCc2oc3ccccc3c2C1,1,NaN,NaN
1501,Fc1ccc2[nH]c3c(c2c1)CC1c2cc4c(cc2CCN1C3)OCO4,1,0,NaN
1502,O=C(CCCN1CCC(O)(c2ccc(Br)cc2)CC1)c1ccc(F)cc1,1,NaN,NaN
1503,CO/N=C/c1ccccc1NCC1=NCCN1,1,1,1
1504,CCCNC(=O)c1ccccc1NCC1=NCCN1,1,NaN,1
1505,Cc1nc2ccccn2c(=O)c1CCN1CCc2oc3c(Cl)cccc3c2C1,1,NaN,NaN
1506,Cc1ccc2nc(C)c(CCN3CCc4oc5ccccc5c4C3)c(=O)n2c1,1,NaN,NaN
1507,Cc1cc(Br)c(NC2=NCCN2)c2ccccc12,1,NaN,NaN
1508,CN(C)c1nc(NC2CCC(NC(=O)c3ccc(F)c(F)c3)CC2)nc2ccccc12,1,NaN,NaN
1509,CN(C)c1nc(N[C@H]2CC[C@@H](NC(=O)c3ccc(F)c(F)c3)CC2)nc2ccccc12,1,NaN,NaN
1510,c1ccc(-c2ccccc2OCc2c[nH]cn2)cc1,1,NaN,1
1511,Cc1ccc(C)c(OCCNC(C)Cc2cc3c(c(C(N)=O)c2)N(CCCO)CC3)c1C,1,NaN,1
1512,O=C1CCCN1CCCCN1CCN(C(c2ccc(F)cc2)c2ccc(F)cc2)CC1,1,1,NaN
1513,Cc1ccc(N(C(=O)NCCCN2CCC3(CCc4ccccc43)CC2)c2ccc(F)cc2)cc1,1,NaN,NaN
1514,Cc1nc2ccccn2c(=O)c1CCN1CCc2oc3ccccc3c2C1,1,NaN,NaN
1515,c1ccc2c(c1)Sc1ccccc1N2CC1CN2CCC1CC2,1,NaN,NaN
1516,Cc1ccc(N(C(=O)NCCCN2CCC3(CCc4ccccc43)CC2)c2ccc(F)c(F)c2)cc1,1,NaN,NaN
1517,COc1ccc(CCN2CCC(Nc3nc4ccccc4n3Cc3ccc(F)cc3)CC2)cc1,1,NaN,1
1518,O=C1CC2(CCCC2)CC(=O)N1CCCCN1CCN(c2cccc3sccc23)CC1,1,NaN,NaN
1519,CCC1(C)CC(=O)N(CCCCN2CCN(c3cccc4sccc34)CC2)C(=O)C1,1,NaN,NaN
1520,O=C1c2ccccc2C(=O)N1Cc1ccc(CCN2CCN(c3ccccc3C(F)(F)F)CC2)cc1,1,1,1
1521,CN1CCCC(CN2c3ccccc3Sc3ccccc32)C1,1,NaN,1
1523,CN(C)CC1CC2c3ccccc3Cc3ccncc3N2O1,1,NaN,NaN
1524,Cc1nc2cccc(C)n2c(=O)c1CCN1CCc2oc3ccccc3c2C1,1,NaN,NaN
1525,Oc1ccc2[nH]c3c(c2c1)CC1c2cc4c(cc2CCN1C3)OCO4,1,NaN,NaN
1527,N#Cc1ccc(CCOC(=O)NC2CCN(CCCC(c3ccc(F)cc3)c3ccc(F)cc3)CC2)cc1,1,1,1
1528,Cn1c(N2CCN(CCCN3c4ccccc4Sc4ccc(CC(=O)O)cc43)CC2)cc(=O)n(C)c1=O,1,1,1
1529,O=C(/C=C/N1C[C@H]2C[C@@H]1CN2c1ccccn1)c1ccccc1O,1,NaN,NaN
1530,CC(C(O)c1ccc(O)cc1)N1CCC(Cc2ccccc2)CC1,1,NaN,NaN
1531,Cc1ccc(OCC(F)(F)F)c(OCCN[C@@H](C)Cc2cc(C(N)=O)c3c(ccn3CCCO)c2)c1,1,0,NaN
1532,c1ccc(-c2cnco2)c(NCC2=NCCN2)c1,1,1,1
1533,c1c2c(cc3c1OCO3)CN1CCc3cc4c(cc3C1C2)OCO4,1,NaN,NaN
1534,CCCCNC(=O)c1ccccc1NCC1=NCCN1,1,NaN,NaN
1535,Cc1ccc(N(C(=O)N(C)CCCN2CCC3(CC2)OCc2ccccc23)c2ccc(F)c(F)c2)cc1,1,NaN,NaN
1536,Cc1nc2ccc(I)cn2c(=O)c1CCN1CCc2oc3ccccc3c2C1,1,NaN,NaN
1537,Cc1ccc(N(C(=O)NCCCN2CCC3(CCc4ccccc43)CC2)c2cccc(F)c2)cc1,1,NaN,NaN
1538,O=C1c2ccccc2S(=O)(=O)N1CCCCN1CCN(c2ncccn2)CC1,1,1,1
1539,COCCCOc1cc(C(=O)N(C[C@@H]2CNC[C@H]2OC(=O)NCc2ccccc2)C(C)C)ccc1OC,1,NaN,NaN
1540,Cc1cccc(N2CCN(CCc3ccc(COc4ccc5c(c4)CCCC5)cc3)CC2)c1,1,1,1
1541,CN(C)C[C@@H]1C[C@@H]2c3ccccc3Cc3ccccc3N2O1,1,NaN,NaN
1542,O=C(O[C@H]1CCOC1)[C@@H]1[C@H]2C[C@H]3c4[nH]c5ccccc5c4CCN3C[C@@H]2CC[C@@H]1O,1,NaN,NaN
1543,CN(C)CC1CC2c3ccccc3Cc3ccccc3N2O1,1,NaN,NaN
1544,Cc1ccc(N(C(=O)NCCCN2CCC3(CCc4ccccc43)CC2)c2ccc(C)cc2)cc1,1,NaN,NaN
1545,O=C1c2ccccc2C(=O)N1Cc1ccc(CCN2CCN(c3ccc(Cl)cc3)CC2)cc1,1,1,1
1546,COc1ccc2c(c1)CCN1Cc3[nH]c4ccccc4c3CC21,1,NaN,NaN
1548,c1ccc(C2CCN(CCc3ccc(COc4ccc5c(c4)CCCC5)cc3)CC2)cc1,1,1,1
1549,COc1ccccc1N1CCN(CCCNc2cc(=O)n(C)c(=O)n2C)CC1,1,NaN,NaN
1550,CN(C)CCc1c[nH]c2ccccc12,1,1,NaN
1551,COc1cc2nc(N3CCN(C(=O)OCc4ccccc4)[C@H](C(=O)NC(C)(C)C)C3)nc(N)c2cc1OC,1,NaN,1
1552,COc1ccc2c3c([nH]c2c1)CN1CCc2cc4c(cc2C1C3)OCO4,1,0,0
1553,N=C(NCCCCCCNC(=N)NC(=N)Nc1ccc(Cl)cc1)NC(=N)Nc1ccc(Cl)cc1,1,NaN,NaN
1554,CN(CCCN1CCC2(CC1)OCc1ccccc12)C(=O)C(c1ccccc1)c1ccc(F)c(F)c1,1,NaN,NaN
1555,CCCOc1ccc(CCc2nc3cc(-c4c(C)noc4C)ccc3n2CCN2CCOCC2)cc1,1,NaN,NaN
1556,CN(C)CCC=C1c2ccccc2C(C)(C)c2ccccc21,1,NaN,NaN
1557,Cc1nc2c(C)cccn2c(=O)c1CCN1CCc2oc3ccccc3c2C1,1,NaN,NaN
1558,COc1ccc(N2CCN(CCCCc3c[nH]c4ccc(C(N)=O)cc34)CC2)cc1,1,1,1
1559,Oc1c(Cl)cc(Cl)c(Cl)c1Cc1c(O)c(Cl)cc(Cl)c1Cl,1,NaN,0
1560,Cc1nc2ccc(Cl)cn2c(=O)c1CCN1CCc2oc3ccccc3c2C1,1,NaN,NaN
1561,Cc1nc2ccccn2c(=O)c1CCCN1CCc2oc3ccccc3c2C1,1,NaN,NaN
1562,CN(C)c1ccc(C(=C2C=CC(=[N+](C)C)C=C2)c2ccc(N(C)C)cc2)cc1,1,NaN,NaN
1563,CCN(CC)C(=O)c1ccccc1NCC1=NCCN1,1,NaN,NaN
1565,COc1ccc(N2CCN(CCc3ccc(CN4C(=O)c5ccccc5C4=O)cc3)CC2)cc1,1,1,NaN
1566,Cc1nc2ccc(Br)cn2c(=O)c1CCN1CCc2oc3ccccc3c2C1,1,NaN,NaN
1567,C[C@@H]1CCNC(=O)c2cc3ccc(C(=O)Nc4nc5ccccc5n4CCCN(C)C)cc3n21,1,1,NaN
1568,CN(CCCN1CCC2(CC1)OCc1ccccc12)C(=O)N(c1ccccc1)c1ccc(F)c(F)c1,1,NaN,NaN
1569,CN1[C@@H]2CC[C@H]1CC(OC(c1ccccc1)c1ccccc1)C2,1,NaN,1
1570,CCN(CCCc1ccccc1)CCCc1ccccc1,1,NaN,NaN
1571,N#Cc1ccc(N2CCN(Cc3ccc(COc4cccc5c4CN(C4CCC(=O)NC4=O)C5=O)cc3)CC2)c(F)c1,1,1,1
1572,[2H]C([2H])(Cc1c[nH]c2ccccc12)N(C)C,1,1,NaN
1573,CCOc1ccc(CCNC(=O)N2CCN(CCCC(c3ccc(F)cc3)c3ccc(F)cc3)CC2)cc1,1,1,1
1574,Cc1cnc(N2CCc3ccccc3C2)cc1N,0,0,0
1575,Fc1ccc2c(c1)CC(CC1CN=CN1)C2,0,0,0
1576,Oc1cccc(N2CCN(Cc3ccccc3)CC2)c1,0,0,0
1577,CN(C)CC1CC2c3cccnc3Cc3ccccc3N2O1,1,NaN,NaN
1578,NC(N)=NC(=O)c1ccc2c(c1)C(O)c1ccccc1-2,0,0,0
1579,CC1(O)c2ccccc2-c2ccc(C(=O)N=C(N)N)cc21,0,0,0
1580,CC(Nc1nc(N)nc(NCCc2cccs2)n1)c1ccc(F)cc1,0,0,0
1581,C[C@@H]1CNC[C@H]2Cc3ccc(COCC4CC4)nc3N21,0,0,0
1582,COc1cccc2c1CCC[C@H]2CN(C)CCc1ccc2ccoc2c1,0,0,0
1583,NC(N)=NC(=O)c1ccc2c(c1)C1(CCCO1)c1ccccc1-2,0,0,0
1584,c1ccc(OCCNC[C@@H]2CO[C@H](c3ccccc3)CO2)cc1,0,0,NaN
1585,O=C1C(CNCCOc2ccccc2)CCC1(c1ccccc1)c1ccccc1,0,0,NaN
1586,c1ccc(OCCNC[C@@H]2COC[C@H](c3ccccc3)O2)cc1,0,0,1
1587,COc1ccccc1OCCNCC1CCC(c2ccccc2)(c2ccccc2)C1=O,0,0,NaN
1588,C[C@H](Nc1nc(N)nc(NCCc2ccccn2)n1)c1ccc(F)cc1,0,0,0
1589,O=C(c1ccc(F)c(Cl)c1)N1CCC(F)(CNCCNc2ccccc2)CC1,0,NaN,NaN
1590,O=C(c1ccc(F)c(Cl)c1)N1CCC(F)(CNCCSc2ccccn2)CC1,0,NaN,NaN
1591,COc1ccc(N2CCN(CCCCc3c[nH]c4ccc(OC)cc34)CC2)cc1,1,1,1
1592,O=C(c1ccc(F)c(Cl)c1)N1CCC(F)(CNCCCc2ccccc2)CC1,0,NaN,NaN
1593,COc1ccc(OCCNCC2COC(c3ccccc3)(c3ccccc3)O2)cc1OC,0,NaN,0
1594,O=C1CC2(CCCC2)CC(=O)N1CCN1CCN(c2cc(F)ccc2F)CC1,0,1,1
1595,O=C(c1ccc(F)c(Cl)c1)N1CCC(F)(CNCCOc2ncccn2)CC1,0,NaN,NaN
1596,O=C(c1ccc(F)c(Cl)c1)N1CCC(F)(CNCCOc2cnccn2)CC1,0,NaN,NaN
1597,COc1cccc(OC)c1OCCNC[C@@H]1CO[C@H](c2ccccc2)CO1,0,0,0
1598,O=C(c1ccc(F)c(Cl)c1)N1CCC(F)(CNCCOc2cccnc2)CC1,0,NaN,NaN
1599,O=C(c1ccc(F)c(Cl)c1)N1CCC(F)(CNCCOc2ccccc2F)CC1,0,NaN,NaN
1600,COc1cccc(OC)c1OCCNC[C@@H]1COC[C@@H](c2ccccc2)O1,0,0,0
1601,Cc1ccc(CNCC2(F)CCN(C(=O)c3ccc(F)c(Cl)c3)CC2)nc1,0,NaN,NaN
1602,O=C(c1ccc(F)c(Cl)c1)N1CCC(F)(CNCCOc2ccccc2Cl)CC1,0,NaN,NaN
1603,Cc1cnc(OCCNCC2(F)CCN(C(=O)c3ccc(F)c(Cl)c3)CC2)nc1,0,NaN,NaN
1604,O=C(c1cccc(CN2CCN3c4ccccc4OCC3C2)c1)N1CCc2ccccc21,0,0,0
1605,Cc1cccc(OCCNCC2(F)CCN(C(=O)c3ccc(F)c(Cl)c3)CC2)c1,0,NaN,NaN
1606,Cc1ccc(OCCNCC2(F)CCN(C(=O)c3ccc(F)c(Cl)c3)CC2)nc1,0,NaN,NaN
1607,O=C(c1ccc(F)c(Cl)c1)N1CCC(F)(CNCCOc2cccc(F)c2)CC1,0,NaN,NaN
1608,O=C(c1ccc(F)c(Cl)c1)N1CCC(F)(CNCCOc2ccc(F)cn2)CC1,0,NaN,NaN
1609,O=C(c1ccc(F)c(Cl)c1)N1CCC(F)(CNCCOc2ccc(F)cc2)CC1,0,NaN,NaN
1610,O=C(c1ccc(F)c(Cl)c1)N1CCC(F)(CNCCOc2ccc(Cl)cn2)CC1,0,NaN,NaN
1611,COc1cccc(OCCNCC2(F)CCN(C(=O)c3ccc(F)c(Cl)c3)CC2)n1,0,NaN,NaN
1612,O[C@@H]1[C@H](CNCCOc2ccccc2)CCC1(c1ccccc1)c1ccccc1,0,0,0
1613,O=C(NCCCCN1CCN(c2cccc(Cl)c2Cl)CC1)c1cc2ccccc2[te]1,0,0,0
1614,O=C(c1ccc(F)c(Cl)c1)N1CCC(F)(CNCCOc2ccc(Cl)cc2)CC1,0,NaN,NaN
1615,O=C(c1ccc(F)c(Cl)c1)N1CCC(F)(CNCCOc2cccc(Cl)c2)CC1,0,NaN,NaN
1616,CNc1cccc(OCCNCC2(F)CCN(C(=O)c3ccc(F)c(Cl)c3)CC2)c1,0,NaN,NaN
1617,COc1cccc(OCCNCC2(F)CCN(C(=O)c3ccc(F)c(Cl)c3)CC2)c1,0,NaN,NaN
1618,COc1ccc(OCCNCC2(F)CCN(C(=O)c3ccc(F)c(Cl)c3)CC2)cc1,0,NaN,NaN
1620,O[C@@H]1[C@@H](CNCCOc2ccccc2)CCC1(c1ccccc1)c1ccccc1,0,NaN,1
1621,COc1ccc(OCCNCC2(F)CCN(C(=O)c3ccc(Cl)c(Cl)c3)CC2)cc1,0,NaN,NaN
1622,COc1cccc(OCCNCC2(F)CCN(C(=O)c3ccc(Cl)c(Cl)c3)CC2)c1,0,NaN,NaN
1623,NC(=O)c1ccccc1OCCNCC1(F)CCN(C(=O)c2ccc(F)c(Cl)c2)CC1,0,NaN,NaN
1624,c1ccc(-c2ccc(OCCNCC3COC(c4ccccc4)(c4ccccc4)O3)cc2)cc1,0,0,0
1625,CN(C)c1cccc(OCCNCC2(F)CCN(C(=O)c3ccc(F)c(Cl)c3)CC2)c1,0,NaN,NaN
1626,c1ccc(-c2cccc(OCCNCC3COC(c4ccccc4)(c4ccccc4)O3)c2)cc1,0,0,0
1627,NC(=O)c1cccc(OCCNCC2(F)CCN(C(=O)c3ccc(F)c(Cl)c3)CC2)c1,0,NaN,NaN
1628,CCc1c(C(=O)NN2CCCCC2)nn(-c2ccc(Cl)cc2Cl)c1-c1ccc(Br)cc1,0,NaN,NaN
1629,CC(=O)Nc1cccc(OCCNCC2(F)CCN(C(=O)c3ccc(F)c(Cl)c3)CC2)n1,0,NaN,NaN
1630,CC(=O)Nc1cccc(OCCNCC2(F)CCN(C(=O)c3ccc(F)c(Cl)c3)CC2)c1,0,NaN,NaN
1631,O=C(c1ccc(F)c(Cl)c1)N1CCC(F)(CNCCOc2cccc(C(F)(F)F)c2)CC1,0,NaN,NaN
1632,O=C(c1ccc(F)c(Cl)c1)N1CCC(F)(CNCCOc2cc(C(F)(F)F)ccn2)CC1,0,NaN,NaN
1633,CC(=O)Nc1cccc(OCCNCC2(F)CCN(C(=O)c3ccc(Cl)c(Cl)c3)CC2)c1,0,NaN,NaN
1634,O=C(c1ccc(F)c(Cl)c1)N1CCC(F)(CNCCOc2cccc(C(F)(F)F)n2)CC1,0,NaN,NaN
1635,COc1cc2c(cc1OC)C[C@H](O)[C@@H](NCCC(c1ccccc1)c1ccccc1)C2,0,0,0
1636,COCCCOc1cc(C(=O)N(C[C@@H]2CNC[C@H]2Cc2ccccc2)C(C)C)ccc1OC,1,1,1
1637,CN(CCCN1CCC2(CC1)OCc1ccccc12)C(=O)C(c1ccc(F)c(F)c1)N1CCCC1=O,1,NaN,NaN
1638,O=[N+]([O-])c1cc(O)c2c(c1)S(=O)(=O)N=C(Nc1ccccc1Oc1ccccc1)N2,1,1,1
1639,COc1cc2c(cc1OC)C1=NO[C@@H](CN3CCN(C/C=C/c4ccccc4)CC3)[C@@H]1CO2,0,0,0
1640,COc1cc2c(cc1OC)C1=NO[C@@H](CN3CCN(Cc4ccc5ccccc5c4)CC3)[C@@H]1CO2,0,0,0
1641,COc1cc2c(cc1OC)C1=NO[C@@H](CN3CCN(C/C=C(\C)c4ccccc4)CC3)[C@@H]1CO2,0,0,0
1642,Cc1ccc(C2CCN(Cc3ccc(Oc4ccc(F)c(F)c4)cc3)CC2)cc1NC(=O)C(C)C,0,NaN,NaN
1643,CCOC(=O)Nc1cccc(N2CCN(CCCCNC(=O)c3ccc4ccccc4c3)CC2)c1,0,NaN,NaN
1644,COC(=O)c1ccc2c(c1)oc(=O)n2C1CCN(CCCCN2C(=O)c3ccccc3S2(=O)=O)CC1,0,0,0
1645,NCCc1cn(S(=O)(=O)c2c(Cl)nc3sccn23)c2ccccc12,0,0,NaN
1646,O=C1c2ccccc2C(Cc2ccnc(F)c2)(Cc2ccnc(F)c2)c2ccccc21,0,0,0
1647,CS(=O)(=O)Nc1cc(OCCN2CC3CCC(C2)C3Cc2ccc3c(c2)NC(=O)CC3)ccc1F,0,0,0
1648,COc1cc2nc(N3CCN(C(=O)C(C)Oc4c(OC)cccc4C(C)C)CC3)nc(N)c2cc1OC,0,1,NaN
1649,CNc1ccnc(N2CCc3ccccc3C2)c1,0,0,0
1650,Brc1c(NC2=NCCN2)ccc2c1NCCN2,0,0,0
1651,CS(=O)(=O)Nc1ccc(F)c([C@@H](O)CN)c1,0,0,NaN
1652,CCN(CC)C(=O)[C@@H]1C=C2c3cccc4[nH]cc(c34)C[C@H]2N(C)C1,0,0,NaN
1653,CN(C)CC1OCc2c1ccc(O)c2O,0,0,0
1654,Nc1ccnc(N2CCc3ccccc3C2)c1,0,0,0
1655,N[C@H]1CC[C@@H](c2ccc(Cl)c(Cl)c2)c2ccccc21,0,NaN,NaN
1656,CNc1ccc2c(c1)[C@H](NCCOc1cc(F)ccc1F)CCS2(=O)=O,0,0,1
1657,CCS(=O)(=O)c1ccccc1NCC1=NCCN1,0,NaN,0
1658,C=CCN(CC=C)CCc1c[nH]c2ccc(F)cc12,0,NaN,NaN
1659,C=CCN(CC=C)CCc1c[nH]c2ccc(C)cc12,0,0,NaN
1660,CNC(=O)c1cc(C(O)CNC(C)CCc2ccc3c(c2)OCO3)ccc1O,0,0,0
1661,O=C1OC2(CCC(c3nc4ccc(C(F)(F)F)cc4[nH]3)CC2)CN1c1ccccn1,0,NaN,NaN
1662,O=C1OC2(CCC(c3nc4ccc(OC(F)(F)F)cc4[nH]3)CC2)CN1c1ccccc1,0,NaN,NaN
1663,O=C1O[C@]2(CC[C@H](c3nc4cc(C(F)(F)F)ccc4[nH]3)CC2)CN1c1ccccn1,0,NaN,NaN
1664,O=C1O[C@]2(CC[C@H](c3nc4cc(OC(F)(F)F)ccc4[nH]3)CC2)CN1c1ccccc1,0,NaN,NaN
1665,C[S+]([O-])c1ccccc1NCC1=NCCN1,0,NaN,0
1666,CC(C)Oc1ccccc1N1CCN(Cc2nc(CN3CCCC3=O)co2)CC1,0,0,0
1667,c1ccc2c(Nc3ccncc3)cncc2c1,0,NaN,NaN
1668,CC[C@@H]1CN2CCc3c([nH]c4cccc(OC)c34)[C@@H]2C[C@@H]1/C(=C\OC)C(=O)OC,0,0,0
1669,CCNC(=O)c1cc(C(O)CNC(C)CCc2ccc3c(c2)OCO3)ccc1O,0,0,0
1670,COc1cc(-c2cn([C@H]3CCc4ccccc4N(CC(F)(F)F)C3=O)nn2)ccc1-n1ccc(C)n1,0,0,NaN
1671,CN1CCN(C(=O)C(C)(C)c2ccc(C(=O)Nc3cn4cc(-c5cc(C(C)(C)C)cc(C(C)(C)C)c5)ccc4n3)cc2)CC1,0,0,0
1672,CC(C)NC(=O)c1cc(C(O)CNC(C)CCc2ccc3c(c2)OCO3)ccc1O,0,0,0
1673,Cc1c(NC2=NCCN2)ccc2nccnc12,0,0,NaN
1674,CN1CCc2cc(Br)c(O)cc2C(c2ccccc2)C1,0,NaN,NaN
1675,NCC(O)c1cc(O)c(O)cc1F,0,NaN,NaN
1676,COc1ccc(NC2=NCCN2)c(C)c1OC,0,0,0
1677,O=C1c2ccccc2S(=O)(=O)N1CCCCN1CCN(c2cccc(C(F)(F)F)c2)CC1,0,0,0
1678,OCc1cc(CN2CCN(c3ccccc3Oc3ccccc3)CC2)on1,0,0,0
1679,O=C(NCCCCN1CCN(c2cccc(O)c2)CC1)c1ccc2ccccc2c1,0,NaN,NaN
1680,O=S(=O)(NC1CCN(CCOc2ccccc2C2CCCC2)CC1)c1cccc(F)c1,0,0,0
1681,CN1CCN(c2ccc(Nc3c4ccccc4nc4ccccc34)cc2)CC1,0,0,0
1682,CC[C@H]1c2ccccc2N(c2ccccc2)C[C@@]1(C)N,0,0,NaN
1683,COc1cccc(Cc2nn(C[C@H]3CCCN3C)c(=O)c3ccccc23)c1,0,0,NaN
1684,Cc1cccc(N2CC3(CCC(c4nc5ccc(OC(F)(F)F)cc5[nH]4)CC3)OC2=O)n1,0,NaN,NaN
1685,CN(CCCCc1ccc(OCCCN2CCCCCC2)cc1)CCn1nc(Cc2ccc(Cl)cc2)c2ccccc2c1=O,0,0,NaN
1686,Cc1cccc(N2C[C@]3(CC[C@@H](c4nc5cc(OC(F)(F)F)ccc5[nH]4)CC3)OC2=O)n1,0,NaN,NaN
1687,COc1ccc(S(C)(=O)=O)c(NCC2=NCCN2)c1,0,0,0
1688,CCCCCNC(=N)N/N=C/c1c[nH]c2ccc(OC)cc12,0,0,0
1689,C=CCN(CC=C)CCc1c[nH]c2ccccc12,0,0,NaN
1690,CS(=O)(=O)Nc1ccc2c(c1)OC1(CCN(CCc3ccccn3)CC1)CC2=O,0,0,0
1691,COc1cc2nc3c(c(N)c2cc1OC)CCC(CNCOc1c(OC)cccc1OC)C3,0,NaN,NaN
1692,COc1ccccc1N1CCN(CCN2C(=O)CC(c3ccc(Cl)cc3)CC2=O)CC1,0,NaN,NaN
1693,COc1cc2nc3c(c(O)c2cc1OC)CCC(CNCCOc1c(OC)cccc1OC)C3,0,NaN,NaN
1694,Nc1cc(CO)nc(N2CCc3ccccc3C2)c1,0,0,0
1695,NCCCCCCn1cc(CCCCN2CCC(c3ccc(-c4cc(C(=O)O)cc5cc(-c6ccc(C(F)(F)F)cc6)ccc45)cc3)CC2)nn1,0,0,0
1696,CS(=O)(=O)c1ccc(Cl)cc1CNCCOc1cc(F)ccc1Cl,0,0,1
1697,O=C1c2ccccc2C(Cc2c(F)cncc2F)(Cc2c(F)cncc2F)c2ccccc21,0,0,0
1698,COc1ccc(N2CC=C(c3ccc(Cl)c(Cl)c3)C2=O)cc1OCCN1CCCCC1,0,0,0
1699,NC[C@@H]1O[C@H](c2ccccc2)Cc2c1ccc(Br)c2O,0,0,0
1700,CCCCN1CCC(COC(=O)c2cc(Cl)c(N)c3c2OCCO3)CC1,0,NaN,NaN
1701,COC(=O)c1cc(C(O)CNC(C)CCc2ccc3c(c2)OCO3)ccc1O,0,0,0
1702,OC(c1ccccc1)C1CCN(CCc2ccccc2)CC1,0,NaN,NaN
1703,CC(CF)NCC(O)COc1cccc2[nH]c3ccccc3c12,0,NaN,NaN
1704,COc1cc2nc3c(c(N)c2cc1OC)CCC(CNC(=O)c1ccoc1)C3,0,NaN,NaN
1705,CNCC1OCc2c1ccc(O)c2O,0,0,0
1706,CCCN(CCC)CCc1ccc(O)c(O)c1,0,0,0
1707,CN1CCC[C@@H]1Cn1nc(CC2CCCCC2)c2ccccc2c1=O,0,0,NaN
1708,COc1ccc(Cc2nn(C[C@H]3CCCN3C)c(=O)c3ccccc23)cc1OC,0,0,NaN
1709,CN1CCC[C@@H]1Cn1nc(Cc2ccc(C(=O)O)cc2)c2ccccc2c1=O,0,0,NaN
1710,CN1CCC[C@@H]1Cn1nc(Cc2ccc(C(C)(C)C)cc2)c2ccccc2c1=O,0,0,NaN
1711,COC(=O)c1ccc(Cc2nn(C[C@H]3CCCN3C)c(=O)c3ccccc23)cc1,0,0,NaN
1712,O=C1OC2(CCC(c3nc4ccc(C(F)(F)F)cc4[nH]3)CC2)CN1c1ccccc1,0,NaN,NaN
1713,O=C1OC2(CCC(c3nc4ccc(OC(F)(F)F)cc4[nH]3)CC2)CN1c1ccccn1,0,NaN,NaN
1714,O=C1O[C@]2(CC[C@H](c3nc4cc(C(F)(F)F)ccc4[nH]3)CC2)CN1c1ccccc1,0,NaN,NaN
1715,O=C1O[C@]2(CC[C@H](c3nc4cc(OC(F)(F)F)ccc4[nH]3)CC2)CN1c1ccccn1,0,NaN,NaN
1716,COc1ccccc1N1CCN(CCC(Oc2ccc(C(=O)Nc3ccccc3OCCCC(=O)O)cc2)c2ccc(CC(C)C)cc2)CC1,0,0,0
1717,CNCC1CCc2c1ccc(O)c2O,0,0,0
1718,CS(=O)(=O)Nc1ccc2c(c1)C(=O)CC1(CCN(CCc3ccccn3)CC1)O2,0,0,0
1719,CN1C(=O)C(N2CCN(Cc3ccc(Cl)cc3)CC2)Cc2ccccc21,0,0,0
1720,c1ccc2c(c1)CCCC2NC1=NCCCO1,0,0,NaN
1721,Cc1c(Nc2ncc[nH]2)ccc2c1OCCO2,0,0,0
1722,COc1ccc(N2CCN(CCCOc3c(C)cc(C)cc3C)CC2)cc1,0,NaN,NaN
1723,Brc1ccc2c(-c3c[nH]c(-c4c[nH]c5cc(Br)ccc45)n3)c[nH]c2c1,0,NaN,NaN
1724,COc1ccccc1N1CCC2(CCN(CCCSc3nnc(-c4ccccc4)n3C)CC2)CC1,0,0,NaN
1725,CCCS(=O)(=O)c1ccccc1NCC1=NCCN1,0,NaN,0
1726,Clc1ccc(N2CCN(Cc3c[nH]c4ncccc34)CC2)cc1,0,0,NaN
1727,NCC1CCc2c1ccc(O)c2O,0,0,0
1728,c1ccc(CCN[C@H]2C3C4CC5C6C4CC3C6C52)nc1,0,0,NaN
1729,OCCNc1ccnc(N2CCc3ccccc3C2)c1,0,0,0
1730,CC(C)Oc1ccccc1N1CCN(Cc2nc(CN3CCCCC3=O)co2)CC1,0,0,0
1731,CCOC(=O)C1=C(COCCN)N=C(C)C(C(=O)OC)C1c1ccccc1Cl,0,NaN,0
1732,CNCC[C@@H](Oc1ccc(C(F)(F)F)cc1)c1ccccc1,0,NaN,NaN
1733,CCCN1CCN(c2ccc3c(c2)C(N(C)C(=O)OCc2ccccc2)CCC3)CC1,0,0,0
1734,CN1CCc2c(c3cccc4c3n2-c2ccccc2CC4)C1,0,0,NaN
1735,c1cc2c(cc1NC1=NCCN1)OCCO2,0,0,0
1736,Oc1ccc(CC(O)CN2CCC(O)(Cc3ccc(Br)cc3)CC2)cc1,0,0,0
1737,Cc1ccccc1NC1=NCCN1,0,0,0
1738,N=C(CC(O)COc1ccccc1-c1ccccc1)N1CCCCC1,0,NaN,NaN
1739,N#Cc1ccc2nc(C3CCC4(CC3)CN(c3ccccn3)C(=O)O4)[nH]c2c1,0,NaN,NaN
1740,N#Cc1ccc2nc(C3CCC4(CC3)CN(c3ccccc3)C(=O)O4)[nH]c2c1,0,NaN,NaN
1741,N#Cc1ccc2nc(C3CCC4(CC3)CN(c3ccc(F)cc3)C(=O)O4)[nH]c2c1,0,NaN,NaN
1742,O=C1OC2(CCC(c3nc4ccc(OC(F)(F)F)cc4[nH]3)CC2)CN1c1cccnc1,0,NaN,NaN
1743,Cc1ncccc1N1CC2(CCC(c3nc4ccc(OC(F)(F)F)cc4[nH]3)CC2)OC1=O,0,NaN,NaN
1744,N#Cc1ccc2[nH]c([C@H]3CC[C@]4(CC3)CN(c3ccccn3)C(=O)O4)nc2c1,0,NaN,NaN
1745,N#Cc1ccc2[nH]c([C@H]3CC[C@]4(CC3)CN(c3ccccc3)C(=O)O4)nc2c1,0,NaN,NaN
1746,N#Cc1ccc2[nH]c([C@H]3CC[C@]4(CC3)CN(c3ccc(F)cc3)C(=O)O4)nc2c1,0,NaN,NaN
1747,O=C1O[C@]2(CC[C@H](c3nc4cc(OC(F)(F)F)ccc4[nH]3)CC2)CN1c1cccnc1,0,NaN,NaN
1748,Cc1ncccc1N1C[C@]2(CC[C@@H](c3nc4cc(OC(F)(F)F)ccc4[nH]3)CC2)OC1=O,0,NaN,NaN
1749,CCOC(=O)C1CCN(CCCNC(=O)C2=C(C)NC(C)=C(C(=O)NC)C2c2ccc([N+](=O)[O-])cc2)CC1,0,0,NaN
1750,CCOC(=O)C1CCN(CCCNC(=O)C2=C(C)N=C(C)C(C(=O)NC)C2c2ccc([N+](=O)[O-])cc2)CC1,0,NaN,NaN
1751,COC(=O)[C@H]1[C@H]2C[C@H]3c4[nH]c5ccccc5c4CCN3C[C@H]2CC[C@@H]1O,0,0,NaN
1752,Cc1cc(=O)oc2c(Cl)c(OCCCCN3CCC(c4noc5cc(F)ccc45)CC3)ccc12,0,NaN,NaN
1753,COc1cc2nc3c(c(O)c2cc1OC)CCC(CNC(=O)c1ccco1)C3,0,NaN,0
1754,CC(C)(C)c1ccc(CC2=NCCN2)cc1,0,0,0
1755,C=CC(=O)Nc1ccc2[nH]c(=O)n(C3CCN(Cc4ccc(-c5nc6cc[nH]c(=O)c6cc5-c5ccccc5)cc4)CC3)c2c1,0,0,NaN
1756,O=C1CC2(CCCC2)CC(=O)N1CCN1CCN(c2ccccc2)CC1,0,NaN,NaN
1757,CC(C)S(=O)(=O)c1ccccc1NCC1=NCCN1,0,0,0
1758,N=c1c(C(N)=O)cc(Cl)cn1Cc1ccccc1,0,0,1
1759,C[C@@H](c1cccc(CN)c1)n1cc(Cl)cc(C(N)=O)c1=N,0,0,1
1760,COC(=O)c1cc(C(O)CNC(C)CCc2ccc3c(c2)OCO3)ccc1OC,0,0,0
1761,C1CCCC(NC2=NCCO2)CC1,0,0,NaN
1762,FC(F)(F)c1cc(Oc2nccc3ccsc23)ccc1-c1cccc2nccn12,0,0,NaN
1763,C[C@@H]1C[C@@H](C)N1C(=O)C1C=C2c3cccc4[nH]cc(c34)C[C@H]2N(C)C1,0,0,NaN
1764,COc1cccc2c1CCOC2C1=NCCN1,0,NaN,0
1765,COc1cccc(-c2ccc3c(c2)CCN(Cc2ccccc2)C3)c1,0,0,0
1766,CC(=O)N1CCC(c2ccc(-c3cc(C(=O)O)cc4cc(-c5ccc(C(F)(F)F)cc5)ccc34)cc2)CC1,0,NaN,NaN
1768,Cc1cnc(N2CCc3ccccc3C2)cc1NCCO,0,0,0
1769,COc1cc(CC(C)N)c(OC)cc1C,0,0,NaN
1770,O=C1CC(c2ccccc2)CC(=O)N1CCN1CCN(c2ccccc2Cl)CC1,0,0,NaN
1771,CC(=O)Nc1ccc(OCCCN2CCC(c3noc4cc(F)ccc34)CC2)cc1,0,0,0
1772,CN1CCc2c(Cl)ccc3oc(Br)c(c23)C1,0,NaN,1
1773,Cc1cc(NCCO)cc(N2CCc3ccccc3C2)n1,0,0,0
1774,CS(=O)(=O)Nc1cccc(OCCN2CC3CCC(C2)C3Cc2ccc3c(c2)NC(=O)CC3)c1,0,0,0
1775,CNC(=O)c1cc(C(O)CN2CCN(c3ccc(OC)cc3)CC2)ccc1O,0,0,0
1776,COc1ccccc1N1CCN(CCN2C(=O)CC3(CCc4ccccc43)CC2=O)CC1,0,0,NaN
1777,Cc1cc(Oc2nccc3occc23)ccc1-c1c(C)ncc2nccn12,0,0,NaN
1778,CC(C)Oc1ccccc1N1CCN(Cc2nc(CN3CCCCCC3=O)co2)CC1,0,0,0
1779,COc1ccccc1N1CCN(CCN2C(=O)CC(c3ccccc3)CC2=O)CC1,0,0,0
1780,CC(CCc1ccc2c(c1)OCO2)NCC(O)c1ccc(O)c(C(=O)N(C)C)c1,0,0,0
1781,O=C(OCc1ccccc1)N1CCc2ccc(N3CCN(C4CCCC4)CC3)cc2C1,0,0,0
1782,CNC(=O)C1C(C)=NC(C)=C(C(=O)NCCCN2CCC(CN(C)C)(c3ccccc3)CC2)C1c1ccc([N+](=O)[O-])cc1,0,NaN,NaN
1783,CNC(=O)C1=C(C)NC(C)=C(C(=O)NCCCN2CCC(CN(C)C)(c3ccccc3)CC2)C1c1ccc([N+](=O)[O-])cc1,0,0,NaN
1784,CNCCC(Oc1ccccc1C)c1ccccc1,0,NaN,NaN
1785,O=C1CC2(CCCC2)CC(=O)N1CCN1CCN(c2ccc(F)cc2F)CC1,0,0,1
1786,NCC[C@H](Oc1ccc(C(F)(F)F)cc1)c1ccccc1,0,NaN,NaN
1787,O[C@H]1CCC2CN3CCc4cc5c(cc4[C@@H]3C[C@@H]2C1)OCO5,0,0,0
1788,O=C1CC2(CCCC2)CC(=O)N1CCN1CCN(c2ccc(F)c(F)c2)CC1,0,0,1
1789,COc1c(C(C)(C)C)cc(C)c(Nc2ncc[nH]2)c1C,0,0,0
1790,O=c1[nH]c2c(sc3ccccc32)c(=O)n1CCN1CCN(c2ccc(Cl)c(Cl)c2)CC1,0,0,NaN
1791,CC1=NC(C)=C(C(=O)NCCCN2CCCCC2)C(c2ccc([N+](=O)[O-])cc2)C1C(N)=O,0,NaN,NaN
1792,CC1=C(C(N)=O)C(c2ccc([N+](=O)[O-])cc2)C(C(=O)NCCCN2CCCCC2)=C(C)N1,0,0,NaN
1793,O=C1CC2(CCCC2)CC(=O)N1CCN1CCN(c2cc(F)c(F)cc2F)CC1,0,NaN,1
1794,Oc1ccc(CC(O)CN2CCC(O)(Cc3ccccc3)CC2)cc1,0,0,0
1795,O=C(c1nc(-c2c[nH]c3ccccc23)c[nH]1)c1c[nH]c2cc(O)ccc12,0,0,NaN
1796,CC(C)(CCc1ccc2c(c1)OCO2)NCC(O)c1ccc(O)c(C(N)=O)c1,0,0,0
1797,c1cc2c(cc1NC1=NCCN1)NCCN2,0,0,0
1798,Clc1c(NC2=NCCN2)ccc2nccnc12,0,0,0
1799,Oc1cccc(OCCNCc2ccccc2)c1,0,0,0
1800,Oc1ccc(CC(O)CN2CCC(O)(Cc3ccc(Cl)cc3)CC2)cc1,0,0,0
1801,NCC(O)c1ccc(O)c(O)c1,0,NaN,0
1802,Cc1ccc(CC2(O)CCN(CC(O)Cc3ccc(O)cc3)CC2)cc1,0,0,0
1803,Clc1cccc(Cl)c1Nc1ncc[nH]1,0,0,0
1804,c1ccc(CCN[C@H]2C3C4CC5C6C4CC3C6C52)cc1,0,NaN,NaN
1805,CC(CCc1ccc2c(c1)OCO2)NCC(O)c1ccc(O)c(C(=O)O)c1,0,0,0
1806,COc1ccccc1N1CCN(CCC(Oc2ccc(NC(=O)c3ccccc3OCCCC(=O)O)cc2)c2ccc(CC(C)C)cc2)CC1,0,0,0
1807,COc1ccc(Nc2ncc[nH]2)c(C)c1OC,0,0,0
1808,CN1CCc2c(sc3ncn(CCN4CCN(c5ncnc6ccccc56)CC4)c(=O)c23)C1,0,0,0
1809,CN(C)CC1CCc2c1ccc(O)c2O,0,0,0
1810,O=C1CC(c2ccc(Cl)cc2)CC(=O)N1CCN1CCN(c2ccccc2Cl)CC1,0,0,0
1811,FC(F)(F)c1cc(Oc2nccc3occc23)ccc1-c1cccc2nccn12,0,0,NaN
1812,C[C@H](CN1CCN(c2cc(F)c(F)cc2F)CC1)N1C(=O)CC2(CCCC2)CC1=O,0,NaN,1
1813,COc1ccc(C(O)CNC(C)CCc2ccc3c(c2)OCO3)cc1C(N)=O,0,0,0
1814,Cc1ccc(CC2(O)CCN(C[C@H](O)Cc3ccc(O)cc3)CC2)cc1,0,NaN,NaN
1815,Cc1ccc(CC2(O)CCN(C[C@@H](O)Cc3ccc(O)cc3)CC2)cc1,0,NaN,NaN
1816,CCCN(CCC)CC1CCc2c1ccc(O)c2O,0,0,0
1817,NC(=O)c1cc(C(O)CN2CCN(Cc3ccccc3)CC2)ccc1O,0,0,0
1818,C1COC(NC(C2CC2)C2CC2)=N1,0,0,NaN
1819,COc1ccc(Nc2ncc[nH]2)c(C)c1,0,0,0
1820,Cc1c(NC2=NCCN2)ccc2c1NCCN2,0,0,0
1821,Cc1ncc2nccn2c1-c1ccc(Oc2nccc3occc23)cc1C(F)(F)F,0,0,NaN
1822,NCC1OCc2c1ccc(O)c2O,0,0,0
1823,C[C@@H]1CCCN1CCCOc1ccc(-c2ccc(=O)[nH]n2)cc1,0,NaN,NaN
1824,N[C@H]1CCSC1=O,0,NaN,NaN
1825,N[C@@H]1CCSC1=O,0,NaN,NaN
1826,NC(CS(=O)O)C(=O)O,0,NaN,NaN
1827,N[C@@H](CS)C(=O)O,0,NaN,NaN
1828,N[C@@H](CCS)C(=O)O,0,NaN,NaN
1829,CSCC[C@@H](N)C(=O)O,0,NaN,NaN
1830,CCCNC1CCc2nc(N)sc2C1,0,NaN,0
1831,CCN(C)C1CCCc2ccncc21,0,0,0
1832,NC1=NCc2cc(Cl)ccc2N1,0,0,0
1833,C=CCN1CCc2nc(N)sc2CC1,0,NaN,0
1834,CC(N)Cc1ccc2c(c1)OCO2,0,0,NaN
1835,COc1cc(CCN)cc(OC)c1OC,0,0,NaN
1836,CCc1cc(OC)c(CCN)cc1OC,0,0,NaN
1837,COc1cc(CCN)c(OC)cc1Br,0,0,NaN
1838,CCSc1cc(OC)c(CCN)cc1OC,0,0,NaN
1839,N[C@H](CCS(=O)O)C(=O)O,0,NaN,NaN
1840,CC(N)Cc1c[nH]c2ccccc12,0,0,0
1841,CNC(C)Cc1ccc2c(c1)OCO2,0,0,NaN
1842,COc1cc(CC(C)N)c(OC)cc1I,0,0,NaN
1843,N[C@@H](CCS(=O)O)C(=O)O,0,NaN,NaN
1844,COc1cc(CC(C)N)c(OC)cc1Br,0,0,NaN
1845,CCc1cc(OC)c(CC(C)N)cc1OC,0,0,NaN
1846,NC(CSSCC(N)C(=O)O)C(=O)O,0,NaN,NaN
1847,COc1cc(OC)c(OC)cc1CC(C)N,0,0,NaN
1848,COc1cc(CC(C)N)cc(OC)c1OC,0,0,NaN
1849,CCOc1cc(OC)c(CC(C)N)cc1OC,0,0,NaN
1850,CCSc1cc(OC)c(CC(C)N)cc1OC,0,0,NaN
1851,CN=C(NC)Nc1ccc2nccnc2c1Br,0,0,0
1852,N[C@H](CS(=O)(=O)O)C(=O)O,0,NaN,NaN
1853,CN(C)CCN(Cc1cccs1)c1ccccn1,0,NaN,0
1854,CCSc1cc(OC)c(CC(N)CC)cc1OC,0,0,NaN
1855,COc1ccc2c3c([nH]c2c1)CNCC3,0,0,NaN
1856,CN(C)CCc1c[nH]c2cccc(O)c12,0,0,NaN
1857,N[C@H](CCS(=O)(=O)O)C(=O)O,0,NaN,NaN
1858,CN[C@@H](C)Cc1ccc2c(c1)OCO2,0,NaN,NaN
1859,N[C@@H](CCS(=O)(=O)O)C(=O)O,0,NaN,NaN
1860,NCCc1c2c(c(Br)c3c1OCC3)OCC2,0,0,NaN
1861,Cc1sc(C)c2c1CCCc1cn[nH]c1-2,0,0,0
1862,COc1ccc2[nH]cc(CCN(C)C)c2c1,0,0,NaN
1863,c1ccc(C2COC(C3=NCCN3)CO2)cc1,0,NaN,NaN
1864,COc1ccc2c(c1)[nH]c1c(C)nccc12,0,0,NaN
1865,C[NH+](C)C1CCc2cc(O)c(O)cc2C1,0,NaN,0
1866,N#Cc1cc(F)cc(C#Cc2csc(F)n2)c1,0,0,0
1867,Fc1cccc(CN2C3CC4CC(C3)CC2C4)c1,0,NaN,NaN
1868,N#Cc1cc(F)cc(C#Cc2csc(CF)n2)c1,0,0,NaN
1869,COc1ccc2[nH]cc(CCN(C)C(C)C)c2c1,0,0,NaN
1870,CCCN1CCOC2c3cc(C(N)=O)ccc3CCC21,0,NaN,0
1871,CC(C)N(CCc1c[nH]c2ccccc12)C(C)C,0,0,NaN
1872,Cc1nccc2c1C(C)(C)Nc1cc(Br)ccc1-2,0,0,NaN
1873,Cc1cc(C(C)(C)C)cc(C)c1CC1=NCCN1C,0,0,0
1874,CCCN1CCC[C@@H]2Cc3[nH]ncc3C[C@H]21,0,NaN,0
1875,CN1CCc2c(c3cccc4c3n2Cc2ccccc2C4)C1,0,0,0
1876,COc1ccc2[nH]cc(CCN(C(C)C)C(C)C)c2c1,0,0,NaN
1877,CCCN1CCC[C@@H]2Cc3nc(N)ncc3C[C@H]21,0,NaN,0
1878,CCCCN1CCC(COC(=O)c2ccc(N)c(OC)c2)CC1,0,0,0
1879,COc1ccc2c(c1)C(CN(C)C)(C1(O)CCCCC1)C2,0,NaN,NaN
1880,c1ccc(CN[C@H]2C3C4CC5C6C4CC3C6C52)cc1,0,0,NaN
1881,Cn1c(=O)cnn(CCCN2CCN(c3ccccc3)CC2)c1=O,0,0,0
1882,COc1ccccc1CN1C2C3C4CC5C6C4C2C6C1(O)C53,0,NaN,NaN
1883,Cn1c(=O)cnn(CCCN2CCN(c3ccccc3F)CC2)c1=O,0,0,0
1884,Cn1c(=O)cnn(CCCCN2CCN(c3ncccn3)CC2)c1=O,0,0,0
1885,Clc1cccc(Nc2nc(Cc3ccccc3)nc3c2CCNCC3)c1,0,NaN,NaN
1886,COc1ccccc1N1CCN(CCn2ncc(=O)n(C)c2=O)CC1,0,0,0
1887,COc1cccc(CN2C3C4C5CC6C7C5C3C7C2(O)C64)c1,0,NaN,NaN
1888,Cn1c(=O)cnn(CCCCN2CCN(c3ncccc3F)CC2)c1=O,0,0,0
1889,COc1ccccc1N1CCN(CCCn2ncc(=O)n(C)c2=O)CC1,0,0,0
1890,Cn1c(=O)cnn(CCCCN2CCN(c3ccccc3O)CC2)c1=O,0,0,0
1891,Cn1c(=O)cnn(CCCCN2CCN(c3ccccc3S)CC2)c1=O,0,0,0
1892,CCOc1ccccc1O[C@@H](c1ccccc1)[C@@H]1CNCCO1,0,NaN,NaN
1893,COc1cc(N)c(Cl)cc1C(=O)NC1C2CC3CC1CN(C3)C2,0,0,0
1894,CN(C(=O)CN1CCN(Cc2ccc(Cl)cc2)CC1)c1ccccc1,0,0,0
1895,Cn1c(=O)cnn(CCCCN2CCN(c3cccc(O)c3)CC2)c1=O,0,0,0
1896,CN(C)Cc1nnc2n1-c1ccc(Cl)cc1C(c1ccccc1)=NC2,0,NaN,NaN
1897,COc1ccc(CN2C3C4C5CC6C7C5C3C7C2(O)C64)cc1OC,0,0,NaN
1898,COc1cc(N)c(Cl)cc1C(=O)NCC1C2CC3CC1CN(C3)C2,0,0,0
1899,CCCCCCCCCCCCCCCCOP(=O)([O-])OCC[N+](C)(C)C,0,NaN,NaN
1900,Cc1coc2ccc(N3C[C@@]4(CN5CCC4CC5)OC3=O)cc12,0,0,0
1901,O=c1c(O)c(-c2ccc(O)c(O)c2)oc2cc(O)cc(O)c12,0,NaN,NaN
1902,NC(=O)c1cccc(-c2cccc(OC(=O)NC3CCCCC3)c2)c1,0,NaN,NaN
1903,CNc1cc(-c2csc(N(C)C(=O)c3ccc(F)cc3)n2)ncn1,0,0,0
1904,Cn1c(=O)cnn(CCCCN2CCN(c3ccc(F)cn3)CC2)c1=O,0,0,0
1905,Cn1c(=O)cnn(CCCCN2CCN(c3cccc(F)n3)CC2)c1=O,0,0,0
1906,COc1ccccc1N1CCN(CCCCCn2ncc(=O)n(C)c2=O)CC1,0,0,0
1907,OC12C3C4CC5C6C4C1C6C(C53)N2Cc1ccc2c(c1)OCO2,0,NaN,NaN
1908,COc1ccc(N2CCN(CCCCn3ncc(=O)n(C)c3=O)CC2)cc1,0,0,0
1909,COc1ccc(CCN2C3C4C5CC6C7C5C3C7C2(O)C64)cc1OC,0,NaN,NaN
1910,CCC1c2[nH]c3ccccc3c2CC2c3cc4c(cc3CCN21)OCO4,0,NaN,NaN
1911,Cn1c(=O)cnn(CCCCN2CCN(c3cccc(Br)n3)CC2)c1=O,0,0,0
1912,NC(=O)c1cc(C(O)CN2CCN(C(=O)c3ccco3)CC2)ccc1O,0,0,0
1913,CCOc1ccc(/C=C2\NCCc3cc(OCC)c(OCC)cc32)cc1OCC,0,NaN,NaN
1914,O=C(OC[C@@H]1CCN2CCC[C@@H]12)c1n[nH]c2ccccc12,0,0,0
1915,O=C(OC[C@@H]1CCN2CCC[C@@H]12)c1c[nH]c2ccccc12,0,0,0
1916,Cn1nc(C(=O)OC[C@@H]2CCN3CCC[C@@H]23)c2ccccc21,0,0,0
1917,COc1cc(N)c(Cl)cc1C(=O)N[C@@H]1C2CC3CN(C2)CC31,0,0,0
1918,Cn1c(=O)cnn(CCCCN2CCN(c3c(F)cccc3C#N)CC2)c1=O,0,0,0
1919,COC(=O)c1cc(C(O)CN2CCN(C(=O)c3ccco3)CC2)ccc1O,0,0,0
1920,Cc1cnc(NC2CCC(NC(=O)c3ccc(Cl)cc3)CC2)nc1N(C)C,0,NaN,NaN
1921,COc1cc(N)c(Cl)cc1C(=O)NC[C@@H]1CCN2CCC[C@@H]12,0,0,0
1922,Cc1ccc(C(=O)NC2CCC(Nc3ncc(C)c(N(C)C)n3)CC2)cc1,0,NaN,NaN
1923,O=C(NC[C@@H]1CCN2CCC[C@@H]12)c1cc(Cl)cn2ccnc12,0,0,0
1924,C[C@@H]1CCCN1CCc1cc2cc(C(=O)c3ccc(F)cc3)ccc2o1,0,0,0
1925,Cc1ccccc1N1CCN(C(=O)COc2ccc3[nH]cc(CCN)c3c2)CC1,0,0,0
1926,CCCN(CCC)C(=O)Cc1c(-c2ccc(Cl)cc2)nc2ccc(Cl)cn12,0,NaN,NaN
1927,COc1ccc(N2CCN(CCCCn3ncc(=O)n(C)c3=O)CC2)c(OC)c1,0,0,0
1928,O=C(NCCCCN1CCN(c2cccc(Cl)c2Cl)CC1)c1cc2ccccc2o1,0,0,0
1929,COc1ccc2cccc(N3CCN(CCCn4ncc(=O)n(C)c4=O)CC3)c2c1,0,0,0
1930,CN(C)Cc1nc(-c2ccc(C(C)(C)C)cc2)n(-c2cccc(O)c2)n1,0,0,NaN
1931,CC1(C)CCC(C)(C)c2cc(NC(=O)c3ccc(C(=O)O)cc3)ccc21,0,NaN,NaN
1932,O=C1c2ccccc2C(Cc2ccnnc2)(Cc2c(F)cncc2F)c2ccccc21,0,0,0
1933,COC(=O)c1cc(C(O)CNC(C)(C)CCc2ccc3c(c2)OCO3)ccc1O,0,0,0
1934,COc1ccc(C2c3[nH]c4ccccc4c3CC3c4ccc(OC)cc4CCN32)cc1,0,NaN,NaN
1935,COc1ccc2cccc(N3CCN(CCCCCn4ncc(=O)n(C)c4=O)CC3)c2c1,0,0,0
1936,Cc1cn([C@H](C)CC#N)c(=O)c2cc(Cn3nc(C(F)F)cc3Cl)nn12,0,NaN,NaN
1937,Cc1cc(N(C)C)nc(NC2CCC(NC(=O)c3ccc(Cl)c(Cl)c3)CC2)n1,0,NaN,NaN
1938,Cc1cccc2c(=O)n(C)c(-c3ccc(OC4CCN(C5CCC5)CC4)cc3)nc12,0,NaN,NaN
1939,CCCN1CCc2cccc3c2[C@H]1Cc1cccc(OC(=O)CCCCC2CCSS2)c1-3,0,0,0
1940,COc1nccc2c(=O)n(C)c(-c3ccc(OC4CCN(C5CCC5)CC4)cc3)nc12,0,NaN,NaN
1941,COc1ccc2c(=O)n(C)c(-c3ccc(OC4CCN(C5CCC5)CC4)cc3)nc2c1,0,NaN,NaN
1942,COc1cccc2c(=O)n(C)c(-c3ccc(OC4CCN(C5CCC5)CC4)cc3)nc12,0,NaN,NaN
1943,CCCN(CCCCCCN(C)CCOc1ccccc1OC)[C@H]1CCc2c(ccc(O)c2O)C1,0,0,0
1944,COc1ccc(-n2cnc3ccc(-c4nnc(SCc5cccc(C#N)c5)o4)cc32)cc1,0,NaN,NaN
1945,COc1ccc2[nH]c3c(c2c1)CC1c2cc(OC)c(OCc4ccccc4)cc2CCN1C3,0,NaN,NaN
1946,Cc1noc(C)c1-c1cnc2cc(C(=O)NCCC[n+]3ccc(N(C)C)cc3)ccn12,0,NaN,NaN
1947,Cc1cnc(N[C@H]2CC[C@@H](NC(=O)c3ccc(Cl)cc3)CC2)nc1N(C)C,0,NaN,NaN
1948,Cc1ccc(C(=O)N[C@H]2CC[C@@H](Nc3ncc(C)c(N(C)C)n3)CC2)cc1,0,NaN,NaN
1949,CCCN(CCCCCCN(CCC)[C@H]1CCc2c(ccc(O)c2O)C1)CCOc1ccccc1OC,0,0,0
1950,CCCCCCCCCCCCNC(=O)c1cc(C(O)CNC(C)CCc2ccc3c(c2)OCO3)ccc1O,0,0,0
1951,CN1CC[C@H]2CC(=O)[C@H](Cc3ccccc3)[C@H]3CCC[C@@H]1[C@H]23,0,0,0
1952,C[C@@H]1CCCN1CCc1cc2cc(C(=O)c3ccc([N+](=O)[O-])cc3)ccc2o1,0,0,0
1953,CC(C)(O)c1ccc(N2Cc3c(ccnc3-c3ccc(F)cc3OCC(F)(F)F)C2=O)cc1,0,NaN,NaN
1954,Cn1c(-c2ccc(OC3CCN(C4CCC4)CC3)cc2)nc2c(C(F)(F)F)cccc2c1=O,0,NaN,NaN
1955,Cc1nc2cnccc2n1-c1ccc(OCc2cccc(/C=C/c3nc4cc(F)ccc4s3)c2)cc1,0,0,0
1956,Cc1cc(N(C)C)nc(N[C@H]2CC[C@@H](NC(=O)c3ccc(Cl)c(Cl)c3)CC2)n1,0,NaN,NaN
1957,Cc1nc2cnccc2n1-c1ccc(OCc2cccc(/C=C/c3ccc4ccc(Cl)cc4n3)c2)cc1,0,0,0
1958,CN(CCCN1CCC2(CC1)OCc1cc(F)ncc12)C(=O)C(c1ccc(F)c(F)c1)n1cccn1,0,NaN,NaN
1959,C[C@H]1Cc2c([nH]c3cc(Cl)c(F)cc23)[C@@]2(N1)C(=O)Nc1ccc(Cl)cc12,0,NaN,NaN
1960,CCN(CCCN1CCC2(CC1)OCc1cc(F)ncc12)C(=O)C(c1ccc(F)c(F)c1)n1cccn1,0,NaN,NaN
1961,O=c1cc(O)cc2oc(-c3ccc(O)c(O)c3)c(OC3OC(CO)C(O)C(O)C3O)c(O)c1-2,0,NaN,NaN
1962,Cn1c(N2CCN(CCCN3c4ccccc4COc4ccc(C(=O)O)cc43)CC2)cc(=O)n(C)c1=O,0,0,0
1963,O=c1cc(O)cc2oc(-c3ccc(O)c(O)c3)c(OC3C(O)OC(CO)C(O)C3O)c(O)c1-2,0,NaN,NaN
1964,CS(=O)(=O)c1cc(F)cc2c3c(n(Cc4ccc(Cl)cc4)c12)[C@@H](CC(=O)O)CC3,0,NaN,NaN
1965,O=C(C(c1ccc(F)c(F)c1)n1cccn1)N(CCF)CCCN1CCC2(CC1)OCc1cc(F)ncc12,0,NaN,NaN
1966,Cc1ccc(Cn2nc(C(=O)NC3C(C)(C)C4CC[C@@]3(C)C4)cc2-c2ccc(Cl)c(C)c2)cc1,0,NaN,NaN
1967,CNCCOC(=O)[C@@H]1[C@H]2C[C@H]3c4[nH]c5ccccc5c4CCN3C[C@@H]2CC[C@@H]1O,0,NaN,NaN
1968,CNc1nc(C#Cc2ccc(Cl)s2)nc2c1ncn2[C@@H]1O[C@H](C(=O)OC)[C@@H](O)[C@H]1O,0,0,0
1969,CCCN1CC[C@H]2c3cc4ccc(C(F)(F)F)cc4nc3[C@H](CC)[C@H]3CCC[C@@H]1[C@@H]32,0,0,0
1970,O=C(OC1CNC1)[C@@H]1[C@H]2C[C@H]3c4[nH]c5ccccc5c4CCN3C[C@@H]2CC[C@@H]1O,0,NaN,NaN
1971,O=C(NC1CNC1)[C@@H]1[C@H]2C[C@H]3c4[nH]c5ccccc5c4CCN3C[C@@H]2CC[C@@H]1O,0,NaN,NaN
1972,O=C(OCC1CNC1)[C@@H]1[C@H]2C[C@H]3c4[nH]c5ccccc5c4CCN3C[C@@H]2CC[C@@H]1O,0,NaN,NaN
1973,CNC(=O)[C@H]1O[C@@H](n2cnc3c(NC)nc(C#Cc4ccc(Cl)s4)nc32)[C@H](O)[C@@H]1O,0,0,0
1974,CCCNc1nc(C#Cc2ccc(Cl)s2)nc2c1ncn2[C@@H]1O[C@H](C(=O)NC)[C@@H](O)[C@H]1O,0,0,0
1975,O=C(OC1CCCNC1)[C@@H]1[C@H]2C[C@H]3c4[nH]c5ccccc5c4CCN3C[C@@H]2CC[C@@H]1O,0,NaN,NaN
1976,O=C(Nc1ccc(OC(F)F)nc1)NC1CCN(c2ncnc3c2nc(-c2ccccc2Cl)n3-c2ccc(Cl)cc2)CC1,0,NaN,NaN
1977,O=C(OC1CCNCC1)[C@@H]1[C@H]2C[C@H]3c4[nH]c5ccccc5c4CCN3C[C@@H]2CC[C@@H]1O,0,NaN,NaN
1978,NC1CC(OC(=O)[C@@H]2[C@H]3C[C@H]4c5[nH]c6ccccc6c5CCN4C[C@@H]3CC[C@@H]2O)C1,0,NaN,NaN
1979,O=C(O[C@H]1CCNC1)[C@@H]1[C@H]2C[C@H]3c4[nH]c5ccccc5c4CCN3C[C@@H]2CC[C@@H]1O,0,NaN,NaN
1980,O=C(OC[C@H]1CCN1)[C@@H]1[C@H]2C[C@H]3c4[nH]c5ccccc5c4CCN3C[C@@H]2CC[C@@H]1O,0,NaN,NaN
1981,O=C(N[C@H]1CCNC1)[C@@H]1[C@H]2C[C@H]3c4[nH]c5ccccc5c4CCN3C[C@@H]2CC[C@@H]1O,0,NaN,NaN
1982,O=C(O[C@@H]1CCNC1)[C@@H]1[C@H]2C[C@H]3c4[nH]c5ccccc5c4CCN3C[C@@H]2CC[C@@H]1O,0,NaN,NaN
1983,O=C(OC[C@@H]1CCN1)[C@@H]1[C@H]2C[C@H]3c4[nH]c5ccccc5c4CCN3C[C@@H]2CC[C@@H]1O,0,NaN,NaN
1984,O=C(OC[C@H]1CCCN1)[C@@H]1[C@H]2C[C@H]3c4[nH]c5ccccc5c4CCN3C[C@@H]2CC[C@@H]1O,0,NaN,NaN
1985,O=C(OC[C@H]1CCNC1)[C@@H]1[C@H]2C[C@H]3c4[nH]c5ccccc5c4CCN3C[C@@H]2CC[C@@H]1O,0,NaN,NaN
1986,O=C(OC[C@@H]1CCCN1)[C@@H]1[C@H]2C[C@H]3c4[nH]c5ccccc5c4CCN3C[C@@H]2CC[C@@H]1O,0,NaN,NaN
1987,O=C(OC[C@@H]1CCNC1)[C@@H]1[C@H]2C[C@H]3c4[nH]c5ccccc5c4CCN3C[C@@H]2CC[C@@H]1O,0,NaN,NaN
1988,O=c1cc(O)cc2oc(-c3ccc(O)c(-c4c(O)cc(O)c5c(=O)cc(-c6ccc(O)cc6)oc45)c3)cc(O)c1-2,0,NaN,NaN
1989,Cc1cc(O)c2c(=O)c3c(O)cc(O)c4c5c(O)cc(O)c6c(=O)c7c(O)cc(CO)c8c1c2c(c34)c(c65)c78,0,NaN,NaN
1990,C[C@@H]1O[C@@H](Oc2c(-c3ccc(O)c(O)c3)oc3cc(O)cc(=O)c-3c2O)[C@H](O)[C@H](O)[C@H]1O,0,NaN,NaN
1991,N[C@H]1C[C@H](OC(=O)[C@@H]2[C@H]3C[C@H]4c5[nH]c6ccccc6c5CCN4C[C@@H]3CC[C@@H]2O)C1,0,NaN,NaN
1992,N[C@H]1C[C@@H](OC(=O)[C@@H]2[C@H]3C[C@H]4c5[nH]c6ccccc6c5CCN4C[C@@H]3CC[C@@H]2O)C1,0,NaN,NaN
1993,COC(=O)[C@@H]1C[C@H](OC(C)=O)C(=O)[C@H]2[C@@]1(C)CC[C@H]1C(=O)O[C@H](c3ccoc3)C[C@]21C,0,0,NaN
1994,COc1cccc2c1C(=O)c1c(O)c3c(c(O)c1C2=O)C[C@@](O)(C(=O)CO)C[C@@H]3O[C@H]1C[C@H](N)[C@H](O[C@@H]2CCCCO2)[C@H](C)O1,0,NaN,NaN
1995,C[C@@H]1O[C@@H](OC[C@H]2O[C@@H](Oc3c(-c4ccc(O)c(O)c4)oc4cc(O)cc(O)c4c3=O)[C@H](O)[C@@H](O)[C@@H]2O)[C@H](O)[C@H](O)[C@H]1O,0,NaN,NaN
1996,Cc1ccc2c(c1)Oc1sc(Cl)cc1C(N1CCN(CC(C)(C)C(=O)O)CC1)=N2,0,0,NaN
1997,CCCN(CCC)CC1OCc2c1ccc(O)c2O,0,0,0
1998,O[C@@H]1CCC2CN3CCc4cc5c(cc4[C@@H]3C[C@@H]2C1)OCO5,0,0,0
1999,CC(C)(C)OC(=O)[C@@H]1[C@H]2C[C@H]3c4[nH]c5ccccc5c4CCN3C[C@@H]2CC[C@@H]1O,0,NaN,NaN
2000,N=C(N)NCc1cccc([123I])c1,0,NaN,NaN
2001,Cc1c(C(=O)NN2CCCCC2)nn(-c2ccc(Cl)cc2Cl)c1-c1ccc(Cl)cc1,0,NaN,NaN
2002,Brc1ccccc1Nc1ncc[nH]1,0,0,0
2003,CC(CC(c1ccccc1)c1ccccc1)NC(C)(C)C,0,NaN,NaN
2004,CC(C)NC(=N)NC(=N)Nc1ccc(Cl)c(Cl)c1,0,NaN,NaN
2006,Oc1ccc2c(c1)CC[C@H](c1ccccc1)[C@@H]2c1ccc(OCCN2CCCC2)cc1,0,NaN,NaN
2007,CC(C)CN(C[C@@H](O)[C@H](Cc1ccccc1)NC(=O)O[C@H]1CCOC1)S(=O)(=O)c1ccc(N)cc1,0,NaN,0
2008,O=C1CN=C(c2ccccc2)c2c(sc3c2CCCC3)N1,0,NaN,NaN
2009,O=C(c1nc(-c2c[nH]c3cc(Br)ccc23)c[nH]1)c1c[nH]c2cc(O)ccc12,0,NaN,NaN
2010,CN1Cc2c(N)cccc2C(c2ccccc2)C1,0,NaN,NaN
2011,Clc1ccc(Cn2c(CN3CCCC3)nc3ccccc32)cc1,0,NaN,NaN
2012,CC(=O)Oc1cccc2c1C(=O)c1c(OC(C)=O)cc(C(=O)O)cc1C2=O,0,NaN,NaN
2013,CCCCOC(=O)C(=O)[C@H]1[C@H](C)C[C@H]2[C@@H]3C[C@H](F)C4=CC(=O)C=C[C@]4(C)[C@H]3[C@@H](O)C[C@@]21C,0,NaN,NaN
2014,CCC(=O)O[C@]1(C(=O)CCl)[C@@H](C)C[C@H]2[C@@H]3C[C@H](F)C4=CC(=O)C=C[C@]4(C)[C@@]3(F)[C@@H](O)C[C@@]21C,0,NaN,NaN
2015,Cn1c(O)c(N=NC(N)=S)c2ccccc21,0,NaN,NaN
2016,CN1C(=O)/C(=N\NC(N)=S)c2ccccc21,0,NaN,NaN
2017,O=C(COc1ccc(Cl)cc1)N1CCN(Cc2ccc3c(c2)OCO3)CC1,0,NaN,NaN
2018,CCCCCCCCCCCCCCCCCC(=O)NCCCC[C@H](NC(=O)CC[C@@H](NC(=O)[C@H](C)NC(=O)[C@@H](C)O[C@H]1[C@H](O)[C@@H](CO)OC(O)[C@@H]1NC(C)=O)C(N)=O)C(=O)O,0,NaN,NaN
2019,O=C(OCC(O)CO)c1ccccc1Nc1ccnc2cc(Cl)ccc12,0,NaN,NaN
2020,CN(C)C/C=C(/c1ccc(Br)cc1)c1cccnc1,0,NaN,NaN
2021,CCN(CC)CCCN(c1ccccc1)C1Cc2ccccc2C1,0,NaN,NaN
2022,CC(Cc1cccc(C(F)(F)F)c1)NCCOC(=O)c1ccccc1,0,NaN,NaN
2023,COc1cc(N)c(Cl)cc1C(=O)NC1CCN(Cc2ccccc2)CC1,0,NaN,NaN
2024,Brc1c(NC2=N[C@@H]3CCCC[C@@H]3N2)ccc2nccnc12,0,0,0
2025,Cc1cc(O)cc(C)c1Cl,0,NaN,0
2026,CC(CC1c2ccccc2CCc2ccccc21)CN(C)C,0,NaN,NaN
2027,CC(C)COCC(CN(Cc1ccccc1)c1ccccc1)N1CCCC1,0,NaN,NaN
2028,N=C(N)Nc1ccc(C(=O)Oc2ccc3cc(C(=N)N)ccc3c2)cc1,0,NaN,NaN
2029,CCOC1O[C@H]([C@@H](COCc2ccccc2)OCc2ccccc2)[C@H](OCc2ccccc2)[C@H]1O,0,NaN,NaN
2030,COC(=O)[C@@H]1[C@H]2C[C@H]3c4cc5c(cc4CCN3C[C@@H]2CC[C@H]1O)OCO5,0,0,0
2031,CC(=O)[C@H]1CC[C@H]2[C@@H]3CCC4=CC(=O)CC[C@]4(C)[C@H]3CC[C@]12C,0,NaN,0
2032,CC(C)N1CCN(c2ccc(OCC3COC(Cn4cncn4)(c4ccc(Cl)cc4Cl)O3)cc2)CC1,0,NaN,0
2033,Cc1c(Nc2ncc[nH]2)ccc2c1NCCO2,0,0,0
2034,COc1cc(C)c(Nc2ncc[nH]2)cc1C(C)(C)C,0,0,0
2035,CNCC(O)c1ccc(O)c(O)c1F,0,NaN,NaN
2036,CC/C(=C(/CC)c1ccc(O)cc1)c1ccc(O)cc1,0,NaN,0
2037,NC(N)=Nc1ccc2nccnc2c1Br,0,0,0
2038,CC(=O)O[C@]1(C(C)=O)CC[C@H]2[C@@H]3C=C(Cl)C4=CC(=O)CC[C@]4(C)[C@H]3CC[C@@]21C,0,NaN,0
2039,CC(O)(CC(=O)O)CC(=O)O,0,NaN,NaN
2040,c1cnc2cc(NC3=NCCN3)ccc2n1,0,0,0
2041,Cc1ccccc1C(=O)Nc1ccc(C(=O)N2CCCC(N(C)C)c3ccccc32)cc1,0,NaN,NaN
2042,CN1CCN=C(c2ccccc2)c2cc(Cl)ccc21,0,NaN,NaN
2043,CCCC(CCC)C(=O)OC1C[C@H]2CC[C@@H](C1)[N+]2(C)C,0,NaN,NaN
2044,CCCC(CCC)C(=O)O[C@H]1C[C@H]2CC[C@@H](C1)[N+]2(C)C,0,NaN,NaN
2045,OC[C@H]1O[C@@H](Oc2cc(O)cc(/C=C/c3ccc(O)cc3)c2)[C@H](O)[C@@H](O)[C@@H]1O,0,NaN,NaN
2046,C[C@H](CCC(=O)O)[C@H]1CC[C@H]2[C@@H]3[C@H](O)C[C@@H]4C[C@H](O)CC[C@]4(C)[C@H]3CC[C@]12C,0,NaN,NaN
2047,COc1ccc(C(=O)c2ccccc2O)c(O)c1,0,NaN,NaN
2048,COc1ccc(C(=O)c2ccccc2)c(O)c1,0,NaN,NaN
2049,O=C(Cc1ccc(-c2ccccc2)cc1)Nc1ccccn1,0,NaN,NaN
2050,COc1ccc(CCC(C)NCC(O)c2ccc(O)c([S+](C)[O-])c2)cc1,0,NaN,NaN
2051,Oc1cccc2cccnc12,0,NaN,0
2052,C=C(c1ccccc1OCc1cccc(Cl)c1)n1ccnc1,0,NaN,NaN
2053,COc1ccc(C(Cl)=C(c2ccc(OC)cc2)c2ccc(OC)cc2)cc1,0,NaN,NaN
2054,O=C(NCC1CCCCN1)c1cc(OCC(F)(F)F)ccc1OCC(F)(F)F,0,NaN,NaN
2055,Brc1c(NC2=NCCS2)ccc2nccnc12,0,0,0
2056,COc1cc2/c(=N/c3ccc(Br)cc3F)nc[nH]c2cc1OCC1CCN(C)CC1,0,NaN,NaN
2057,OC[C@H]1O[C@@H](c2ccc(F)c(Cc3cc4ccccc4s3)c2)[C@H](O)[C@@H](O)[C@@H]1O,0,NaN,NaN
2058,CC(C(=O)O)c1ccc2oc(-c3ccc(Cl)cc3)nc2c1,0,NaN,0
2059,C=C1/C(=C\C=C2/CCC[C@]3(C)[C@@H]([C@H](C)CCCC(C)(C)O)CC[C@@H]23)C[C@@H](O)C[C@@H]1O,0,NaN,NaN
2060,C[C@@H]1C[C@H]2[C@@H]3C[C@H](F)C4=CC(=O)C(Cl)=C[C@]4(C)[C@@]3(F)[C@@H](O)C[C@]2(C)[C@@]1(O)C(=O)CO,0,NaN,NaN
2061,CN1CCC(N(Cc2cccs2)c2ccccc2)CC1,0,NaN,NaN
2062,c1c[nH]c(Nc2ccc3nc[nH]c3c2)n1,0,0,0
2063,CCC(Cc1c(I)cc(I)c(N)c1I)C(=O)O,0,NaN,NaN
2064,Cc1oc(=O)oc1COC(=O)[C@@H]1N2C(=O)[C@@H](NC(=O)[C@H](N)c3ccccc3)[C@H]2SC1(C)C,0,NaN,NaN
2065,O=C(Oc1ccc2c(c1)CCCN2C(=O)C(Cl)Cl)c1ccco1,0,NaN,NaN
2066,COc1cc(N)cn[n+]1-c1ccccc1,0,NaN,NaN
2067,CN(C)CCCn1c2c(c3ccccc31)CCCCCC2,0,NaN,NaN
2068,CC(/C=C1\SC(=S)N(CC(=O)O)C1=O)=C\c1ccccc1,0,NaN,0
2069,CC(C)=CCOc1ccc(/C=C/C(=O)c2ccc(OCC=C(C)C)cc2OCC(=O)O)cc1,0,NaN,NaN
2070,Cn1cc(C(=O)C(=O)N[C@@H]2CN3CCC2CC3)c2ccccc21,0,0,NaN
2071,COCc1c(C(C)C)nc(C(C)C)c(/C=C/[C@@H](O)C[C@@H](O)CC(=O)O)c1-c1ccc(F)cc1,0,NaN,0
2072,CC(C)(C)C(=O)C(Oc1ccc(Cl)cc1)n1ccnc1,0,NaN,NaN
2073,Cc1ccc(C(C)C)c(O)c1,0,NaN,NaN
2074,CC1=C(C(=O)OC(C)C)C(c2cccc([N+](=O)[O-])c2)C(C(=O)OC2CN(C(c3ccccc3)c3ccccc3)C2)=C(N)N1,0,NaN,NaN
2075,NCC1CCc2cc(O)c(O)cc21,0,0,0
2076,CC(Cc1ccc(O)cc1)NCC(O)c1cc(O)cc(O)c1,0,NaN,NaN
2077,CN(C)CCN(C)c1nc2ccc(NC(=O)COc3ccc(C(F)(F)F)cc3)cc2n1C,0,0,0
2078,Cc1c(Nc2ncc[nH]2)ccc2nccnc12,0,0,0
2079,CC(C)OC(=O)C(C(=O)OC(C)C)=C1SC=CS1,0,NaN,NaN
2080,CC(=O)[C@H]1CC[C@H]2[C@@H]3C=CC4=CC(=O)CC[C@@]4(C)[C@@H]3CC[C@]12C,0,NaN,NaN
2081,CN1C(CCl)Nc2cc(Cl)c(S(N)(=O)=O)cc2S1(=O)=O,0,NaN,NaN
2082,CO/N=C(\C(=O)N[C@@H]1C(=O)N2C(C(=O)[O-])=C(C[n+]3ccc(N)n3CCO)CS[C@H]12)c1csc(N)n1,0,NaN,NaN
2083,CC(O)CO,0,NaN,0
2084,NCC(=O)O,0,NaN,0
2085,C1CNCCN1,0,NaN,NaN
2086,OCC(O)CO,0,NaN,NaN
2087,Oc1ccccc1,0,NaN,0
2088,NCCNCCNCCN,0,NaN,NaN
2089,OCc1ccccc1,0,NaN,0
2090,NCCc1c[nH]cn1,0,NaN,NaN
2091,O=S(=O)(O)CCS,0,NaN,NaN
2092,NC(=O)c1cccnc1,0,NaN,0
2093,NCCc1ccc(O)cc1,0,NaN,NaN
2094,CC(C)Nc1ncccn1,0,NaN,NaN
2095,O=C(O)CCC(=O)O,0,NaN,NaN
2096,C[N+](C)(C)CCO,0,NaN,0
2097,O=C(O)c1cccnc1,0,NaN,0
2098,O=C(O)c1ccccc1,0,NaN,0
2099,CCCC(CCC)C(N)=O,0,NaN,NaN
2100,C[C@H](N)C(=O)O,0,NaN,NaN
2101,NC(=O)CN1CCCC1=O,0,NaN,0
2102,CC(N)CCCC(C)(C)O,0,NaN,NaN
2103,CC(COc1ccccc1)NN,0,NaN,NaN
2104,O=C(O)CCCCC1CCSS1,0,NaN,NaN
2105,Nc1ccc(C(=O)O)cc1,0,NaN,NaN
2106,CN(CC(=O)O)C(=N)N,0,NaN,NaN
2107,CC(C)(N)Cc1ccccc1,0,NaN,NaN
2108,CC(N)C(O)c1ccccc1,0,NaN,NaN
2109,Cc1ccccc1OCC(O)CO,0,NaN,NaN
2110,N[C@@H](CO)C(=O)O,0,NaN,NaN
2111,CCC(C)C(CC)C(N)=O,0,NaN,NaN
2112,CCOc1ccccc1C(N)=O,0,NaN,NaN
2113,CCCCNC(=N)NC(=N)N,0,NaN,NaN
2114,NCCC[C@H](N)C(=O)O,0,NaN,NaN
2115,C[N+](C)(C)CC(=O)O,0,NaN,NaN
2116,COC(=O)c1ccc(O)cc1,0,NaN,0
2117,Cc1ncc(CO)c(CO)c1O,0,NaN,NaN
2118,O=C(O)[C@@H]1CCCN1,0,NaN,NaN
2119,Cc1ccc(O)c2ncccc12,0,NaN,NaN
2120,O=C(O)c1cc(O)ccc1O,0,NaN,NaN
2121,N=C(N)NCCN1CCCCCCC1,0,NaN,0
2122,NC(=O)CN1CC(O)CC1=O,0,NaN,NaN
2123,CCOC(=O)c1ccc(O)cc1,0,NaN,NaN
2124,CCOc1ccc(NC(C)=O)cc1,0,NaN,0
2125,NCC(CC(=O)O)c1ccccc1,0,NaN,NaN
2126,CC(C)OP(=O)(F)OC(C)C,0,NaN,NaN
2127,CCN(CC)C(=O)c1cccnc1,0,NaN,NaN
2128,CC(C)NNC(=O)c1ccncc1,0,NaN,0
2129,CC(=O)OCC[N+](C)(C)C,0,NaN,NaN
2130,CCCOC(=O)c1ccc(O)cc1,0,NaN,NaN
2131,CCCCCCOc1ccccc1C(N)=O,0,NaN,NaN
2132,NC(=O)C[C@H](N)C(=O)O,0,NaN,NaN
2133,Nc1ccc(S(N)(=O)=O)cc1,0,NaN,0
2134,CCCCOC(=O)c1ccc(N)cc1,0,NaN,0
2135,CC1=CCC(C(C)(C)O)CC1O,0,NaN,NaN
2136,C[Se]CC[C@H](N)C(=O)O,0,NaN,NaN
2137,NCCCC(N)(C(=O)O)C(F)F,0,NaN,NaN
2138,Oc1ccc(OCc2ccccc2)cc1,0,NaN,0
2139,CC1OC2(CS1)CN1CCC2CC1,0,NaN,NaN
2141,CC(C)(N)Cc1ccc(Cl)cc1,0,NaN,NaN
2142,OC1C(O)C(O)C(O)C(O)C1O,0,NaN,NaN
2143,N[C@@H](CC(=O)O)C(=O)O,0,NaN,NaN
2144,CNC(=O)Oc1cccc2ccccc12,0,NaN,NaN
2145,O=C(O)CCNC(=O)c1ccccc1,0,NaN,0
2146,Cc1cc(=O)oc2cc(O)ccc12,0,NaN,NaN
2147,CCC(=O)c1c(O)cc(O)cc1O,0,NaN,NaN
2148,Oc1c(I)cc(Cl)c2cccnc12,0,NaN,NaN
2149,NCc1ccc(S(N)(=O)=O)cc1,0,NaN,NaN
2150,Cc1cccc(C)c1NC(=O)C(C)N,0,NaN,0
2151,CC(C)Cc1ccc(CC(=O)O)cc1,0,NaN,NaN
2152,CCN(CC)c1cc(C)nc2ncnn12,0,NaN,NaN
2153,Cc1cc(=O)[nH]c(=S)[nH]1,0,NaN,NaN
2154,CCCCOc1ccc(CC(=O)NO)cc1,0,NaN,NaN
2155,CCCCCCCCCCCCCCCCCC(=O)O,0,NaN,NaN
2156,CCN(CC)C(=O)N1CCN(C)CC1,0,NaN,NaN
2157,O=C(OCc1ccccc1)c1ccccc1,0,NaN,NaN
2158,CC(C)(C)C(=O)NCCCC(=O)O,0,NaN,NaN
2159,Oc1c(Cl)cc(Cl)c2cccnc12,0,NaN,NaN
2160,N[C@@H](CCC(=O)O)C(=O)O,0,NaN,NaN
2161,Nc1c2c(nc3ccccc13)CCCC2,0,NaN,0
2162,C=CCOc1ccc(CC(=O)O)cc1Cl,0,NaN,NaN
2163,C[C@@H](O)[C@H](N)C(=O)O,0,NaN,NaN
2164,N[C@@H](Cc1ccccc1)C(=O)O,0,NaN,NaN
2165,Clc1cc(Cl)c(OCC#CI)cc1Cl,0,NaN,0
2166,O=C(O)c1ccccc1OP(=O)(O)O,0,NaN,NaN
2167,Nc1c2c(nc3ccccc13)CCCC2O,0,NaN,NaN
2168,Nc1ccc(C(=O)NCC(=O)O)cc1,0,NaN,NaN
2169,CCCCCCCCCCCCCCCC(=O)NCCO,0,NaN,NaN
2170,CC(=O)Nc1ccc(CC(=O)O)cc1,0,NaN,NaN
2171,Cc1cccc(N2CC(CO)OC2=O)c1,0,NaN,NaN
2172,N=C(N)NCCC[C@H](N)C(=O)O,0,NaN,NaN
2173,NC(=O)NCCC[C@H](N)C(=O)O,0,NaN,NaN
2174,O=C(O)c1cc(=O)c2ccccc2o1,0,NaN,NaN
2175,C[C@H]1CNCCc2ccc(Cl)cc21,0,NaN,NaN
2176,CCN(CC)C(C)C(=O)c1ccccc1,0,NaN,NaN
2177,O=C(O)CCc1nc2ccccc2[nH]1,0,NaN,NaN
2178,CC(C)(C)NCC(O)c1ccccc1Cl,0,NaN,NaN
2179,Nc1ncnc(Nc2ccc(Cl)cc2)n1,0,NaN,NaN
2180,N=c1nc(N2CCCCC2)cc(N)n1O,0,NaN,NaN
2181,COc1c2ccoc2cc2oc(=O)ccc12,0,NaN,NaN
2182,O=S(=O)([O-])c1cc(O)ccc1O,0,NaN,NaN
2183,O=C([O-])[C@@H]1CCC(O)=N1,0,NaN,NaN
2184,Nc1ccc(N=Nc2ccccc2)c(N)n1,0,NaN,NaN
2185,Nc1cc(-c2ccncc2)c[nH]c1=O,0,NaN,0
2186,CCOC(=O)N1CSC[C@H]1C(=O)O,0,NaN,NaN
2187,CCNC(C)Cc1cccc(C(F)(F)F)c1,0,NaN,NaN
2188,O=C(NNCS(=O)(=O)O)c1ccncc1,0,NaN,NaN
2189,OC[C@@H](O)C(O)[C@@H](O)CO,0,NaN,NaN
2190,CCC1(c2ccccc2)CCC(=O)NC1=O,0,NaN,NaN
2191,O=C(O)CC(O)(CC(=O)O)C(=O)O,0,NaN,0
2192,C1=Cc2cccc(OCC3CNCCO3)c2C1,0,NaN,NaN
2193,O=C(O)[C@@H]1C[C@@H](O)CN1,0,NaN,NaN
2194,O=C(O)Cc1ccc(-c2ccccc2)cc1,0,NaN,0
2195,CN=C(N)NC(=O)Nc1c(C)cccc1C,0,NaN,NaN
2196,Cn1c(=O)c2c(ncn2C)n(C)c1=O,0,NaN,0
2197,NC(=O)OCC(O)COc1ccc(Cl)cc1,0,NaN,NaN
2198,CCCCC1(CC)C(=O)NC(=O)NC1=O,0,NaN,NaN
2199,CC(C)(Oc1ccc(Cl)cc1)C(=O)O,0,NaN,0
2200,CN1CCCN=C1/C=C/c1cccc(O)c1,0,NaN,NaN
2201,CCCNC(C)(C)COC(=O)c1ccccc1,0,NaN,NaN
2202,C[C@H](N)Cn1ncc2ccc(O)cc21,0,0,NaN
2203,c1ccc2[nH]c(-c3cscn3)nc2c1,0,NaN,0
2204,COc1nc(C)nc(Cl)c1NC1=NCCN1,0,0,0
2205,CCCCCCCC/C=C\CCCCCCCC(=O)O,0,NaN,NaN
2206,COc1ccc(C(=O)N2CCCC2=O)cc1,0,NaN,0
2207,N=C(N)NS(=O)(=O)c1ccc(N)cc1,0,NaN,NaN
2208,CC(C)Cc1ccc(C(C)C(=O)NO)cc1,0,NaN,NaN
2209,c1ccc([C@H]2CN3CCSC3=N2)cc1,0,NaN,0
2210,Cc1ccc2c(c1)c1c3n2CCNC3CCC1,0,NaN,NaN
2211,CCC1(c2cccc(O)c2)CCCCN(C)C1,0,NaN,NaN
2212,CC(c1cc2ccccc2s1)N(O)C(N)=O,0,NaN,0
2213,N[C@@H](Cc1ccc(O)cc1)C(=O)O,0,NaN,NaN
2214,c1coc(CNc2ncnc3[nH]cnc23)c1,0,NaN,NaN
2215,CCC(C(=O)O)c1ccc(CC(C)C)cc1,0,NaN,NaN
2216,CN(C)c1nc(N(C)C)nc(N(C)C)n1,0,NaN,0
2217,CC(C)(C)NCC(O)COc1ccccc1C#N,0,NaN,NaN
2218,NC(=O)NS(=O)(=O)c1ccc(N)cc1,0,NaN,NaN
2219,CC(C)NC[C@H](O)COc1ccc(O)cc1,0,NaN,NaN
2220,CC(=O)N=c1sc(S(N)(=O)=O)nn1C,0,NaN,NaN
2221,C=C(C)CNc1ccc(C(C)C(=O)O)cc1,0,NaN,NaN
2222,CCC1(c2ccccc2)NC(=O)N(C)C1=O,0,NaN,NaN
2223,Nc1ccc(S(=O)(=O)Nc2nccs2)cc1,0,NaN,0
2224,c1ccc(C2(N3CCCCC3)CCCCC2)cc1,0,NaN,NaN
2225,CCOC(=O)C(C)(C)Oc1ccc(Cl)cc1,0,NaN,0
2226,Cc1ncc(COP(=O)(O)O)c(C=O)c1O,0,NaN,NaN
2227,CCOc1ccc2nc(S(N)(=O)=O)sc2c1,0,NaN,NaN
2228,COc1cc(C)nc(-n2nc(C)cc2OC)n1,0,NaN,NaN
2229,CC(C)(CO)[C@@H](O)C(=O)NCCCO,0,NaN,NaN
2230,CN(C1=NCCN1)c1ccc2c(c1)OCCO2,0,0,0
2231,Oc1cc(Cl)ccc1Oc1ccc(Cl)cc1Cl,0,NaN,NaN
2232,CN1C(=O)N(C)C2C1N(C)C(=O)N2C,0,NaN,NaN
2233,CCC(C)C1(CC)C(=O)NC(=O)NC1=O,0,NaN,NaN
2234,Nc1nc(N)nc(-c2cc(Cl)ccc2Cl)n1,0,NaN,0
2235,Cc1ncc2c(c1O)COC2c1ccc(Cl)cc1,0,NaN,NaN
2236,COc1ccc2[nH]cc(CCNC(C)=O)c2c1,0,NaN,0
2237,Cc1ccc(C(=O)C(C)CN2CCCCC2)cc1,0,NaN,0
2238,O=C(NCCO[N+](=O)[O-])c1cccnc1,0,NaN,NaN
2239,O=[N+]([O-])c1cncn1CCN1CCOCC1,0,NaN,NaN
2240,O=[N+]([O-])c1ccc(O)c2ncccc12,0,NaN,NaN
2241,CCC1(c2ccc(N)cc2)CCC(=O)NC1=O,0,NaN,0
2242,O=C1NCC2(CCN(CCc3ccccc3)CC2)O1,0,NaN,NaN
2243,OC[C@@H](O)[C@H](O)[C@@H](O)CO,0,NaN,NaN
2244,CC(C)Cc1ccc([C@H](C)C(=O)O)cc1,0,NaN,0
2245,CC(C)(C)NCC(O)COc1cccc2c1SCCC2,0,NaN,NaN
2246,O=C(O)Cc1ccccc1Oc1ccc(Cl)cc1Cl,0,NaN,NaN
2247,Cc1ncc([N+](=O)[O-])n1CC(O)CCl,0,NaN,NaN
2248,Nc1c(Br)cc(Br)cc1CNC1CCC(O)CC1,0,NaN,NaN
2249,Nc1ccc(S(=O)(=O)c2cnc(N)s2)cc1,0,NaN,NaN
2250,CC(CN(C)C)C(C)(O)Cc1ccc(Cl)cc1,0,NaN,NaN
2251,OC[C@@H](O)CN1CCN(c2ccccc2)CC1,0,NaN,NaN
2252,O=C1NCCN1c1ncc([N+](=O)[O-])s1,0,NaN,NaN
2253,CCCn1c(=O)[nH]c(=O)c2nc[nH]c21,0,NaN,NaN
2254,CCc1ccc(C(=O)C(C)CN2CCCCC2)cc1,0,NaN,0
2255,CN1CCN(C(c2ccccc2)c2ccccc2)CC1,0,NaN,NaN
2256,C=CCC1(CC(C)C)C(=O)NC(=O)NC1=O,0,NaN,NaN
2257,CC(C)C(=O)c1c(C(C)C)nn2ccccc12,0,NaN,NaN
2258,Cc1cccc(C)c1NC(=O)CC12CCCN1CCC2,0,NaN,NaN
2259,CCOc1ccccc1OC(c1ccccc1)C1CNCCO1,0,NaN,NaN
2260,O=C1O[C@H]([C@@H](O)CO)C(O)=C1O,0,NaN,0
2261,CCCCN(CCCC)CCCOC(=O)c1ccc(N)cc1,0,NaN,NaN
2262,Cc1ncc(C[n+]2csc(CCO)c2C)c(N)n1,0,NaN,NaN
2263,COc1nccnc1NS(=O)(=O)c1ccc(N)cc1,0,NaN,NaN
2264,CC(O)Cn1cnc2c1c(=O)n(C)c(=O)n2C,0,NaN,NaN
2265,CCn1cc(C(=O)O)c(=O)c2ccc(C)nc21,0,NaN,NaN
2266,CC(C)[C@@H]1CC[C@@H](C)C[C@H]1O,0,NaN,NaN
2267,Cc1c(C(C)C)c(=O)n(-c2ccccc2)n1C,0,NaN,NaN
2268,CCOC(=O)NNc1ccc(N(CC)CC(C)O)nn1,0,NaN,NaN
2269,CCN(CC)CC(=O)Oc1ccc(NC(C)=O)cc1,0,NaN,NaN
2270,CCCNC(=O)NS(=O)(=O)c1ccc(Cl)cc1,0,NaN,0
2271,Cc1c(N(C)C)c(=O)n(-c2ccccc2)n1C,0,NaN,NaN
2272,CC(=O)Oc1cc(C(F)(F)F)ccc1C(=O)O,0,NaN,NaN
2273,CC1(CCN2CCCCC2)C(=O)CCc2ccccc21,0,NaN,NaN
2274,COC(=O)[C@@H](N)Cc1ccc(O)c(O)c1,0,NaN,NaN
2275,O=C(O)c1cc(-c2ccccc2)nc2ccccc12,0,NaN,NaN
2276,COC(=O)CCc1ccc(OCC(O)CNC(C)C)cc1,0,NaN,0
2277,O=C(O)COc1nn(Cc2ccccc2)c2ccccc12,0,NaN,NaN
2278,CC/C=C\C/C=C\C/C=C\CCCCCCCC(=O)O,0,NaN,NaN
2279,CCN(CC)CCNC(=O)c1cc(Br)c(N)cc1OC,0,NaN,NaN
2280,Cc1cccn2c(=O)c(-c3nnn[nH]3)cnc12,0,NaN,NaN
2281,COc1c2occc2c(OC)c2c(=O)cc(C)oc12,0,NaN,NaN
2282,Cn1c(=O)c2c(ncn2CC(O)CO)n(C)c1=O,0,NaN,0
2283,O=S(=O)(c1cccc2cnccc12)N1CCCNCC1,0,NaN,NaN
2284,O=C(CCNNC(=O)c1ccncc1)NCc1ccccc1,0,NaN,NaN
2285,Cc1cc2c(OCC(O)CNC(C)C)cccc2[nH]1,0,NaN,NaN
2286,CCC1(C2=CCCCCC2)C(=O)NC(=O)NC1=O,0,NaN,NaN
2287,CC(C(=O)O)c1ccc(N2CC=CC2)c(Cl)c1,0,NaN,NaN
2288,COc1ccccc1OC1(C)OC(=O)c2ccccc2O1,0,NaN,NaN
2289,Cc1ccnc(NS(=O)(=O)c2ccc(N)cc2)n1,0,NaN,0
2290,OC(CCN1CCCCC1)(c1ccccc1)c1ccccc1,0,NaN,NaN
2291,CC(C(=O)O)c1ccc2c(c1)Cc1cccnc1O2,0,NaN,NaN
2292,N/N=c1\[nH][nH]/c(=N\N)c2ccccc12,0,NaN,NaN
2293,CCCCC/C=C\C/C=C\C/C=C\CCCCC(=O)O,0,NaN,NaN
2294,CCOC(=O)[N-]c1c[n+](N2CCOCC2)no1,0,NaN,NaN
2295,COc1cc(C(=O)NC2CCCNC2)cc(OC)c1OC,0,NaN,0
2296,CC(C)N1CCOC(c2cccc(C(F)(F)F)c2)C1,0,NaN,NaN
2297,Cn1c(=O)c2c(ncn2CC2OCCO2)n(C)c1=O,0,NaN,0
2298,NC(=O)N/N=C/c1ccc([N+](=O)[O-])o1,0,NaN,NaN
2299,c1ccc(C2(c3ccccc3)CC2C2=NCCN2)cc1,0,NaN,NaN
2300,N[C@@H](CSSC[C@H](N)C(=O)O)C(=O)O,0,NaN,NaN
2301,OC(CCCN1CCCCC1)(c1ccccc1)c1ccccc1,0,NaN,0
2302,CN(C/C=C/c1ccccc1)Cc1cccc2ccccc12,0,NaN,NaN
2303,CC(c1ccc(Cl)c(Cl)c1)N1N=C(N)CC1=O,0,NaN,NaN
2304,CN1CCC(=C2c3ccccc3CCc3cccnc32)CC1,0,NaN,NaN
2305,O=C(O)c1ccccc1Nc1cc(Cl)ccc1C(=O)O,0,NaN,NaN
2306,COc1ccc(NS(=O)(=O)c2ccc(N)cc2)nn1,0,NaN,NaN
2307,O=C(CO)[C@@H](O)[C@H](O)[C@H](O)CO,0,NaN,NaN
2308,Cc1ccc(Nc2c(F)cccc2Cl)c(CC(=O)O)c1,0,NaN,NaN
2309,O=C(O)CCCCCCNC1c2ccccc2CCc2ccccc21,0,NaN,NaN
2310,CC(C)CC(N(C)C)C1(c2ccc(Cl)cc2)CCC1,0,NaN,0
2311,CCOC(=O)/C=C1\SC(N2CCCCC2)C(=O)N1C,0,NaN,NaN
2312,CN1C(=O)CN=C(c2ccccc2)c2cc(Cl)ccc21,0,NaN,0
2313,CC(C)Cc1ccc(C(C)C(=O)OCc2ccccn2)cc1,0,NaN,NaN
2314,CC1CCc2cc(F)cc3c(=O)c(C(=O)O)cn1c23,0,NaN,NaN
2315,CC(C)(CO)[C@@H](O)C(=O)NCCC(=O)[O-],0,NaN,NaN
2316,CC(Cc1ccccc1)NCCC(c1ccccc1)c1ccccc1,0,NaN,NaN
2317,Cc1[nH]c(=O)c(C#N)cc1-c1ccc2nccn2c1,0,NaN,NaN
2318,c1cnc2cc3c(cc2n1)[C@@H]1CNC[C@H]3C1,0,NaN,NaN
2319,CC(C)(Oc1ccc(C2CC2(Cl)Cl)cc1)C(=O)O,0,NaN,0
2320,CCn1cc(C(=O)O)c(=O)c2cc3c(cc21)OCO3,0,NaN,NaN
2321,N[C@@H](Cc1c[nH]c2ccc(O)cc12)C(=O)O,0,NaN,NaN
2322,COc1cc(OC)c(C(=O)CCCN2CCCC2)c(OC)c1,0,NaN,0
2323,COc1ncnc(NS(=O)(=O)c2ccc(N)cc2)c1OC,0,NaN,0
2324,Cc1ccc(S(=O)(=O)NC(=O)NC2CCCCC2)cc1,0,NaN,NaN
2325,CC(C(=O)O)c1ccc(N2Cc3ccccc3C2=O)cc1,0,NaN,NaN
2326,CC(C)Oc1ccc2c(=O)c(-c3ccccc3)coc2c1,0,NaN,0
2327,O=C1CCC(N2C(=O)c3ccccc3C2=O)C(=O)N1,0,NaN,0
2328,Nc1ccn([C@H]2CC[C@@H](CO)O2)c(=O)n1,0,NaN,NaN
2329,Cc1cc(NS(=O)(=O)c2ccc(N)cc2)nc(C)n1,0,NaN,NaN
2330,Nc1c(CC(=O)O)cccc1C(=O)c1ccc(Br)cc1,0,NaN,0
2331,CSc1ccc(C(=O)c2[nH]c(=O)[nH]c2C)cc1,0,NaN,NaN
2332,O=C(O)COc1ccc(C(=O)c2cccs2)c(Cl)c1Cl,0,NaN,0
2333,Clc1ccc2c(c1)C(c1ccccc1)=NCc1nncn1-2,0,NaN,NaN
2334,Cc1cccc(C)c1NC(=O)CN(CC(=O)O)CC(=O)O,0,NaN,NaN
2335,CCCCC(CC)CN1CN(CC(CC)CCCC)CC(C)(N)C1,0,NaN,NaN
2336,CCOCC(O)COc1ccc(NC(=O)CC[S+](C)C)cc1,0,NaN,NaN
2337,NCC1CCC(C(=O)Oc2ccc(CCC(=O)O)cc2)CC1,0,NaN,NaN
2338,O=C(O)CN(CCN(CC(=O)O)CC(=O)O)CC(=O)O,0,NaN,NaN
2339,O=C(O)c1cccc(-c2noc(-c3ccccc3F)n2)c1,0,NaN,NaN
2340,CC(C)(C)N1CCC(c2ccccc2)(c2ccccc2)CC1,0,NaN,NaN
2341,CC(=O)O[C@H](CC(=O)[O-])C[N+](C)(C)C,0,NaN,NaN
2342,C[C@H](Cn1cnc2c(N)ncnc21)OCP(=O)(O)O,0,NaN,NaN
2343,O=C(O)c1nn(Cc2ccc(Cl)cc2Cl)c2ccccc12,0,NaN,NaN
2344,CCOC(=O)c1ccc(OC(=O)CCCCCNC(=N)N)cc1,0,NaN,NaN
2345,OC(CCN1CCCCC1)(c1ccccc1)C1CC2C=CC1C2,0,NaN,NaN
2346,CC(CN1CC(=O)NC(=O)C1)N1CC(=O)NC(=O)C1,0,NaN,NaN
2347,CC(=O)Oc1c(C)cc(OCC(O)CNC(C)C)c(C)c1C,0,NaN,NaN
2348,CN=C1CN(O)C(c2ccccc2)=c2cc(Cl)ccc2=N1,0,NaN,NaN
2349,O=C(C[S+]([O-])C(c1ccccc1)c1ccccc1)NO,0,NaN,NaN
2350,C[C@H](C(=O)O)c1cccc(C(=O)c2ccccc2)c1,0,NaN,0
2351,C[C@H](N)C(=O)N[C@@H](CCC(N)=O)C(=O)O,0,NaN,NaN
2352,Cc1ccc2c(-c3ccccc3)nc(=O)n(C(C)C)c2c1,0,NaN,NaN
2354,CC(C(=O)O)c1ccc2c(c1)CC(=O)c1ccccc1S2,0,NaN,NaN
2355,COc1ccc(C(=O)Nc2ccccc2CCC2CCCCN2C)cc1,0,NaN,NaN
2356,CCCn1cnc2c1c(=O)n(CCCCC(C)=O)c(=O)n2C,0,NaN,NaN
2357,CC(=O)OCC(=O)NCCCOc1cccc(CN2CCCCC2)c1,0,NaN,NaN
2358,C[N+](C)(C)CCOP(=O)([O-])OC[C@H](O)CO,0,NaN,0
2359,COc1ccc(CCNC[C@H](O)c2ccc(O)cc2)cc1OC,0,NaN,NaN
2360,Cc1nnc2n1-c1ccc(Cl)cc1C(c1ccccc1)=NC2,0,NaN,0
2361,CCCCOC(=O)C(=O)Nc1cccc(-c2nnn[nH]2)c1,0,NaN,NaN
2362,Cc1cc(CC(=O)O)n(C)c1C(=O)c1ccc(Cl)cc1,0,NaN,NaN
2363,COc1cc(NS(=O)(=O)c2ccc(N)cc2)nc(OC)n1,0,NaN,0
2364,CCN1CCCC1CNC(=O)c1cc(S(N)(=O)=O)ccc1OC,0,NaN,0
2365,Cc1ncc2n1-c1ccc(Cl)cc1C(c1ccccc1F)=NC2,0,NaN,NaN
2366,OC[C@@H](O)[C@@H](O)[C@H](O)[C@H](O)CO,0,NaN,0
2367,CCN1CCC[C@H]1CNC(=O)c1c(OC)ccc(Br)c1OC,0,NaN,NaN
2368,C/C=C/C/C=C/CCC(=O)[C@H]1O[C@H]1C(N)=O,0,NaN,NaN
2369,NC(=O)CCCN=C(c1ccc(Cl)cc1)c1cc(F)ccc1O,0,NaN,NaN
2370,N=C(N)NCCCCCCC(=O)NC(O)C(=O)NCCCCNCCCN,0,NaN,NaN
2371,COC1=C(OC)C(=O)C(CCCCCCCCCCO)=C(C)C1=O,0,NaN,0
2372,CN1C2CCCC1CC(NC(=O)c1nn(C)c3ccccc13)C2,0,NaN,0
2373,N[C@H]1C(O)O[C@H](CO)[C@@H](O)[C@@H]1O,0,NaN,NaN
2374,CC[N+](CC)(CC)CCC(O)(c1ccccc1)C1CCCCC1,0,NaN,NaN
2375,O=C1CC[C@@H](C(=O)N2CSC[C@H]2C(=O)O)N1,0,NaN,NaN
2376,CCc1cc2c(s1)-n1c(C)nnc1CN=C2c1ccccc1Cl,0,NaN,NaN
2377,COc1cccc(N(C)C(=S)Oc2ccc3c(c2)CCCC3)n1,0,NaN,NaN
2378,O=C(O)Cc1cn(-c2ccccc2)nc1-c1ccc(Cl)cc1,0,NaN,NaN
2379,N/N=c1/cc2c(n[nH]1)CCN(C(=O)c1ccccc1)C2,0,NaN,NaN
2380,CCC(NC(C)C)C(O)c1ccc(O)c2[nH]c(=O)ccc12,0,NaN,NaN
2381,Cc1ccc2c(c1O)C[C@@H](C1CCCCC1)O[C@H]2CN,0,0,0
2382,Nc1nc(N)nc(Nc2ccc([As]3SCC(CO)S3)cc2)n1,0,NaN,NaN
2383,CCCC1C(=O)N2C(N(C)C)=Nc3ccc(C)cc3N2C1=O,0,NaN,NaN
2384,O=C(O)c1cc(N=Nc2ccc(O)c(C(=O)O)c2)ccc1O,0,NaN,NaN
2385,COc1ccc(C(=O)NCc2ccc(OCCN(C)C)cc2)cc1OC,0,NaN,NaN
2386,CN(C(=O)c1c(O)c2ccccc2n(C)c1=O)c1ccccc1,0,NaN,NaN
2387,O=C1Nc2ccccc2C1(c1ccc(O)cc1)c1ccc(O)cc1,0,NaN,NaN
2388,CC(=O)Nc1c(I)c(NC(C)=O)c(I)c(C(=O)O)c1I,0,NaN,0
2389,Cc1c(NC(=O)c2cccnc2)c(=O)n(-c2ccccc2)n1C,0,NaN,NaN
2390,CCCCC1C(=O)N(c2ccccc2)N(c2ccc(O)cc2)C1=O,0,NaN,NaN
2391,CCN(C(C)=O)c1cccc(-c2ccnc3c(C#N)cnn23)c1,0,NaN,0
2392,NC(=O)CCC/N=C(\c1ccc(Cl)cc1)c1cc(F)ccc1O,0,NaN,NaN
2393,CC/C=C\C/C=C\C/C=C\C/C=C\C/C=C\CCCC(=O)O,0,NaN,NaN
2394,Cc1onc(-c2ccccc2)c1-c1ccc(S(N)(=O)=O)cc1,0,NaN,0
2395,O=C(O)c1cc(O)c2c3nc4ccccc4oc-3cc(=O)c2n1,0,NaN,NaN
2396,Fc1ccc(C(c2ccccc2)(c2ccccc2F)n2ccnc2)cc1,0,NaN,NaN
2397,CC(=O)c1ccc(S(=O)(=O)NC(=O)NC2CCCCC2)cc1,0,NaN,NaN
2398,CCOC(=O)C(C)(CC)Oc1ccc(Cc2ccc(Cl)cc2)cc1,0,NaN,NaN
2399,CC(C)(Oc1ccc(Cl)cc1)C(=O)NC(=O)NCN1CCOCC1,0,NaN,NaN
2400,CCN(CC)CCOC(=O)C(Cc1cccc2ccccc12)CC1CCCO1,0,NaN,NaN
2401,Cc1c(N(C)CS(=O)(=O)O)c(=O)n(-c2ccccc2)n1C,0,NaN,NaN
2402,O=C(O)[C@H](O)[C@@H](O)[C@H](O)[C@H](O)CO,0,NaN,NaN
2403,CN(C)[C@@H](c1cccc(O)c1)[C@H]1CCCC[C@H]1O,0,NaN,NaN
2404,O=C1CN=C(c2ccccc2)c2cc(Cl)ccc2N1CC(F)(F)F,0,NaN,NaN
2405,CNC1=Nc2ccc(Cl)cc2C(c2ccccc2)=[N+]([O-])C1,0,NaN,0
2406,CCN1CCC[C@H]1CNC(=O)c1cc(S(N)(=O)=O)ccc1OC,0,NaN,0
2407,C[C@@H](CN1CC(=O)NC(=O)C1)N1CC(=O)NC(=O)C1,0,NaN,NaN
2408,COC(=O)Nc1nc2cc(C(=O)c3ccc(F)cc3)ccc2[nH]1,0,NaN,0
2409,COc1ccc(-c2noc(CC(=O)O)c2-c2ccc(OC)cc2)cc1,0,NaN,NaN
2410,CS(=O)(=O)Nc1ccc([N+](=O)[O-])cc1Oc1ccccc1,0,NaN,0
2411,C/C(=C(/CCO)SSCC1CCCO1)N(C=O)Cc1cnc(C)nc1N,0,NaN,NaN
2412,COc1ccc(C(=O)NCc2cccnc2)cc1C(=O)NCc1cccnc1,0,NaN,NaN
2413,CCN(CC)CCn1c(=O)c(Cc2ccc(OC)cc2)nc2ccccc21,0,NaN,NaN
2414,Cn1cc(C(=O)[C@@H]2CCc3[nH]cnc3C2)c2ccccc21,0,NaN,NaN
2416,CN1CCN(CC(=O)N2c3ccccc3C(=O)Nc3cccnc32)CC1,0,NaN,NaN
2417,CS(=O)(=O)c1ccc(C2=C(c3ccccc3)C(=O)OC2)cc1,0,NaN,0
2418,CC/C=C\C/C=C\C/C=C\C/C=C\C/C=C\CCCC(=O)OCC,0,NaN,NaN
2419,CC(C)(Oc1ccc(Cl)cc1)C(=O)OCCOC(=O)c1cccnc1,0,NaN,NaN
2420,CC(=O)OC(C)OC(=O)C(C)c1ccc(-c2ccccc2)c(F)c1,0,NaN,NaN
2421,O=C(OCCN1CCOCC1)c1cccnc1Nc1cccc(C(F)(F)F)c1,0,NaN,NaN
2422,Cc1cc(C)c(NC(=O)CN(CC(=O)O)CC(=O)O)c(C)c1Br,0,NaN,NaN
2423,Cc1cccc(C)c1NC(=O)c1cc(S(N)(=O)=O)c(Cl)cc1O,0,NaN,NaN
2424,CN1[C@@H]2CC[C@H]1CC(OC(=O)C(CO)c1ccccc1)C2,0,NaN,NaN
2425,CN1C(=O)COc2c(C(=O)NC3CN4CCC3CC4)cc(Cl)cc21,0,NaN,0
2426,O=C(Nc1ccccc1)OCC(CN1CCCCC1)OC(=O)Nc1ccccc1,0,NaN,NaN
2427,Cc1cc(NC(=O)C2=C(O)c3ccccc3S(=O)(=O)N2C)no1,0,NaN,NaN
2428,CS(=O)(=O)Nc1cc2occ(NC=O)c(=O)c2cc1Oc1ccccc1,0,NaN,NaN
2429,O=C1CN=C(c2ccccc2Cl)c2cc([N+](=O)[O-])ccc2N1,0,NaN,0
2430,NC[C@H]1CC[C@H](C(=O)Oc2ccc(CCC(=O)O)cc2)CC1,0,NaN,0
2431,NS(=O)(=O)c1cc(-c2nnn[nH]2)c(NCc2cccs2)cc1Cl,0,NaN,NaN
2432,CC(C)(C)CC(C)(C)c1ccc(O)c(Cc2ccc(Cl)cc2Cl)c1,0,NaN,NaN
2433,COc1cc(C[C@@H]2NCCc3cc(O)c(O)cc32)cc(OC)c1OC,0,NaN,NaN
2434,C=CCN1CCCC1CNC(=O)c1cc(S(N)(=O)=O)cc(OC)c1OC,0,NaN,NaN
2435,CCN(CC)CCN1C(=O)CN=C(c2ccccc2F)c2cc(Cl)ccc21,0,NaN,NaN
2436,C=CCSCC1Nc2cc(Cl)c(S(N)(=O)=O)cc2S(=O)(=O)N1,0,NaN,NaN
2437,CS(=O)(=O)c1ccc(-c2cnc(NCc3ccco3)n3cnnc23)cc1,0,NaN,NaN
2438,C[N+]1(C)CCCC(OC(=O)C(O)(c2ccccc2)c2ccccc2)C1,0,NaN,NaN
2439,COc1ccc(-c2nc3cc(C4=NNC(=O)CC4C)ccc3[nH]2)cc1,0,NaN,NaN
2440,CCOC(=O)Nc1ccc2c(c1)N(C(=O)CN(C)C)c1ccccc1CC2,0,NaN,NaN
2441,Cc1ccc(-c2ncc(Cl)cc2-c2ccc(S(C)(=O)=O)cc2)cn1,0,NaN,NaN
2442,CN1CCN(c2c(F)cc3c(=O)c(C(=O)O)cn4c3c2SCC4)CC1,0,NaN,NaN
2443,Cc1nc([N+](=O)[O-])cn1-c1ccc([N+](=O)[O-])cc1,0,NaN,NaN
2444,Cc1cc(C)c2[nH]ccc2c1CN1CCCCC1c1ccc(C(=O)O)cc1,0,NaN,NaN
2445,N=c1ccn2c(n1)O[C@H]1[C@H](O)[C@@H](CO)O[C@H]12,0,NaN,NaN
2446,O=C1C(=O)c2ccccc2C(O)=C1C1CCC(c2ccc(Cl)cc2)CC1,0,NaN,NaN
2447,CC(=O)Oc1ccc(C(=C2CCCCC2)c2ccc(OC(C)=O)cc2)cc1,0,NaN,NaN
2448,CN1C(=O)CN=C(c2ccccc2F)c2cc([N+](=O)[O-])ccc21,0,NaN,NaN
2449,CN(C)C(=O)OC1N=C(c2ccccc2)c2cc(Cl)ccc2N(C)C1=O,0,NaN,NaN
2450,N[C@@H](CCC(=O)N[C@@H](CS)C(=O)NCC(=O)O)C(=O)O,0,NaN,NaN
2451,CN1CCN(c2c(F)cc3c(=O)c(C(=O)O)cn(CCF)c3c2F)CC1,0,NaN,0
2452,CN1[C@@H]2CC[C@H]1CC(OC(=O)c1c[nH]c3ccccc13)C2,0,NaN,NaN
2453,CN(C)CCCN1C(=O)c2cc([N+](=O)[O-])ccc2Oc2ccccc21,0,NaN,NaN
2454,CCN(CC)C(=O)Nc1ccc(OCC(O)CNC(C)(C)C)c(C(C)=O)c1,0,NaN,NaN
2455,CCN(CC)C(=O)C1CN2CCc3cc(OC)c(OC)cc3C2CC1OC(C)=O,0,NaN,NaN
2456,CO[C@H]1CCN(Cc2c(C)cc(C)c3[nH]ccc23)[C@H](CO)C1,0,NaN,NaN
2457,CN1[C@@H]2CC[C@H]1CC(OC(=O)[C@H](CO)c1ccccc1)C2,0,NaN,NaN
2458,CCC(=O)O[C@](Cc1ccccc1)(c1ccccc1)[C@H](C)CN(C)C,0,NaN,NaN
2459,O=c1[nH]c(=O)n([C@H]2C[C@H](O)[C@@H](CO)O2)cc1I,0,NaN,0
2460,CCOc1cc(N)c(Cl)cc1C(=O)NCC1CN(Cc2ccc(F)cc2)CCO1,0,NaN,0
2461,CC1=C(C)C(=O)C(C(CCCCCC(=O)O)c2ccccc2)=C(C)C1=O,0,NaN,NaN
2462,Cc1c(F)c(N2CCNC(C)C2)cc2c1c(=O)c(C(=O)O)cn2C1CC1,0,NaN,0
2463,O[C@H]1[C@H](O)[C@@H](O)[C@H](O)[C@@H](O)[C@H]1O,0,NaN,NaN
2464,CCCCCCC(C)(C)c1cc(O)c2c(c1)OC(C)(C)C1CCC(=O)CC21,0,NaN,NaN
2465,C[N+]12CCC(CC1)C(OC(=O)C(O)(c1ccccc1)c1ccccc1)C2,0,NaN,NaN
2466,CC1CCc2c(N3CCC(O)CC3)c(F)cc3c(=O)c(C(=O)O)cn1c23,0,NaN,NaN
2467,Oc1cc(O)c2c(c1)O[C@H](c1ccc(O)c(O)c1)[C@@H](O)C2,0,NaN,NaN
2468,NC1CCN(c2c(F)cc3c(=O)c(C(=O)O)cn(C4CC4)c3c2Cl)C1,0,NaN,NaN
2469,CCC1C(C)=NN=C(c2ccc(OC)c(OC)c2)c2cc(OC)c(OC)cc21,0,NaN,NaN
2470,CN(CC1(C)CCCO1)S(=O)(=O)c1ccc(Cl)c(S(N)(=O)=O)c1,0,NaN,NaN
2471,Cc1cc2c(OCC(CNC(C)(C)C)OC(=O)c3ccccc3)cccc2[nH]1,0,NaN,0
2472,CCN(CCCCOC(=O)c1ccc(OC)c(OC)c1)C(C)Cc1ccc(OC)cc1,0,NaN,NaN
2473,C[N+]1(C)[C@@H]2CC[C@H]1CC(OC(=O)C(O)c1ccccc1)C2,0,NaN,NaN
2474,O=C(O)CCCN1CCC(O[C@@H](c2ccc(Cl)cc2)c2ccccn2)CC1,0,NaN,NaN
2475,Clc1ccc(C(Cn2ccnc2)OCc2ccc(Sc3ccccc3)cc2)c(Cl)c1,0,NaN,NaN
2476,NC(=O)c1ncn([C@@H]2O[C@H](CO)[C@@H](O)[C@H]2O)c1O,0,NaN,NaN
2477,CCOC(=O)C(c1c(O)c2ccccc2oc1=O)c1c(O)c2ccccc2oc1=O,0,NaN,NaN
2478,CCC(C)(C)c1ccc(CC(C)CN2C[C@@H](C)O[C@@H](C)C2)cc1,0,NaN,NaN
2479,CC(=O)N[C@@H]1[C@@H](O)[C@H](O)[C@@H](CO)O[C@H]1O,0,NaN,NaN
2480,N[C@H](Cc1cc(I)c(Oc2cc(I)c(O)c(I)c2)c(I)c1)C(=O)O,0,NaN,NaN
2481,COc1ccc(C(=O)N2CCN(c3ccc4c(c3)CCC(=O)N4)CC2)cc1OC,0,NaN,NaN
2482,OCC(CO)N[C@H]1C[C@](O)(CO)[C@@H](O)[C@H](O)[C@H]1O,0,NaN,NaN
2483,CCNC(=O)/C=C(C)/C=C/C=C(C)/C=C/c1c(C)cc(OC)c(C)c1C,0,NaN,NaN
2484,Cc1ccc2c([nH]c(=O)c3c(=O)cc(C(=O)OCCC(C)C)oc32)c1C,0,NaN,NaN
2485,CC(C)N(CCCCOCC(=O)O)c1cnc(-c2ccccc2)c(-c2ccccc2)n1,0,NaN,NaN
2486,C[C@@H]1CCC[C@H](C)N1NC(=O)c1ccc(Cl)c(S(N)(=O)=O)c1,0,NaN,NaN
2487,CC(C)C[C@H](NC(=O)[C@@H](O)[C@H](N)Cc1ccccc1)C(=O)O,0,NaN,0
2488,CN(C)C(=O)COC(=O)Cc1ccc(OC(=O)c2ccc(NC(=N)N)cc2)cc1,0,NaN,NaN
2489,CN1[C@@H]2CC[C@H]1C[C@@H](OC(=O)c1c[nH]c3ccccc13)C2,0,NaN,0
2490,CC1(C)S[C@@H]2[C@H](N=CN3CCCCCC3)C(=O)N2[C@H]1C(=O)O,0,NaN,NaN
2491,CCOC(=O)C1=C[C@]2(CC)CCCN3CCc4c(n1c1ccccc41)[C@@H]32,0,NaN,NaN
2492,Cc1cn([C@H]2O[C@@H](CO)[C@H](O)[C@H]2F)c(=O)[nH]c1=O,0,NaN,NaN
2493,O=C(C[S+]([O-])Cc1ccco1)NC/C=C\COc1cc(CN2CCCCC2)ccn1,0,NaN,NaN
2494,CC[C@H]1CN2CC[C@H]1C[C@H]2[C@H](O)c1ccnc2ccc(OC)cc12,0,NaN,NaN
2495,CS(=O)(=O)c1ccc([C@@H](O)[C@@H](CO)NC(=O)C(Cl)Cl)cc1,0,NaN,0
2496,Cc1cc(/C=C/c2ccc3cc(N(C)C)ccc3[n+]2C)c(C)n1-c1ccccc1,0,NaN,NaN
2497,O=C(OC1C[C@@H]2CC3C[C@H](C1)N2CC3=O)c1c[nH]c2ccccc12,0,NaN,NaN
2498,O=C(N[C@H](CO)[C@H](O)c1ccc([N+](=O)[O-])cc1)C(Cl)Cl,0,NaN,0
2499,NC1CCN(c2nc3c(cc2F)c(=O)c(C(=O)O)cn3-c2ccc(F)cc2F)C1,0,NaN,0
2500,C[C@H]1O[C@@H](n2cc(F)c(=O)[nH]c2=O)[C@H](O)[C@@H]1O,0,NaN,0
2501,Cn1c(=O)c2c(ncn2CCOC(=O)C(C)(C)Oc2ccc(Cl)cc2)n(C)c1=O,0,NaN,NaN
2502,CC(C)[N+]1(C)[C@@H]2CC[C@H]1CC(OC(=O)C(CO)c1ccccc1)C2,0,NaN,NaN
2503,C[N+]1(C)[C@@H]2CC[C@H]1C[C@@H](OC(=O)C(O)c1ccccc1)C2,0,NaN,NaN
2504,CCN(CC)Cc1nccn1-c1ccc([N+](=O)[O-])cc1C(=O)c1ccccc1Cl,0,NaN,NaN
2505,CC1(C)S[C@@H]2[C@H](/N=C/N3CCCCCC3)C(=O)N2[C@H]1C(=O)O,0,NaN,NaN
2506,Cn1c(NCCN(CCO)CCCc2ccc([N+](=O)[O-])cc2)cc(=O)n(C)c1=O,0,NaN,NaN
2507,CCCCC1(COC(=O)CCC(=O)O)C(=O)N(c2ccccc2)N(c2ccccc2)C1=O,0,NaN,NaN
2508,CC(=O)OCC1=C(C(=O)O)N2C(=O)[C@@H](NC(=O)CC#N)[C@H]2SC1,0,NaN,NaN
2509,CCOc1cc(N)c([N+](=O)[O-])cc1C(=O)NC1CCN(CC2CC=CCC2)CC1,0,NaN,NaN
2510,CCOC(=O)Oc1ccc(CCNC(=O)[C@H](CCSC)NC(C)=O)cc1OC(=O)OCC,0,NaN,NaN
2511,COC(=O)[C@H]1[C@@H](OC(=O)c2ccccc2)C[C@@H]2CC[C@H]1N2C,0,NaN,NaN
2512,CC(=O)c1c(C)c2cnc(Nc3ccc(N4CCNCC4)cn3)nc2n(C2CCCC2)c1=O,0,NaN,NaN
2513,C/C(=C(\CCOP(=O)(O)O)SC(=O)c1ccccc1)N(C=O)Cc1cnc(C)nc1N,0,NaN,NaN
2514,Cc1ccccc1C(=O)Nc1ccc(C(=O)N2CCCC(O)c3cc(Cl)ccc32)c(C)c1,0,NaN,NaN
2515,C[C@@H](O)[C@H]1C(=O)N2C(C(=O)O)=C([C@H]3CCCO3)S[C@H]12,0,NaN,NaN
2516,CCOc1nc2cccc(C(=O)O)c2n1Cc1ccc(-c2ccccc2-c2nnn[nH]2)cc1,0,NaN,0
2517,Oc1ccc2c(c1)[C@@]13CCCC[C@@]1(O)[C@@H](C2)N(CC1CCC1)CC3,0,NaN,NaN
2518,COc1ccc2c3c1O[C@H]1C(=O)CC[C@H]4[C@@H](C2)N(C)CC[C@]314,0,NaN,NaN
2519,CCOC(=O)C1=C(C)NC(C)=C(C(=O)OC)C1c1cccc([N+](=O)[O-])c1,0,NaN,0
2520,O=C(O)CCn1c2c(c3ccccc31)C[C@H](NS(=O)(=O)c1ccc(F)cc1)CC2,0,NaN,NaN
2521,CCOC(=O)OC(C)OC1=C(C(=O)Nc2ccccn2)N(C)S(=O)(=O)c2ccccc21,0,NaN,0
2522,Nc1ncnc2c1ncn2[C@@H]1O[C@H](COP(=O)(O)O)[C@@H](O)[C@H]1O,0,NaN,NaN
2523,CC(C)N=c1cc2n(-c3ccc(Cl)cc3)c3ccccc3nc-2cc1Nc1ccc(Cl)cc1,0,NaN,NaN
2524,COc1ccc(CCN(C)CCCC(C#N)(c2cc(OC)c(OC)c(OC)c2)C(C)C)cc1OC,0,NaN,NaN
2525,COc1c(OCCCN2CCOCC2)ccc2c3n(c(=NC(=O)c4cnc(N)nc4)nc12)CCN3,0,NaN,NaN
2526,COc1ccc2c3c1O[C@H]1C(=O)CC[C@@]4(O)[C@@H](C2)N(C)CC[C@]314,0,NaN,NaN
2527,CN(C)C(=O)c1nc(CNC(=O)CN)n(-c2ccc(Cl)cc2C(=O)c2ccccc2Cl)n1,0,NaN,NaN
2528,CC(C)/N=c1\cc2n(-c3ccc(Cl)cc3)c3ccccc3nc-2cc1Nc1ccc(Cl)cc1,0,NaN,NaN
2529,CC(C)Nc1cccnc1N1CCN(C(=O)c2cc3cc(NS(C)(=O)=O)ccc3[nH]2)CC1,0,NaN,NaN
2530,CC(=O)OCC1=C(C(=O)O)N2C(=O)[C@@H](NC(=O)Cc3cccs3)[C@H]2SC1,0,NaN,NaN
2531,C#C[C@]1(O)CC[C@H]2[C@@H]3CCC4=CCCC[C@@H]4[C@H]3CC[C@@]21C,0,NaN,NaN
2532,C=CC[C@]1(O)CC[C@H]2[C@@H]3CCC4=CCCC[C@@H]4[C@H]3CC[C@@]21C,0,NaN,NaN
2534,CN1C(C(=O)Nc2ccccn2)=C(OC(=O)/C=C/c2ccccc2)c2ccccc2S1(=O)=O,0,NaN,NaN
2535,O=C1C(c2[nH]c3ccc(S(=O)(=O)O)cc3c2O)=Nc2ccc(S(=O)(=O)O)cc21,0,NaN,NaN
2536,CO/N=C(\C(=O)N[C@@H]1C(=O)N2C(C(=O)O)=CCS[C@H]12)c1csc(N)n1,0,NaN,NaN
2537,Cc1oc(=O)oc1CN1CCN(c2cc3c(cc2F)c(=O)c(C(=O)O)c2n3C(C)S2)CC1,0,NaN,NaN
2538,CC[C@]12CCCN3CCc4c(n(c5ccccc45)[C@@](O)(C(=O)OC)C1)[C@@H]32,0,NaN,NaN
2539,CCC(C)(Oc1ccc(C2(c3ccc(OC(C)(CC)C(=O)O)cc3)CCCCC2)cc1)C(=O)O,0,NaN,NaN
2540,COc1ccc2nc3cc(Cl)ccc3c(Nc3cc(CN4CCCC4)c(O)c(CN4CCCC4)c3)c2n1,0,NaN,NaN
2541,Nc1nc(F)nc2c1ncn2[C@@H]1O[C@H](COP(=O)(O)O)[C@@H](O)[C@@H]1O,0,NaN,NaN
2542,O=C(Nc1cccc2c(=O)cc(-c3nnn[nH]3)oc12)c1ccc(OCCCCc2ccccc2)cc1,0,NaN,NaN
2543,C[N+]1(CCF)[C@@H]2CC[C@H]1CC(OC(=O)C(O)(c1ccccc1)c1ccccc1)C2,0,NaN,NaN
2544,O=C(OC1C[C@H]2CC[C@@H](C1)[N+]21CCCC1)C(O)(c1ccccc1)c1ccccc1,0,NaN,NaN
2545,COc1ccc2c3c1O[C@H]1[C@@H](O)CC[C@H]4[C@@H](C2)N(C)CC[C@@]341,0,NaN,NaN
2546,CN1[C@@H]2CC(OC(=O)[C@H](CO)c3ccccc3)C[C@H]1[C@@H]1O[C@@H]12,0,NaN,NaN
2547,C[C@]12C=CC(=O)C=C1CC[C@@H]1[C@@H]2CC[C@]2(C)OC(=O)CC[C@@H]12,0,NaN,NaN
2548,N[C@@H](C(=O)N[C@@H]1C(=O)N2C(C(=O)O)=C(Cl)CC[C@H]12)c1ccccc1,0,NaN,NaN
2549,CC(=O)N(CC(O)CO)c1c(I)c(C(=O)NCC(O)CO)c(I)c(C(=O)NCC(O)CO)c1I,0,NaN,NaN
2550,COc1ccc2c3c1O[C@H]1[C@@H](O)C=C[C@H]4[C@@H](C2)N(C)CC[C@@]341,0,NaN,NaN
2551,CC[N+](CC)(CC)CCOc1cccc(OCC[N+](CC)(CC)CC)c1OCC[N+](CC)(CC)CC,0,NaN,0
2552,CCCCCCCC(=O)CC[C@@H]1[C@@H](C/C=C\CCCC(=O)O)[C@@H](O)C[C@H]1O,0,NaN,NaN
2553,CCCCCCCCCCCCCCCC(=O)OC/C=C(C)/C=C/C=C(C)/C=C/C1=C(C)CCCC1(C)C,0,NaN,NaN
2554,Cc1cc(N2CCN([C@@H]3CN[C@H](C(=O)N4CCSC4)C3)CC2)n(-c2ccccc2)n1,0,NaN,NaN
2555,CC1=C(C(=O)O)N2C(=O)[C@@H](NC(=O)[C@H](N)c3ccc(O)cc3)[C@H]2SC1,0,NaN,NaN
2556,CC(C)=CCC/C(C)=C/CC/C(C)=C/CC/C(C)=C/CC1=C(C)C(=O)c2ccccc2C1=O,0,NaN,NaN
2557,CC(=O)SC[C@@H](C)C(=O)N1CCC[C@H]1C(=O)N[C@@H](Cc1ccccc1)C(=O)O,0,NaN,NaN
2558,C[C@H](N[C@@H](CCc1ccccc1)C(=O)O)C(=O)N1Cc2ccccc2C[C@H]1C(=O)O,0,NaN,NaN
2559,C[C@]12CCC(=O)C(O)=C1CC[C@@H]1[C@@H]2CC[C@]2(C)C(=O)CC[C@@H]12,0,NaN,NaN
2560,COC1=C(C(=O)O)N2C(=O)[C@@H](NC(=O)[C@H](N)C3=CCC=CC3)[C@H]2SC1,0,NaN,NaN
2561,CCC1=C(C)CN(C(=O)NCCc2ccc(S(=O)(=O)NC(=O)NC3CCC(C)CC3)cc2)C1=O,0,NaN,NaN
2562,C#C[C@]1(O)CC[C@H]2[C@@H]3CCC4=CC(=O)CC[C@]4(C)[C@H]3CC[C@@]21C,0,NaN,0
2563,C[C@@H]1CN(c2c(F)c(N)c3c(=O)c(C(=O)O)cn(C4CC4)c3c2F)C[C@H](C)N1,0,NaN,0
2564,CCOC(=O)[C@H](CCc1ccccc1)N[C@H]1CS[C@H](c2cccs2)CN(CC(=O)O)C1=O,0,NaN,NaN
2565,CC1=C(C/C=C(\C)CCC[C@H](C)CCC[C@H](C)CCCC(C)C)C(=O)c2ccccc2C1=O,0,NaN,NaN
2566,CCOC(=O)[C@H](CCc1ccccc1)N[C@@H](C)C(=O)N(CC(=O)O)C1Cc2ccccc2C1,0,NaN,NaN
2567,CC[C@]12CCCN3CCc4c(n(c5cc(Br)ccc45)[C@@](O)(C(=O)OC)C1)[C@@H]32,0,NaN,NaN
2568,CC(C)c1cc2c(cc1S(=O)(=O)O)[C@@]1(C)CCC[C@@](C)(C(=O)O)[C@@H]1CC2,0,NaN,NaN
2569,CCOC(=O)[C@H](CCc1ccccc1)N[C@@H](C)C(=O)N1C(=O)N(C)C[C@H]1C(=O)O,0,NaN,NaN
2570,CC(C)COC(=O)OCN1C(=O)CN(CCN2CC(=O)N(COC(=O)OCC(C)C)C(=O)C2)CC1=O,0,NaN,NaN
2571,Nc1nc(=O)c2nc(CNc3ccc(C(=O)N[C@@H](CCC(=O)O)C(=O)O)cc3)cnc2[nH]1,0,NaN,NaN
2572,Cc1ccc(S(=O)(=O)NC(=O)N[C@H]2[C@H]3CC[C@@](C)([C@H]2O)C3(C)C)cc1,0,NaN,NaN
2573,CCN1CCN(Cc2ccc(Nc3ncc(F)c(-c4cc(F)c5nc(C)n(C(C)C)c5c4)n3)nc2)CC1,0,NaN,NaN
2574,NC1[C@H]2CN(c3nc4c(cc3F)c(=O)c(C(=O)O)cn4-c3ccc(F)cc3F)C[C@@H]12,0,NaN,NaN
2575,O=C(Cc1cccs1)N[C@@H]1C(=O)N2C(C(=O)[O-])=C(C[n+]3ccccc3)CS[C@H]12,0,NaN,NaN
2576,CCC(=O)O[C@H]1CC[C@H]2[C@@H]3CCC4=CC(=O)CC[C@]4(C)[C@H]3CC[C@]12C,0,NaN,NaN
2577,C[C@@H]1CC[C@H]2[C@@H](C)C(=O)O[C@@H]3O[C@@]4(C)CC[C@@H]1[C@]32OO4,0,NaN,0
2578,O=C1c2c(O)c(=O)ccn2N([C@@H]2c3ccccc3SCc3c2ccc(F)c3F)[C@@H]2COCCN12,0,NaN,NaN
2579,C[N+]1(C)[C@@H]2CC(OC(=O)[C@H](CO)c3ccccc3)C[C@H]1[C@@H]1O[C@@H]12,0,NaN,NaN
2580,C[N@+]1(CCF)[C@@H]2CC[C@H]1C[C@@H](OC(=O)C(O)(c1ccccc1)c1ccccc1)C2,0,NaN,NaN
2581,CC1(C)S[C@@H]2[C@H](NC(=O)[C@H](C(=O)O)c3ccsc3)C(=O)N2[C@H]1C(=O)O,0,NaN,NaN
2582,C=N[C@@H](C(=O)N[C@@H]1C(=O)N2[C@@H]1SC(C)(C)[C@@H]2C(=O)O)c1ccccc1,0,NaN,NaN
2583,C[C@]12CCC(=O)C[C@@H]1CC[C@@H]1[C@@H]2CC[C@]2(C)[C@@H](O)CC[C@@H]12,0,NaN,0
2584,CC[N+]1(C)[C@@H]2CC(OC(=O)[C@H](CO)c3ccccc3)C[C@H]1[C@@H]1O[C@@H]12,0,NaN,NaN
2585,COc1cc(C(=O)OCCCN2CCCN(CCCOC(=O)c3cc(OC)c(OC)c(OC)c3)CC2)cc(OC)c1OC,0,NaN,NaN
2586,CCCC[C@H](C)C[C@H](O)/C=C/[C@H]1[C@H](O)CC(=O)[C@@H]1CCCC/C=C/C(=O)O,0,NaN,NaN
2587,Cn1nnnc1SCC1=C(C(=O)O)N2C(=O)[C@@H](NC(=O)[C@H](O)c3ccccc3)[C@H]2SC1,0,NaN,NaN
2588,CC(=O)OC[C@H]1O[C@@H](n2ncc(=O)[nH]c2=O)[C@H](OC(C)=O)[C@@H]1OC(C)=O,0,NaN,0
2589,CCCC(=O)Nc1ncnc2c1ncn2[C@@H]1O[C@@H]2COP(=O)(O)O[C@H]2[C@H]1OC(=O)CCC,0,NaN,NaN
2590,CC(C)(CO)[C@@H](O)C(=O)NCCC(=O)NCCSSCCNC(=O)CCNC(=O)[C@H](O)C(C)(C)CO,0,NaN,NaN
2591,C[N+]1(C)[C@@H]2CC(OC(=O)C(O)(c3cccs3)c3cccs3)C[C@H]1[C@@H]1O[C@@H]12,0,NaN,NaN
2592,N[C@@H]1[C@H]2CN(c3nc4c(cc3F)c(=O)c(C(=O)O)cn4-c3ccc(F)cc3F)C[C@@H]12,0,NaN,0
2593,CCCC[N+]1(C)[C@@H]2CC(OC(=O)[C@H](CO)c3ccccc3)C[C@H]1[C@@H]1O[C@@H]12,0,NaN,NaN
2594,CC(=O)Oc1c(C)c(C)c2c(c1C)CC[C@@](C)(CCC[C@H](C)CCC[C@H](C)CCCC(C)C)O2,0,NaN,NaN
2595,Cc1cn(-c2cc(NC(=O)c3ccc(C)c(Nc4nccc(-c5cnccn5)n4)c3)cc(C(F)(F)F)c2)cn1,0,NaN,NaN
2596,C[C@@H](O)[C@H]1C(=O)N2C(C(=O)[O-])=C(SC3Cn4cnc[n+]4C3)[C@H](C)[C@H]12,0,NaN,NaN
2597,CC(C)(C)C(=O)OCOC(=O)[C@@H]1N2C(=O)[C@@H](/N=C/N3CCCCCC3)[C@H]2SC1(C)C,0,NaN,NaN
2598,C[C@]12CCC(=O)C=C1C=C[C@@H]1[C@@H]2CC[C@@]2(C)[C@H]1CC[C@@]21CCC(=O)O1,0,NaN,NaN
2599,CCCO[C@H]1[C@@H]([C@@H](COCc2ccc(Cl)cc2)OCc2ccc(Cl)cc2)OC(OCC)[C@@H]1O,0,NaN,NaN
2600,CC[C@H]1CN2CCc3cc(OC)c(OC)cc3[C@@H]2C[C@@H]1C[C@H]1NCCc2cc(OC)c(OC)cc21,0,NaN,0
2601,CC(C)(Sc1cc(C(C)(C)C)c(O)c(C(C)(C)C)c1)Sc1cc(C(C)(C)C)c(O)c(C(C)(C)C)c1,0,NaN,0
2602,C=C1CC[C@H](O)C/C1=C/C=C1\CCC[C@]2(C)[C@@H]([C@H](C)CCCC(C)C)CC[C@@H]12,0,NaN,0
2603,CC(=O)OCC(=O)[C@@]1(O)CC[C@H]2[C@@H]3CCC4=CC(=O)CC[C@]4(C)C3=CC[C@@]21C,0,NaN,NaN
2604,COC(=O)c1ccc2c(C(=Nc3ccc(N(C)C(=O)CN4CCN(C)CC4)cc3)c3ccccc3)c(O)[nH]c2c1,0,NaN,NaN
2605,Cc1onc(-c2c(F)cccc2Cl)c1C(=O)N[C@@H]1C(=O)N2[C@@H]1SC(C)(C)[C@@H]2C(=O)O,0,NaN,NaN
2606,CCCc1nc(C(C)(C)O)c(C(=O)OCc2oc(=O)oc2C)n1Cc1ccc(-c2ccccc2-c2nnn[nH]2)cc1,0,NaN,NaN
2607,COC(=O)c1ccc2c(c1)NC(=O)/C2=C(\Nc1ccc(N(C)C(=O)CN2CCN(C)CC2)cc1)c1ccccc1,0,NaN,NaN
2608,C[C@]12C/C(=C/O)C(=O)C[C@@H]1CC[C@@H]1[C@@H]2CC[C@@]2(C)[C@H]1CC[C@]2(C)O,0,NaN,0
2609,CO[C@@]1(NC(=O)CSC[C@@H](N)C(=O)O)C(=O)N2C(C(=O)O)=C(CSc3nnnn3C)CS[C@@H]21,0,NaN,NaN
2610,C[C@]12CCC(=O)C=C1C=C[C@@H]1[C@@H]2CC[C@@]2(C)[C@H]1CC[C@@]2(O)CCC(=O)[O-],0,NaN,NaN
2611,Nc1ncnc2c1ncn2[C@@H]1O[C@H](COP(=O)(O)OP(=O)(O)OP(=O)(O)O)[C@@H](O)[C@H]1O,0,NaN,NaN
2612,Cc1nnc(C(C)C)n1C1C[C@H]2CC[C@@H](C1)N2CC[C@H](NC(=O)C1CCC(F)(F)CC1)c1ccccc1,0,NaN,NaN
2613,CCCCCCCCCCCCCCCCCCCCCC(=O)Nc1ccn([C@@H]2O[C@H](CO)[C@@H](O)[C@@H]2O)c(=O)n1,0,NaN,NaN
2614,Cc1nnc(SCC2=C(C(=O)O)N3C(=O)[C@@H](NC(=O)Cn4cc(Cl)c(=O)c(Cl)c4)[C@H]3SC2)s1,0,NaN,NaN
2615,C[C@]12CC[C@H]3[C@@H](CC[C@@]45O[C@@H]4C(O)=C(C#N)C[C@]35C)[C@@H]1CC[C@@H]2O,0,NaN,NaN
2616,CCOC(=O)OC(C)OC(=O)[C@@H]1N2C(=O)[C@@H](NC(=O)[C@H](N)c3ccccc3)[C@H]2SC1(C)C,0,NaN,NaN
2617,CO/N=C(\C(=O)N[C@@H]1C(=O)N2C(C(=O)OCOC(=O)C(C)(C)C)=C(C)CS[C@H]12)c1csc(N)n1,0,NaN,NaN
2618,CO/N=C(\C(=O)N[C@@H]1C(=O)N2C(C(=O)OC(C)OC(C)=O)=C(COC(N)=O)CS[C@H]12)c1ccco1,0,NaN,NaN
2619,CCCCCCCCCCCCCCCC(=O)OC[C@H](COP(=O)([O-])OCC[N+](C)(C)C)OC(=O)CCCCCCCCCCCCCCC,0,NaN,NaN
2620,CS(=O)(=O)NC(=O)CCC/C=C\C[C@H]1C(=O)C[C@@H](O)[C@@H]1/C=C/[C@@H](O)COc1ccccc1,0,NaN,NaN
2621,CC(C)(C)C(=O)OCC(=O)[C@H]1CC[C@H]2[C@@H]3CCC4=CC(=O)CC[C@]4(C)[C@H]3CC[C@]12C,0,NaN,NaN
2622,OC[C@H]1O[C@@](CO)(O[C@H]2O[C@H](CO)[C@@H](O)[C@H](O)[C@H]2O)[C@@H](O)[C@@H]1O,0,NaN,NaN
2623,OC[C@H]1O[C@@H](O[C@@H]2[C@@H](CO)O[C@](O)(CO)[C@H]2O)[C@H](O)[C@@H](O)[C@H]1O,0,NaN,NaN
2624,CC(=O)O[C@H]1CC[C@@]2(C)C(=CC[C@@H]3[C@@H]2CC[C@]2(C)C(c4cccnc4)=CC[C@@H]32)C1,0,NaN,NaN
2625,CC(C)(C)C(=O)OCOC(=O)[C@@H]1N2C(=O)[C@@H](NC(=O)[C@H](N)c3ccccc3)[C@H]2SC1(C)C,0,NaN,NaN
2626,CC(=O)Nc1c(I)c(C(=O)N[C@H]2C(O)O[C@H](CO)[C@@H](O)[C@@H]2O)c(I)c(N(C)C(C)=O)c1I,0,NaN,NaN
2627,Cc1nnc(C(C)C)n1[C@H]1C[C@H]2CC[C@@H](C1)N2CC[C@H](NC(=O)C1CCC(F)(F)CC1)c1ccccc1,0,NaN,NaN
2628,Cc1ccn(-c2cc(Cl)ccc2[C@@H](Oc2cc(-c3ccc(C[C@H](N)C(=O)O)cc3)nc(N)n2)C(F)(F)F)n1,0,NaN,NaN
2629,CC1(C)S[C@@H]2[C@H](NC(=O)[C@H](N)c3ccccc3)C(=O)N2[C@H]1C(=O)OC1OC(=O)c2ccccc21,0,NaN,NaN
2630,OC[C@@H](O)[C@@H](O[C@@H]1O[C@H](CO)[C@H](O)[C@H](O)[C@H]1O)[C@H](O)[C@@H](O)CO,0,NaN,NaN
2631,COCC1=C(C(=O)OC(C)OC(=O)OC(C)C)N2C(=O)[C@@H](NC(=O)/C(=N\OC)c3csc(N)n3)[C@H]2SC1,0,NaN,NaN
2632,C=C1/C(=C\C=C2/CCC[C@]3(C)[C@@H]([C@H](C)CCCC(C)C)CC[C@@H]23)C[C@@H](O)C[C@@H]1O,0,NaN,0
2633,C[N+](C)(C)CCOP(=O)(O)OP(=O)([O-])OC[C@H]1O[C@@H](n2ccc(N)nc2=O)[C@H](O)[C@@H]1O,0,NaN,NaN
2634,CCC(=O)O[C@@H](O[P@](=O)(CCCCc1ccccc1)CC(=O)N1C[C@H](C2CCCCC2)C[C@H]1C(=O)O)C(C)C,0,NaN,NaN
2635,CC(C)=CCC/C(C)=C/C=C/C(C)=C/C=C/C(C)=C/C=C/C=C(C)/C=C/C=C(C)/C=C/C=C(\C)CCC=C(C)C,0,NaN,NaN
2636,CO/N=C(\C(=O)N[C@@H]1C(=O)N2C(C(=O)[O-])=C(C[n+]3ccn4ncccc43)CS[C@H]12)c1nsc(N)n1,0,NaN,NaN
2637,CN(C)c1ccc(O)c2c1C[C@H]1C[C@H]3[C@H](N(C)C)C(=O)C(C(N)=O)=C(O)[C@@]3(O)C(=O)C1=C2O,0,NaN,NaN
2638,CO/N=C(\C(=O)N[C@@H]1C(=O)N2C(C(=O)O)=C(CSc3nc(C)c(CC(=O)O)s3)CS[C@H]12)c1csc(N)n1,0,NaN,NaN
2639,CC1(C)S[C@@H]2[C@H](NC(=O)[C@H](NC(=O)c3cnc4cccnc4c3O)c3ccccc3)C(=O)N2[C@H]1C(=O)O,0,NaN,NaN
2640,COC(=O)C[C@](O)(CCCC(C)(C)O)C(=O)O[C@@H]1C(OC)=C[C@]23CCCN2CCc2cc4c(cc2[C@H]13)OCO4,0,NaN,NaN
2641,CC1=C(/C=C/C(C)=C/C=C/C(C)=C/C=C/C=C(C)/C=C/C=C(C)/C=C/C2=C(C)CCCC2(C)C)C(C)(C)CCC1,0,NaN,NaN
2642,CNC(=O)c1c(I)c(C(=O)NCC(=O)Nc2c(I)c(C(=O)O)c(I)c(C(=O)NCCO)c2I)c(I)c(N(C)C(C)=O)c1I,0,NaN,NaN
2643,CCC(C)n1ncn(-c2ccc(N3CCN(c4ccc(OCC5COC(Cn6cncn6)(c6ccc(Cl)cc6Cl)O5)cc4)CC3)cc2)c1=O,0,NaN,0
2644,COC(=O)C1=C(C)NC(C)=C(C(=O)OCCN2CCN(C(c3ccccc3)c3ccccc3)CC2)C1c1cccc([N+](=O)[O-])c1,0,NaN,NaN
2645,CC(=O)O[C@]1(C(C)=O)CC[C@H]2[C@@H]3CCC4=CC(=O)CCC4=C3[C@@H](c3ccc(N(C)C)cc3)C[C@@]21C,0,NaN,NaN
2646,CC(=O)OCC(=O)[C@@]1(O)CC[C@H]2[C@@H]3CCC4=CC(=O)CC[C@]4(C)[C@@]3(F)[C@@H](O)C[C@@]21C,0,NaN,0
2647,COc1cc2c3cc1Oc1cc(ccc1O)C[C@@H]1c4c(cc(OC)c(O)c4Oc4ccc(cc4)C[C@@H]3N(C)CC2)CC[N+]1(C)C,0,NaN,0
2648,CCC(=O)O[C@]1(C(=O)COC(C)=O)CC[C@H]2[C@@H]3CCC4=CC(=O)CC[C@]4(C)[C@H]3[C@@H](O)C[C@@]21C,0,NaN,NaN
2649,C[C@H](CCC(=O)O)[C@H]1CC[C@H]2[C@@H]3[C@@H](O)C[C@@H]4C[C@H](O)CC[C@]4(C)[C@H]3CC[C@]12C,0,NaN,NaN
2650,CC(=O)OCC(=O)[C@@]1(O)CC[C@H]2[C@@H]3CCC4=CC(=O)C=C[C@]4(C)[C@@]3(Cl)[C@@H](Cl)C[C@@]21C,0,NaN,NaN
2651,CNC(=O)C[C@@H](N)C(=O)N[C@@H](C(=O)N[C@@H]1C(=O)N2[C@@H]1SC(C)(C)[C@@H]2C(=O)O)c1ccc(O)cc1,0,NaN,NaN
2652,CC(=O)OCC(=O)[C@@]1(O)CC[C@H]2[C@@H]3C[C@H](C)C4=CC(=O)C=C[C@]4(C)[C@H]3[C@@H](O)C[C@@]21C,0,NaN,NaN
2653,CCO/N=C(\C(=O)N[C@@H]1C(=O)N2C(C(=O)[O-])=C(Sc3nc(-c4cc[n+](C)cc4)cs3)CS[C@H]12)c1nsc(N)n1,0,NaN,NaN
2654,CC(C)(C)NC(=O)N[C@H](C(=O)N1C[C@H]2[C@@H]([C@H]1C(=O)NC(CC1CCC1)C(=O)C(N)=O)C2(C)C)C(C)(C)C,0,NaN,NaN
2655,C[C@@H]1C[C@H]2[C@@H]3C[C@H](F)C4=CC(=O)C=C[C@]4(C)[C@H]3[C@@H](O)C[C@]2(C)[C@@]1(O)C(=O)CO,0,NaN,NaN
2656,CN(C)[C@@H]1C(O)=C(C(N)=O)C(=O)[C@@]2(O)C(O)=C3C(=O)c4c(O)ccc(Cl)c4[C@@](C)(O)[C@H]3C[C@@H]12,0,NaN,0
2657,CN(C)[C@@H]1C(=O)C(C(N)=O)=C(O)[C@@]2(O)C(=O)C3=C(O)c4c(O)ccc(Cl)c4[C@@](C)(O)[C@H]3C[C@@H]12,0,NaN,NaN
2658,CC1(C)O[C@@H]2C[C@H]3[C@@H]4CCC5=CC(=O)CC[C@]5(C)[C@@]4(F)[C@@H](O)C[C@]3(C)[C@]2(C(=O)CCl)O1,0,NaN,0
2659,C[C@H](CCC(=O)O)[C@H]1CC[C@H]2[C@@H]3[C@H](O)C[C@@H]4C[C@H](O)CC[C@]4(C)[C@H]3C[C@H](O)[C@]12C,0,NaN,0
2660,C=C1c2c(Cl)ccc(O)c2C(=O)C2=C(O)[C@]3(O)C(=O)C(C(N)=O)=C(O)[C@@H](N(C)C)[C@@H]3[C@@H](O)[C@H]12,0,NaN,NaN
2661,C=C1c2c(Cl)ccc(O)c2C(O)=C2C(=O)[C@]3(O)C(O)=C(C(N)=O)C(=O)[C@@H](N(C)C)[C@@H]3[C@@H](O)[C@H]12,0,NaN,NaN
2662,C[C@H]1c2cccc(O)c2C(O)=C2C(=O)[C@]3(O)C(O)=C(C(N)=O)C(=O)[C@@H](N(C)C)[C@@H]3[C@@H](O)[C@@H]21,0,NaN,NaN
2663,COc1c(O[C@@H]2O[C@H](CO)[C@@H](O)[C@H](O)[C@H]2O)cc2c(c1OC)-c1ccc(SC)c(=O)cc1[C@@H](NC(C)=O)CC2,0,NaN,NaN
2664,CN(C)c1cc(CNCC(C)(C)C)c(O)c2c1C[C@H]1C[C@H]3[C@H](N(C)C)C(=O)C(C(N)=O)=C(O)[C@@]3(O)C(=O)C1=C2O,0,NaN,NaN
2665,CCCCC(=O)O[C@]1(C(=O)CO)[C@@H](C)C[C@H]2[C@@H]3CCC4=CC(=O)C=C[C@]4(C)[C@@]3(F)[C@@H](O)C[C@@]21C,0,NaN,NaN
2666,C[C@@H]1C[C@H]2[C@@H]3CCC4=CC(=O)C=C[C@]4(C)[C@@]3(F)[C@@H](O)C[C@]2(C)[C@@]1(O)C(=O)COP(=O)(O)O,0,NaN,NaN
2667,CN(C)[C@@H]1C(O)=C(C(=O)NCN2CCCC2)C(=O)[C@@]2(O)C(O)=C3C(=O)c4c(O)cccc4[C@@](C)(O)[C@H]3C[C@@H]12,0,NaN,NaN
2668,CN(C)[C@@H]1C(=O)C(C(=O)NCN2CCCC2)=C(O)[C@@]2(O)C(=O)C3=C(O)c4c(O)cccc4[C@@](C)(O)[C@H]3C[C@@H]12,0,NaN,NaN
2669,CC1=C(/C=C/C(C)=C/C=C/C(C)=C/C(=O)Oc2c(C)c(C)c3c(c2C)CCC(C)(CCCC(C)CCCC(C)CCCC(C)C)O3)C(C)(C)CCC1,0,NaN,NaN
2670,CCC[C@@H]1C[C@@H](C(=O)N[C@@H]([C@H]2O[C@H](SC)[C@H](OP(=O)(O)O)[C@@H](O)[C@H]2O)[C@H](C)Cl)N(C)C1,0,NaN,NaN
2671,CO[C@@H]1[C@@H](OC(N)=O)[C@@H](O)[C@H](Oc2ccc3c(O)c(NC(=O)c4ccc(O)c(CC=C(C)C)c4)c(=O)oc3c2C)OC1(C)C,0,NaN,NaN
2672,CCC(=O)OCC(=O)[C@@]1(OC(=O)CC)[C@@H](C)C[C@H]2[C@@H]3CCC4=CC(=O)C=C[C@]4(C)[C@@]3(F)[C@@H](O)C[C@@]21C,0,NaN,NaN
2673,COC(=O)[C@H]1[C@H]2C[C@@H]3c4[nH]c5cc(OC)ccc5c4CCN3C[C@H]2C[C@@H](OC(=O)c2cc(OC)c(OC)c(OC)c2)[C@@H]1OC,0,NaN,0
2674,CC1(C)S[C@@H]2[C@H](NC(=O)[C@H](N)c3ccccc3)C(=O)N2[C@H]1C(=O)OCOC(=O)[C@@H]1N2C(=O)C[C@H]2S(=O)(=O)C1(C)C,0,NaN,NaN
2675,C[C@@H]1C[C@H]2[C@@H]3CCC4=CC(=O)C=C[C@]4(C)C3=CC[C@]2(C)[C@H]1C(=O)CN1CCN(c2cc(N3CCCC3)nc(N3CCCC3)n2)CC1,0,NaN,0
2676,C[C@@H]1C[C@H]2[C@@H]3C[C@H](F)C4=CC(=O)C=C[C@]4(C)[C@@]3(Cl)[C@@H](O)C[C@]2(C)[C@H]1C(=O)COC(=O)C(C)(C)C,0,NaN,NaN
2677,CCC(=O)OCC(=O)[C@@]1(OC(=O)CC)[C@H](C)C[C@H]2[C@H]3[C@H]([C@@H](O)C[C@@]21C)[C@@]1(C)C=CC(=O)C=C1C[C@H]3Cl,0,NaN,NaN
2678,CC(=O)OCC(=O)[C@@]1(OC(C)=O)[C@@H](C)C[C@H]2[C@@H]3C[C@H](F)C4=CC(=O)C=C[C@]4(C)[C@@]3(F)[C@@H](O)C[C@@]21C,0,NaN,0
2679,C[C@@H]1C[C@H]2[C@@H]3C[C@H](F)C4=CC(=O)C=C[C@]4(C)[C@@]3(F)[C@@H](O)C[C@]2(C)[C@@]1(O)C(=O)COC(=O)C(C)(C)C,0,NaN,NaN
2680,CC(C)[C@H](NC(=O)[C@H](CC(=O)O)NC(=O)[C@H](CCCCN)NC(=O)[C@@H](N)CCCN=C(N)N)C(=O)N[C@@H](Cc1ccc(O)cc1)C(=O)O,0,NaN,NaN
2681,CC(CNC(=O)c1ccccc1)C(=O)OCC(=O)[C@@]12OC(C)(C)O[C@@H]1C[C@H]1[C@@H]3CCC4=CC(=O)C=C[C@]4(C)[C@@]3(F)[C@@H](O)C[C@@]12C,0,NaN,NaN
2682,C[C@@H]1O[C@@H](O[C@@H]2C=C3CC[C@@H]4[C@H](CC[C@]5(C)[C@@H](c6ccc(=O)oc6)CC[C@]45O)[C@@]3(C)CC2)[C@H](O)[C@H](O)[C@H]1O,0,NaN,0
2683,COC(=O)N[C@H](C(=O)N1CCC[C@H]1c1ncc(-c2ccc(-c3ccc(-c4cnc([C@@H]5CCCN5C(=O)[C@@H](NC(=O)OC)C(C)C)[nH]4)cc3)cc2)[nH]1)C(C)C,0,NaN,NaN
2684,N=C(N)NCCCC[C@@H]1NC(=O)CCSSC[C@@H](C(N)=O)NC(=O)[C@@H]2CCCN2C(=O)[C@H](Cc2c[nH]c3ccccc23)NC(=O)[C@H](CC(=O)O)NC(=O)CNC1=O,0,NaN,NaN
2685,NC[C@H]1O[C@H](O[C@H]2[C@H](O)[C@@H](O[C@H]3O[C@H](CO)[C@@H](O)[C@H](N)[C@H]3O)[C@H](N)C[C@@H]2N)[C@H](O)[C@@H](O)[C@@H]1O,0,NaN,0
2686,CO[C@H]1C[C@H](O[C@H]2CC[C@@]3(C)[C@H](CC[C@@H]4[C@@H]3CC[C@]3(C)[C@@H](C5=CC(=O)OC5)[C@@H](OC(C)=O)C[C@]43O)C2)O[C@@H](C)[C@@H]1O,0,NaN,NaN
2687,C[C@@H]1O[C@@H](OC[C@H]2O[C@@H](Oc3c(-c4ccc(OCCO)c(OCCO)c4)oc4cc(OCCO)cc(O)c4c3=O)[C@H](O)[C@@H](O)[C@@H]2O)[C@H](O)[C@H](O)[C@H]1O,0,NaN,NaN
2688,CC[C@]1(O)C[C@@H]2CN(CCc3c([nH]c4ccccc34)[C@@](C(=O)OC)(c3cc4c(cc3OC)N(C)[C@H]3[C@@](O)(C(N)=O)[C@H](O)[C@]5(CC)C=CCN6CC[C@]43[C@@H]65)C2)C1,0,NaN,0
2689,C=CC[N@@+]12CC[C@@]34c5ccccc5N5/C=C6/[C@H]7C[C@H]8[C@@]9(CC[N@@+]8(CC=C)C/C7=C/CO)c7ccccc7N(/C=C(/[C@@H](C[C@@H]31)/C(=C\CO)C2)[C@H]54)[C@@H]69,0,NaN,NaN
2690,CC[C@]1(O)C[C@H]2CN(CCc3c([nH]c4ccccc34)[C@@](C(=O)OC)(c3cc4c(cc3OC)N(C=O)[C@H]3[C@@](O)(C(=O)OC)[C@H](OC(C)=O)[C@]5(CC)C=CCN6CC[C@]43[C@@H]65)C2)C1,0,NaN,0
2691,CC(C)C(=O)Nc1cccc(C2CCN(Cc3ccc(Oc4ccc(Cl)c(Cl)c4)cc3)CC2)c1,0,NaN,NaN
2692,CC1(C)OC(=O)N(C2CCC(c3cnc(N)c(-c4ncccn4)c3)CC2)[C@H]1c1ccccc1,0,NaN,NaN
2693,CC1(C)OC(=O)N([C@H]2CC[C@H](c3cnc(N)c(-c4ncccn4)c3)CC2)[C@H]1c1ccccc1,0,NaN,NaN
2694,NCC(O)c1ccc(O)c(O)c1F,0,NaN,NaN
2695,Brc1c(NC2=NCCO2)ccc2nccnc12,0,0,0
2696,NCC1OCc2cc(O)c(O)cc21,0,0,0
2697,CC(C)C1C2CCC(C2)C1N,0,0,0
2698,c1c[nH]c(Nc2ccc3nccnc3c2)n1,0,0,0
2699,Brc1c(Nc2ncc[nH]2)ccc2nccnc12,0,0,0
2700,O=C(/C=C/c1ccc(O)cc1)NCCCCc1ccccc1,0,NaN,NaN
2701,O=C(/C=C/c1ccc(Cl)cc1Cl)NCCc1ccc(O)cc1,0,NaN,NaN
2702,O=C(/C=C/c1ccc(O)cc1)N1CCC(Cc2ccccc2)CC1,0,NaN,NaN
2703,N#C/C(=C\c1ccc(O)c(O)c1)C(=O)NCCCCc1ccccc1,0,NaN,NaN
2704,C1COC(N2CCOCC2)=N1,0,0,NaN
2705,NC(=O)OC[C@@H]1[C@H](NC(=O)/C(=N\OCC(=O)O)c2csc(N)n2)C(=O)N1S(=O)(=O)O,0,NaN,NaN
2706,CC(=N)N1CC[C@H](SC2=C(C(=O)O)N3C(=O)[C@H]([C@@H](C)O)[C@H]3C2)C1,0,NaN,NaN
2707,C[C@@H](O)[C@H]1C(=O)N2C(C(=O)O)=C(S[C@@H]3CN[C@H](CNS(N)(=O)=O)C3)[C@H](C)[C@H]12,0,NaN,NaN
2708,Oc1ccc2c(c1O)C[C@@H](c1ccccc1)[C@@H]1CCNC[C@@H]21,0,NaN,NaN
2709,Cc1ccc2nc(CNCCCOc3ccccc3)cc(O)c2c1,0,0,NaN
2710,Cc1c(O[C@@H](C)c2ccc(CC(C)C)cc2)ccc(C(=O)Nc2ccccc2OCCCC(=O)O)c1C,0,0,0
2711,CC(C)c1ccc(N2CCN(CCn3c(=O)[nH]c4c([nH]c5ccccc54)c3=O)CC2)cc1,0,0,0
2712,O=c1[nH]c2c([nH]c3ccccc32)c(=O)n1CCN1CCN2c3ccccc3OCC2C1,0,0,0
2713,Cc1nc2c3ccccc3nc-2c(O)n1CCN1CCN(c2ccc(C(C)C)cc2)CC1,0,0,0
2714,Cc1nc2c([nH]c3ccccc32)c(=O)n1CCN1CCN(c2ccc(C(C)C)cc2)CC1,0,0,0
2715,Cc1nc2c3ccccc3nc-2c(O)n1CCN1CCN(c2ccc(C(C)(C)C)cc2)CC1,0,0,0
2716,Cc1nc2c([nH]c3ccccc32)c(=O)n1CCN1CCN(c2ccc(C(C)(C)C)cc2)CC1,0,0,0
2717,O=c1[nH]c2c([nH]c3ccccc32)c(=O)n1CCN1CCN(c2ccc(C3CCCCC3)cc2)CC1,0,0,0
2718,CCc1nc2c3ccccc3nc-2c(O)n1CCN1CCN(c2ccccc2OC)CC1,0,NaN,0
2719,CCc1nc2c([nH]c3ccccc32)c(=O)n1CCN1CCN(c2ccccc2OC)CC1,0,NaN,0
2720,COc1ccccc1N1CCN(CCCn2cnc3c4ccccc4nc-3c2O)CC1,0,NaN,0
2721,COc1ccccc1N1CCN(CCCn2cnc3c([nH]c4ccccc43)c2=O)CC1,0,NaN,0
2722,CCc1nc2c3ccccc3nc-2c(O)n1CCCN1CCN(c2ccccc2OC)CC1,0,1,0
2723,CCc1nc2c([nH]c3ccccc32)c(=O)n1CCCN1CCN(c2ccccc2OC)CC1,0,1,0
2724,CC(C)(C)c1ccc(N2CCN(CCn3c(=O)[nH]c4c([nH]c5ccccc54)c3=O)CC2)cc1,0,0,0
2725,CCOc1ccccc1N1CCN(CCn2cnc3c4ccccc4nc-3c2O)CC1,0,1,0
2726,CCOc1ccccc1N1CCN(CCn2cnc3c([nH]c4ccccc43)c2=O)CC1,0,1,0
2727,O=c1[nH]c2c([nH]c3ccccc32)c(=O)n1CCN1CCN(c2ccccc2O)CC1,0,1,0
2728,CCOc1ccccc1N1CCN(CCn2c(=O)[nH]c3c([nH]c4ccccc43)c2=O)CC1,0,1,0
2729,COc1ccccc1N1CCN(CCn2c(C)nc3c4ccccc4nc-3c2O)CC1,0,1,0
2730,COc1ccccc1N1CCN(CCn2c(C)nc3c([nH]c4ccccc43)c2=O)CC1,0,1,0
2731,COc1ccccc1N1CCN(CCCn2c(C)nc3c4ccccc4nc-3c2O)CC1,0,1,0
2732,COc1ccccc1N1CCN(CCCn2c(C)nc3c([nH]c4ccccc43)c2=O)CC1,0,1,0
2733,O=c1[nH]c2c([nH]c3ccccc32)c(=O)n1CCN1CCN(c2ccccc2Cl)CC1,0,1,0
2734,COc1ccccc1C1CCN(CCn2c(=O)[nH]c3c([nH]c4ccccc43)c2=O)CC1,0,1,0
2735,COc1ccccc1N1CCN(CCn2cnc3c4ccccc4nc-3c2O)CC1,0,1,0
2736,COc1ccccc1N1CCN(CCn2cnc3c([nH]c4ccccc43)c2=O)CC1,0,1,0
2737,CC(C)c1ccc(N2CCN(CCn3c(=O)[nH]c4c(sc5ccccc54)c3=O)CC2)cc1,0,0,0
2738,CCCCc1ccc(N2CCN(CCn3c(=O)[nH]c4c([nH]c5ccccc54)c3=O)CC2)cc1,0,0,0
2739,COc1cccc2c1CC[C@H]1CN(CCn3c(=O)[nH]c4c(-c5ccccc5)csc4c3=O)C[C@@H]21,NaN,1,NaN
2740,COc1cc2nc(N3CCN(C(=O)c4ccco4)C4CCCCC43)nc(N)c2cc1OC,NaN,1,NaN
2741,COc1ccc2c(=O)n(CCN3C[C@@H]4CCc5c(OC)cccc5[C@@H]4C3)c(=O)[nH]c2c1,NaN,1,NaN
2742,COc1cc2[nH]c(=O)n(CCN3C[C@@H]4CCc5c(OC)cccc5[C@@H]4C3)c(=O)c2s1,NaN,1,NaN
2743,COc1cccc2c1CC[C@H]1CN(CCn3c(=O)[nH]c4cc(NC(C)=O)ccc4c3=O)C[C@@H]21,NaN,1,NaN
2744,COc1cccc2c1CC[C@H]1CN(CCn3c(=O)[nH]c4cccc(Cl)c4c3=O)C[C@@H]21,NaN,1,NaN
2745,COc1cccc2c1CC[C@H]1CN(CCn3c(=O)[nH]c4cscc4c3=O)C[C@@H]21,NaN,1,NaN
2746,COc1cccc2c1CC[C@H]1CN(CCn3c(=O)[nH]c4cccc(C)c4c3=O)C[C@@H]21,NaN,1,NaN
2747,COc1cccc2c1CC[C@H]1CN(CCn3c(=O)[nH]c4ccccc4c3=O)C[C@@H]21,NaN,1,NaN
2748,COc1cccc2c1CC[C@H]1CN(CCn3c(=O)[nH]c4c(C)csc4c3=O)C[C@@H]21,NaN,1,NaN
2749,O=S(=O)(c1ccc2cc[nH]c2c1)N1CCC[C@@H]1CCN1CCC(c2c[nH]c3ccccc23)CC1,NaN,1,NaN
2750,c1ccc2c(c1)C[C@]1(c3c[nH]cn3)C[C@H]21,NaN,1,NaN
2751,COc1cccc2c1CC[C@H]1CN(CCn3c(=O)[nH]c4c(C)c(C)ccc4c3=O)C[C@@H]21,NaN,1,NaN
2752,COc1ccc(C)cc1N1CCN(CCCNc2cc(=O)n(C)c(=O)n2C)CC1,NaN,1,NaN
2753,COc1cccc2c1CCC1CN(CCn3c(=O)[nH]c4ccsc4c3=O)CC21,NaN,1,NaN
2754,COc1cccc2c1CC[C@H]1CN(CCn3c(=O)[nH]c4ccsc4c3=O)C[C@@H]21,NaN,1,NaN
2755,COC(=O)c1ccc2c(=O)n(CCN3C[C@@H]4CCc5c(OC)cccc5[C@@H]4C3)c(=O)[nH]c2c1,NaN,1,NaN
2756,COc1cc2c3c(c1OC)-c1cc4c(cc1C[C@@H]3N(C)CC2)OCO4,NaN,1,NaN
2757,COc1cccc2c1CC[C@H]1CN(CCn3c(=O)[nH]c4sccc4c3=O)C[C@@H]21,NaN,1,NaN
2758,COc1cccc2c1CC[C@H]1CN(CCn3c(=O)[nH]c4c(OC)cccc4c3=O)C[C@@H]21,NaN,1,NaN
2759,COc1cccc2c1CC[C@H]1CN(CCn3c(=O)[nH]c4c(C(C)C)c(OC)sc4c3=O)C[C@@H]21,NaN,1,NaN
2760,COc1cccc2c1CC[C@H]1CN(CCn3c(=O)[nH]c4[nH]ccc4c3=O)C[C@@H]21,NaN,1,NaN
2761,COc1cccc2c1CC[C@H]1CN(CCn3c(=O)[nH]c4cc(Cl)ccc4c3=O)C[C@@H]21,NaN,1,NaN
2762,COc1cccc2c1CC[C@H]1CN(CCn3c(=O)[nH]c4cnccc4c3=O)C[C@@H]21,NaN,1,NaN
2763,COc1cc2c(=O)n(CCN3C[C@@H]4CCc5c(OC)cccc5[C@@H]4C3)c(=O)n(C)c2cc1OC,NaN,1,NaN
2764,COc1cccc2c1CC[C@H]1CN(CCn3c(=O)[nH]c4ncccc4c3=O)C[C@@H]21,NaN,1,NaN
2765,COc1cccc2c1CC[C@H]1CN(CCn3c(=O)[nH]c4cc([N+](=O)[O-])ccc4c3=O)C[C@@H]21,NaN,1,NaN
2766,COC(=O)c1cc2[nH]c(=O)n(CCN3C[C@@H]4CCc5c(OC)cccc5[C@@H]4C3)c(=O)c2s1,NaN,1,NaN
2767,Cc1ccccc1N1CCN(CCCCN2CCCC2=O)CC1,NaN,1,NaN
2768,CCC[C@H]1[C@@H]2c3ccccc3C[C@]12c1c[nH]cn1,NaN,1,NaN
2769,COc1ccc2[nH]c(=O)n(CCN3C[C@@H]4CCc5c(OC)cccc5[C@@H]4C3)c(=O)c2c1,NaN,1,NaN
2770,COc1cccc2c1CC[C@H]1CN(CCn3c(=O)[nH]c4cc(C)c(C)cc4c3=O)C[C@@H]21,NaN,1,NaN
2771,C[C@H]1c2ccccc2[C@H]2C[C@]21c1c[nH]cn1,NaN,1,NaN
2772,COC(=O)C1C(C)=NC(C)=C(C(=O)OCCCN2CCC(c3ccccc3)(c3ccccc3)CC2)C1c1cccc([N+](=O)[O-])c1,NaN,1,NaN
2773,COc1cccc2c1CC[C@H]1CN(CCn3c(=O)[nH]c4c(C)c(OC)sc4c3=O)C[C@@H]21,NaN,1,NaN
2774,COc1cc2nc3c(c(N)c2cc1OC)CCC(CNC(=O)c1ccccc1C(F)(F)F)C3,NaN,1,1
2775,O=C1CC2(CCCC2)CC(=O)N1CCN1CCC(c2ccccc2Cl)CC1,NaN,1,NaN
2776,COc1cccc2c1CC[C@H]1CN(CCn3c(=O)[nH]c4cccnc4c3=O)C[C@@H]21,NaN,1,NaN
2777,COc1ccccc1OCCN(C)CCN1C(=O)CC2(CCCC2)CC1=O,NaN,1,NaN
2778,CCC[C@H]1c2ccccc2[C@H]2C[C@]21c1c[nH]cn1,NaN,1,NaN
2779,COc1cc2nc(N3CCN(C(C)=O)[C@H]4CCCC[C@H]43)nc(N)c2cc1OC,NaN,1,NaN
2780,COc1cc2[nH]c(=O)n(CCN3C[C@@H]4CCc5c(OC)cccc5[C@@H]4C3)c(=O)c2cc1Cl,NaN,1,NaN
2781,CN(CC1CCCCC1)[C@H]1C2C3CC4C5C3CC2C5C41,NaN,1,NaN
2782,COc1ccccc1N1CCN(CCCCCn2cc(CCCC(=O)O)c3ccccc32)CC1,NaN,1,1
2783,O=C1CC2(CCCC2)CC(=O)N1CCN1CCN(c2cc(Cl)ccc2Cl)CC1,NaN,1,1
2784,COc1cccc2c1CC[C@H]1CN(CCn3c(=O)[nH]c4ccncc4c3=O)C[C@@H]21,NaN,1,NaN
2785,COc1cccc2c1CC[C@H]1CN(CCn3c(=O)[nH]c4cc(-c5ccccc5)sc4c3=O)C[C@@H]21,NaN,1,NaN
2786,CCCO[C@H]1c2ccccc2[C@H]2C[C@]21c1c[nH]cn1,NaN,1,NaN
2787,O=C1CC2(CCCC2)CC(=O)N1CCN1CCCN(c2ccccc2Cl)CC1,NaN,1,NaN
2788,CN(C)C1C=CC2(CC1)c1ccccc1CCc1ccc(Cl)cc12,NaN,1,NaN
2789,COc1cccc2c1CC[C@H]1CN(CCn3c(=O)[nH]c4nccnc4c3=O)C[C@@H]21,NaN,1,NaN
2790,CC(CN1CCN(c2cc(Cl)ccc2Cl)CC1)N1C(=O)CC2(CCCC2)CC1=O,NaN,1,NaN
2791,O=C1CC2(CCCC2)CC(=O)N1CCCN1CCN(c2cc(Cl)ccc2Cl)CC1,NaN,1,NaN
2793,O=C1CC2(C=CN1CCN1CCN(c3cc(Cl)ccc3Cl)CC1)CCCC2,NaN,1,NaN
2794,COc1cccc2c1CC[C@H]1CN(CCn3c(=O)[nH]c4c(C)cc(C)cc4c3=O)C[C@@H]21,NaN,1,NaN
2795,CC[C@H]1[C@@H]2c3ccccc3C[C@]12c1c[nH]cn1,NaN,1,NaN
2796,N#Cc1ccc(Cl)cc1N1CCN(CCN2C(=O)CC3(CCCC3)CC2=O)CC1,NaN,1,NaN
2797,c1ccc2c(c1)[C@H]1C[C@@]1(c1c[nH]cn1)C21CC1,NaN,1,NaN
2798,Cc1ccc2nccc(NCCNc3ccnc4ccc(C)cc34)c2c1,NaN,1,NaN
2799,O=C(c1ccc(F)cc1)C1CCN(CC[C@H]2CCCN2S(=O)(=O)c2ccc3cc[nH]c3c2)CC1,NaN,1,NaN
2800,O=C(N(CCN1CCN(c2ccccc2O)CC1)c1ccccn1)C12C3C4C1C1C2C3C41I,NaN,1,NaN
2801,COc1cc2nc(N3CCC[C@@H](NC4=CC(=O)c5ccccc5C4=O)C3)nc(N)c2cc1OC,NaN,1,1
2802,Cc1ccc(Cl)cc1N1CCN(CCN2C(=O)CC3(CCCC3)CC2=O)CC1,NaN,1,NaN
2803,COc1cc(N)c(C(=O)NCCN2C[C@@H]3CCc4c(OC)cccc4[C@@H]3C2)cc1OC,NaN,1,NaN
2804,CS(=O)(=O)c1ccccc1CCNCCOc1cc(F)ccc1Cl,NaN,1,1
2805,O=S(=O)(c1ccc2cc[nH]c2c1)N1CCC[C@@H]1CCN1CCC(Oc2ccc(F)cc2)CC1,NaN,1,NaN
2806,COc1cc2nc(N3CCN[C@H](C(=O)NC(C)(C)C)C3)nc(N)c2cc1OC,NaN,1,NaN
2807,C[C@H]1[C@@H]2c3ccccc3C[C@]12c1c[nH]cn1,NaN,1,NaN
2808,COc1ccc2c(NCCCCCCCNc3ccnc4cc(OC)ccc34)ccnc2c1,NaN,1,NaN
2809,COc1cccc2c1CC[C@H]1CN(CCn3c(=O)[nH]c4c(sc5ncc(Cl)nc54)c3=O)C[C@@H]21,NaN,1,NaN
2810,O=C1CC2(CCCC2)CC(=O)N1CCN1CCN(c2ccccc2C2CC2)CC1,NaN,1,NaN
2811,CN[C@@H]1CC[C@@H](c2ccc(Cl)c(Cl)c2)c2ccccc21,NaN,1,NaN
2812,COc1ccccc1OCCNC[C@@H]1CO[C@H](C(c2ccccc2)c2ccccc2)O1,NaN,1,1
2813,O=C1CC2(CCCC2)CC(=O)N1CCN1CCC(c2cc(Cl)ccc2Cl)CC1,NaN,1,NaN
2814,CCO[C@H]1c2ccccc2[C@H]2C[C@]21c1c[nH]cn1,NaN,1,NaN
2815,C[C@]12C[C@@]1(c1c[nH]cn1)Cc1ccccc12,NaN,1,NaN
2816,COCCN1CCC[C@@H]1Cn1nc(Cc2ccc(Cl)cc2)c2ncccc2c1=O,NaN,1,NaN
2817,COc1cc2nc3c(c(N)c2cc1OC)CCC(CNCCOc1c(OC)cccc1OC)C3,NaN,1,NaN
2818,CC[C@H]1c2ccccc2[C@H]2C[C@]21c1c[nH]cn1,NaN,1,NaN
2819,COc1cc2nc(N3CCC[C@@H](NC(=O)c4ccco4)C3)nc(N)c2cc1OC,NaN,1,1
2820,CCC1(C)CC(=O)N(CCN2CCN(c3cc(Cl)ccc3Cl)CC2)C(=O)C1,NaN,1,NaN
2821,O=S(=O)(c1ccc2cc[nH]c2c1)N1CCC[C@@H]1CCN1CCC(n2c(O)nc3ccccc32)CC1,NaN,1,NaN
2822,CCOc1ccccc1N1CCN(CC(O)CN2C(=O)NC(=O)C2(c2ccccc2)c2ccccc2)CC1,NaN,1,NaN
2823,N#Cc1ccccc1N1CCN(CCN2C(=O)CC3(CCCC3)CC2=O)CC1,NaN,1,NaN
2824,COc1cc2nc(N3CCC[C@@H](NC(=O)[C@H]4COc5ccccc5O4)C3)nc(N)c2cc1OC,NaN,1,NaN
2825,O=C1CCCN1CCCCN1CCN(c2ccc(F)cc2F)CC1,NaN,1,NaN
2826,O=C1CC2(CCCC2)CC(=O)N1CCN1CCN(c2cc(Br)ccc2Br)CC1,NaN,1,NaN
2827,Cc1ccc2c(NCCNc3ccnc4cc(C)ccc34)ccnc2c1,NaN,1,NaN
2828,CN1CCC[C@@H]1Cn1nc(Cc2ccc(Cl)cc2)c2ncccc2c1=O,NaN,1,NaN
2829,Cc1ccc2c(NCCCCCCCNc3ccnc4cc(C)ccc34)ccnc2c1,NaN,1,NaN
2830,O=C1CC2(CCCCC2)CC(=O)N1CCN1CCN(c2cc(Cl)ccc2Cl)CC1,NaN,1,NaN
2831,COc1ccccc1N1CCN(CC(O)CN2C(=O)NC(=O)C2(c2ccccc2)c2ccccc2)CC1,NaN,1,NaN
2832,O=C1CCCC(=O)N1CCN1CCN(c2cc(Cl)ccc2Cl)CC1,NaN,1,NaN
2833,COc1cc2nc(N3CCC[C@H](N)C3)nc(N)c2cc1OC,NaN,1,1
2834,COc1ccccc1N1CCN(CCN2CCC3(CCCC3)CC2=O)CC1,NaN,1,NaN
2836,O=C1CC2(CCCCC2)CC(=O)N1CCN1CCN(c2ccccc2Cl)CC1,NaN,1,NaN
2837,COc1cc2c(cc1OC)C(=O)N(CCN1C[C@@H]3CCc4c(OC)cccc4[C@@H]3C1)CC2,NaN,1,NaN
2838,COc1cc2c(cc1OC)NCN(CCN1C[C@@H]3CCc4c(OC)cccc4[C@@H]3C1)C2,NaN,1,NaN
2839,O=C1CC2(CCCC2)CC(=O)N1CCN1CCN(c2ccccc2F)CC1,NaN,1,1
2840,CN1CCN2c3c(cccc31)[C@@H]1CN(CCCc3noc4cc(F)ccc34)CC[C@@H]12,NaN,1,NaN
2841,COc1ccccc1OCCNCC1OCCOC1(c1ccccc1)c1ccccc1,NaN,1,1
2842,Cc1ccccc1N1CCN(CCN2C(=O)CC3(CCCC3)CC2=O)CC1,NaN,1,NaN
2843,COc1ccccc1OCCNC[C@H]1CCC(c2ccccc2)(c2ccccc2)[C@@H]1O,NaN,1,1
2844,CN1C[C@H](c2c[nH]c3c(Br)c(Br)cc(O)c23)NC[C@H]1c1c[nH]c2cc(Br)ccc12,NaN,1,NaN
2845,O=c1c2ccccc2c(Cc2ccc(Cl)cc2)nn1C1CCCN(CCCc2ccc(OCCCN3CCCCCC3)cc2)CC1,NaN,1,NaN
2846,COc1cc2nc3c(c(N)c2cc1OC)CC(CNC(=O)c1ccco1)C3,NaN,1,NaN
2847,O=C1CC2(CCC2)CC(=O)N1CCN1CCN(c2cc(Cl)ccc2Cl)CC1,NaN,1,NaN
2848,COC(=O)[C@@H]1[C@H]2C[C@H]3c4[nH]c5ccccc5c4CCN3C[C@@H]2CC[C@@H]1O,NaN,1,NaN
2849,Clc1ccccc1N1CCN(CCN2CCC3(CCCC3)CC2)CC1,NaN,1,NaN
2850,O=C1CCC(=O)N1CCN1CCN(c2cc(Cl)ccc2Cl)CC1,NaN,1,NaN
2851,O=C1CC2(CCCC2)CC(=O)N1CCN1CCN(c2ccccc2Cl)CC1,NaN,1,NaN
2852,O=S(=O)(c1ccc2cc[nH]c2c1)N1CCC[C@@H]1CCN1CCC(c2cc3ccccc3[nH]2)CC1,NaN,1,NaN
2853,O=C(CCCN1CCC(O)(c2ccc(Cl)cc2)C1)c1ccc(F)cc1,NaN,1,NaN
2854,O=C(c1ccc(Cl)cc1)C1CCN(CC[C@H]2CCCN2S(=O)(=O)c2ccc3cc[nH]c3c2)CC1,NaN,1,NaN
2855,COc1cc2c(cc1OC)C(=O)N(CCN1C[C@@H]3CCc4c(OC)cccc4[C@@H]3C1)CN2,NaN,1,NaN
2856,CNCc1ccccc1-c1csc([C@H](C)Nc2nc(C)nc3cc(OC)c(OC)cc23)c1,NaN,1,NaN
2857,O=c1c2ccccc2c(Cc2ccc(Cl)cc2)nn1C1CCCN(CCCCc2ccc(OCCCN3CCCCCC3)cc2)CC1,NaN,1,NaN
2858,O=C1CCCN1CCCCN1CCN(c2ccccc2O)CC1,NaN,1,NaN
2859,COc1ccc(CC2c3cc(OC)c(OC)cc3CCN2c2nc(N)c3cc(OC)c(OC)cc3n2)cc1OC,NaN,1,NaN
2860,O=C1CCCN1CCCCN1CCN(C(c2ccccc2)c2ccccc2)CC1,NaN,1,NaN
2861,Fc1ccc2c(C3CCN(CCCN4CCc5ccccc5C4)CC3)c[nH]c2c1,NaN,1,1
2862,CC(C)Nc1ccc(-c2cccc(N)c2)c(CC(=O)NCc2ccc(C(=N)N)cc2)c1F,NaN,1,NaN
2863,Clc1cccc(N2CCN(CCc3ccc(COc4ccc5c(c4)CCCC5)cc3)CC2)c1,NaN,1,1
2864,COc1cccc(OC)c1OCCNCC1OCCOC1(c1ccccc1)c1ccccc1,NaN,0,NaN
2865,COc1ccc(NS(=O)(=O)c2sc3ccc(Cl)cc3c2C)cc1N1CCN2CCC[C@@H]2C1,NaN,0,NaN
2866,COc1ccccc1N1CCN(CCN2C(=O)CC3(CCNCC3)CC2=O)CC1,NaN,0,NaN
2867,COc1cccc(OC)c1OCCNC[C@H]1OCCO[C@H]1c1ccccc1,NaN,0,NaN
2868,COc1cccc(OC)c1OCCNC[C@H]1OCCO[C@@H]1c1ccccc1,NaN,0,NaN
2869,COc1ccccc1N1CCN(CC2(c3ccccc3)COCCO2)CC1,NaN,0,NaN
2870,COc1cccc(OC)c1OCCNC[C@@H]1COC[C@H](c2ccccc2)O1,NaN,0,0
2871,c1ccc(OCCNCC2OCCOC2(c2ccccc2)c2ccccc2)cc1,NaN,0,NaN
2872,COc1ccccc1N1CCN(C[C@H]2OCCO[C@@H]2c2ccccc2)CC1,NaN,0,1
2873,COc1ccccc1N1CCN(C[C@H]2OCCO[C@H]2c2ccccc2)CC1,NaN,0,NaN
2874,COc1cccc(OC)c1OCCNCC1(c2ccccc2)COCCO1,NaN,0,NaN
2875,COc1cccc(OC)c1OCCNCC1COC2(CCCCC2)O1,NaN,0,0
2876,COc1ccccc1OCCNCC1(c2ccccc2)COCCO1,NaN,0,1
2877,COc1ccc(S(=O)(=O)N2CCc3ccc(I)cc32)cc1N1CCNCC1,NaN,0,NaN
2878,c1ccc(OCCNC[C@@H]2CO[C@@H](c3ccccc3)CO2)cc1,NaN,0,0
2879,COc1cccc(N2CCN(CCN3C(=O)CC4(CCCC4)CC3=O)CC2)c1,NaN,0,NaN
2880,c1ccc(-c2ccccc2OCCNCC2COC(c3ccccc3)(c3ccccc3)O2)cc1,NaN,0,NaN
2881,Cc1ccc2c(OCCN3CCN(Cc4cccc5cccnc45)CC3)cccc2n1,NaN,0,NaN
2882,COc1ccccc1N1CCN(CC2COC3(CCN(C(=O)C(F)(F)F)CC3)O2)CC1,NaN,0,NaN
2883,COc1cccc(OC)c1OCCNC[C@@H]1CO[C@@H](c2ccccc2)CO1,NaN,0,0
2884,c1ccc(OCCNCC2(c3ccccc3)COCCO2)cc1,NaN,0,NaN
2885,COc1ccccc1OCCNC[C@H]1OCCO[C@H]1c1ccccc1,NaN,0,NaN
2886,COc1ccccc1OCCNC[C@H]1OCCO[C@@H]1c1ccccc1,NaN,0,1
2887,O=C1CC2(CCCC2)CC(=O)N1CCN1CCN(c2cc(C(F)(F)F)ccc2F)CC1,NaN,0,NaN
2888,COc1ccccc1N1CCN(CCN2C(=O)CC3(CCN(C(C)=O)CC3)CC2=O)CC1,NaN,0,NaN
2889,CN1CCC2C(C1)c1cccc3c1N2c1ccccc1CS3,NaN,0,NaN
2890,CCCCCc1nn(C[C@H]2CCCN2C)c(=O)c2ccccc12,NaN,0,NaN
2891,c1ccc(OCCNC[C@@H]2COC[C@@H](c3ccccc3)O2)cc1,NaN,0,NaN
2892,c1ccc(OCCNC[C@H]2OCCO[C@H]2c2ccccc2)cc1,NaN,0,NaN
2893,c1ccc(OCCNC[C@H]2OCCO[C@@H]2c2ccccc2)cc1,NaN,0,NaN
2894,O=C(C1CCCCC1)N(CCN1CCN(c2ccccc2)CC1)c1ccccn1,NaN,0,NaN
2895,COc1ccccc1N1CCN(Cc2ccc(CO)s2)CC1,NaN,0,NaN
2896,CCOC(=O)C(C)N1C(=O)N(CC(O)CN2CCN(c3ccccc3OC)CC2)C(c2ccccc2)(c2ccccc2)C1=O,NaN,0,NaN
2897,Cc1cccc2oc(=O)n(C3CCN(CCCCN4C(=O)c5ccccc5S4(=O)=O)CC3)c12,NaN,0,0
2898,COC(=O)CN1C(=O)N(CC(O)CN2CCN(c3ccccc3OC)CC2)C(c2ccccc2)(c2ccccc2)C1=O,NaN,0,NaN
2899,CS(=O)(=O)c1ccccc1NCC1=NCCN1,NaN,0,0
2900,O=C1CC2(CCN(CCc3ccccn3)CC2)Oc2ccccc21,NaN,0,0
2901,COC(=O)C1=C(C)NC(=O)N(C(=O)NCCCN2CCN(c3ccc(C(C)=O)cc3)CC2)C1c1ccc(F)c(F)c1,NaN,0,0
2902,Cc1ccc2c(c1)c1c(n2CCc2ccc(C)nc2)CCN(C)C1,NaN,0,NaN
2903,CS(=O)(=O)c1ccc(F)cc1NCC1=NCCN1,NaN,0,0
2904,Cc1c(Cn2ncc(N3CCNCC3)c(Cl)c2=O)cccc1NC(=O)c1ccc(-c2ccccc2)cc1,NaN,0,NaN
2905,COc1ccc(NS(=O)(=O)c2sc3ccc(Cl)cc3c2C)cc1N1CCN2CCC[C@H]2C1,NaN,0,NaN
2906,COc1ccc2c(c1)oc(=O)n2C1CCN(CCCCN2C(=O)c3ccccc3S2(=O)=O)CC1,NaN,0,0
2907,COc1cccc(OC)c1OCCNC[C@H]1COCC(c2ccccc2)(c2ccccc2)O1,NaN,0,NaN
2908,O[C@H]1[C@@H](NC[C@H]2COc3ccccc3O2)CC[C@@H]1Oc1ccccc1,NaN,0,NaN
2909,CN1C(=O)N(CC(O)CN2CCN(c3ccccc3F)CC2)C(c2ccccc2)(c2ccccc2)C1=O,NaN,0,NaN
2910,COc1ccccc1N1CCN(Cc2ccc(C=O)s2)CC1,NaN,0,NaN
2911,COc1ccc2cc[nH]c2c1OCCNC[C@@H]1COc2ccccc2O1,NaN,0,0
2912,Ic1c(NC2=NCCN2)ccc2nccnc12,NaN,0,NaN
2913,CCC1(c2c[nH]cn2)Cc2ccccc2C1,NaN,0,NaN
2914,CCOC(=O)CN1C(=O)N(CC(O)CN2CCN(c3ccccc3OC)CC2)C(c2ccccc2)(c2ccccc2)C1=O,NaN,0,NaN
2916,CN(C)C(=O)NC1CCC(CCN2CCN(c3cccc(Cl)c3Cl)CC2)CC1,NaN,0,NaN
2917,O=C(O)c1ccc2cccnc2c1N1CCN(CCc2ccc(OCCCN3CCCCCC3)cc2)CC1,NaN,0,NaN
2918,N#Cc1ccc(N2CCN(CCc3ccc(OCCCN4CCCCCC4)cc3)CC2)c2ncccc12,NaN,0,NaN
2919,O=C(O)c1ccnc2c(N3CCN(CCc4ccc(OCCCN5CCCCCC5)cc4)CC3)cccc12,NaN,0,NaN
2920,O=C(O)c1cc(N2CCN(CCc3ccc(OCCCN4CCCCCC4)cc3)CC2)c2ncccc2c1,NaN,0,NaN
2921,C=CCN(CC=C)CCc1c[nH]c2ccc(Br)cc12,NaN,0,0
2922,COc1ccc(S(=O)(=O)Nc2cc(Br)ccc2Br)cc1N1CCNCC1,NaN,0,NaN
2923,CC1CCN(CC[C@H]2CCCN2S(=O)(=O)c2ccc(Cl)c(Cl)c2)CC1,NaN,0,NaN
2924,O=C(O)c1cnc2c(N3CCN(CCc4ccc(OCCCN5CCCCCC5)cc4)CC3)cccc2c1,NaN,0,NaN
2925,CCOc1ccc(Cc2nn(C[C@H]3CCCN3C)c(=O)c3ccccc23)cc1,NaN,0,NaN
2926,O=C(O)c1ccc2cccc(N3CCN(CCc4ccc(OCCCN5CCCCCC5)cc4)CC3)c2n1,NaN,0,NaN
2927,Cc1ccc2c(-c3nnc(SCCCN4CCc5ccc(-c6cc(C)nn6C)cc5CC4)n3C)cccc2n1,NaN,0,NaN
2928,CCc1cc(N2CCN(CCc3ccc(OCCCN4CCCCCC4)cc3)CC2)c2nc(CCC(=O)O)ccc2c1,NaN,0,NaN
2929,COc1ccc(NS(=O)(=O)c2sc3ccc(Cl)cc3c2C)cc1N1CCN2CCCCC2C1,NaN,0,NaN
2930,COc1ccc(NS(=O)(=O)c2sc3ccc(Cl)cc3c2C)cc1N1CCN(C)CC1,NaN,0,NaN
2931,O=C(O)CCc1cnc2c(N3CCN(CCc4ccc(OCCCN5CCCCCC5)cc4)CC3)cccc2c1,NaN,0,NaN
2932,CC1=C(C(=O)NCCCN2CCC(C#N)(c3ccccn3)CC2)[C@@H](c2ccc(F)c(F)c2)CC(=O)N1C,NaN,0,0
2933,Cc1ccc(C2(c3ccc(C)cc3)CC(=S)N(CCCN3CCC(C#N)(c4ccccc4Cl)CC3)C2=O)cc1,NaN,0,0
2934,O=C1NC(C(F)(F)F)=C(C(=O)NCCCN2CCC(c3ccccn3)CC2)[C@@H](c2ccc(F)c(F)c2)N1,NaN,0,0
2935,COc1ccc(-c2nc3ccccn3c2NCCN2CCOCC2)c(OC)c1,NaN,0,NaN
2936,S=C(NCCCc1c[nH]cn1)NCCCN(Cc1ccc(Cl)c(Cl)c1)c1ccc(Br)cn1,NaN,0,0
2937,CSc1ccc(C(F)(F)F)cc1NCC1=NCCN1,NaN,0,NaN
2938,CCC1(c2c[nH]cn2)Cc2ccc(F)cc2C1,NaN,0,NaN
2939,O=S1(=O)CCCc2cccc(NCC3=NCCN3)c21,NaN,0,NaN
2940,CN1CCc2c(c3cccc4c3n2CCc2ccccc2-4)C1,NaN,0,NaN
2941,COc1ccc(NS(=O)(=O)c2sc3ccc(Cl)cc3c2C)cc1N1CCNCC1,NaN,0,NaN
2942,CS(=O)(=O)c1c(F)cccc1NCC1=NCCN1,NaN,0,0
2943,OCC(CNCCOc1ccccc1)OC(c1ccccc1)c1ccccc1,NaN,0,1
2944,CN(C)[C@H]1CCN(c2cc(-c3ccccc3)nc3ccnn23)C1,NaN,0,NaN
2945,COc1ccc(NS(=O)(=O)c2ccc(Br)cc2)cc1N1CCN(C)CC1,NaN,0,NaN
2946,CC1CCN(CC[C@H]2CCCN2S(=O)(=O)c2cccc3ccccc23)CC1,NaN,0,NaN
2947,COc1ccccc1N1CCN(Cc2ccc(CN3CCCCC3O)s2)CC1,NaN,0,NaN
2948,O=CN1CCC(c2ccc(-c3cc(C(=O)O)cc4cc(-c5ccc(C(F)(F)F)cc5)ccc34)cc2)CC1,NaN,0,NaN
2949,CS(=O)(=O)c1ccc(Cl)cc1NCC1=NCCN1,NaN,0,0
2950,COC(=O)C1(c2ccccc2)CCN(CCNC(=O)CCc2ccc([N+](=O)[O-])cc2)CC1,NaN,0,0
2951,CC(C)(C)Nc1c(-c2ccccc2)nc2ccccn12,NaN,0,NaN
2952,CN1CCc2cc3c(c4c2[C@H]1Cc1ccccc1-4)OCO3,NaN,0,NaN
2953,O=C(O)c1cc(-c2ccc(C3CCNCC3)cc2)c2ccc(-c3ccc(C(F)(F)F)cc3)cc2c1,NaN,0,NaN
2954,Cc1ccc(S(C)(=O)=O)c(NCC2=NCCN2)c1,NaN,0,0
2955,COc1ccccc1CCN1C2C3C4CC5C6C4C2C6C1(O)C53,NaN,0,NaN
2956,CCc1ccc(OCc2ccccc2C(=O)Nc2ccc3nc(C)cc(N)c3c2)cc1,NaN,0,0
2957,Cc1c(C(=O)O)cc(-c2ccc(C3CCNCC3)cc2)c2ccc(-c3ccc(C(F)(F)F)cc3)cc12,NaN,0,NaN
2958,COC(=O)CN1C(=O)N(CC(O)CN2CCN(c3ccccc3)CC2)C(c2ccccc2)(c2ccccc2)C1=O,NaN,0,NaN
2959,COc1ccc(S(=O)(=O)n2cc(C)c3cc(Cl)cnc32)cc1NC1CCN(C)CC1,NaN,0,NaN
2960,COc1cccc([C@H](O)C2CCN(CCc3ccc(F)cc3)CC2)c1OC,NaN,0,NaN
2961,COc1ccc(S(=O)(=O)Nc2cc(Cl)cc(Cl)c2Cl)cc1N1CCNCC1,NaN,0,NaN
2962,NC[C@H](O)c1ccc(O)c(O)c1F,NaN,0,NaN
2963,NC[C@@H]1O[C@H](C23CC4CC(CC(C4)C2)C3)Cc2c1ccc(O)c2O,NaN,0,NaN
2964,CCCCCCCCCCCCCCCCOC[C@H](COP(=O)([O-])OCC[N+](C)(C)C)OC(C)=O,NaN,0,0
2965,CC(C)Oc1ccccc1N1CCN(Cc2cc(CO)cs2)CC1,NaN,0,NaN
2966,CC(C)Oc1ccccc1N1CCN(Cc2nc(CN3C(=O)c4ccccc4C3=O)co2)CC1,NaN,0,0
2967,CCCN(CCC)C1CCc2cccc(O)c2C1,NaN,0,NaN
2968,O=C(O)c1cc(-c2ccc(C3(O)C[C@H]4CNC[C@@H]4C3)cc2)c2ccc(-c3ccc(C(F)(F)F)cc3)cc2c1,NaN,0,NaN
2969,O=C(O)c1cc(-c2ccc(C3=CC4(CNC4)C3)cc2)c2ccc(-c3ccc(C(F)(F)F)cc3)cc2c1,NaN,0,NaN
2970,COc1ccc(S(=O)(=O)Nc2cc(Br)cc(F)c2Br)cc1N1CCNCC1,NaN,0,NaN
2971,CC(=O)Nc1ccc(-c2cc(-c3ccccc3)nc3cc(C(=O)NCCCn4ccnc4)nn23)cc1,NaN,0,NaN
2972,CNc1cc[n+](CCNC(=O)c2ccn3c(-c4c(C)noc4C)cnc3c2)cc1,NaN,0,0
2973,Cc1nc(-c2ccc(C(F)(F)F)cc2)sc1COc1ccc([C@H](CC(=O)O)c2ccon2)cc1,NaN,0,NaN
2974,C=C(C)CN1CCN(c2ccc3c(c2)CN(C(=O)OCc2ccccc2)CC3)CC1,NaN,0,NaN
2975,N=C(N)c1ccc(CNC(=O)Cc2c(-c3cccc(N)c3)ccc(NCc3ccccc3)c2F)cc1,NaN,0,NaN
2976,CC[C@H]1c2cc(C)ccc2OC[C@@]1(C)N,NaN,0,NaN
2977,C[C@@H]1C[C@H](C)N1C(=O)C1C=C2c3cccc4[nH]cc(c34)C[C@H]2N(C)C1,NaN,0,NaN
2978,CN(C)CCc1c[nH]c2cc(F)ccc12,NaN,0,NaN
2979,CCCOc1ccc(-c2nn3c(C)cc(C)nc3c2CC(=O)N(CC)CC)cc1,NaN,0,NaN
2980,O=C(CN1CCCCC1=O)NCCN1CCN(c2ccc(F)cc2OCC(F)(F)F)CC1,NaN,0,0
2981,CC(C)Oc1ccccc1N1CCN(CC(=O)CC(=O)CN2CCCCC2=O)CC1,NaN,0,0
2982,Cc1c(OCc2cccc(-c3ccc(C(=O)O)cc3)c2)cc2c(c1C)C(=O)C(C1CCCC1)C2,NaN,0,0
2983,c1ccc(CN2CCc3cc(N4CCOCC4)ccc3C2)cc1,NaN,0,NaN
2984,COc1cc2c(CCNC(C)=O)c[nH]c2cc1Cl,NaN,0,NaN
2985,COc1c(OCCF)cccc1C(O)C1CCN(CCc2ccc(C)cc2)CC1,NaN,0,NaN
2986,COc1cc(N)c(Cl)cc1C(=O)NC1C2CC3CN(C2)CC31,NaN,0,NaN
2987,COc1cc(OC)c2c(c1)OC[C@@]1(C)NCC[C@@H]21,NaN,0,NaN
2988,O=C(O)CCCCCN1CCC(CNC(=O)c2c3n(c4ccccc24)CCCO3)CC1,NaN,0,NaN
2989,C[C@@]12CN(c3ccccc3)c3ccccc3[C@@H]1CCN2,NaN,0,0
2990,CC[C@H]1c2cc(OC)ccc2CC[C@@]1(C)N,NaN,0,NaN
2991,COC(=O)CCCCCN1CCC(CNC(=O)c2c3n(c4ccccc24)CCCO3)CC1,NaN,0,NaN
2992,C1CC2CCC1N2CC12C3C4C5C3C1C5C42,NaN,0,NaN
2993,CCCc1cc(C)[nH]c(=O)c1CNC(=O)c1cc(-c2ccnc(N3CCN(C)CC3)c2)cc2c1cnn2C(C)C,NaN,0,NaN
2994,COc1cc(NC(=O)c2ccc(-c3ccc(Cl)cc3)o2)cc(OC)c1,NaN,0,NaN
2995,CCCCN1CCC(COC(=O)c2cc(Cl)c(NC)c3c2OCCO3)CC1,NaN,0,0
2996,CN1CCN=C1Cc1cccnc1,NaN,0,NaN
2997,COc1cccc(CCN2C3C4C5CC6C7C5C3C7C2(O)C64)c1,NaN,0,NaN
2998,CCN(C)C(=O)c1ccccc1NCC1=NCCN1,NaN,0,NaN
2999,CC1=C(C(N)=O)C(c2ccc([N+](=O)[O-])cc2)C(C(=O)NCCCN2CCC(C(=O)N(C)C)(c3ccccc3)CC2)=C(C)N1,NaN,0,NaN
3000,CC(=O)Nc1c(F)cc(C(=O)N[C@H]2CC[C@H](O)CC2)cc1O[C@@H](C)c1ccccc1,NaN,0,NaN
3001,CNC(=O)c1cc(C(=O)NC2CC2)cn(Cc2ccccc2)c1=O,NaN,0,NaN
3002,COCc1nc2cnc3cc(-c4c(C)noc4C)c(OC[C@H]4CCNC4)cc3c2n1[C@H](C)c1ccccc1,NaN,0,NaN
3003,CC(=O)Nc1c(F)cc(C(=O)NC2CCC(O)CC2)cc1O[C@@H](C)c1ccccc1,NaN,0,NaN
3004,N=C(N)c1ccc(CNC(=O)Cc2c(F)ccc(NS(=O)(=O)Cc3ccccc3)c2F)cc1,NaN,0,NaN
3005,CC(C)NC1=CC(=O)C(c2ccccc2)=C(CC(=O)NCc2ccc(C(=N)N)cc2)C1=O,NaN,0,NaN
3006,O=C(Cc1c(F)ccc(NS(=O)(=O)Cc2ccccc2)c1F)NCC1CCNCC1,NaN,0,NaN
3007,CC(C)Nc1ccc(-c2ccccc2)c(CC(=O)NCc2ccc(C(=N)N)cc2)c1O,NaN,0,NaN
3008,CC(C)/N=C1\C=C(O)C(c2ccccc2)=C(CC(=O)NCc2ccc(C(=N)N)cc2)C1=O,NaN,0,NaN
3009,O=C(Cc1c(F)ccc(NS(=O)(=O)Cc2ccccc2)c1F)NCc1ccncc1,NaN,0,NaN
3010,N=C(N)NCCCCCNC(=O)Cc1c(F)ccc(NS(=O)(=O)Cc2ccccc2)c1F,NaN,0,NaN
3011,O=C(Cc1c(F)ccc(NS(=O)(=O)Cc2ccccc2)c1F)NCCCn1ccnc1,NaN,0,NaN
3012,N=C(N)c1cccc(CNC(=O)Cc2c(F)ccc(NS(=O)(=O)Cc3ccccc3)c2F)c1,NaN,0,NaN
3013,O=C(NCC1CCNCC1)c1cc(NS(=O)(=O)Cc2ccccc2)ccc1Sc1ccccc1,NaN,0,NaN
3014,CN(C)c1ccc(CNC(=O)Cc2c(F)ccc(NS(=O)(=O)Cc3ccccc3)c2F)cc1,NaN,0,NaN
3015,O=C(NCc1ccncc1)c1cc(NS(=O)(=O)Cc2ccccc2)ccc1Sc1ccccc1,NaN,0,NaN
3016,CN(C)c1ccc(CNC(=O)c2cc(NS(=O)(=O)Cc3ccccc3)ccc2Sc2ccccc2)cc1,NaN,0,NaN
3017,COc1cc(F)c(O[C@H]2CC[C@@](C)(C(=O)O)CC2)cc1C(=O)N[C@H]1[C@@H]2CC[C@@H](C2)[C@H]1C(=O)NCC1(C)CCC1,NaN,0,NaN
3018,COc1cc(F)c(OC2CCC(C)(C(=O)O)CC2)cc1C(=O)N[C@H]1[C@@H]2CC[C@@H](C2)[C@H]1C(=O)NCC1(C)CCC1,NaN,0,NaN
3019,CC1=C(C(N)=O)C(c2ccc([N+](=O)[O-])cc2)C(C(=O)NCCCN2CCC(CN(C)C)(c3ccccc3)CC2)=C(COCCN)N1,NaN,0,0
3020,COc1ccc(S(=O)(=O)Nc2c(C)cc(C)cc2C)cc1,NaN,0,NaN
3021,CCNC(=O)C[C@@H]1N=C(c2ccc(Cl)cc2)c2cc(OC)ccc2-n2c(C)nnc21,NaN,0,NaN
3022,COc1cc2c(cc1-c1c(C)noc1C)ncc1[nH]c(=O)n([C@H](C)c3ccccn3)c12,NaN,0,NaN
3023,COc1cc(F)c(OC2CCC(C)(C(=O)O)CC2)cc1C(=O)N[C@@H]1[C@H]2CC[C@H](C2)[C@@H]1C(=O)NCC1(C)CCC1,NaN,0,NaN
3024,COc1cc(F)c(O[C@H]2CC[C@@](C)(C(=O)O)CC2)cc1C(=O)N[C@@H]1[C@H]2CC[C@H](C2)[C@@H]1C(=O)NCC1(C)CCC1,NaN,0,NaN
3025,NC[C@H](O)c1cc(O)c(O)cc1F,NaN,0,NaN
3026,CCC[C@H]1CCCCC1NC1=NCCO1,NaN,0,NaN
3027,c1ccc2c(c1)CCCC2NC1=NCCO1,NaN,0,NaN
3028,CCc1sccc1Cc1c[nH]cn1,NaN,NaN,1
3029,Brc1csc(Cc2c[nH]cn2)c1Br,NaN,NaN,1
3030,CC(c1c[nH]cn1)c1cscc1Br,NaN,NaN,1
3031,Clc1cc(Cc2c[nH]cn2)c(Cl)s1,NaN,NaN,1
3032,c1ccc2c(Cc3c[nH]cn3)csc2c1,NaN,NaN,1
3033,Cc1csc(C)c1Cc1c[nH]cn1,NaN,NaN,1
3034,Cc1csc(Cc2c[nH]cn2)c1C,NaN,NaN,1
3035,Brc1cscc1Cc1c[nH]cn1,NaN,NaN,1
3036,CCc1cscc1C(C)c1c[nH]cn1,NaN,NaN,1
3037,CCc1cscc1Cc1c[nH]cn1,NaN,NaN,1
3038,CNc1ccc2c(c1)[C@@H](NCCOc1cc(F)ccc1F)CCS2(=O)=O,NaN,NaN,1
3039,Brc1ccsc1Cc1c[nH]cn1,NaN,NaN,1
3040,Cc1cscc1C(C)c1c[nH]cn1,NaN,NaN,1
3041,CCc1cc(Cc2c[nH]cn2)c(CC)s1,NaN,NaN,1
3042,CC(c1c[nH]cn1)c1scc(Br)c1Br,NaN,NaN,1
3043,Cc1sccc1Cc1c[nH]cn1,NaN,NaN,1
3044,Cc1ccsc1Cc1c[nH]cn1,NaN,NaN,1
3045,Cc1cscc1Cc1c[nH]cn1,NaN,NaN,1
3046,CC(c1c[nH]cn1)c1sccc1Br,NaN,NaN,1
3047,CC(c1cccc(Cl)c1)n1cc(Cl)cc(C(N)=O)c1=N,NaN,NaN,1
3048,Cc1cc(Cc2c[nH]cn2)c(C)s1,NaN,NaN,1
3049,Cc1csc(C(C)c2c[nH]cn2)c1C,NaN,NaN,1
3050,CNc1ccc2c(c1)C(NCCOc1cc(F)ccc1F)CCS2(=O)=O,NaN,NaN,1
3051,N#Cc1cc(Cl)cc(Cn2cc(Cl)cc(C(N)=O)c2=N)c1,NaN,NaN,1
3052,COc1cccc2c1C1CN(CCCCn3c(=O)[nH]c4c(sc5ncc(-c6ccccc6)nc54)c3=O)CC1CO2,NaN,NaN,1
3053,CCC(c1c[nH]cn1)c1cscc1C,NaN,NaN,1
3054,CS(=O)(=O)c1ccc(Cl)cc1Cn1cc(Cl)cc(C(N)=O)c1=N,NaN,NaN,1
3055,CSc1ccc(Cl)cc1Cn1cc(Cl)cc(C(N)=O)c1=N,NaN,NaN,1
3056,c1ccc2sc(Cc3c[nH]cn3)cc2c1,NaN,NaN,1
3057,COc1ccccc1N1CCN(CCN2C(=O)CC3(CCCC3)CC2=O)CC1,NaN,NaN,1
3058,Cc1ccsc1C(C)c1c[nH]cn1,NaN,NaN,1
3059,COc1ccc2c(c1)C(NCCOc1cc(F)ccc1F)CCS2(=O)=O,NaN,NaN,1
3060,C[C@H](c1cccc(C#N)c1)n1cc(Cl)cc(C(N)=O)c1=N,NaN,NaN,1
3061,NC(=O)C1CCN(CCCN2c3ccccc3Sc3ccc(Cl)cc32)CC1,NaN,NaN,1
3062,Cc1sccc1C(C)c1c[nH]cn1,NaN,NaN,1
3063,N=c1c(C(N)=O)cc(Cl)cn1Cc1cccc(Cl)c1,NaN,NaN,1
3064,c1nc(Cc2ccsc2)c[nH]1,NaN,NaN,1
3065,CC(c1cccc(C#N)c1)n1cc(Cl)cc(C(N)=O)c1=N,NaN,NaN,1
3066,c1ccc(OCCNC[C@@H]2COCC(c3ccccc3)(c3ccccc3)O2)cc1,NaN,NaN,1
3067,Cc1ccc(Cc2c[nH]cn2)s1,NaN,NaN,1
3068,c1ccc(OCCNCC2COCC(c3ccccc3)(c3ccccc3)O2)cc1,NaN,NaN,1
3069,N=c1c(C(N)=O)cc(Cl)cn1Cc1cc(Cl)cc(C(N)=O)c1,NaN,NaN,1
3070,c1nc(Cc2cc3c(s2)CCCC3)c[nH]1,NaN,NaN,1
3071,O=S1(=O)CCC(NCCOc2cc(F)ccc2Cl)c2ccccc21,NaN,NaN,1
3072,CS(=O)(=O)c1ccccc1CNCCOc1cc(F)ccc1Cl,NaN,NaN,1
3073,CS(=O)(=O)c1cc(Cl)cc(Cn2cc(Cl)cc(C(N)=O)c2=N)c1,NaN,NaN,1
3074,Cc1ccccc1OCCNCC1COCC(c2ccccc2)(c2ccccc2)O1,NaN,NaN,1
3075,c1ccc(C2(c3ccccc3)COCC(CNCCOc3ccccn3)O2)cc1,NaN,NaN,1
3076,Clc1ccccc1OCCNCC1COCC(c2ccccc2)(c2ccccc2)O1,NaN,NaN,1
3077,O=[N+]([O-])c1ccccc1OCCNCC1COCC(c2ccccc2)(c2ccccc2)O1,NaN,NaN,1
3079,Cc1cccc(Cn2cc(Cl)cc(C(N)=O)c2=N)c1,NaN,NaN,1
3080,COc1ccccc1CCNCc1ccc(CCNC[C@H](O)c2ccc(O)c3[nH]c(=O)sc23)cc1,NaN,NaN,1
3081,CCC(c1c[nH]cn1)c1sccc1C,NaN,NaN,1
3082,N#Cc1ccc(Cl)cc1Cn1cc(Cl)cc(C(N)=O)c1=N,NaN,NaN,1
3083,COc1cccc(Cn2cc(Cl)cc(C(N)=O)c2=N)c1,NaN,NaN,1
3084,c1csc(Cc2c[nH]cn2)c1,NaN,NaN,1
3085,CS(=O)(=O)c1ccc(Cn2cc(Cl)cc(C(N)=O)c2=N)cc1Cl,NaN,NaN,1
3086,COc1cccc2c1C(NCCOc1cc(F)ccc1F)CCS2(=O)=O,NaN,NaN,1
3087,N#Cc1cccc(Cn2cc(Cl)cc(C(N)=O)c2=N)c1,NaN,NaN,1
3088,N#Cc1ccc(Cn2cc(Cl)cc(C(N)=O)c2=N)cc1Cl,NaN,NaN,1
3089,O=S1(=O)CCC(NCCOc2cc(F)ccc2F)c2cc(F)ccc21,NaN,NaN,1
3090,CC(C)c1cc(Cc2c[nH]cn2)c(C(C)C)s1,NaN,NaN,1
3091,O=c1[nH]c2c(O)ccc([C@@H](O)CNCCc3ccc(CNCCc4ccccc4)cc3)c2s1,NaN,NaN,1
3092,O=C1CC2(CCCC2)CC(=O)N1CCN1CCN(c2ccc(F)cc2)CC1,NaN,NaN,1
3093,c1ccc(OCCNC[C@H]2COC(c3ccccc3)(c3ccccc3)O2)cc1,NaN,NaN,1
3094,CC(c1cccc(S(C)(=O)=O)c1)n1cc(Cl)cc(C(N)=O)c1=N,NaN,NaN,1
3095,COC(c1c[nH]cn1)c1cscc1C,NaN,NaN,1
3096,N=c1c(C(N)=O)cc(Cl)cn1CCc1ccccc1,NaN,NaN,1
3097,COc1ccccc1OCCNC[C@@H]1CO[C@H](c2ccccc2)CO1,NaN,NaN,1
3098,O=C1CC2(CCCC2)CC(=O)N1CCN1CCN(c2ccccc2O)CC1,NaN,NaN,1
3099,O=S1(=O)CCC(NCCOc2cc(F)ccc2F)c2ccccc21,NaN,NaN,1
3100,CC(C)[C@H]1C(=O)N2CCC[C@H]2[C@]2(O)O[C@](NC(=O)[C@@H]3C=C4c5cccc6[nH]cc(c56)C[C@H]4N(C)C3)(C(C)C)C(=O)N12,NaN,NaN,1
3101,Fc1ccc2c(C3CCN(CCCN4CCCCC4)CC3)c[nH]c2c1,NaN,NaN,1
3102,N=c1c(C(N)=O)cc(Cl)cn1Cc1ccc(Cl)cc1,NaN,NaN,1
3103,COc1cc2c(cc1O)CCN1Cc3c(ccc(O)c3OC)C[C@@H]21,NaN,NaN,1
3104,COc1ccccc1OCCNC[C@H]1COCC(c2ccccc2)(c2ccccc2)O1,NaN,NaN,1
3105,O=c1[nH]c2c(O)ccc([C@@H](O)CNCCc3ccc(CNCCc4ccccn4)cc3)c2s1,NaN,NaN,1
3106,COc1ccccc1CNCCc1cccc(CCNC[C@H](O)c2ccc(O)c3[nH]c(=O)sc23)c1,NaN,NaN,1
3107,O=c1[nH]c2c(O)ccc([C@@H](O)CNCCOc3cccc(CNCCc4ccccc4F)c3)c2s1,NaN,NaN,1
3108,Cc1ccccc1OCCNCC1COC(c2ccccc2)(c2ccccc2)O1,NaN,NaN,1
3109,N=c1c(C(N)=O)cc(Cl)cn1Cc1cccc(C(N)=O)c1,NaN,NaN,1
3110,c1ccc(OCCNC[C@@H]2CO[C@H](C(c3ccccc3)c3ccccc3)O2)cc1,NaN,NaN,1
3111,CCOc1ccccc1CNCc1cccc(CCNC[C@H](O)c2ccc(O)c3[nH]c(=O)sc23)c1,NaN,NaN,1
3112,CC(CNCc1ccc(CCNC[C@H](O)c2ccc(O)c3[nH]c(=O)sc23)cc1)c1ccccc1,NaN,NaN,1
3113,COc1ccccc1OCCNCC1CSC2(CCCCC2)O1,NaN,NaN,1
3114,COc1ccccc1OCCNCC1CSC2(CCCCC2)S1,NaN,NaN,1
3115,c1ccc2c(C3CCN(CCCCCN4CCCCC4)CC3)c[nH]c2c1,NaN,NaN,1
3116,COc1ccc2c(c1)S(=O)(=O)CCC2NCCOc1cc(F)ccc1F,NaN,NaN,1
3117,N=c1c(C(N)=O)cc(Cl)cn1Cc1ccccc1Cl,NaN,NaN,1
3118,COC(c1c[nH]cn1)c1sccc1Br,NaN,NaN,1
3119,CC(Cc1cccc(CNCCc2c(Cl)cccc2Cl)c1)NC[C@H](O)c1ccc(O)c2[nH]c(=O)sc12,NaN,NaN,1
3120,O=c1[nH]c2c(O)ccc([C@@H](O)CNCCCc3cccc(CNCCc4c(Cl)cccc4Cl)c3)c2s1,NaN,NaN,1
3121,CC[C@@H]1CN2CCc3c([nH]c4ccccc34)[C@@H]2C[C@@H]1/C(=C\OC)C(=O)OC,NaN,NaN,1
3122,COc1ccccc1N1CCN(CC2COC3(CC[S+]([O-])CC3)O2)CC1,NaN,NaN,1
3123,COc1ccccc1OCCNC[C@@H]1COC[C@H](c2ccccc2)O1,NaN,NaN,1
3124,CC(C)C[C@H]1C(=O)N2CCC[C@H]2[C@]2(O)O[C@](NC(=O)[C@@H]3C=C4c5cccc6[nH]cc(c56)C[C@H]4N(C)C3)(C(C)C)C(=O)N12,NaN,NaN,1
3125,O=c1[nH]c2c(O)ccc([C@@H](O)CNCCc3cccc(CNCCc4ccccc4Cl)c3)c2s1,NaN,NaN,1
3126,O=c1[nH]c2c(O)ccc([C@@H](O)CNCCc3ccc(CNCCc4ccccc4F)cc3)c2s1,NaN,NaN,1
3127,CS(=O)(=O)c1cccc(Cn2cc(Cl)cc(C(N)=O)c2=N)c1,NaN,NaN,1
3128,N=c1c(C(N)=O)cc(Cl)cn1CCCc1ccccc1,NaN,NaN,1
3129,CN1C2CCC1CC(OC(c1ccc(F)cc1)c1ccc(F)cc1)C2,NaN,NaN,1
3130,COc1cccc(OC)c1OCCNC[C@@H]1COCC(c2ccccc2)(c2ccccc2)O1,NaN,NaN,1
3131,O=c1[nH]c2c(O)ccc([C@@H](O)CNCCc3cccc(CNCCc4c(Cl)cccc4Cl)c3)c2s1,NaN,NaN,1
3132,COc1ccc(S(=O)(=O)NC2CCC(N3CCN(c4ccccc4OCC4CC4)CC3)CC2)cc1OC,NaN,NaN,1
3133,COc1ccc(S(=O)(=O)N[C@H]2CC[C@@H](N3CCN(c4ccccc4OCC4CC4)CC3)CC2)cc1OC,NaN,NaN,1
3134,N=c1c(C(N)=O)cc(Cl)cn1Cc1ccc(C(N)=O)c(Cl)c1,NaN,NaN,1
3135,Fc1ccc(Cl)c(OCCNCc2cccc(Cl)c2)c1,NaN,NaN,1
3136,COc1cccc(OC)c1OCCNCC1COCC(c2ccccc2)(c2ccccc2)O1,NaN,NaN,1
3137,c1ccc2c(C3CCN(CCCN4CCCCC4)CC3)c[nH]c2c1,NaN,NaN,1
3138,COc1cc2nc(N3CCN(C(=O)c4ccco4)[C@H](C(=O)NC(C)(C)C)C3)nc(N)c2cc1OC,NaN,NaN,1
3139,c1ccc(OCCNCC[C@@H]2CO[C@H](C(c3ccccc3)c3ccccc3)O2)cc1,NaN,NaN,1
3140,Oc1ccccc1OCCNCC1COCC(c2ccccc2)(c2ccccc2)O1,NaN,NaN,1
3141,O=c1[nH]c2c(O)ccc([C@@H](O)CNCCc3ccc(CNCCc4c(Cl)cccc4Cl)cc3)c2s1,NaN,NaN,1
3142,COc1ccccc1CNCc1ccc(CCNC[C@@H](O)c2ccc(O)c3[nH]c(=O)sc23)cc1,NaN,NaN,1
3143,COc1ccccc1CCNCc1cccc(CCNC[C@H](O)c2ccc(O)c3[nH]c(=O)sc23)c1,NaN,NaN,1
3144,O=c1[nH]c2c(O)ccc([C@@H](O)CNCCc3cccc(CNCc4ccccc4F)c3)c2s1,NaN,NaN,1
3145,COCOc1ccccc1OCCNCC1COCC(c2ccccc2)(c2ccccc2)O1,NaN,NaN,1
3146,Cc1cccc([C@@H](C)c2cnc[nH]2)c1C,NaN,NaN,1
3147,c1ccc(OCCNC[C@H]2COCC(c3ccccc3)(c3ccccc3)O2)cc1,NaN,NaN,1
3148,NC(=O)c1ccc2c(c1)C(NCCOc1cc(F)ccc1F)CCS2(=O)=O,NaN,NaN,1
3149,c1ccc(OCCNC[C@H]2CO[C@H](C(c3ccccc3)c3ccccc3)O2)cc1,NaN,NaN,1
3150,COc1ccccc1N1CCN(C[C@H]2OCCOC2(c2ccccc2)c2ccccc2)CC1,NaN,NaN,1
3151,COc1ccccc1N1CCN(Cc2ccc(Br)s2)CC1,NaN,NaN,1
3152,COc1ccccc1OCCNCC1COC2(CCCCC2)O1,NaN,NaN,1
3153,COc1ccccc1OCCNC[C@@H]1CO[C@@H](c2ccccc2)CO1,NaN,NaN,1
3154,COc1ccccc1N1CCN(CC2CSC3(CCCCC3)S2)CC1,NaN,NaN,1
3155,Cc1cccc2c(CCNCc3ccc(CCNC[C@H](O)c4ccc(O)c5[nH]c(=O)sc45)cc3)c[nH]c12,NaN,NaN,1
3156,COc1ccccc1CNCc1ccc(CCNC[C@H](O)c2ccc(O)c3[nH]c(=O)sc23)cc1,NaN,NaN,1
3157,COc1cccc(CNCc2cccc(CCNC[C@H](O)c3ccc(O)c4[nH]c(=O)sc34)c2)c1,NaN,NaN,1
3158,Fc1ccc(N2CCN(CCc3ccc(COc4ccc5c(c4)CCCC5)cc3)CC2)cc1,NaN,NaN,1
3159,O=C1c2ccccc2C(=O)N1Cc1ccc(CCN2CCN(Cc3ccccc3)CC2)cc1,NaN,NaN,1
3160,O=c1[nH]c2c(O)ccc([C@@H](O)CNCCc3cccc(CNCCc4ccccc4F)c3)c2s1,NaN,NaN,1
3161,COc1ccc(CNCc2cccc(CCNC[C@H](O)c3ccc(O)c4[nH]c(=O)sc34)c2)cc1,NaN,NaN,1
3162,O=c1[nH]c2c(O)ccc([C@@H](O)CNCCc3cccc(CNCCCc4ccccc4)c3)c2s1,NaN,NaN,1
3163,O=c1[nH]c2c(O)ccc([C@@H](O)CNCCc3cccc(CNCc4ccccc4Cl)c3)c2s1,NaN,NaN,1
3164,COc1ccccc1N1CCN(CCCn2cc(CCCC(=O)O)c3ccccc32)CC1,NaN,NaN,1
3165,O=C(O)CCCc1cn(CCCCN2CCN(c3ccccc3Cl)CC2)c2ccccc12,NaN,NaN,1
3166,COc1ccccc1CNCc1cccc(CCNC[C@H](O)c2ccc(O)c3[nH]c(=O)sc23)c1,NaN,NaN,1
3167,O=c1[nH]c2c(O)ccc([C@@H](O)CNCCc3cccc(CNCCc4ccccn4)c3)c2s1,NaN,NaN,1
3168,O=c1[nH]c2c(O)ccc([C@@H](O)CNCCc3ccccc3CNCCc3ccccc3F)c2s1,NaN,NaN,1
3169,O=c1[nH]c2c(O)ccc([C@@H](O)CNCCc3cccc(CNCCCc4ccccn4)c3)c2s1,NaN,NaN,1
3170,COc1ccccc1CN(C)Cc1cccc(CCNC[C@H](O)c2ccc(O)c3[nH]c(=O)sc23)c1,NaN,NaN,1
3171,O=c1[nH]c2c(O)ccc([C@@H](O)CNCCc3cccc(CNCc4ccccn4)c3)c2s1,NaN,NaN,1
3172,Cc1cccc2c(CCNCc3cccc(CCNC[C@H](O)c4ccc(O)c5[nH]c(=O)sc45)c3)c[nH]c12,NaN,NaN,1
3173,O=c1ccc2c([C@@H](O)CNCCc3cccc(CNCCc4ccccn4)c3)ccc(O)c2[nH]1,NaN,NaN,1
3174,N=C(N)N/N=C/c1c(Cl)cccc1Cl,NaN,NaN,1
3175,COCCNCc1cccc(CCNC[C@H](O)c2ccc(O)c3[nH]c(=O)sc23)c1,NaN,NaN,1
3176,OCc1cc([C@@H](O)CNCCc2ccc(CNCCc3ccccc3)cc2)ccc1O,NaN,NaN,1
3177,CN(C)CCCOc1ccc(CCNC(=O)c2cc(Br)c[nH]2)cc1Br,NaN,NaN,1
3178,COCCNCc1ccc(CCNC[C@H](O)c2ccc(O)c3[nH]c(=O)sc23)cc1,NaN,NaN,1
3179,O=c1[nH]c2c(O)ccc([C@@H](O)CNCCc3cccc(CN4CCCC4)c3)c2s1,NaN,NaN,1
3180,O=C(Cc1ccccc1)NC1CCN(CCCN2C(=O)COc3ccccc32)CC1,NaN,NaN,0
3181,COc1cc(OC)cc(OCCNCC2COC(c3ccccc3)(c3ccccc3)O2)c1,NaN,NaN,0
3182,Cc1ccsc1C1(c2c[nH]cn2)CC1,NaN,NaN,0
3183,CCCCC1CCN(CCCN2C(=O)CCc3ccccc32)CC1,NaN,NaN,0
3184,CCCN(CC[C@]1(O)C[C@H](NC(=O)c2ccc3ccccc3c2)C1)[C@H]1CCc2nc(N)sc2C1,NaN,NaN,0
3185,CCCN(CCC1(O)CC(NC(=O)c2ccc3ccccc3c2)C1)[C@H]1CCc2nc(N)sc2C1,NaN,NaN,0
3186,COC(=O)C1(c2ccccc2)CCN(CCCNC(=O)CCc2ccc([N+](=O)[O-])cc2)CC1,NaN,NaN,0
3187,C=CCN(CC=C)CCc1c[nH]c2ccc(Cl)cc12,NaN,NaN,0
3188,CS(=O)(=O)c1cc(F)ccc1NCC1=NCCN1,NaN,NaN,0
3189,Cc1cc(C)cc(-c2cnc3cc(Cl)c(-c4cccc(O)c4)cc3c2OCCCN)c1,NaN,NaN,0
3190,CC1=C(C(=O)O)C(c2ccc3c(c2)OCO3)C(C(=O)NCCCN2CCC(c3ccccc3)(c3ccccc3)CC2)=C(C)N1,NaN,NaN,0
3191,COc1cccc2c(NCCNc3ccnc4c(OC)cccc34)ccnc12,NaN,NaN,0
3192,Cc1nc(-c2ccc(-c3ccc(C(=O)N4CCc5cc6c(cc54)C4(CCN(C)CC4)CO6)cc3)c(C)c2)no1,NaN,NaN,0
3193,N=c1c2c(-c3ccccc3)c(-c3ccccc3)n(Cc3ccccc3)c2ncn1[C@H]1CC[C@H](O)CC1,NaN,NaN,0
3194,N=c1c2c(-c3ccccc3)c(-c3ccccc3)n(Cc3ccccc3)c2ncn1C1CCC(O)CC1,NaN,NaN,0
3195,Cc1ccc(C(C(=O)NCCCN2CCC(C(N)=O)(c3ccccc3)CC2)c2ccc(C)cc2)cc1,NaN,NaN,0
3196,CCOC(=O)CCN1CCN(c2ccc3c(c2)CN(C(=O)OCc2ccccc2)CC3)CC1,NaN,NaN,0
3197,O=C(CCCc1ccccc1)N1c2ccccc2Sc2ccccc21,NaN,NaN,0
3198,Cc1c(Oc2c(F)cccc2F)c(OC(C)C)nn1-c1ncc(C2CC2)cc1F,NaN,NaN,0
3199,c1ccc(N2CCN(CCCc3nc4ccccc4s3)CC2)nc1,NaN,NaN,0
3200,COc1cc2c(NC3CCN(C(C)C)CC3)nc(N3CCC(F)(F)CC3)nc2cc1OCCCN1CCCC1,NaN,NaN,0
3201,O=C1N=C(C(F)(F)F)C(C(=O)NCCCN2CCC(c3ccccn3)CC2)[C@@H](c2ccc(F)c(F)c2)N1,NaN,NaN,0
3202,Cc1cnc2c(Br)c(NC3=NCCN3)ccc2n1,NaN,NaN,0
3203,CC1CN=C(Nc2ccc3nccnc3c2Br)N1,NaN,NaN,0
3204,COc1cc(-n2cnc3cc(-c4ccc(Cl)cc4)sc3c2=O)ccc1OCCN1CCCC1,NaN,NaN,0
3205,Cc1cc(OC2CCS(=O)(=O)CC2)cc(C)c1-c1cccc(COc2ccc(CCC(=O)O)c(F)c2)c1,NaN,NaN,0
3206,Nc1nc2c(c(N3CCNCC3)n1)CCC1=C2[C@@H]2CCCC[C@@H]2O1,NaN,NaN,0
3207,O=C(O)c1cc(-c2cccc(COc3ccc4c(c3)CN(C3CCCC3)C4=O)c2)ccc1Cl,NaN,NaN,0
3208,CN([C@@H]1CCc2c(CC(=O)O)c3ccccc3n2C1)S(=O)(=O)c1ccc(F)cc1,NaN,NaN,0
3209,CCCn1c(=O)c2[nH]c(-c3cnn(Cc4cccc(C(F)(F)F)c4)c3)nc2n(CC)c1=O,NaN,NaN,0
3210,O=C(NS(=O)(=O)c1ccc(NCC2CCOCC2)c([N+](=O)[O-])c1)c1ccc(N2CCN(Cc3ccc(C(F)(F)F)cc3-c3ccc(Cl)cc3)CC2)cc1Oc1cnc2[nH]ccc2c1,NaN,NaN,0
3211,CC(=O)N1CCC(c2ccc(C(=O)NC(=N)N)cc2C(F)(F)F)CC1,NaN,NaN,0
3212,COc1cnccc1Nc1nc(-c2nn(Cc3c(F)cc(OCCO)cc3F)c3ccccc23)ncc1OC,NaN,NaN,0
3213,CC(=O)N1CCC(c2ccc(C(=O)NC3=NCCN3)cc2C(F)(F)F)CC1,NaN,NaN,0
3214,CC[C@@H]1O[C@](/C=C/C2CC2)(C(F)(F)F)c2c(ccc(F)c2F)NC1=O,NaN,NaN,0
3215,Cc1c(C)c2c(c(C)c1O)CCC(C)(CN1CCN(c3cc(N4CCCC4)nc(N4CCCC4)n3)CC1)O2,NaN,NaN,0
3216,CC1=NC(COCCN)=C(C(=O)NCCCN2CCC(CN(C)C)(c3ccccc3)CC2)C(c2ccc([N+](=O)[O-])cc2)C1C(N)=O,NaN,NaN,0
3217,COc1cc(N)[nH]c2nc(-c3ccc(F)cc3)c(-c3ccncc3)c1-2,NaN,NaN,0
3218,O=C(O)CO,NaN,NaN,0
3219,c1ccc2sc(SSc3nc4ccccc4s3)nc2c1,NaN,NaN,0
3220,O=C(O)CCCC[C@@H]1CCSS1,NaN,NaN,0
3221,CC[C@H](C)C(=O)O[C@H]1CCC=C2C=C[C@H](C)[C@H](CC[C@@H]3C[C@@H](O)CC(=O)O3)[C@H]21,NaN,NaN,0
3222,C=CCN1CC[C@]23c4c5ccc(O)c4O[C@H]2/C(=N/N=C2\CC[C@@]4(O)[C@H]6Cc7ccc(O)c8c7[C@@]4(CCN6CC=C)[C@H]2O8)CC[C@@]3(O)[C@H]1C5,NaN,NaN,0
3223,CC(N)Cc1c[nH]c2ccc(OCc3cccs3)cc12,NaN,NaN,0
3224,CN(C)C(=O)Oc1cc(OC(=O)N(C)C)cc(C(O)CNC(C)(C)C)c1,NaN,NaN,0
3225,CCCCCCNC(=O)n1cc(F)c(=O)[nH]c1=O,NaN,NaN,0
3226,CC[C@]1(O)CC[C@H]2[C@@H]3CCC4=CCCC[C@@H]4[C@H]3CC[C@@]21C,NaN,NaN,0
3227,CC(C)NC[C@H](O)COc1cccc2ccccc12,NaN,NaN,0
3228,CC(C)NC[C@@H](O)COc1cccc2ccccc12,NaN,NaN,0
3229,C[C@H](C(=O)O)c1ccc2oc(-c3ccc(F)cc3)nc2c1,NaN,NaN,0
3230,Cc1cc(C)nc(NS(=O)(=O)c2ccc(N)cc2)n1,NaN,NaN,0
3231,COC(=O)Nc1nc2cc([S+]([O-])c3ccccc3)ccc2[nH]1,NaN,NaN,0
3232,CCCCCCCCNC(C)C(O)c1ccc(SC(C)C)cc1,NaN,NaN,0
3233,CO[C@H]1[C@@H](O)[C@H](N)[C@@H](O[C@H]2O[C@H]([C@H](C)N)CC[C@H]2N)[C@H](O)[C@@H]1N(C)C(=O)CN,NaN,NaN,0
3234,C/C=C\c1ccc(O)c(OC)c1,NaN,NaN,0
3235,CCCC[C@@H](CC)COC(=O)c1ccccc1C(=O)OC[C@@H](CC)CCCC,NaN,NaN,0
3236,Cc1ccc(S(=O)(=O)NC(=O)NN2CC3CCCC3C2)cc1,NaN,NaN,0
3237,CCN(CC)CCOCCC1=CCC2CC1C2(C)C,NaN,NaN,0
3238,C[S+]([O-])c1ccc(-c2nc(-c3ccc(F)cc3)c(-c3ccncc3)[nH]2)cc1,NaN,NaN,0
3239,CC(C)C(Br)C(=O)NC(N)=O,NaN,NaN,0
3240,CC1=C2C(=CO[C@H](C)[C@H]2C)C(O)=C(C(=O)O)C1=O,NaN,NaN,0
3241,CC(=O)Nc1ccc2c(c1)Cc1ccccc1-2,NaN,NaN,0
3242,O=c1cc(N2CCOCC2)oc2c(-c3ccccc3)cccc12,NaN,NaN,0
3243,CCN[C@@H](C)Cc1cccc(C(F)(F)F)c1,NaN,NaN,0
3244,CC(=O)[C@@]1(O)CC[C@H]2[C@@H]3CCC4=CC(=O)CC[C@]4(C)[C@H]3CC[C@@]21C,NaN,NaN,0
3245,ClC1=C(Cl)[C@]2(Cl)[C@@H]3[C@@H]4C[C@@H]([C@H]5O[C@@H]45)[C@@H]3[C@@]1(Cl)C2(Cl)Cl,NaN,NaN,0
3246,CCCN(CCC)C(=O)C(CCC(=O)O)NC(=O)c1ccccc1,NaN,NaN,0
3247,Cc1ccccc1C(=O)N1CCC(Cc2ccccc2)CC1,NaN,NaN,0
3248,CC1(C)[C@H]2CC[C@]1(C)C(=O)C2,NaN,NaN,0
3249,CC12CCC(CC1=O)C2(C)C,NaN,NaN,0
3250,Cc1nccn1CC1CCc2c(c3ccccc3n2C)C1=O,NaN,NaN,0
3251,Cc1cc2cc3c(C)cc(=O)oc3c(C)c2o1,NaN,NaN,0
3252,c1ccc2c(c1)cc1ccc3cccc4ccc2c1c34,NaN,NaN,0
3253,CC(=O)[C@@]1(O)CC[C@H]2[C@@H]3C[C@H](C)C4=CC(=O)CC[C@]4(C)[C@H]3CC[C@@]21C,NaN,NaN,0
3254,COc1ccccc1C(=O)N1CCC(Cc2ccccc2)CC1,NaN,NaN,0
3255,CC1CCC(NC(=O)N(CCCl)N=O)CC1,NaN,NaN,0
3256,CCN(CC)CCOc1ccc(/C(=C(/Cl)c2ccccc2)c2ccccc2)cc1,NaN,NaN,0
3257,CC(C)=CCC/C(C)=C/CO,NaN,NaN,0
3258,O=C1OC2(c3ccc(O)cc3Oc3cc(O)ccc32)c2ccccc21,NaN,NaN,0
3259,NC(=O)c1cccc(N)c1,NaN,NaN,0
3260,Cc1c(C)c2c(c(C)c1O)CC[C@@](C)(CCC[C@H](C)CCC[C@H](C)CCCC(C)C)O2,NaN,NaN,0
3261,CN1C(=O)CN=C(c2ccccc2)c2cc([N+](=O)[O-])ccc21,NaN,NaN,0
3262,Cc1c(C)c2c(c(C)c1O)CCC(C)(COc1ccc(CC3SC(=O)NC3=O)cc1)O2,NaN,NaN,0
3263,COC(=O)C[C@](O)(CCC(C)(C)O)C(=O)O[C@@H]1C(OC)=C[C@]23CCCN2CCc2cc4c(cc2[C@H]13)OCO4,NaN,NaN,0
3264,COc1ccc(OCCN2CCN(C(=O)c3cc4ccccc4[nH]3)CC2)cc1,NaN,NaN,0
3265,COC(=O)Nc1nc2cc(Sc3ccccc3)ccc2[nH]1,NaN,NaN,0
3266,CC(C)Cc1ccc([C@@H](C)C(=O)O)cc1,NaN,NaN,0
3267,C[C@H]([C@](O)(Cn1cncn1)c1ccc(F)cc1F)S(C)(=O)=O,NaN,NaN,0
3268,N=C(N)NCCCCNC(=N)N,NaN,NaN,0
3269,NNc1ccccc1,NaN,NaN,0
3270,CCCCCCCCCc1ccc(O)cc1,NaN,NaN,0
3271,CC(C)(c1ccc(O)cc1)c1ccc(O)cc1,NaN,NaN,0
3272,C#C[C@]1(OC(C)=O)CC[C@H]2[C@@H]3CCC4=CC(=O)CC[C@@H]4[C@H]3CC[C@@]21C,NaN,NaN,0
3273,C#C[C@]1(O)CC[C@H]2[C@@H]3CCc4cc(OC)ccc4[C@H]3CC[C@@]21C,NaN,NaN,0
3274,C[n+]1ccc(-c2cc[n+](C)cc2)cc1,NaN,NaN,0
3275,CN1C(=O)OC(C)(C)C1=O,NaN,NaN,0
3276,C[C@@H](N)[C@H]1CC[C@H](C(=O)Nc2ccncc2)CC1,NaN,NaN,0
3277,S=C=Nc1cccc2ccccc12,NaN,NaN,0
3278,Nn1nnc2ccccc21,NaN,NaN,0
3279,Oc1c(Cl)cc(Cl)cc1Sc1cc(Cl)cc(Cl)c1O,NaN,NaN,0
3280,Cc1cc(C(C#N)c2ccc(Cl)cc2)c(Cl)cc1NC(=O)c1cc(I)cc(I)c1O,NaN,NaN,0
3281,CCOC(N)=O,NaN,NaN,0
3282,Cc1[nH]cnc1CN1CCc2c(c3ccccc3n2C)C1=O,NaN,NaN,0
3283,C=C(C)[C@H]1Cc2c(ccc3c2O[C@@H]2COc4cc(OC)c(OC)cc4[C@@H]2C3=O)O1,NaN,NaN,0
3284,CC(O)C(=O)O,NaN,NaN,0
3285,O=C(O)c1cccnc1Nc1cccc(C(F)(F)F)c1,NaN,NaN,0
3286,CC(C)NC[C@H](O)COc1cccc2[nH]ccc12,NaN,NaN,0
3287,O=C/C=C/c1ccccc1,NaN,NaN,0
3288,c1ccc(Cn2ccnc2)cc1,NaN,NaN,0
3289,CC[C@@H](CO)NC(=O)[C@@H]1C=C2c3cccc4c3c(cn4C)C[C@H]2N(C)C1,NaN,NaN,0
3290,COc1cc(/C=C/C(=O)O)ccc1O,NaN,NaN,0
3291,C=C1C(=O)O[C@@H]2C3O[C@]3(C)CC/C=C(\C)CC[C@@H]12,NaN,NaN,0
3292,Cc1ccc(NC(=O)c2ccc(CN3CCN(C)CC3)cc2)cc1Nc1nccc(-c2cccnc2)n1,NaN,NaN,0
3293,O=C(Nc1ccc(Br)cc1)c1cc(Br)cc(Br)c1O,NaN,NaN,0
3294,COC(=O)Nc1nc2cc(C(=O)c3cccs3)ccc2[nH]1,NaN,NaN,0
3295,CCCCN1CCCC[C@H]1C(=O)Nc1c(C)cccc1C,NaN,NaN,0
3296,NC(CO)(CO)CO,NaN,NaN,0
3297,O=C(c1ccccc1F)N1CCC(Cc2ccccc2)CC1,NaN,NaN,0
3299,CSc1ccc(/C=C2/C(C)=C(CC(=O)O)c3cc(F)ccc32)cc1,NaN,NaN,0
3300,C[C@](O)(CS(=O)(=O)c1ccc(F)cc1)C(=O)Nc1ccc(C#N)c(C(F)(F)F)c1,NaN,NaN,0
3301,O=C(c1ccccc1C(F)(F)F)N1CCC(Cc2ccccc2)CC1,NaN,NaN,0
3302,Oc1ccc(/C=C/c2cc(O)cc(O)c2)cc1,NaN,NaN,0
3303,Nc1nc(N)nc(NC2CC2)n1,NaN,NaN,0
3304,Cc1c(N(C)CS(=O)(=O)[O-])c(=O)n(-c2ccccc2)n1C,NaN,NaN,0
3305,NC(=O)N1C(=O)/C(=C(\O)c2cccs2)c2cc(Cl)ccc21,NaN,NaN,0
3307,COS(C)(=O)=O,NaN,NaN,0
3308,C=C1CC[C@H](O)C/C1=C/C=C1\CCC[C@]2(C)[C@@H]([C@H](C)/C=C/[C@H](C)C(C)C)CC[C@@H]12,NaN,NaN,0
3309,C[C@]12CCC(=O)C=C1CC[C@@H]1[C@@H]2C(=O)C[C@@]2(C)[C@H]1CC[C@]2(O)C(=O)CO,NaN,NaN,0
3310,CC1=C(CC(=O)O)c2cc(F)ccc2/C1=C\c1ccc(S(C)(=O)=O)cc1,NaN,NaN,0
3311,[N-]=[N+]=CC(=O)OC[C@H](N)C(=O)O,NaN,NaN,0
3312,C[C@H]1C[C@H]2[C@@H]3CCC4=CC(=O)C=C[C@]4(C)[C@@]3(Cl)[C@@H](O)C[C@]2(C)[C@@]1(O)C(=O)CO,NaN,NaN,0
3313,CCCCCCCCCCCCCCCC[n+]1ccccc1,NaN,NaN,0
3314,C[C@]12CC[C@H]3[C@@H](CCC4=CC(=O)CC[C@@H]43)[C@@H]1CC[C@@H]2O,NaN,NaN,0
3315,NC1=NC(=O)C(c2ccccc2)O1,NaN,NaN,0
3316,CCCCCCCCc1ccc(O)cc1,NaN,NaN,0
3317,CN(C(=O)Cc1ccc(Cl)c(Cl)c1)C1CCC2(CCCO2)CC1N1CCCC1,NaN,NaN,0
3318,COc1ccc(/C=C/C(=O)Nc2ccccc2C(=O)O)cc1OC,NaN,NaN,0
3319,COP(=O)(OC)OC=C(Cl)Cl,NaN,NaN,0
3320,CC[N+]1(CCOC(=O)C(O)(c2ccccc2)c2ccccc2)CCCCC1,NaN,NaN,0
3321,COc1cc2c(c3oc(=O)c4c(c13)CCC4=O)[C@@H]1C=CO[C@@H]1O2,NaN,NaN,0
3322,O=c1cc(-c2ccccc2)oc2ccc3ccccc3c12,NaN,NaN,0
3323,Nc1ccc(S(=O)(=O)NC(=O)c2ccccc2)cc1,NaN,NaN,0
3324,CCCCOc1cc(CC2CNC(=O)N2)ccc1OC,NaN,NaN,0
3325,CC[C@H](C)[C@@H](CO[C@@H](Cc1ccccc1)C(=O)N[C@@H](CCS(C)(=O)=O)C(=O)OC(C)C)NC[C@@H](N)CS,NaN,NaN,0
3326,COc1ccc2cc(CC(=O)O)ccc2c1,NaN,NaN,0
3327,C=C(C)[C@@H]1[C@H]2OC(=O)[C@@H]1[C@]1(O)C[C@H]3O[C@]34C(=O)O[C@H]2[C@]14C,NaN,NaN,0
3328,O=C1OCCN1/N=C/c1ccc([N+](=O)[O-])o1,NaN,NaN,0
3329,Cc1ccc2cc3c(ccc4ccccc43)c3c2c1CC3,NaN,NaN,0
3330,Brc1ccccc1,NaN,NaN,0
3331,C[C@]12CC[C@@H](O)C[C@@H]1CC[C@@H]1[C@@H]2CC[C@]2(C)C(=O)CC[C@@H]12,NaN,NaN,0
3332,CC1CN(c2cc3c(cc2F)c(=O)c(C(=O)O)cn3-c2ccc(F)cc2F)CCN1,NaN,NaN,0
3333,CC(=O)Nc1cccc(O)c1,NaN,NaN,0
3334,O=C1C[C@@H]2OCC=C3CN4CC[C@]56c7ccccc7N1[C@H]5[C@H]2[C@H]3C[C@H]46,NaN,NaN,0
3335,CN1C[C@@H]2C[C@H]1CN2c1cc2c(cc1F)c(=O)c(C(=O)O)cn2C1CC1,NaN,NaN,0
3336,CN(CCOc1ccc(C[C@H](Nc2ccccc2C(=O)c2ccccc2)C(=O)O)cc1)c1ccccn1,NaN,NaN,0
3337,Cc1ccc(/N=C/N(C)/C=N/c2ccc(C)cc2C)c(C)c1,NaN,NaN,0
3338,O=C(c1ccccc1Cl)N1CCC(Cc2ccccc2)CC1,NaN,NaN,0
3339,CCn1cc(C(=O)O)c(=O)c2cnc(N3CCCC3)nc21,NaN,NaN,0
3340,CCCOc1ccccc1-c1nc2[nH]nnc2c(=O)[nH]1,NaN,NaN,0
3341,C=CCc1ccc(O)c(OC)c1,NaN,NaN,0
3342,N[C@H](CSC(=S)NCc1ccccc1)C(=O)O,NaN,NaN,0
3343,COc1ccc(C[C@H](N)C(=O)N[C@H]2[C@@H](O)[C@H](n3cnc4c(N(C)C)ncnc43)O[C@@H]2CO)cc1,NaN,NaN,0
3344,O=c1[nH]c2ccccc2c2ccccc12,NaN,NaN,0
3345,CC(C)(C)CC(C)(C)c1ccc(OCCOCC[N+](C)(C)Cc2ccccc2)cc1,NaN,NaN,0
3346,C1CCN2C[C@@H]3C[C@@H](CN4CCCC[C@@H]34)[C@H]2C1,NaN,NaN,0
3347,CC(C)(CO)C(O)C(=O)NCCCO,NaN,NaN,0
3348,CCN1CCN(c2cc3c(cc2F)c(=O)c(C(=O)O)cn3C2CC2)CC1,NaN,NaN,0
3349,CC(C)NCC(O)c1ccccc1Cl,NaN,NaN,0
3350,O=C(/C=C/c1ccc(O)c(O)c1)OCCc1ccccc1,NaN,NaN,0
3351,Cc1cccc(Nc2cc(Cl)nc(SCC(=O)O)n2)c1C,NaN,NaN,0
3352,Nc1nc(N)c2nc(CNc3ccc(C(=O)N[C@@H](CCC(=O)O)C(=O)O)cc3)cnc2n1,NaN,NaN,0
3353,c1ccc2c(c1)c1cccc3ccc4cccc2c4c31,NaN,NaN,0
3354,O=c1c(-c2ccc(O)cc2)coc2cc(O)cc(O)c12,NaN,NaN,0
3355,O=C1CC[C@@H](N2C(=O)c3ccccc3C2=O)C(=O)N1,NaN,NaN,0
3356,O=C1CC[C@H](N2C(=O)c3ccccc3C2=O)C(=O)N1,NaN,NaN,0
3357,CN(C(=O)CCCOc1ccc2[nH]c(=O)ccc2c1)C1CCCCC1,NaN,NaN,0
3358,CCCCCC[C@H]1C(=O)O[C@H](C)[C@H](NC(=O)c2cccc(NC=O)c2O)C(=O)O[C@@H](C)[C@@H]1OC(=O)CC(C)C,NaN,NaN,0
3359,CN[C@@H]1[C@H](O)[C@H](NC)[C@H]2O[C@@]3(O)C(=O)C[C@@H](C)O[C@H]3O[C@@H]2[C@H]1O,NaN,NaN,0
3360,CCC(C)C(C(=O)OCC[N+](C)(CC)CC)c1ccccc1,NaN,NaN,0
3361,CC(=O)OCC(COC(C)=O)OC(C)=O,NaN,NaN,0
3362,CN[C@@H]1[C@@H](O)[C@@H](O[C@@H]2[C@@H](O)[C@H](O[C@H]3OC(CN)=CC[C@H]3N)[C@@H](N)C[C@H]2N)OC[C@]1(C)O,NaN,NaN,0
3363,C[C@]12CC[C@@H]3c4ccc(OC(=O)c5ccccc5)cc4CC[C@H]3[C@@H]1CC[C@@H]2O,NaN,NaN,0
3364,O=c1ncn2nc(Sc3ccc(F)cc3F)ccc2c1-c1c(Cl)cccc1Cl,NaN,NaN,0
3365,O=c1cc(-c2ccccc2)oc2c1ccc1ccccc12,NaN,NaN,0
3366,CC(C)(C)c1ccc(S(=O)(=O)/C=C/C#N)cc1,NaN,NaN,0
3367,CCC1(CCC(C)C)C(=O)NC(=O)NC1=O,NaN,NaN,0
3368,COc1ccccc1N,NaN,NaN,0
3369,CNC(=C[N+](=O)[O-])NCCSCc1ccc(CN(C)C)o1,NaN,NaN,0
3370,CC(=O)[C@H]1[C@H](C#N)C[C@H]2[C@@H]3CC=C4C[C@@H](O)CC[C@]4(C)[C@H]3CC[C@@]21C,NaN,NaN,0
3371,CC[C@@]1(O)C(=O)OCc2c1cc1n(c2=O)Cc2cc3ccccc3nc2-1,NaN,NaN,0
3372,N#CC(C#N)=Cc1ccc(O)c(O)c1,NaN,NaN,0
3373,CC(C)(C)NCC(O)COc1cccc2c1CC(O)C(O)C2,NaN,NaN,0
3374,CCCCC1C(=O)N(c2ccccc2)N(c2ccccc2)C1=O,NaN,NaN,0
3375,O=C(O)CCCc1cccs1,NaN,NaN,0
3376,CCN(CC)N=O,NaN,NaN,0
3377,CC12CCC(CC1)C(C)(C)O2,NaN,NaN,0
3378,CCc1oc2ccccc2c1C(=O)c1cc(Br)c(O)c(Br)c1,NaN,NaN,0
3379,c1ccc2c(c1)Nc1ccccc1S2,NaN,NaN,0
3380,Oc1cccc(O)c1O,NaN,NaN,0
3381,C#CC1(O)CC[C@H]2[C@@H]3CCC4=CC(=O)CC[C@@H]4[C@H]3CC[C@@]21CC,NaN,NaN,0
3382,O=c1cnn([C@@H]2O[C@H](CO)[C@@H](O)[C@H]2O)c(=O)[nH]1,NaN,NaN,0
3383,CC1CC(OC(=O)C(O)c2ccccc2)CC(C)(C)C1,NaN,NaN,0
3384,N[C@@H](Cn1ccc(=O)c(O)c1)C(=O)O,NaN,NaN,0
3385,O=C(O)c1cn(-c2ccc(F)cc2)c2cc(N3CCNCC3)c(F)cc2c1=O,NaN,NaN,0
3386,O=C(O)CNCP(=O)(O)O,NaN,NaN,0
3387,CC(C)(Oc1ccc(C2CCCc3ccccc32)cc1)C(=O)O,NaN,NaN,0
3388,O=[N+]([O-])c1cc([As](=O)(O)O)ccc1O,NaN,NaN,0
3389,COc1c(N2CCNC(C)C2)c(F)cc2c(=O)c(C(=O)O)cn(C3CC3)c12,NaN,NaN,0
3390,N#C[C@H](O[C@@H]1O[C@H](CO[C@@H]2O[C@H](CO)[C@@H](O)[C@H](O)[C@H]2O)[C@@H](O)[C@H](O)[C@H]1O)c1ccccc1,NaN,NaN,0
3391,N[C@@H](Cc1ccc(F)cc1)C(=O)O,NaN,NaN,0
3393,O=C(N/N=C/c1ccc([N+](=O)[O-])o1)c1cc([N+](=O)[O-])cc([N+](=O)[O-])c1O,NaN,NaN,0
3394,COc1ccc2cc3[n+](cc2c1OC)CCc1cc2c(cc1-3)OCO2,NaN,NaN,0
3395,Oc1ccccc1O,NaN,NaN,0
3396,C=C(C)C1(O)OC(=O)C=C1OC,NaN,NaN,0
3397,COc1ccc(C[C@H]2NC[C@H](O)[C@H]2OC(C)=O)cc1,NaN,NaN,0
3398,CC1(C)O[C@@H]2C[C@H]3[C@@H]4CCC5=CC(=O)C=C[C@]5(C)[C@@]4(F)[C@@H](O)C[C@]3(C)[C@]2(C(=O)CO)O1,NaN,NaN,0
3399,O=C(O)C(Cl)(Cl)Cl,NaN,NaN,0
3400,C[C@@H]1C[C@@H]([C@H](O)CC2CC(=O)NC(=O)C2)C(=O)[C@@H](C)C1,NaN,NaN,0
3401,CC1(COc2ccc(CC3SC(=O)NC3=O)cc2)CCCCC1,NaN,NaN,0
3402,C=CCc1ccc2c(c1)OCO2,NaN,NaN,0
3403,O=S(=O)([O-])CCS,NaN,NaN,0
3404,C/C=C1\[C@H]2C=C(C)C[C@]1(N)c1ccc(=O)[nH]c1C2,NaN,NaN,0
3405,O=c1ccc2ccccc2o1,NaN,NaN,0
3406,C=CCn1c(CCNC(=O)c2cccs2)nnc1SCC(=O)c1ccc(Cl)cc1,NaN,0,NaN
3407,O=C(CSc1nc(-c2cccs2)cc(C(F)(F)F)n1)NCCCn1ccnc1,NaN,0,NaN
3408,COC(=O)[C@@H](NS(=O)(=O)N[C@H](C(=O)OC)C(C)C)C(C)C,NaN,0,NaN
3409,NS(=O)(=O)c1ccc(CCNC(=O)CSc2ccc(Cl)cc2)cc1,NaN,0,NaN
3410,O=C(Nc1ccc(CCCn2cnnn2)cc1)C(F)(F)C(F)(F)C(F)(F)F,NaN,0,NaN
3411,CNC(=O)[C@@H](NC(=O)[C@H](CC(C)C)[C@@H](C(=O)NO)C1CCC(C)CC1)C(C)(C)C,NaN,0,NaN
3412,COc1ccc(/[NH+]=C2C(=[NH+]\c3ccc(OC)cc3)/N(c3ccc(OC)cc3)C(=S)N/2c2ccccc2)cc1,NaN,0,NaN
3413,O=C(CCS(=O)(=O)c1ccc(Br)cc1)NCCc1ccc(Cl)cc1,NaN,0,NaN
3414,CCCCCCCCNC(=S)N1CCc2c(Cl)c(O)c(O)c(Cl)c2C1,NaN,0,NaN
3415,O=C(NCCc1ccc(Cl)cc1)c1ccc(CS(=O)(=O)Cc2ccc(Cl)cc2)o1,NaN,0,NaN
3416,O=C(NCCc1ccc(Cl)cc1)c1ccc(CS(=O)(=O)c2ccc(Cl)cc2)o1,NaN,0,NaN
3417,CC(C)c1ccc(Sc2ccc(C(=O)C(Cl)Cl)cc2[N+](=O)[O-])cc1,NaN,0,NaN
3418,O=C(/C=C/c1ccccc1O)c1cccc(NS(=O)(=O)c2cccc(O)c2)c1,NaN,0,NaN
3419,CC(=O)NCn1cc(-c2ccc(-c3ccc(/C=C/[N+](=O)[O-])cc3)cc2)c(=O)o1,NaN,0,NaN
3420,O=C(CCn1c(=O)c2cccn2c2cccnc21)Nc1ccccc1C(F)(F)F,NaN,0,NaN
3421,CC(C)S(=O)(=O)c1c(Cl)ccc(NC(=O)NC2CCCC23CC3)c1O,NaN,0,NaN
3422,NS(=O)(=O)c1ccccc1NC(=O)N(c1ccccc1)c1ccc(F)cc1,NaN,0,NaN
3423,O=C(Cc1ccc(Br)cc1)N/N=C/C=C/c1ccccc1[N+](=O)[O-],NaN,0,NaN
3424,O=C(/C=C/c1ccc(O)cc1)c1ccc(NS(=O)(=O)c2ccc(O)cc2)cc1,NaN,0,NaN
3425,O=C(CCS(=O)(=O)c1ccc(F)cc1)Nc1nc(-c2ccncc2)cs1,NaN,0,NaN
3426,O=C(/C=C/c1ccccc1O)c1ccccc1NS(=O)(=O)c1ccc(O)cc1,NaN,0,NaN
3427,NS(=O)(=O)c1ccc(C(Nc2nccs2)C(=O)c2ccc(F)cc2)cc1,NaN,0,NaN
3428,Cc1cccc(C(=O)NNCc2ccc(Cl)nc2)c1NC(=O)CC(C)(C)C,NaN,0,NaN
3429,O=C(NCCn1ccnc1)c1cn(-c2ccccc2)nc1-c1ccc(Cl)cc1,NaN,0,NaN
3430,O=C(CN(c1ccccn1)S(=O)(=O)c1ccc(F)cc1)Nc1ccccc1,NaN,0,NaN
3431,C/C=C(/C)C(=O)OC(CC=C(C)C)/C(C)=C1\C[C@@H](O)C(C)=C(OC(C)=O)C1=O,NaN,0,NaN
3432,CCc1ccc(NC(=O)CC2C(=O)N(c3ccccc3)C(=O)N2C(C)C)cc1,NaN,0,NaN
3433,O=C(CCS(=O)(=O)c1ccc(Cl)cc1)Nc1nc(-c2cccnc2)cs1,NaN,0,NaN
3434,O=C1/C(=C/c2ccc([N+](=O)[O-])cc2)CC(O)C/C1=C\c1ccc([N+](=O)[O-])cc1,NaN,0,NaN
3435,O=C(NCc1ccccc1C(F)(F)F)C1CC(O)CN1C(=O)Nc1ccccc1,NaN,0,NaN
3436,O=[N+]([O-])c1ccc(Cl)cc1P(=O)(O)c1cc(Cl)ccc1[N+](=O)[O-],NaN,0,NaN
3437,CC(=O)Nc1ccc(NC(=O)C(NC(=O)c2ccc(Cl)cc2)C(C)C)cc1,NaN,0,NaN
3438,O=C1C(Cc2ccc(O)cc2)C(=O)N(Cc2ccccc2)C(=O)N1Cc1ccccc1,NaN,0,NaN
3439,O=C(NC1CCCC1)C(c1ccccc1)N(C(=O)c1csnn1)C1CCCC1,NaN,0,NaN
3440,O=C(CBr)Nc1cccc(C(=O)NC(=O)Nc2ccccc2)c1,NaN,0,NaN
3441,CC(=O)NN1C(=O)/C(=C/c2ccc(-c3ccc([N+](=O)[O-])cc3)o2)SC1=S,NaN,0,NaN
3442,O=C1C(N[C@H](Cc2ccccc2)C(=O)Nc2ccccc2)=C/C(=N/O)c2ccccc21,NaN,0,NaN
3443,O=C(/C=C/c1ccc(NS(=O)(=O)c2ccc(-c3cccs3)s2)cc1)NO,NaN,0,NaN
3444,CC(C)(C)NC(=O)c1ccc(S(=O)(=O)Oc2ccc(/C=C/[N+](=O)[O-])cc2)cc1,NaN,0,NaN
3445,O=C1NC(=O)C(c2ccc([N+](=O)[O-])cc2)=C1Nc1cc(Cl)c(O)c(Cl)c1,NaN,0,NaN
3446,O=C(CN(CC1CCCO1)C(=O)c1nsc(Cl)c1Cl)NC1CCCC1,NaN,0,NaN
3447,O=C(/C=C/c1cccc(S(=O)(=O)Nc2ccc(Cl)cc2)c1)NO,NaN,0,NaN
3448,CC1=CCCCC1NC(=O)Nc1ccc(Cl)c(S(=O)(=O)C(C)C)c1O,NaN,0,NaN
3449,Cc1[nH]c2cccnc2c1CC(=O)NCC(=O)Nc1onc(-c2ccccc2)c1C,NaN,0,NaN
3450,N#Cc1ccc(Nc2c(Nc3ccccc3Br)c(=O)c2=O)c(O)c1,NaN,0,NaN
3451,O=C1C(NS(=O)(=O)c2ccccc2)=C(c2ccco2)C(=O)c2ccccc21,NaN,0,NaN
3452,CCC(=O)Nc1ccc(S(=O)(=O)Nc2c(NC)c3ccccc3oc2=O)cc1,NaN,0,NaN
3453,O=C(CN(c1ccccc1)S(=O)(=O)c1ccc(Cl)cc1)Nc1cccnc1,NaN,0,NaN
3454,O=C(CCC(=O)Nc1ccc(Br)cc1)N/N=C/c1ccc(O)cc1,NaN,0,NaN
3455,O=C(Nc1ccc(Br)cc1)N[C@@H](CC1CC1)C(=O)Nc1cccnc1,NaN,0,NaN
3456,O=C(Nc1cccc(CO)c1)c1ccc(NS(=O)(=O)c2ccc(F)cc2)cc1,NaN,0,NaN
3457,CC(OC(=O)CC1Sc2ccccc2NC1=O)C(=O)N(C)Cc1ccccc1,NaN,0,NaN
3458,O=C(CSc1nncnc1-c1ccccc1Cl)Nc1ccccc1[N+](=O)[O-],NaN,0,NaN
3459,O=C(COc1ccc(C(=O)c2ccccc2Br)cc1)Nc1cncnc1,NaN,0,NaN
3460,CCN(CC)C(=O)c1ccc(NC(=O)CNc2ccc(F)cc2Cl)cc1,NaN,0,NaN
3461,O=c1[nH]nc(Sc2ncc([N+](=O)[O-])s2)n1-c1ccccc1C(F)(F)F,NaN,0,NaN
3462,N#Cc1ccc(S(=O)(=O)N2CC3=C(NC(N)=[NH+]C3c3ccc(F)cc3)/C(=C/c3ccc(F)cc3)C2)cc1,NaN,0,NaN
3463,O=S(=O)(CS(=O)(=O)C(F)(F)F)c1ccc(O)cc1,NaN,0,NaN
3464,NS(=O)(=O)c1ccc(CCNC(=[Se])Nc2ccc(I)cc2)cc1,NaN,0,NaN
3465,c1ccc(B2OCC(C3OB(c4ccccc4)OC4COB(c5ccccc5)OC43)O2)cc1,NaN,0,NaN
3466,O=C([O-])CNC(=O)[C@H]1[NH2+]C(C(F)(F)F)(C(F)(F)F)OC1(C(F)(F)F)C(F)(F)F,NaN,0,NaN
3467,C=CCNC(=O)CC12CC3CC(C1)CC(CC(=O)NCC=C)(C3)C2,NaN,0,NaN
3468,CCS(=O)(=O)NC[C@H]1CC[C@H](Nc2nc(C3(F)CCCC3)no2)CC1,NaN,0,NaN
3469,O=[N+]([O-])c1ccc(/C=N/NS(=O)(=O)c2ccc(Cl)cc2)cc1,NaN,0,NaN
3470,CC(=O)c1c(C)[nH]c(C(=O)Nc2cc(S(=O)(=O)N(C)C)ccc2C)c1C,NaN,0,NaN
3471,CC1(C)OC(c2ccc(S(N)(=O)=O)cc2)=C(c2ccc(F)c(F)c2)C1=O,NaN,0,NaN
3472,Nc1ncc(-c2cc(N3C[C@@H]4C[C@H]3CO4)nc(C3(C(F)(F)F)CC3)n2)cc1OC(F)F,NaN,0,NaN
3473,COc1ccc(S(=O)(=O)NNc2nc(C)cc(C)n2)cc1Br,NaN,0,NaN
3474,N#Cc1cc2cc(Br)c(O)c(Br)c2oc1=O,NaN,0,NaN
3475,C/C=C(/C)C(=O)OCc1c(C(C)=O)c(O)c(OC)c2c1[C@@H](C)[C@@H]1O[C@@H]1[C@H]2O,NaN,0,NaN
3476,CN(C)C(=O)c1ccc(Oc2ccc(OC(F)(F)F)cc2)c(C[NH+](C)C)c1,NaN,0,NaN
3477,NC(=[NH+]OC(=O)CCCC(=O)[O-])c1ncc(C(F)(F)F)cc1Cl,NaN,0,NaN
3478,CS(=O)(=O)c1cnc(NS(=O)(=O)Cc2cc(Cl)cc(Cl)c2)c(O)c1,NaN,0,NaN
3479,NS(=O)(=O)c1ccc(Sc2ccc(Cl)cc2)s1,NaN,0,NaN
3480,CN(C)c1ccc(/C=N/NC(=O)C(O)c2ccc(Br)cc2)cc1,NaN,0,NaN
3481,CCOC(=O)C(CS)NC(=O)C1(C)CCc2c(C)c(O)c(C)c(C)c2O1,NaN,0,NaN
3482,CC1(C)OC2OC3COP(=O)(N(CCCl)CCCl)OC3C2O1,NaN,0,NaN
3483,CC(C)N(c1ccc(S(=O)(=O)c2ccc3c(c2)OCCO3)cc1)S(C)(=O)=O,NaN,0,NaN
3484,Nc1nc(=O)n(C2C[C@@H](F)[C@@H](CO)O2)cc1Cl,NaN,0,NaN
3485,CCCCC/C=C\C/C=C\C/C=C\C=C\C(O)CCCC(=O)N1CCOCC1,NaN,0,NaN
3486,COC(=O)C[C@H]1CC[C@H](C)[C@@H](/C(C)=C/C=C/[C@@H](C)C[C@@]2(C)O[C@@H]2[C@H](C)[C@@H](OC)[C@@H](C)O)O1,NaN,0,NaN
3487,CCCCCCCCCC(=O)[C@@]12O[C@@]13C1=COC(C[C@H](C)O)=CC1=CC(=O)[C@]3(C)OC2=O,NaN,0,NaN
3488,CCCCC(C)CC(C)C(=O)N(C)[C@@H](CC(C)C)C(=O)N[C@@H]1C(=O)N(C)[C@@H](C(C)C)C(=O)O[C@@H]1C,NaN,0,NaN
3489,CCCCCCCCCCCCC/C=C1\CC(CO)(COC(C)=O)OS1(=O)=O,NaN,0,NaN
3490,CC(C)(C)OC(=O)NC1CCCC1=O,NaN,0,NaN
3491,C(CCCCc1nnc(N2CCCCC2)o1)CCCc1nnc(N2CCCCC2)o1,NaN,0,NaN
3492,O=C1[C@@H]2[C@H](C(=O)N1CCCCCCCCCCCCN1C(=O)[C@@H]3[C@H](C1=O)[C@@H]1CC[C@H]3O1)[C@@H]1CC[C@H]2O1,NaN,0,NaN
3493,CCCCCC(=O)N[C@H](C(=O)N[C@@H](CC(C)C)B1O[C@@H]2C[C@@H]3C[C@@H](C3(C)C)[C@]2(C)O1)[C@@H](C)O,NaN,0,NaN
3494,CCCCCCCCCC[S+]([O-])C[C@H](CO)NC(=O)/C=C/c1c(C)nc(O)nc1O,NaN,0,NaN
3495,IC(I)=C(I)Cn1ccnn1,NaN,0,NaN
3496,C=C(C=O)[C@H]1C[C@H](O)[C@@](C)(O)[C@H]1C(=O)OC,NaN,0,NaN
3497,O=C(NCCCCCCCCCCNC(=O)NC1CC2C=CC1C2)NC1CC2C=CC1C2,NaN,0,NaN
3498,CCCCCCCCOCCCCOC[C@H]1O[C@@H]2OC(C)(C)O[C@@H]2[C@H]2OCO[C@H]21,NaN,0,NaN
3499,N#CCCC1(CCC#N)CCCCCCCCC(CCC#N)(CCC#N)C(=O)C1=O,NaN,0,NaN
3500,C=C(C)[C@@H]1[C@H]2OC(=O)[C@@H]1[C@]1(O)[C@H]3O[C@H]3[C@]3(CO3)[C@]1(C)[C@@H]2OC(=O)CCCCCCCCCCC,NaN,0,NaN
3501,O=C1NC[C@H](CCCCN2CCN(CCC3CCCCC3)C(=O)C2=O)N(CCC2CCCCC2)C1=O,NaN,0,NaN
3502,CCNC(=O)C(=O)[C@H](CC(C)C)NC(=O)[C@@H](NC(=O)CCCCC1CCSS1)C(C)C,NaN,0,NaN
3503,O=C(CC1CCCC1)Nc1nnc(CCCCc2nnc(NC(=O)CC3CCCC3)s2)s1,NaN,0,NaN
3504,O=C(NCCCCCCCCNC(=O)NC1CC2CCC1C2)NC1CC2CCC1C2,NaN,0,NaN
3505,CC1(C)CC(OC(=O)CCCCCCCCC(=O)OC2CC(C)(C)[NH2+]C(C)(C)C2)CC(C)(C)[NH2+]1,NaN,0,NaN
3506,CC(C)C[C@H](NC(=O)CC1CCCCC1)[C@@H](O)[C@H](O)[C@H](CC(C)C)NC(=O)CC1CCCCC1,NaN,0,NaN
3507,CCOC(=O)[C@]12CCC=C1N(CCC1=CCCCC1)C(=O)[C@H](CC(=O)NCCCN1CCCC1=O)C2,NaN,0,NaN
3508,C=CCN(CC=C)c1nc2n(CCCCC)cc(C(=O)NC34CC5CC(CC(C5)C3)C4)c(=O)n2n1,NaN,0,NaN
3509,CC(C)CCCCC(=O)NC(C(=O)NC(CC(C)C)C(=O)[C@@]1(C)CO1)[C@@H](C)O,NaN,0,NaN
3510,Cc1nnc([C@H](OC/C=C/Br)[C@H](O)[C@@H](O)[C@@H](OC/C=C/Br)c2nnc(C)o2)o1,NaN,0,NaN
3511,C=C1CN(S(=O)(=O)c2ccc(OC)cc2)CCC[NH2+]CCCN(S(=O)(=O)c2ccc(OC)cc2)C1,NaN,0,NaN
3512,CCOC(=O)CSC(CC)C(=O)Nc1nnc(CC)s1,NaN,0,NaN
3513,O=C(N[C@H]1C2CC3CC1C[C@](O)(C3)C2)c1cnc(NC2CCS(=O)(=O)CC2)nc1C1CCCC1,NaN,0,NaN
3514,NS(=O)(=O)c1c(F)c(F)c(S(=O)(=O)CCO)c(NC2CCCCCCC2)c1F,NaN,0,NaN
3515,C=C1C[C@@]23CCC4[C@](C)(CO[C@@H]5O[C@@H](CO)[C@H](O)[C@@H](O)[C@@H]5O)CCC[C@@]4(C)C2CC[C@@H]1C3,NaN,0,NaN
3516,C[C@H]1[C@H](O[C@H]2O[C@@H](C)[C@H](O)[C@@H](O)[C@H]2O)O[C@@H]2O[C@@]3(C)CC[C@H]4[C@H](C)CC[C@@H]1[C@@]24OO3,NaN,0,NaN
3517,COC(=O)c1cc(NS(=O)(=O)c2coc(C(N)=O)c2)cc(C(=O)OC)c1,NaN,0,NaN
3518,CN(C(=O)COC(=O)CNC(=O)C12CC3CC(CC(C3)C1)C2)C1CCS(=O)(=O)C1,NaN,0,NaN
3519,OCCSCc1ncnc2c1ncn2[C@@H]1O[C@H](CO)[C@@H](O)[C@H]1O,NaN,0,NaN
3520,COc1ccc(NC(S)=[NH+]N(C)C(S)=[NH+]c2ccc(OC)cc2)cc1,NaN,0,NaN
3521,C[C@H](CC[C@H]1[C@H](C)C[C@H](O)CC1(C)C)O[C@@H]1O[C@H](CO)[C@@H](O)[C@H](O)[C@H]1O,NaN,0,NaN
3522,CC(O)C(=O)O[C@@H]1C2CCC3[C@@](C)(O)C4CC(O)C(C)(C)C4(O)C(O)C[C@]31C[C@@]2(C)O,NaN,0,NaN
3523,C=CCSc1ncnc2c1c(I)cn2[C@@H]1O[C@H](C)[C@@H](O)[C@H]1O,NaN,0,NaN
3524,N#Cc1ccc(C(=O)Nc2cc(C(=O)[O-])cc(-c3ccc(C4CC[NH2+]CC4)cc3)c2)cc1,NaN,0,NaN
3525,Cc1cc(C)cc(NC2=C(Cl)C(=O)N(c3ccc(S(N)(=O)=O)cc3)C2=O)c1,NaN,0,NaN
3526,O=C(NC1CCCCCC1)C1CCN(S(=O)(=O)N2CCC3(CC2)OCCO3)CC1,NaN,0,NaN
3527,CC(C)CN(C(=O)COC(=O)C12CC3CC(CC(O)(C3)C1)C2)C1CCS(=O)(=O)C1,NaN,0,NaN
3528,CC[C@H](C)C(=O)O[C@H]1C[C@@H](C)C[C@@H]2C=C[C@H](C)[C@H](CC[C@@H]3C[C@@H](O)CC(=O)O3)C12,NaN,0,NaN
3529,CC[C@H](C)C(=O)O[C@H]1C[C@H](C)C=C2C=C[C@H](C)[C@H](CC[C@@H]3C[C@@H](O)CC(=O)O3)[C@H]21,NaN,0,NaN
3530,C=C1C=C2C=C[C@H](C)[C@H](CC[C@@H]3C[C@@H](O)CC(=O)O3)[C@H]2[C@@H](OC(=O)[C@@H](C)CC)C1,NaN,0,NaN
3531,COc1c(OC)c2c(c(CC[NH+](C)C)c1SC)SSSSS2,NaN,0,NaN
3532,Nc1sccc1C(=O)c1ccc(Cl)cc1,NaN,0,NaN
3533,C=C1CCCC2C1(C)CCC(C)C2(C)C/C(OC(C)=O)=C(\CCOC(C)=O)COC(C)=O,NaN,0,NaN
3534,C=C1/C(=C\C=C2/CCC[C@]3(C)[C@@H]([C@H](C)CCCC(C)(C)O)CC[C@@H]23)C[C@@H](O)[C@H](CCCO)[C@@H]1O,NaN,0,NaN
3535,C=C(C=O)[C@]1(O)C[C@@]2(C)C(=CC1=O)C=C[C@H](OC(=O)/C=C/C=C/[C@@H](C)CC)[C@@H]2C,NaN,0,NaN
3536,CC1=CC(=O)O[C@@H]1C/C=C(\C)CC[C@@H]1[C@@]2(C)CCC[C@@](C)(CO)[C@@H]2[C@@H](O)C[C@@]1(C)O,NaN,0,NaN
3537,CC[C@H](C)/C=C/C1=CC2=C(Cl)C(=O)[C@@](C)(O)[C@@H](CC(=O)[C@@H](C)[C@H](C)O)C2=CO1,NaN,0,NaN
3538,O=C(OC[C@H](CO)OC(=O)C12CC3CC(CC(C3)C1)C2)C12CC3CC(CC(C3)C1)C2,NaN,0,NaN
3539,C=CC(C)(O)CC[C@@]1(C)[C@H](C)CC[C@]2(C)[C@@H]1C[C@@H](O)[C@H]1O[C@]12C,NaN,0,NaN
3540,CC1=C[C@]2(C=C(CO)[C@H]3CC(=O)C(C)=C[C@H]3O2)O[C@H](/C=C(\C)CCC(=O)C(C)C)C1,NaN,0,NaN
3541,CC(C)OP(=O)(c1ccc(N(C)C)cc1)C(O)c1ccc(Br)cc1,NaN,0,NaN
3542,CCOC(=O)C(CO)NC(=O)[C@@]1(C)CCC[C@@]2(C)C1CC=C1C=C(C(C)C)CC[C@H]12,NaN,0,NaN
3543,C/C(C=O)=C\[C@H]1CC[C@]2(O)[C@@H]3CC[C@@H]4C[C@@H](O)CC[C@]4(C)[C@H]3CC[C@]12C,NaN,0,NaN
3544,C=C1/C(=C\C=C2/CCC[C@]3(C)C([C@H](C)CCCS(C)(=O)=O)=CC[C@@H]23)C[C@@H](O)C[C@@H]1O,NaN,0,NaN
3545,CCOC(=O)c1c2c(n(C3CCCCC3)c1C[NH+](C)C)CC(Br)=C(OC)C2,NaN,0,NaN
3546,C1C[C@H]2CC[C@H]3[NH+]4CCCC[C@H]4[C@@H]4CCC[NH+]5C[C@@H](C1)[C@H]2[NH+]3[C@@H]45,NaN,0,NaN
3547,O=S1(=O)CCC(NC(=S)NC2CCS(=O)(=O)C2)C1,NaN,0,NaN
3548,NC1=[NH+]C(C(F)(F)F)(C(F)(F)F)[NH2+]C1(C(F)(F)F)C(F)(F)F,NaN,0,NaN
3549,NS(=O)(=O)c1c(F)c(F)c(S(=O)(=O)CCc2ccccc2)c(F)c1F,NaN,0,NaN
3550,CC(C)Cn1c(N)c(C(=O)CCl)c(=O)n(C)c1=O,NaN,0,NaN
3551,NC(=O)c1cc[n+](CCCC[n+]2cc(Cl)c(/C=N/O)c(Cl)c2)cc1,NaN,0,NaN
3552,NS(=O)(=O)c1ccc(N/C=C/C(=O)c2ccc(Br)cc2)cc1,NaN,0,NaN
3553,OCC(CO)OCn1c(Br)nc(Cl)c1Cl,NaN,0,NaN
3554,CS(=O)(=O)c1ccc(/N=C/C=C/Nc2ccc(S(C)(=O)=O)cc2)cc1,NaN,0,NaN
3555,CC(=O)Nc1ccc(S(=O)(=O)NNc2ccc(Cl)c(F)c2)cc1,NaN,0,NaN
3556,C=CCSc1nc2c(c(=O)[nH]c(=O)n2C)n1C/C=C(/C)Cl,NaN,0,NaN
3557,FC(F)(F)c1cc(Cn2ccnc2)cc(C(F)(F)F)c1,NaN,0,NaN
3558,S=C(NC1C2CC3CC(C2)CC1C3)NC12CC3CC(CC(C3)C1)C2,NaN,0,NaN
3559,Brc1ccc(-c2ncncc2-c2ccsc2)s1,NaN,0,NaN
3560,CCOC(=O)c1sc2c(Br)csc2c1C,NaN,0,NaN
3561,C1CSCCSCCSCCSCCS1,NaN,0,NaN
3562,Cc1nn(C(C)(C)C)c2nc(C(F)(F)F)sc(=S)c12,NaN,0,NaN
3563,S=C(NC1C2CC3CC(C2)CC1C3)NC1C2CC3CC(C2)CC1C3,NaN,0,NaN
3564,S=C(SSC(=S)N1CCCCCC1)N1CCCCCC1,NaN,0,NaN
3565,S=C(SSC(=S)N1CCCCC1)N1CCCCC1,NaN,0,NaN
3566,CSC(=O)/C=C1\SS/C(=C\C(=O)SC)S1,NaN,0,NaN
3567,COC(=O)C12C3C4C5(C(=O)OC)C(C1C35C(=O)N(C(C)C)C(C)C)C42C(=O)N(C(C)C)C(C)C,NaN,0,NaN
3568,CCN1c2c(ssc2=O)Sc2ssc(=S)c21,NaN,0,NaN
3569,C1CCC2CC([NH+]3CCC[NH+](C4CCC5CCCCC5C4)CC3)CCC2C1,NaN,0,NaN
3570,S=C(SSC(=S)N1CCSCC1)N1CCSCC1,NaN,0,NaN
3571,O=c1sc2c(s1)-c1sc(=O)sc1SS2,NaN,0,NaN
3572,CC(C)(C)C(=O)NC(C(=O)NO)c1ccc(-c2ccc(F)c(F)c2)cc1,NaN,0,NaN
3573,CCCSc1nsc(SCCC)c1C(N)=O,NaN,0,NaN
3574,CCCCCCC(C)(C)C1=CC2=C(C(=O)C1=O)c1[nH]ncc1C(C)(C)O2,NaN,0,NaN
3575,CCCN(CCC)c1cc(C)nc2c(-c3c(C)cc(N(C)C)nc3C)cnn12,NaN,0,NaN
3576,N#CCCC1(CCC#N)CCCCCCC(CCC#N)(CCC#N)C(=O)C1=O,NaN,0,NaN
3577,CCOC(=O)CC(SP1(=S)OCC2(CCCCC2)CO1)C(=O)OCC,NaN,0,NaN
3578,CCCC(CCC)n1c(CC)nc2c1c(=O)n(C)c(=O)n2-c1c(C)cc(C)cc1C,NaN,0,NaN
3579,CC(C)[C@]1(C(=O)N2C[C@@H]3C[C@H]2CN3C(=O)C2CCOCC2)CC[C@@H]([NH2+]C2CCOCC2)C1,NaN,0,NaN
3580,CO[C@H]1[C@@H](OC(=O)/C=C/[C@H]2O[C@@H]2C)CC[C@@]2(O)CO[C@@](C)(C(O)CC=C(C)C)[C@H]12,NaN,0,NaN
3581,S=P(N1CCOCCOCCOCCOCC1)(N1CC1)N1CC1,NaN,0,NaN
3582,N#CC1(C#N)[NH2+]C(c2ccsc2)C(C#N)(C#N)[NH2+]C1c1ccsc1,NaN,0,NaN
3583,S=P(N1CC1)(N1CC1)N1CCN(P(=S)(N2CC2)N2CC2)CC1,NaN,0,NaN
3584,Oc1nc(O)c(Cl)c(N2CCN(c3nc(O)nc(O)c3Cl)CC2)n1,NaN,0,NaN
3585,CC1(C)O[C@H]2[C@@H](O1)[C@@H](CS[C@@H]1O[C@@H]([C@H](O)CO)[C@H](O)[C@H]1O)O[C@@H]1OC(C)(C)O[C@@H]12,NaN,0,NaN
3586,C/C(CC1CC(C)OC1=O)=N\NC(N)=S,NaN,0,NaN
3587,CC1=C(C(=O)N(C(C)C)C(C)C)CC(CC(=O)NC2CC2)C(=O)N1CCCN1CCCC1=O,NaN,0,NaN
3588,CCCCCCCCCCCC#Cc1cn([C@@H]2O[C@H](CO)[C@@H](O)[C@H]2F)c(=O)[nH]c1=O,NaN,0,NaN
3589,CCCCCCC[C@H]1O[C@@H]1C(OC(=O)[C@@H]1CCCN1C(=O)OC(C)(C)C)C(=O)NC(C)(C)C,NaN,0,NaN
3590,CCCCCc1nnnn1CC(I)=C(I)I,NaN,0,NaN
3591,[NH2+]=C(CCCCCCCCCCCCC(=[NH2+])N1CCCC1)N1CCCC1,NaN,0,NaN
3592,CC(CCC[C@]1(C)OC/C(=C/CO)CC[C@H]1O)C(=O)/C=C/C(C)(C)OO,NaN,0,NaN
3593,O=C(Nc1nccs1)C(F)(F)C(F)(F)C(F)(F)C(=O)Nc1nccs1,NaN,0,NaN
3594,O=C(CNC(=O)c1ccncc1)N/N=C/c1ccc(Br)cc1,NaN,0,NaN
3595,NS(=O)(=O)c1ccc(Nc2ccnc(NS(=O)(=O)C(F)(F)F)n2)cc1,NaN,0,NaN
3596,C=C1C(=O)[C@@]23CC[C@@H]4[C@@](C)(CO)CCC[C@@]4(C=O)[C@@H]2CC[C@@H]1[C@H]3O,NaN,0,NaN
3597,CC(C)(C)CC(NC(=O)N1CCS(=O)(=O)CC1)C(F)(F)F,NaN,0,NaN
3598,Nc1nc(Cl)c2ncn(CCC(CO)CO)c2n1,NaN,0,NaN
3599,Cn1nc(C(C)(C)C)cc1C(=O)Nc1nnc(C(F)(F)F)s1,NaN,0,NaN
3600,COCc1nc(C)c2c(C)nnc(O)n12,NaN,0,NaN
3601,O=C(NN1C(=O)c2c(F)c(F)c(F)c(F)c2C1=O)c1ccncc1,NaN,0,NaN
3602,O=C(Nc1nnc(S)s1)c1c(F)c(F)c(F)c(F)c1F,NaN,0,NaN
3603,NC(=O)CNC(=O)C[C@@H]1CCC[C@]2(C1)OOC1(O2)C2CC3CC(C2)CC1C3,NaN,0,NaN
3604,O=C(NNC(=S)NC(=O)c1cccnc1)c1ccc(Cl)cc1,NaN,0,NaN
3605,O=C(N1CCC(NC(=O)C23CC4CC(CC(C4)C2)C3)CC1)C(F)(F)F,NaN,0,NaN
3606,CN1C(=O)c2ccccc2C(O)(c2ccccc2)C1(O)c1ccccc1,NaN,0,NaN
3607,CC1=CC(=O)N(Nc2nc(C(F)(F)F)nc3cccc(C)c23)C1=O,NaN,0,NaN
3608,O=C1C(Nc2ccc(Br)cc2)=CC(=O)c2ncncc21,NaN,0,NaN
3609,CCN1C(=O)/C(=C2/SC(C)=C(C)N2CC)SC1=S,NaN,0,NaN
3610,N=C1c2nc3n(c2C(=O)c2nc4n(c21)CCCCC4)CCCCC3,NaN,0,NaN
3611,C[C@@H]1CN(C(=O)[C@@](C)(O)C(F)(F)F)[C@@H](C)CN1C(=O)C1CCCCC1,NaN,0,NaN
3612,CCn1c(=N)c2c(=O)n(CC)c(=S)n3c2n(c1=S)CCC3,NaN,0,NaN
3613,O=C(NNC(=S)Nc1ccc(Br)cc1)c1cccnc1,NaN,0,NaN
3614,Cc1cnc(Cn2cnc3c(Cl)nc(N)nc32)c(C)c1Cl,NaN,0,NaN
3615,Fc1cc(F)cc(NC(=S)N2CCN(c3ncccn3)CC2)c1,NaN,0,NaN
3616,O=C1c2cc(O)cc(O)c2C(=O)c2c(O)cc(CO)cc21,NaN,0,NaN
3617,O=C(NNC(=S)NC(=O)c1ccccc1)c1ccc(Br)cc1,NaN,0,NaN
3618,Cn1cc(/C=C2\C(=O)NN=C2c2nccs2)c2c(F)cccc21,NaN,0,NaN
3619,CC(O)(C(=O)Nc1ccc(S(=O)(=O)c2ccc(C#N)cc2)cc1)C(F)(F)F,NaN,0,NaN
3620,Nc1nc(NC(=O)C(Cl)(Cl)Cl)nn1-c1ccccc1,NaN,0,NaN
3621,Cc1ccc(S(=O)(=O)N2N=Cc3c(Br)cccc3B2O)cc1,NaN,0,NaN
3622,O=S1(=O)NCN(CC(F)F)c2c(Cl)sc(Cl)c21,NaN,0,NaN
3623,CCN1C(=O)/C(=C2\C=Cc3ccccc3N2C)S/C1=[NH+]\c1cccc[n+]1C,NaN,0,NaN
3624,CC(=O)N1CCN(C(=O)NC23CC4CC(CC(C4)C2)C3)CC1,NaN,0,NaN
3625,NNC(=O)c1ccc2nc(-c3ccc(Br)cc3)cn2c1,NaN,0,NaN
3626,NS(=O)(=O)c1ccc2c(c1)S(c1ccc(Cl)cc1)=NS2(=O)=O,NaN,0,NaN
3627,CN1C(c2ccccc2)=CC(=O)C(O)=C(c2ccccc2)S1(=O)=O,NaN,0,NaN
3628,O=S(=O)(c1ccc(O)nn1)c1ccc(Br)cc1F,NaN,0,NaN
3629,Cc1cccc2c(=O)n(-c3ccc(S(N)(=O)=O)cc3)c(S)nc12,NaN,0,NaN
3630,Cc1nnc(NC(=O)C2(C)CC2(Br)Br)s1,NaN,0,NaN
3631,COCc1c(Br)c(C)nc2sc3c(O)nnnc3c12,NaN,0,NaN
3632,N#Cc1c(N)nc(N2CCSCC2)c(C#N)c1-c1ccc(O)cc1,NaN,0,NaN
3633,Cc1nc(NC(=O)c2nccs2)ccc1I,NaN,0,NaN
3634,O=C1C(Cl)=C(Nc2ccc(I)cc2)C(=O)c2cnncc21,NaN,0,NaN
3635,CC(=O)NC(C1C(=O)CC(C)(C)CC1=O)(C(F)(F)F)C(F)(F)F,NaN,0,NaN
3636,O=C(NNC(=O)c1ccccc1Br)c1cccs1,NaN,0,NaN
3637,C[C@]12CC[C@@H]3[C@](CC[C@@H]4[C@](C)(CO)C[C@@H](O)C[C@]43C)(C1)O[C@H]2CO,NaN,0,NaN
3638,C=C(C(=O)/C=C/C(C)(O)COC(C)=O)[C@@H]1C[C@@H](OC(C)=O)[C@@]2(C)[C@@H]1[C@@H]1[C@H](C)CC[C@@H]12,NaN,0,NaN
3639,C=C1[C@@H]2CC[C@@H]3C[C@@]2(C[C@@H](O)[C@@]2(O)[C@H]1C[C@H](O)C2(C)C)C[C@@]3(C)O,NaN,0,NaN
3640,CC(=O)OC[C@]12CC[C@@]3(C)OC3C1OC1[C@H](O)[C@@H](OC(C)=O)[C@@]2(C)C12CO2,NaN,0,NaN
3641,CC(C)[C@@H]1CC[C@@H](C)C[C@H]1OC(=O)O[C@H](C)OC(=O)[C@H]1[C@@H]2C[C@H](F)[C@@]([NH3+])(C(=O)[O-])[C@@H]21,NaN,0,NaN
3642,CC(=O)O[C@@H]1C[C@]23C[C@@](C)(OC(C)=O)[C@H](CC[C@H]2[C@@](C)(O)[C@@H]2[C@@H]4O[C@@H]4C(C)(C)[C@@]12O)[C@H]3O,NaN,0,NaN
3643,C[C@@H]([C@H]1[C@H](O)C[C@@]2(C)[C@@H]3C=C[C@H]4C(C)(C)[C@@H]([NH+](C)C)[C@H](O)C[C@@]45C[C@@]35CC[C@]12C)[NH+](C)C,NaN,0,NaN
3644,NS(=O)(=O)c1cc2c(cc1Cl)NC(CSCC(F)(F)F)NS2(=O)=O,NaN,0,NaN
3645,O=C(N1CCOCC1)C(F)(F)C(F)(F)C(F)(F)C(F)(F)C(=O)N1CCOCC1,NaN,0,NaN
3646,Nc1ncc(-c2cc(N3C[C@@H]4C[C@H]3CO4)nc(C3(C(F)(F)F)CC=NN3)n2)cc1OC(F)F,NaN,0,NaN
3647,C=C[C@@]1(C)CC(=O)[C@@]2(O)[C@H](O1)C(OC(=O)N(CC)CC)C(O)[C@H]1C(C)(C)CC[C@H](O)C12C,NaN,0,NaN
3648,CN(c1ccc(C(O)(c2ncc[nH]2)C(F)(F)F)cc1)S(=O)(=O)c1ccccc1,NaN,0,NaN
3649,CC(c1ccc(S(N)(=O)=O)cc1)N(C)C(=O)c1ccccc1I,NaN,0,NaN
3650,CC(OC(=O)OC12CC3CC(CC(C3)C1)C2)OC(=O)[C@H]1[C@@H]2C[C@H](F)[C@@]([NH3+])(C(=O)[O-])[C@@H]21,NaN,0,NaN
3651,C=CCN1C(=O)[C@]2(CC=C)SS[C@@]1(CC=C)C(=O)N2CC=C,NaN,0,NaN
3652,CC(C)(CC(=O)NC1CC1)CC(=O)N[C@H]1C2CC3CC1C[C@](O)(C3)C2,NaN,0,NaN
3653,O=C1Nc2ccc(S(=O)(=O)NNc3ccc(Br)cc3)cc2C1=O,NaN,0,NaN
3654,O=C1NC(=O)/C(=C/c2ccc(S(=O)(=O)N/N=C/c3ccc(Cl)cc3)cc2)N1,NaN,0,NaN
3655,CN(c1cccc(C(C)(C)C)c1)S(=O)(=O)c1ccc2[nH]c(=O)c(=O)[nH]c2c1,NaN,0,NaN
3656,COc1cc(CCc2cc3c(N)nc(N)nc3s2)c(Br)c(OC)c1OC,NaN,0,NaN
3657,C=C[C@@](C)(CC[C@@H]1[C@@]2(C)CCCC(C)(C)[C@@H]2CC[C@@]1(C)O)O[C@H]1O[C@H](C)[C@H](O)[C@@H](O)[C@@H]1O,NaN,0,NaN
3658,CC12CCC(=O)C=C1CCC1C2CCC2(C)C1CCC2(O)C(=O)CO,NaN,0,NaN
3659,S=C(SSC(=S)N1CCCOCC1)N1CCCOCC1,NaN,0,NaN
3660,C[C@H]1CC[C@H]2[C@@H](C=C[C@@](C)(O)[C@@H]2C(=O)CCO)[C@@H]1O,NaN,0,NaN
3661,Cc1nc(SCC(=O)N(CC(C)C)C2CCS(=O)(=O)C2)c2c(C)c(C)sc2n1,NaN,0,NaN
3662,C/C=C(\C=C(C)\C=C\CC/C=C(\C)C(=O)C12OC1C(C)(O)NC2=O)C(=O)OC(C)(C)C,NaN,0,NaN
3663,C=C1C(=O)[C@@]23CCC4[C@H](C(=O)OC)CC(=O)C[C@@]4(C)[C@@H]2CC[C@@H]1C3,NaN,0,NaN
3664,NS(=O)(=O)c1cc(-c2nc3ccc(F)cc3s2)cs1,NaN,0,NaN
3665,N#C[Se]c1ccc(NC(=O)Oc2ccc(F)cc2)cc1,NaN,0,NaN
3666,C=CC1=C(C)C(=O)C=C2C3(OCC)C=CC(=O)C(C)=C3CCC21OCC,NaN,0,NaN
3667,COC1=C(I)C(=O)C(I)=C(OC)C1=O,NaN,0,NaN
3668,O=C(Nc1nccs1)NC(C(F)(F)F)C(F)(F)F,NaN,0,NaN
3669,C/C(C/C(C)=C1/SC(=S)NC1=O)=C1\SC(=S)NC1=O,NaN,0,NaN
3670,O=C(CSC1=NCCS1)Nc1nc2c(s1)CCCC2,NaN,0,NaN
3671,O=S1(=O)N=S(c2ccc(Br)cc2)c2ccncc21,NaN,0,NaN
3672,C1CCCC([NH+]2CCC[NH+](C3CCCCCCC3)CC2)CCC1,NaN,0,NaN
3673,CC(C)CC(C(=O)[O-])N1C(=O)/C(=C/c2ccc(Cl)cc2Cl)SC1=S,NaN,0,NaN
3674,C=C(C=O)[C@@H]1CC[C@@]2(C)CCC[C@@](C)(OC(=O)C(F)(F)F)C2C1,NaN,0,NaN
3675,CC(=O)[C@H]1CC[C@H]2[C@H]3C(=C4CC[C@@H](O)C[C@@]4(C)[C@H]3O)CC[C@]12C,NaN,0,NaN
3676,CN(C(=O)C12C3C4C5C3C1(C(=O)C13C6C7C8C6C1C8C73)C5C42)C(C)(C)C,NaN,0,NaN
3677,O=C1C=CC(=O)C(c2ccc(I)cc2)=C1,NaN,0,NaN
3678,N#Cc1c(-c2ccc(Br)cc2)[nH]c(=S)[nH]c1=O,NaN,0,NaN
3679,O=C(/C=C/c1ccc(Cl)cc1Cl)N(O)CCCCC1CO1,NaN,0,NaN
3680,CC(=O)NC(=S)Nc1sc2c(c1C#N)CCCCC2,NaN,0,NaN
3681,CCCCCCCC1=CC2=CC(=O)C(C)(O)C(=O)C2=CN1CCCC,NaN,0,NaN
3682,O=[N+]([O-])c1ccccc1[Se][Se]c1ccccc1[N+](=O)[O-],NaN,0,NaN
3683,Cc1cc(C)c(S(N)(=O)=O)c(C)c1NC(=O)c1sccc1S(=O)(=O)Nc1onc(C)c1Cl,NaN,0,NaN
3684,CCOP(=O)(OCC)C1(C#N)SCC([NH+](C)C)CS1,NaN,0,NaN
3685,CCCC1=C(C(=O)OC)C(=O)[C@@](C)(/C=C/CC[C@H](C)O)O1,NaN,0,NaN
3686,Cc1cc(S(=O)(=O)NC(=C(C#N)C#N)[n+]2ccc(N(C)C)cc2)c([S-])cc1Cl,NaN,0,NaN
3687,Cc1ccc(S(C)(=O)=O)cc1S(=O)(=O)N(C)/N=C/c1cnn2ccc(Cl)nc12,NaN,0,NaN
3688,[O-][S+](N1CCCCCC1)C12CC3CC(CC(C3)C1)C2,NaN,0,NaN
3689,CC(=O)OC1C2CCC3CC2C2(SCCS2)C31,NaN,0,NaN
3690,OC1(CC2(O)C3CC4CC(C3)CC2C4)CCCCC1,NaN,0,NaN
3691,FC(F)(C(Cl)Br)C1N=N1,NaN,0,NaN
3692,C#Cc1cc(-c2nc3ccc(F)cc3s2)ccc1N,NaN,0,NaN
3693,S=C(NC1CCCCCC1)NC1CCCC1,NaN,0,NaN
3694,CC(C(O)C12CC3CC(CC(C3)C1)C2)[NH+]1CCCCC1,NaN,0,NaN
3695,O=C(N1CCCC1)C12CCC3CC(CC(C3)C1)C2,NaN,0,NaN
3696,Cc1nc(C#Cc2cc(F)cc([N+](=O)[O-])c2)cs1,NaN,0,NaN
3697,O=C(CCCl)N1CCCC2(CCCCC2)C1,NaN,0,NaN
3698,O=S1(=N[C@H]2CC[C@@H](C(F)(F)F)CC2)CCCCC1,NaN,0,NaN
3699,O=C(C1CCCCC1)N1CC23C4C=CC5C4C4C2C=CC4C53C1,NaN,0,NaN
3700,O=C(C1C2CC3CC(C2)CC1C3)N1CCCCC1,NaN,0,NaN
3701,CC1(C)C[C@@H]2[C@@H](CO)CC[C@H]3O[C@]3(C)[C@H](O)C[C@H]21,NaN,0,NaN
3702,C[S+]([O-])CC[NH2+]Cc1cc2cc(S(N)(=O)=O)sc2s1,NaN,0,NaN
3703,NC(=O)C(SCC1CCCCC1)C1CCCC1,NaN,0,NaN
3704,O=C(C1CCCCC1)N1CC2CCCCC2C1,NaN,0,NaN
3705,O=C(C1CCCC1)N1CCCC2(CCCCC2)C1,NaN,0,NaN
3706,CC1(C)CCC[C@@]2(C)[C@H]1CC[C@@]1(C)C[C@H](C(O)(CO)C(O)CO)C[C@@H]12,NaN,0,NaN
3707,NC(=O)C12CCCC(Br)(CCC1)C2,NaN,0,NaN
3708,O=C(N1CCCC1)C12CC3CC(CC(Cl)(C3)C1)C2,NaN,0,NaN
3709,C/C=C(\C)C(=O)O[C@H]1C[C@@]2(C)CCC(C(C)C)C2(O)CC[C@@]1(C)O,NaN,0,NaN
3710,O=C(C1CCC1)N1CCCC2(CCCCC2)C1,NaN,0,NaN
3711,O=P1(N(CCCl)CCCl)SCCCS1,NaN,0,NaN
3712,O=C(CBr)N1CCCC12CCCCC2,NaN,0,NaN
3713,O=C(C1CCCCC1)N1CC2C3CCC(C3)C2C1,NaN,0,NaN
3714,O=C(N1CCCC1)C12CC3CCC(CC(C3)C1)C2,NaN,0,NaN
3715,O=C(C1CCCCC1)N1CC2C3C=CC(C3)C2C1,NaN,0,NaN
3716,O=S(=O)(CCc1cc(F)c(F)c(F)c1)CS(=O)(=O)CCc1cc(F)c(F)c(F)c1,NaN,0,NaN
3717,C1CCC2(CC1)COC1(CCCCC1)OC2,NaN,0,NaN
3718,C=C1C(=O)[C@H]2O[C@]23C[C@H]2CC(C)(C)C[C@H]2[C@]13C,NaN,0,NaN
3719,CC1(C)CCC[C@]2(C)OC[C@H]3O[C@@]3(C)CC[C@@H]12,NaN,0,NaN
3720,O=C1O[C@H]2C3C4CCC(C4[C@@H]2I)[C@H]13,NaN,0,NaN
3721,CSc1c(C)c(SC)n2ccncc12,NaN,0,NaN
3722,CCC(C)CS(=O)(=O)NC(=O)C1CCC1,NaN,0,NaN
3723,C1CSCCSCSCCS1,NaN,0,NaN
3724,CC1(C)C[C@H](O)[C@]23CC[C@@H](O)[C@](C)(CCC12)C3,NaN,0,NaN
3725,O=C1NC(=S)N/C1=C\C=C\c1ccccc1,NaN,0,NaN
3726,CC1(C)C[C@@H]2[C@@H]1CC[C@@]1(C)C[C@]2(O)CC[C@@H]1O,NaN,0,NaN
3727,C=C1CC[C@H]2C(=C)CC[C@H]3C(=C)C(=O)O[C@@H]3[C@@H]12,NaN,0,NaN
3728,S=C(NC1CCCCC1)NC1CC2C=CC1C2,NaN,0,NaN
3729,N#CCCC1C(C#N)C2CC1C1C3C=CC(C3)C21,NaN,0,NaN
3730,C[C@]12C[C@H]3O[C@H]3C[C@@H]1CC[C@@H]1[C@@H]2CC[C@]2(C)[C@@H]3O[C@@H]3C[C@@H]12,NaN,0,NaN
3731,C=C1[C@H](O)C[C@]2(O)C[C@]3(O)CC(C)(C)C[C@]3(O)[C@]12C,NaN,0,NaN
3732,C=C1C(=O)O[C@@H]2[C@@H]3[C@@H](CCC34CC4)C3(CC[C@@H]12)CC3,NaN,0,NaN
3733,O=Cc1cccn1-c1ccc(C(F)(F)F)cc1,NaN,0,NaN
3734,S=C(SC(=S)N1CCCCC1)N1CCCCC1,NaN,0,NaN
3735,N#CCC(=O)NC1CCC(CC2CCC(NC(=O)CC#N)CC2)CC1,NaN,0,NaN
3736,CC(=O)NC(C)Cc1ccc(C#Cc2cnc(OCC(C)(F)F)nc2)cc1,NaN,0,NaN
3737,CC1(C)[C@H]2[C@H]3[C@@H](CC[C@]3(C)O)[C@](C)(O)CC[C@H]21,NaN,0,NaN
3738,CC1(C)C[C@H]2[C@H]1[C@H]1C[C@@]1(C)[C@H](O)CC[C@]2(C)O,NaN,0,NaN
3739,C[C@]12C[C@H]3C[C@H]4CC[C@@H](O)C[C@@H]4C[C@@H]3C[C@@H]1CC[C@@]21CO1,NaN,0,NaN
3740,C=C[C@]1(C)CC[C@H]2C(=C)C(=O)O[C@@H]2[C@H]1C(=C)C,NaN,0,NaN
3741,C=C1C2=C(CCCC2)C(=O)OC12CCCCC2,NaN,0,NaN
3742,CC12CCCC3(CC(=O)C(C)(C)C3C(=O)C1)C2,NaN,0,NaN
3743,C[C@@H]1CC[C@@]2(O)C(C)(C)C[C@]3(C)CC[C@@H]1[C@]32O,NaN,0,NaN
3744,Fc1cccc(F)c1C#Cc1ccc2cncnc2c1,NaN,0,NaN
3745,O=C(NNS(=O)(=O)c1ccc(Cl)cc1Cl)c1cc2ncc(C(F)(F)F)cc2s1,NaN,0,NaN
3746,O=C(c1c(F)ccc(NS(=O)(=O)c2ccc(C(F)(F)F)cc2)c1F)c1c[nH]c2nccnc12,NaN,0,NaN
3747,O=S(=O)(Nc1ccc(S(=O)(=O)Nc2nccs2)cc1)c1ccc(Br)cc1,NaN,0,NaN
3748,Cc1noc(NS(=O)(=O)c2ccc(NC(=O)/C=C/c3ccc(Br)cc3)cc2)c1C,NaN,0,NaN
3749,O=C(c1c(F)ccc(NS(=O)(=O)c2ccc(C(F)(F)F)cc2)c1F)c1c[nH]c2ncncc12,NaN,0,NaN
3750,Cc1cc(S(=O)(=O)NC(=O)Nc2ncc(Br)s2)sc1-c1ccc(F)nc1,NaN,0,NaN
3751,O=C(CCCCC1CCCCC1)OCC1COCCOCCOCCOCCO1,NaN,0,NaN
3752,C[C@H]1CCC2[C@@H](C)COC3O[C@]4(C)CCC1C32OO4,NaN,0,NaN
3753,COC(=O)[C@@H]1[C@@H](/C(=C\CC(O)C(C)(C)O)COC(C)=O)CC[C@]2(C)[C@@H]3CC[C@]12CO3,NaN,0,NaN
3754,NC(=O)C1CCN(C(=O)C2CCCO2)CC1,NaN,0,NaN
3755,C=C[C@@H](O)[C@@H]1O[C@H]1/C=C/[C@@H]1O[C@@H]1[C@@H](C)O,NaN,0,NaN
3756,C[NH+](C)CC1CCC[NH+]1C12CC3CC(CC(C3)C1)C2,NaN,0,NaN
3757,CNC(=O)[C@@H](NC(=O)[C@H](CC(C)C)[C@@H](C(=O)NO)C1CCSC1)C(C)(C)C,NaN,0,NaN
3758,CN(C)C(=[NH+]c1nc(N(C)C)s[s+]1)N(C)C,NaN,0,NaN
3759,CO[C@@H]1COCC[C@H]1NC(=O)C1CCOCC1,NaN,0,NaN
3760,C[C@@H]1CN(S(=O)(=O)N2CCCC2)C[C@@]1(O)C1CC1,NaN,0,NaN
3761,N#CCCn1[nH]c(=O)c(Cl)c(Cl)c1=O,NaN,0,NaN
3762,O=C(Nc1nnc2n1CCS2)C1CC1,NaN,0,NaN
3763,CNC(=O)C1CCCN(C(=O)C2CCC2)C1,NaN,0,NaN
3764,NC(=O)CN1C(=O)C2C3CCC(C3)C2C1=O,NaN,0,NaN
3765,NC(=O)NC(=O)CCn1cc(I)cn1,NaN,0,NaN
3766,CN(C)C(=S)SC(=S)N1CCCC1,NaN,0,NaN
3767,CCC(=O)N1CCCC(NS(C)(=O)=O)C1,NaN,0,NaN
3768,C1CCC([NH+]2CC[NH+](C3CCCCC3)CC2)CC1,NaN,0,NaN
3769,CC(=O)O[C@@H]1O[C@@H](C(F)F)[C@@H](OC(C)=O)[C@@H](OC(C)=O)[C@@H]1OC(C)=O,NaN,0,NaN
3770,O=C1C2=C(SCCS2)C(=O)N1CCCO,NaN,0,NaN
3771,OB(O)c1ccc(Oc2cncc(Cl)c2)nc1,NaN,0,NaN
3772,NC(=O)C1CCN(C(=O)C2CCOCC2)CC1,NaN,0,NaN
3773,O=C(NC1CCS(=O)(=O)C1)C1CCCC1,NaN,0,NaN
3774,CS(=O)(=O)N1CCCC(C(=O)NC2CC2)C1,NaN,0,NaN
3775,O=C(NC1CC1)C1CCc2nnc(C3CC3)n21,NaN,0,NaN
3776,O=C(C1CCCO1)N1CCN(C(=S)NC2CC2)CC1,NaN,0,NaN
3777,O=C1[C@H]2COC[C@H]2C(=O)N1CCCO,NaN,0,NaN
3778,Cc1nnc(N2CCCC2)c(C(N)=O)c1C,NaN,0,NaN
3779,CC1(NC(=O)C2CCC2)CCS(=O)(=O)C1,NaN,0,NaN
3780,O=C(CO)N1CCCC2(CCC(=O)N(CC3CC3)C2)C1,NaN,0,NaN
3781,CC1(C)OC(=O)N(CCC#N)C1(C)O,NaN,0,NaN
3782,O=C(Nc1nnc2n1CCS2)C1CCC1,NaN,0,NaN
3783,CC1CCCCC1[NH2+]C1CC[NH+](C)CC1,NaN,0,NaN
3784,CC(=O)C(C(C)=O)=C1CCCC(O)O1,NaN,0,NaN
3785,NS(=O)(=O)c1nnc(NS(=O)(=O)c2c(F)c(F)cc(F)c2F)s1,NaN,0,NaN
3786,S=C(N/N=C/c1ccc(Br)cn1)Nc1ccc(Br)cc1,NaN,0,NaN
3787,CNC(=S)N/N=C(\c1ccc(I)cc1)c1ccccn1,NaN,0,NaN
3788,C[C@H]1OO[C@@H](COC(=O)CC23CC4CC(CC(Br)(C4)C2)C3)[C@@H]2O[C@@H]21,NaN,0,NaN
3789,N#C[Se]c1ccc(/N=N/c2sc(N)nc2-c2ccccc2)cc1,NaN,0,NaN
3790,NS(=O)(=O)c1c(F)c(F)c(Sc2nc3ccccc3s2)c(F)c1F,NaN,0,NaN
3791,O=Cc1sccc1-c1ccc(F)cc1F,NaN,0,NaN
3792,CCC(=O)N1CCN(C(=O)CC)CC1,NaN,0,NaN
3793,N#Cc1ccc(C(=O)/C=C/c2ccc(O)c(O)c2)cc1,NaN,0,NaN
3794,CCOC(=O)c1c(NC(=O)CCl)sc(C(=O)N(CC)CC)c1C,NaN,0,NaN
3795,Cc1nc(C)c(-c2csc(NCCCCCNS(=O)(=O)C(C)C)n2)s1,NaN,0,NaN
3796,NC(=O)c1ccsc1NC(=O)CCS(=O)(=O)c1ccc(F)cc1,NaN,0,NaN
3797,C=CCn1c(SCC(N)=O)nnc1-c1cc(Br)ccc1O,NaN,0,NaN
3798,CCn1c(C)nnc1SCCNC(=O)c1sc(C(C)C)nc1C,NaN,0,NaN
3799,C=C1C(=O)O[C@@H](/C=C(\C)C=O)[C@@H]1[C@H](/C=C(/C)C(C)=O)OC(=O)/C(C)=C\C,NaN,0,NaN
3800,C=CCn1c(SCC(=O)NCCCO)nc2sc3c(c2c1=O)CCC3,NaN,0,NaN
3801,CCNC(=S)NNC(=O)CSc1nc2sc(C)c(C)c2c(=O)n1CC,NaN,0,NaN
3802,O=C(CCC(=O)Nc1nnc(C(F)(F)F)s1)NCC1CCCO1,NaN,0,NaN
3803,NC(=O)C12CC3CC(C1)C(NC(=O)C1(CNS(=O)(=O)c4cc(Cl)c(Cl)cc4F)CC1)C(C3)C2,NaN,0,NaN
3804,COC[C@H]1C(=O)[C@]23[C@H](O)[C@H]1CC[C@H]2[C@@]12CO[C@]3(O)[C@@H](O)[C@@H]1C(C)(C)CC[C@@H]2OC(C)=O,NaN,0,NaN
3805,CC(C)(CC(=O)N[C@H]1C2CC3CC1C[C@](C(N)=O)(C3)C2)NS(=O)(=O)c1cc(F)cc(F)c1,NaN,0,NaN
3806,Cc1cc(S(=O)(=O)N/C(=C(\C#N)C(=O)c2ccccc2)[n+]2ccc(N(C)C)cc2)c([S-])cc1Cl,NaN,0,NaN
3807,C=CCO[C@@H]1[C@H](OCC=C)[C@@H](OCC=C)C[C@@H]2c3cc4c(cc3C(=O)N(CC=C)[C@@H]12)OCO4,NaN,0,NaN
3808,CCOC(=O)C1CCN(C(=O)CSCCSCC(=O)N2CCC(C(=O)OCC)CC2)CC1,NaN,0,NaN
3809,CCCCCC[C@@H](C)/C=C(C)/C=C/C(=O)N[C@H]1C[C@]2(OC1O)[C@@H]1O[C@@H]1C(O)(CC(C)=O)[C@@H]1O[C@@H]12,NaN,0,NaN
3810,CCC(C)C(=O)Nc1nnc(CCCCc2nnc(NC(=O)C(C)CC)s2)s1,NaN,0,NaN
3811,CC(C)(C)OC(=O)NCCCCCNC(=O)CCCC[C@@H]1SC[C@@H]2NC(=O)N[C@@H]21,NaN,0,NaN
3812,CCCCCCCCc1cc2cn([C@H]3C[C@H](O)[C@@H](CO)O3)c(=O)nc2o1,NaN,0,NaN
3813,C=CC[C@H](NC(=O)C1CC1C(=O)OCC)C(=O)N[C@@H](CC1CCCCC1)[C@@H](O)[C@@H](O)CC(C)C,NaN,0,NaN
3814,CCCC(CCC)c1nc2c(=O)n(CCC)c(=O)n(CCC)c2[nH]1,NaN,0,NaN
3815,CCCC[NH+](CCCC)CCCNc1nc(NC2CC2)nc(NC23CC4CC(CC(C4)C2)C3)n1,NaN,0,NaN
3816,CC[C@@H](C)/C=C/CCCC/C=C/C=C/C=C/C(=O)N[C@@H]1CO[C@@]2(O)C=C[C@@H](Cl)[C@H](O)[C@@]2(O)C1,NaN,0,NaN
3817,CCC(C)C(=O)Nc1nnc(CCSCCc2nnc(NC(=O)C(C)CC)s2)s1,NaN,0,NaN
3818,CCCCCn1cc(C(=O)NC(C)CCC(C)C)c(=O)c2c(C)nn(C)c21,NaN,0,NaN
3819,CC1CCCC2(CC[N+](C)(CCC[N+](C)(C)C)CC2)C1,NaN,0,NaN
3820,ClCCNP1(NCCCl)=NP2(NCCCl)=NP(NCCCl)(=N1)OCCOCCOCCOCCO2,NaN,0,NaN
3821,O=C(c1ccc(Br)cc1)C(NNc1ccc(F)cc1)C(=O)C(F)(F)F,NaN,0,NaN
3822,Cc1ccc(/[NH+]=C2\C(=S)N(c3ccc(C)cc3)C(=[NH2+])N2/N=C/c2ccc(Cl)cc2)cc1,NaN,0,NaN
3823,CC(C)(O)C#Cc1ccc(/C=C/S(=O)(=O)Nc2ccccc2S(N)(=O)=O)cc1,NaN,0,NaN
3824,COP(=O)(C[NH2+]C1(C(=O)[O-])CCCCCCC1)OC,NaN,0,NaN
3825,CCOP(=O)(CC1OC(CO)C(O)C1O)OCC,NaN,0,NaN
3826,CC[NH+](CC)CCS/C(=N/O)c1nsnc1C,NaN,0,NaN
3827,CC(C(C(=O)N1CCCCC1)[NH+]1CCCCC1)[NH+]1CCCCC1,NaN,0,NaN
3828,CN(C)c1ccc(C=C2C(=O)NC(=S)NC2=O)cc1,NaN,0,NaN
3829,CSc1c(C#N)c2c(O)nc(N)nc2n1CC(O)CO,NaN,0,NaN
3830,COC(=O)C1=C(C)C(C)(OC)NC1=O,NaN,0,NaN
3831,C[NH+](C)CCn1c(=O)c2ccsc2c2ccc(C(=O)[O-])cc21,NaN,0,NaN
3832,Cn1cc[n+](CCCC[n+]2ccn(C)c2/C=N/O)c1/C=N/O,NaN,0,NaN
3833,CCCCN1C(=O)C(=C(N)N)C(=O)N(CCCC)C1=O,NaN,0,NaN
3834,CC[NH+]1CC[NH+](CCC(=O)O[C@@H]2C[C@@H]3CC[C@@]2(C)C3(C)C)CC1,NaN,0,NaN
3835,COP(=O)(C[NH2+]C1(C(=O)[O-])CCCCCC1)OC,NaN,0,NaN
3836,NS(=O)(=O)c1ccc(/N=C/c2ccc(/C=N/c3ccc(S(N)(=O)=O)cc3)cc2)cc1,NaN,0,NaN
3837,CC(C)[C@H](NC(=O)N1CCOCC1)C(=O)N1CCC[C@H]1C(=O)N[C@H](C(=O)C(F)(F)F)C(C)C,NaN,0,NaN
3838,CC1O[C@@H](O[C@H]2CC[C@@]3(C)[C@H](CC[C@@H]4[C@@H]3CC[C@]3(C)[C@@H](CO)CC[C@]43O)C2)C(O)[C@@H](O)[C@H]1O,NaN,0,NaN
3839,O=Cc1ccc(-c2ccc(Cl)cc2)s1,NaN,0,NaN
3840,CSc1s[s+]c(SC)c1[O-],NaN,0,NaN
3841,O=S(=O)(OC=C1CCCCC1)C(F)(F)F,NaN,0,NaN
3842,CCSc1nc(N)c2c(C)c(C)sc2n1,NaN,0,NaN
3843,C1COC(OOC23CC4CC(CC(C4)C2)C3)C1,NaN,0,NaN
3844,CCOC(=O)c1cc(=S)ss1,NaN,0,NaN
3845,CCOC(=O)c1nnn(-c2ccc(S(N)(=O)=O)cc2)c1-c1ccc(Br)cc1,NaN,0,NaN
3846,O=C(NC[C@H](O)CO)c1ncncc1Nc1ccc(I)cc1F,NaN,0,NaN
3847,Cc1nnc(SCCn2c(Br)nc3c2c(=O)n(C)c(=O)n3C)s1,NaN,0,NaN
3848,C[NH+](C)CCCNc1nc(C(Cl)(Cl)Cl)nc(C(Cl)(Cl)Cl)n1,NaN,0,NaN
3849,CC(C)C[C@@H]1NC(=O)[C@H](CC(C)C)NC(=O)[C@@H](C)NC(=O)[C@H](C(C)C)NC(=O)[C@@H](CC(C)C)NC1=O,NaN,0,NaN
3850,Cc1nc(N[C@H](C)C2CC2)nc(N[C@@H]2C[C@H](C(C)(C)O)[C@@H](O)[C@H]2O)c1-c1nc2cnccc2s1,NaN,0,NaN
3851,CS(=O)(=O)N1CCCC(C(=O)NC2CCCCCCC2)C1,NaN,0,NaN
3852,O=C(NNC(=S)NCc1ccco1)c1ccc(Cl)s1,NaN,0,NaN
3853,O=C1C(F)=C(N(CCO)CCO)C(=O)c2c(F)c(F)c(F)c(F)c21,NaN,0,NaN
3854,O=C(NC(=S)N1CCOCC1)C12CCC3CC(CC(C3)C1)C2,NaN,0,NaN
3855,CC(=O)N1CCC(NC(=O)CC23CC4CC(CC(C4)C2)C3)CC1,NaN,0,NaN
3856,C#CCSc1nc(NNC(N)=S)c(C#N)c(-c2ccc(C)cc2)n1,NaN,0,NaN
3857,N#Cc1ccc(CS(=O)(=O)c2ccc3nc(N)sc3c2)cc1,NaN,0,NaN
3858,O=C(CC1(C2CCCCC2)C2CC3CC1CC(C2)C3O)N1CC(O)C1,NaN,0,NaN
3859,C[C@]12CC[C@H](O)C[C@@H]1CC[C@@H]1[C@@H]2CC[C@]23COC(O)(CO)[C@H]2CC[C@@H]13,NaN,0,NaN
3860,O=C(NC(=S)N1CCOCC1)C12CC3CCC(CC(C3)C1)C2,NaN,0,NaN
3861,CS(=O)(=O)N1CCC(NC(=O)NC23CC4CC(CC(C4)C2)C3)CC1,NaN,0,NaN
3862,NC(=O)Cn1c(-c2ccc(C(F)(F)F)cc2)nc2cccnc21,NaN,0,NaN
3863,NS(=O)(=O)Nc1ccc(-c2ccc(C(F)(F)F)cn2)cc1,NaN,0,NaN
3864,N=c1scc(-c2ccc(Cl)cc2)n1CC(=O)N1CCOCC1,NaN,0,NaN
3865,CC(C)[C@@]12CC[C@@](C)(O1)[C@@H]1CC[C@@](C)(O1)[C@@H](O)C[C@@H]1O[C@@]1(C)[C@H](O)C2,NaN,0,NaN
3866,NNC(=O)c1csc(-c2ncc(C(F)(F)F)cc2Cl)n1,NaN,0,NaN
3867,C=C1[C@H](O)CC[C@@]2(CO)CCC34C(=O)O[C@@H](C[C@H]3C)[C@H]3C[C@H]1[C@@H]2[C@H]34,NaN,0,NaN
3868,C=C1C[C@]23C[C@H]1CC[C@H]2[C@]1(C)CCC[C@](O)(CO)[C@H]1C[C@@H]3O,NaN,0,NaN
3869,Cc1sc2nc(SCC(=O)N3CCCC3)nc(O)c2c1C,NaN,0,NaN
3870,CC(=O)c1c(C)nn(CC(=O)Nc2ccc(Br)cc2)c1C,NaN,0,NaN
3871,N#Cc1sc2nc(N3CCCCC3)c3c(c2c1N)CCCC3,NaN,0,NaN
3872,O=C(CN1C(=O)CSC1=S)Nc1ccc(C(F)(F)F)cc1,NaN,0,NaN
3873,O=C(NC1CCCC1)NC1CCC(C(=O)N2CCSCC2)CC1,NaN,0,NaN
3874,C[C@]12CC[C@@H]3[C@](CC[C@@H]4[C@](C)(CO)C[C@@H](O)C[C@]43C)(C1)OC2=O,NaN,0,NaN
3875,CC(=O)NC(C)(C)CC1=C[C@@]2(C)C(=O)C(C)(C)NC(C)=C2C1=O,NaN,0,NaN
3876,CC(C)[C@H]1CC[C@]23C[C@@H]4[C@H](C)C(=O)[C@H]5O[C@]54[C@@]2(C)[C@@H](O)C(=O)[C@]13C,NaN,0,NaN
3877,CC(C)=CCC(=O)C(C)CCC[C@]1(C)OC[C@]2(CC=O)CC[C@H]1O2,NaN,0,NaN
3878,CCC1=C(Sc2cc(C)cc(C)c2)C(COCCO)C(=O)NC1=O,NaN,0,NaN
3879,CCCCCC[C@H](O)[C@@H]1C[C@@H](OC)C2=C(O1)[C@H](O)CCC2=O,NaN,0,NaN
3880,C=CCCCCC(=O)N[C@H]1CN(C(=O)CCCCC=C)C1=O,NaN,0,NaN
3881,CN(C)/C=C/C=C(/C=N/S(=O)(=O)C(F)(F)F)C1C=CN(S(=O)(=O)C(F)(F)F)C=C1,NaN,0,NaN
3882,CC(C)c1ccc(/C(=C\CC([NH3+])C(=O)[O-])c2ccsc2)cc1,NaN,0,NaN
3883,C=C(c1cc(Br)c(OC)c(C(=O)OC)c1)c1cc(Br)c(OC)c(C(=O)OC)c1,NaN,0,NaN
3884,CS/C(=[NH+]\C(=S)N(C)C)N(c1ccccc1)c1nc(N(C)C)s[s+]1,NaN,0,NaN
3885,CCCC(=O)NC[C@H]1O[C@H](OC)[C@H](O)[C@H]2OC(C)(C)O[C@H]21,NaN,0,NaN
3886,CO[C@H]1CC[C@@](C)(OC(C)=O)[C@@H]2O[C@H](C[C@]1(C)O)[C@@H]1[C@H]2[C@@H](C(C)C)CC[C@@]1(C)OC(C)=O,NaN,0,NaN
3887,O=[N+]([O-])C(C(Cl)=C(Cl)Cl)=C(N1CCOCC1)N1CCOCC1,NaN,0,NaN
3888,CC1(C)OC2C(O)C(CO)OC2(C(F)F)O1,NaN,0,NaN
3889,CCCCN1CCc2c(C)c(NS(C)(=O)=O)c(C)c(NC(=O)C(C)C)c21,NaN,0,NaN
3890,CC(=O)N1CCC(NC(=O)NC23CC4CC(CC(C4)O2)C3)CC1,NaN,0,NaN
3891,O=C1C(Cl)=CC2(C=C1Cl)CCNC1=C2C(=O)c2nc[nH]c2C1=O,NaN,0,NaN
3892,Nc1nc(-c2ccccn2)nn1C(=O)c1ccc(C(F)(F)F)cc1,NaN,0,NaN
3893,NS(=O)(=O)c1cc(C(=O)N2CCCC2)c(Cl)cc1S,NaN,0,NaN
3894,CN1C(=O)C(O)(c2sc(N)nc2-c2ccccc2)c2ccccc21,NaN,0,NaN
3895,Cc1nnsc1C1=NNC(=O)/C1=C\c1cn(C)c2cccc(F)c12,NaN,0,NaN
3896,O=C(/C(=N\O)n1cncn1)c1ccc(Br)cc1Br,NaN,0,NaN
3897,O=C1NC(=O)C(c2ccccc2)(c2ccc(C(F)(F)F)cc2)N1,NaN,0,NaN
3898,O=C(NNC(=O)c1ncccc1O)c1ccc(C(F)(F)F)cc1,NaN,0,NaN
3899,O=C(NNC(=O)c1ccncc1)Nc1ccc(Br)cc1,NaN,0,NaN
3900,Cn1nc(NC(=O)C(F)(F)F)c2ncc(-c3ccccc3)nc21,NaN,0,NaN
3901,O=C(NC(=S)Nc1ccc(C(F)(F)F)cc1)c1csnn1,NaN,0,NaN
3902,Oc1cc(O)cc(-c2cn(-c3c(O)c(F)cc(F)c3F)nn2)c1,NaN,0,NaN
3903,Oc1nc2cc(I)c(Cl)nc2nc1O,NaN,0,NaN
3904,N#Cc1c(N)[n+]([O-])c2cc(Cl)c(Cl)cc2[n+]1[O-],NaN,0,NaN
3905,CC(=O)Nc1ccc(S(=O)(=O)c2ccc(S(N)(=O)=O)s2)cc1,NaN,0,NaN
3906,CNC(=O)C(c1csnn1)S(=O)(=O)c1ccc(OC)cc1,NaN,0,NaN
3907,O=C1NC(=S)NC(=O)C1=NNc1ccc(SC(F)F)cc1,NaN,0,NaN
3908,CCCS(=O)(=O)NCCc1noc(C)n1,NaN,0,NaN
3909,COCCOC(=O)c1[nH]c2c(c1C)C(=O)C(C(=O)OC)C(C)C2,NaN,0,NaN
3910,Cc1cc(O)c(C(C)C)cc1N=Cc1ccc(N(C)C)cc1,NaN,0,NaN
3911,CCOCn1c(C(C#N)c2cc(C)cc(C)c2)cc(=O)n(O)c1=O,NaN,0,NaN
3912,O=C(Nc1ccc(Br)c(Cl)c1)c1cc(F)ccc1O,NaN,0,NaN
3913,CCOC(=O)c1c(/N=C/C2C(=O)NC(=S)NC2=O)sc(C)c1C,NaN,0,NaN
3914,O=c1ccc2cc(S(=O)(=O)NCc3ccc(Br)cc3)ccc2[nH]1,NaN,0,NaN
3915,N#Cc1c(-c2ccc(OC(F)(F)F)cc2)[n+]([O-])c2cc(F)c(F)cc2[n+]1[O-],NaN,0,NaN
3916,N=C1O[NH+]=C(N)C1C(CS(=O)(=O)c1ccc(Cl)cc1)S(=O)(=O)c1ccc(Cl)cc1,NaN,0,NaN
3917,CC(C)C1=[NH+][C@H]2CC[C@]34C[C@]35C(=O)C[C@]3(C)[C@@H]([C@H](C)[NH+](C)C)[C@H](O)C[C@@]3(C)[C@@H]5CC[C@H]4[C@]2(C)CN1,NaN,0,NaN
3918,CC(C)(C)c1nnn(CC(I)=C(I)I)n1,NaN,0,NaN
3919,Cc1cc2c3c(cc(C)n2C)cc(=O)cc3o1,NaN,0,NaN
3920,Cc1cc2c(ccc3c(C)cc(=O)oc32)o1,NaN,0,NaN
3921,CC(C)(C)COC1OC(=O)C(Cl)=C1Cl,NaN,0,NaN
3922,Cc1nc(N)c2c3c(sc2n1)CCCC3,NaN,0,NaN
3923,COC(=O)c1cncc(-c2cscc2C)c1,NaN,0,NaN
3924,Oc1c(F)c(F)c(Cn2cc[nH]c2=S)c(F)c1F,NaN,0,NaN
3925,COc1ccc(-n2cc(Cl)ccc2=O)cc1,NaN,0,NaN
3926,COc1cc(OC)c2c(C)coc2c1,NaN,0,NaN
3927,Cc1oc2cc3oc(=O)ccc3cc2c1C,NaN,0,NaN
3928,NN=C1C(Cl)=C(Cl)C(Cl)=C1Cl,NaN,0,NaN
3929,O=C1C=CC(=O)N1c1cc(Cl)cc(Cl)c1,NaN,0,NaN
3930,O=C1c2c(Br)sc(Br)c2C(=O)C1(O)O,NaN,0,NaN
3931,C/C(=C\C(=O)c1c(O)cc(C)oc1=O)N(C)C,NaN,0,NaN
3932,Cc1cc2c(o1)c(C)cc1c(C)cc(=O)n(C)c12,NaN,0,NaN
3933,COc1ccc(-n2ccsc2=S)cc1,NaN,0,NaN
3934,Cc1cc2cc(=O)cc3oc(C)cc(o1)c23,NaN,0,NaN
3935,CC(C)(C)C#Cc1cc2nsnc2cc1N,NaN,0,NaN
3936,CC(C)(C)C1=CC(=O)C(=O)C(C(C)(C)C)=C1,NaN,0,NaN
3937,O=C1C=Cc2c(Cl)sc(Cl)c21,NaN,0,NaN
3938,CCS(=O)(=O)NCCNc1c(C#N)cnc2c(F)cc(F)cc12,NaN,0,NaN
3939,Cc1cc(=O)oc2nc3scc(C)c3cc12,NaN,0,NaN
3940,CC1=CC(=O)C=CC1=Nc1ccc(N(C)C)cc1,NaN,0,NaN
3941,C1CCC([C@H]2OO[C@@H](C3CCCC3)[C@H]3O[C@H]32)C1,NaN,0,NaN
3942,Cc1sc2nc(C(C)C)oc(=O)c2c1C,NaN,0,NaN
3943,C=CCn1ccc(=O)c2ccc(Cl)cc21,NaN,0,NaN
3944,C=C1CC[C@H]2C(=C)CC[C@@H]3[C@H](OC(=O)[C@H]3C[NH2+][C@@H](CC(N)=O)C(=O)[O-])[C@@H]12,NaN,0,NaN
3945,O=[N+]([O-])c1ccc2c(c1)S(=O)(=O)[NH+]=C2Nc1cccc(Br)c1,NaN,0,NaN
3946,O=C1OC(OCC#CCOC2OC(=O)C(Cl)=C2Cl)C(Cl)=C1Cl,NaN,0,NaN
3947,O=C1NC(=O)C(=C/C=C/c2coc3ccc(Br)cc3c2=O)C(=O)N1,NaN,0,NaN
3948,CN(c1ccc2ccccc2c1)S(=O)(=O)c1ccc2[nH]c(=O)c(=O)[nH]c2c1,NaN,0,NaN
3949,O=C1NC(=O)C(=Cc2ccc(-c3ccc(I)cc3)o2)C(=O)N1,NaN,0,NaN
3950,CC(C)[C@H](C)/C=C/[C@@H](C)[C@H]1CCC2C3=CC(=O)O[C@@]3(O)CC[C@@]21C,NaN,0,NaN
3951,O=[N+]([O-])c1ccc(/N=C/C=C(\O)c2ccc(Br)cc2)cc1,NaN,0,NaN
3952,OCCCCCCC1COOC2(CCCCCCCCCCC2)OO1,NaN,0,NaN
3953,CCOC(=O)CSC1=C(C#N)C(=O)NC2(CCCCC2)S1,NaN,0,NaN
3954,C=CCn1c(S)nnc1CNS(=O)(=O)c1ccc(Br)cc1,NaN,0,NaN
3955,CCNc1nnc(SCc2csc(CS(C)(=O)=O)n2)s1,NaN,0,NaN
3956,O=C(c1cc(-c2cc(F)c(Cl)cc2Cl)n[nH]1)N(CCO)CCO,NaN,0,NaN
3957,O[C@H]1[C@H](O)[C@@H](C[NH+](CC2CCCCC2)CC2CCCCC2)O[C@@H]1CC[C@H]1O[C@H](C[NH+](CC2CCCCC2)CC2CCCCC2)[C@@H](O)[C@@H]1O,NaN,0,NaN
3958,C=C1CC[C@H]([C@@H](C)CO)[C@@H]2[C@H]1[C@H]1CC(=C)[C@@H](O)CC[C@@](C)(OC(=O)C(CC)OC(=O)CCC)[C@@H]2O1,NaN,0,NaN
3959,CC(=O)c1c(C)oc2ccc(N(C(C)=O)S(=O)(=O)c3ccc(Br)cc3)cc12,NaN,0,NaN
3960,C=C1[C@@H](O)CC[C@@]2(C)C[C@H](OC)C3=C(C)C[C@H](C(=O)C(C)C(C)O)[C@@H]([C@@H](OC(C)=O)[C@H]12)C3(C)C,NaN,0,NaN
3961,N#Cc1ccc(/C=C/C(=O)Nc2ccc(S(N)(=O)=O)cc2)cc1,NaN,0,NaN
3962,C=C1C[C@@H]2C/C=C/C(=O)C/C(C)=C/C=C/C(=O)O[C@H]([C@H](O)NC(=O)/C=C\C=C\C)C/C(C)=C/[C@H](C1)O2,NaN,0,NaN
3963,COC(=O)[C@H]1[C@@H](C(=O)OC)[C@@]23C=C(C(C)C)[C@@H]1C[C@@H]2[C@@]1(C)CCC[C@@](C)(C(=O)OC)[C@@H]1CC3,NaN,0,NaN
3964,CC(=O)O[C@@H]1CC[C@]2(C)[C@@H](C[C@H](O)[C@]34C[C@H](CC[C@@H]23)[C@@]2(CO2)C4)[C@@]1(C)CO,NaN,0,NaN
3965,C=C1C[C@H]2O[C@H]([C@H]3[C@@H]2[C@](C)(OC(C)=O)CC[C@@H]3C(C)C)[C@](C)(OC(C)=O)CC[C@@H]1OC(C)=O,NaN,0,NaN
3966,C=C1CC2OC3[C@H]4C(CC[C@@](C)(OC(=O)CCC)[C@@H]24)[C@@H](C)C(=O)O[C@@]3(C)CC[C@H]1OC(C)=O,NaN,0,NaN
3967,C/C=C/C=C\C(=O)NC(O)[C@@H]1C/C=C/[C@@H]2CCC[C@H](C/C=C/C(=O)C/C(C)=C\C=C\C(=O)O1)O2,NaN,0,NaN
3968,C#CCSc1nc(Sc2ccc(N)s2)c(C#N)c(-c2cc(OC)c(OC)c(OC)c2)n1,NaN,0,NaN
3969,CC(=O)OC/C=C(\COC(C)=O)C(C[C@@]1(C)[C@H](C)CC[C@]2(C)[C@@H]1CCCC21CO1)OC(C)=O,NaN,0,NaN
3970,CCCCCC(C)SCC1C2CCC(O2)C1C/C=C\CCCC(=O)[O-],NaN,0,NaN
3971,CCCCCCCC/C=C/[C@@H](O)[C@@H]1COC(=O)N1C(=O)C1CCCC1,NaN,0,NaN
3972,O=C([O-])CCC/C=C\CC1C2CCC(O2)C1CSCC1CCCCC1,NaN,0,NaN
3973,CCCCP(=O)(O)C1=CC[C@H](NC(=O)CCCC[C@@H]2SC[C@@H]3NC(=O)N[C@@H]32)C1,NaN,0,NaN
3974,CCCCC1CCC(C(=O)N(CC(C)C)c2c(N)n(CCCC)c(=O)[nH]c2=O)CC1,NaN,0,NaN
3975,CCCCCCCCCCCCCC[C@@]1(O)C[N+](C)(C)C[C@@H](CC(=O)[O-])O1,NaN,0,NaN
3976,CCCCCCCCCCCCNP(=O)(O)C1CCCN(O)C1=O,NaN,0,NaN
3977,CCCCS(=O)(=O)/C=C(\C)C[C@@H]1OCC(C[C@@H]2O[C@H]2[C@@H](C)[C@H](C)O)[C@@H](O)[C@H]1O,NaN,0,NaN
3978,CCCCCCCCC/C=C/C(=O)N[C@H]1C[C@@]2(O)C(=O)C=C[C@@H](Cl)[C@@H]2O[C@H]1O,NaN,0,NaN
3979,C[N+]1(CCCCCCCCCCCC[N+]2(C)CCOCC2)CCOCC1,NaN,0,NaN
3980,CCCCCCCCCCCC(=O)n1nc(Br)c(=O)[nH]c1=O,NaN,0,NaN
3981,CCCCCCCCCCC(=O)N1CSC[C@H]1C(=O)N1CCCC1,NaN,0,NaN
3982,[NH2+]=C(CCCCCCCCCCCCC(=[NH2+])N1CCCCC1)N1CCCCC1,NaN,0,NaN
3983,C/N=c1\scc(C)n1/N=C/c1cc(Br)c(O)c(Br)c1,NaN,0,NaN
3984,CC(C)NC(=O)N(C)C1CCS(=O)(=O)C1,NaN,0,NaN
3985,C/C=C/CC[C@H](C[C@@H]1OC(=O)[C@H]1CCCCCC)OC(=O)[C@@H](NC=O)C(C)C,NaN,0,NaN
3986,O=C1C=CC(=O)c2c(O)nc(CCBr)nc21,NaN,0,NaN
3987,C1C[NH2+][C@@H]2C(C1)C[C@H]1C[C@@H]2C[NH+]2CCCC[C@H]12,NaN,0,NaN
3988,Cc1csc2c(=O)n(CCO)c(=O)[nH]c12,NaN,0,NaN
3989,O=S1(=O)CCC(NC(=S)N2CCOCC2)C1,NaN,0,NaN
3990,Cc1nc2[nH]ccn2c(=O)c1CCO,NaN,0,NaN
3991,CC[NH+](CC(=O)NC(C)C)Cc1nc(O)c2cc(Br)cc(Br)c2n1,NaN,0,NaN
3992,Cc1n[nH]c(SC2C=CS(=O)(=O)C2)n1,NaN,0,NaN
3993,C1CC[NH+]2C[C@@H]3C[C@@H](C[NH+]4CCCCC34)C2C1,NaN,0,NaN
3994,C/[NH+]=C(\SC)N(C)c1nc(=[N+](C)C)ss1,NaN,0,NaN
3995,CN(C)/C=C1\C(=O)NN=C1C(F)(F)F,NaN,0,NaN
3996,CC(C)(C)OC(=O)N1CCOCC(CO)C1,NaN,0,NaN
3997,C[N+]12CCC(CC1)C(C#N)([NH+]1CCOCC1)C2,NaN,0,NaN
3998,C1CC[NH+]2C[C@@H]3CCC[NH+]4CCC[C@@H]([C@H]34)[C@H]2C1,NaN,0,NaN
3999,Oc1cc(O)n2ncc(Br)c2n1,NaN,0,NaN
4000,CC(=O)OC[C@H](OC(C)=O)[C@@](C)(O)/C=C/C=C(C)/C=C/C1=C(C)CCCC1(C)C,NaN,0,NaN
4001,C[Si]1(C)OB(O)c2cc(F)c(C=O)c(F)c21,NaN,0,NaN
4002,Cc1nn(C)c2sc(C(N)=O)c(N)c12,NaN,0,NaN
4003,CCC1Nc2ccncc2S(=O)(=O)N1,NaN,0,NaN
4004,O=C(N1CCCCCC1)N1CC[NH2+]CC1,NaN,0,NaN
4005,CC(C)(C)OC(=O)N1C[C@@H]2CC[NH2+][C@@H]2C1,NaN,0,NaN
4006,CCN1C(=O)/C(=C\N(C)C)NC1=S,NaN,0,NaN
4007,Cc1nsc(NC2CCN(C)C2=O)n1,NaN,0,NaN
4008,CC#Cc1cnn2c(NC)nc(C)nc12,NaN,0,NaN
4009,Cc1cn2cc(S(N)(=O)=O)sc2n1,NaN,0,NaN
4010,Cc1cc(=O)n(CC(C)O)c(O)c1C#N,NaN,0,NaN
4011,CC1(C)S(=O)(=O)CC(O)CS1(=O)=O,NaN,0,NaN
4012,CCCC1C[C@H]2CCCC[NH+]2[C@H]2CCC[NH+]12,NaN,0,NaN
4013,C[C@H]1CCN[P@@](=O)(N(CCCl)CCCl)O1,NaN,0,NaN
4014,Nc1ccc([As](=O)(O)c2ccc([N+](=O)[O-])cc2)cc1,NaN,0,NaN
4015,CC1(C)CC(NC(=O)C2CCCCC2C(=O)[O-])CC(C)(C)[NH2+]1,NaN,0,NaN
4016,Nn1c(SCC(=O)NC2CCCCC2)nnc1C1CC1,NaN,0,NaN
4017,C[C@@]12OC(=O)[C@]1([C@@H](O)C1CCCCC1)NC(=O)[C@@H]2CCCCl,NaN,0,NaN
4018,Nc1nc(CCC(=O)NCc2cn3c(n2)SCC3)cs1,NaN,0,NaN
4019,O=C1NC(=S)N(C2CC2)C(=O)/C1=C/NCC1CCCO1,NaN,0,NaN
4020,CC(O)C[C@H]1[C@@H](OC2CCCCC2)O[C@H](CO)[C@@H](O)[C@@H]1O,NaN,0,NaN
4021,Cc1noc(C)c1C[NH2+]C(C(=O)N1CCOCC1)C(C)C,NaN,0,NaN
4022,CC1CCCCC1NC(=O)C(=O)NCC1CCCO1,NaN,0,NaN
4023,O=[As](O)(O)c1ccc(/N=N\c2ccc([As](=O)(O)O)cc2)cc1,NaN,0,NaN
4024,O=c1[nH]c(=O)n(CCCC2CC2)c2nc(Cl)[nH]c12,NaN,0,NaN
4025,C[NH+]1CCOC(C[NH2+]Cc2csc(C3CCCCC3)n2)C1,NaN,0,NaN
4026,O=C(NC1CCCCC1)[C@H](O)[C@@H](O)C(=O)NC1CCCCC1,NaN,0,NaN
4027,CCC(C(N)=O)N1CC(/C=C\F)CC1=O,NaN,0,NaN
4028,CC[C@@H]1C[C@H]1NC(=O)N1CCC(CS(N)(=O)=O)CC1,NaN,0,NaN
4029,C=CC[C@@]12C=C(C[C@H](O)C(C)(C)O)C(=O)C=C1OCO2,NaN,0,NaN
4030,CC1(C)C2CC[C@]3(C)OB(CC[C@H]([NH3+])C(=O)NS(=O)(=O)C(F)(F)F)O[C@]13C2,NaN,0,NaN
4031,CC(Cn1cncn1)[NH2+]Cc1csc2c1CCCC2,NaN,0,NaN
4032,O=C(C[NH+]1CCOCC1)NCC12CC3CC(CC(C3)C1)C2,NaN,0,NaN
4033,O=C(NCCC1=CCCCC1)NC1CCS(=O)(=O)C1,NaN,0,NaN
4034,O=C(NCC1CCCO1)c1c(O)nc2c(c1O)CCCC2,NaN,0,NaN
4035,CC1(C)O[C@@H]2[C@@H](CC[C@@]3(COS(N)(=O)=O)CCC[C@@H]23)O1,NaN,0,NaN
4036,O=C(C[NH2+]C1CCCCC1)N1CCC2(CC1)OCCO2,NaN,0,NaN
4037,CC[NH2+]C[C@@H]1C(=O)O[C@H]2[C@H]1CCC(C)=C1C[C@H]3O[C@@]3(C)[C@@H]12,NaN,0,NaN
4038,Cn1c(=O)c(C(=O)CCl)c(N)n(CC2CC2)c1=O,NaN,0,NaN
4039,NC(=[NH2+])SCCO[C@H]1CC[C@H]([C@H]2CC[C@](O)(CC(=O)[O-])CC2)CC1,NaN,0,NaN
4040,C=CCCCO[C@H]1O[C@H](CO[C@H]2O[C@H](CO)[C@@H](O)[C@@H]2O)[C@@H](O)[C@@H]1O,NaN,0,NaN
4041,CC1=[NH+][C@@]2(CC[C@@H]3CN(S(=O)(=O)CC(C)C)C[C@@H]32)C(=O)N1CC1CC1,NaN,0,NaN
4042,CCC1=[NH+][C@@]2(CC[C@@H]3CN(S(=O)(=O)N(C)C)C[C@@H]32)C(=O)N1CC(C)C,NaN,0,NaN
4043,CCCCCCCC(O)/C=C/[C@@H]1[C@@H]2OC(=O)[C@@]1(O)C(=O)N[C@@H]2C,NaN,0,NaN
4044,CO[C@H]1C(=O)N(SC)[C@H]1c1cc(F)cc(F)c1F,NaN,0,NaN
4045,CCCCC#CC#C/C=C/CCCCCC[C@@H]1O[C@](C)(OC)[C@@](C)(OC)OC1=O,NaN,0,NaN
4046,Cc1cc(=O)oc2cc3occ(C=C4C(=O)NC(=S)NC4=O)c(=O)c3cc12,NaN,0,NaN
4047,O=C(Oc1ccc(O)nn1)c1ccccc1,NaN,0,NaN
,CC(OC(=O)O[C@@H]1C[C@H](C)CC[C@H]1C(C)C)OC(=O)[C@H]1[C@@H]2C[C@H](F)[C@@]([NH3+])(C(=O)[O-])[C@@H]21,0,NaN,NaN
,CC(C)(Br)[C@@H](Cl)C[C@H](Br)[C@](C)(Cl)/C=C/Br,0,NaN,NaN
,C/C=C/C=C/C(=O)O[C@@H]1CC[C@]2(CO2)[C@@H]([C@@]2(C)O[C@@H]2CC=C(C)C)[C@@H]1OC,0,NaN,NaN
,CC(=O)NCCN/C(C)=C1\C(=O)C=C2Oc3c(C(C)=O)c(O)c(C)c(O)c3[C@@]2(C)C1=O,0,NaN,NaN
,O=C(NC1CCCC1)C(c1ccccc1F)N(C(=O)c1csnn1)C1CC1,0,NaN,NaN
,CN(C)S(=O)(=O)N(CC(=O)Nc1ccccc1C(F)(F)F)c1ccccc1,0,NaN,NaN
,O=C(/C=C/c1ccc(O)cc1)c1ccc(NS(=O)(=O)c2cccc(O)c2)cc1,0,NaN,NaN
,O=C(CCC(=O)Nc1ccc(Br)cc1)N/N=C/c1ccccc1O,0,NaN,NaN
,O=C(/C=C/c1ccc(O)cc1)c1cccc(NS(=O)(=O)c2ccc(O)cc2)c1,0,NaN,NaN
,O=C(c1ccccn1)N(CC1CCCO1)C1(C(=O)NC2CCCCC2)CCCCC1,0,NaN,NaN
,O=C(/C=C/c1cccc(NS(=O)(=O)c2ccc(-c3ccccc3)cc2)c1)NO,0,NaN,NaN
,Cc1c(NC(=O)NC(=O)c2c(F)cccc2F)ccc(SC(F)(F)C(F)F)c1C,0,NaN,NaN
,O=C(CCc1ccc(O)cc1)N/N=C1\C(=O)Nc2c(Cl)ccc(Cl)c21,0,NaN,NaN
,CC12CCC3(CCC(=O)NC45CC6CC(CC(C6)C4)C5)[C@@](C)(OO[C@]3(C)O1)O2,0,NaN,NaN
,O=C1Oc2ccc(-c3ccccc3)cc2C(=O)/C1=N/Nc1ccccc1[N+](=O)[O-],0,NaN,NaN
,O=C(CN1C(=O)S/C(=C/c2ccco2)C1=O)Nc1ccc(Br)cc1,0,NaN,NaN
,O=C(NC1CCCCC1)C(c1ccncc1)N(CC1CCCO1)C(=O)C(F)(F)F,0,NaN,NaN
,O=C(/C=C/c1ccccc1O)c1ccccc1NS(=O)(=O)c1cccc(O)c1,0,NaN,NaN
,O=C(Nc1ncc(Nc2ccnc3[nH]c(=O)c4ccccc4c23)cn1)c1ccccc1,0,NaN,NaN
,CC(C)C(C(=O)N/N=C1\C(=O)Nc2c(Cl)ccc(Cl)c21)c1ccc(O)cc1,0,NaN,NaN
,CN1C(=O)N(c2ccccc2)C2NC(=S)N(/N=C/C=C/c3ccccc3)C21,0,NaN,NaN
,CCc1noc(C)c1C(=O)N(CC)CC(=O)Nc1ccccc1C(F)(F)F,0,NaN,NaN
,O=C1C(NS(=O)(=O)c2ccccc2)=C(c2ccoc2)C(=O)c2ccccc21,0,NaN,NaN
,O=S(=O)(Oc1ccc(Cl)cc1)c1ccc(Cl)cc1,0,NaN,NaN
,O=NN(CCCl)C(=O)NC1C(F)(F)C(F)(F)C(F)(F)C(F)(F)C1(F)F,0,NaN,NaN
,Oc1ccc(F)cc1Sc1cc(F)ccc1O,0,NaN,NaN
,O=C1C(=O)C(CCCO)(CCCO)CCCCCCCCC1(CCCO)CCCO,0,NaN,NaN
,CCCCN(CC)c1nc(C)nc2c1c(C)c(CO)n2-c1c(C)cc(C)cc1C,0,NaN,NaN
,CCCCCC(=O)N[C@@H]1[C@H]2OC(C)(C)O[C@H]2O[C@@H]1[C@H](O)CO,0,NaN,NaN
,Nc1c(F)c(O)nc(F)c1F,0,NaN,NaN
,O=[N+]([O-])c1ccc(S(=O)(=O)Nc2ccc(I)cc2)cc1,0,NaN,NaN
,O=[N+]([O-])c1cc(I)c(O)c(/C=N/NS(=O)(=O)c2ccc(Cl)cc2)c1,0,NaN,NaN
,CS(=O)(=O)c1ccc(Oc2ccc(Br)cc2)cc1,0,NaN,NaN
,Cc1c(C)c2c(c(C)c1O)CCC(C)(C(=O)NCCNC(=O)CCCCC(S)CCS)O2,0,NaN,NaN
,NC(=O)COC(=O)C12CC3CC(CC(O)(C3)C1)C2,0,NaN,NaN
,CC(C)C(=O)Nc1ccc(Sc2ccc(S(N)(=O)=O)s2)cc1,0,NaN,NaN
,NNc1ccc(S(=O)(=O)C(Cl)(Br)Br)cc1[N+](=O)[O-],0,NaN,NaN
,Nc1ncc(-c2cc(N3C[C@@H]4C[C@H]3CO4)nc(C3CC3F)n2)cc1OC(F)F,0,NaN,NaN
,CCC(=O)Oc1c(C(=O)CC)cc2c(C)cc(=O)oc2c1C,0,NaN,NaN
,O=[As](O)(O)c1ccc(/N=N/c2ccc(O)cc2)cc1,0,NaN,NaN
,COC(=O)C12C3C4C5C3(C#N)C1C5(C(=O)OC)C42C(=O)N(C(C)C)C(C)C,0,NaN,NaN
,O=C(CBr)Nc1nnc(C(F)(F)F)s1,0,NaN,NaN
,NS(=O)(=O)c1ccc(/N=C/c2ccc(/C=N/c3ccc(S(N)(=O)=O)cc3)o2)cc1,0,NaN,NaN
,CC12CCC(C(NC(=O)[C@H](NC(=O)N[C@@H](CCCC[NH3+])C(=O)[O-])C3CCCCC3)C1)C2(C)C,0,NaN,NaN
,CCCCCCCN1C(=[NH2+])N(CCCC[C@H]2CNC(=[NH2+])N2)C[C@@H]1CC1CCCCC1,0,NaN,NaN
,CCCCCCn1c(SCCC)nc2c1c(=O)[nH]c(=O)n2C,0,NaN,NaN
,O=S1(=O)CCC(NC(=S)NCCNC(=S)NC2CCS(=O)(=O)C2)C1,0,NaN,NaN
,CO[C@H]1[C@@H]2C[C@]3(O)[C@H]1[C@@]1(C[C@@H]2OC)OCO[C@]12C1[NH2+]C[C@]4(C)CC[C@H](OC)[C@@]13[C@@H]4[C@@H]2OC(C)=O,0,NaN,NaN
,COc1cc(/C=C/CO)c(OC)c(O[C@@H]2O[C@H](CO)[C@@H](O)[C@H](O)[C@H]2O)c1,0,NaN,NaN
,c1ccc(C[NH+]2CCC([NH2+]CCSc3cnn[nH]3)C2)cc1,0,NaN,NaN
,OC(c1cccnc1)(c1cccnc1)C(c1ccccc1)[NH+]1CC[NH2+]CC1,0,NaN,NaN
,Cc1nonc1C[NH2+]C(c1c[nH]cn1)C1CC[NH2+]CC1,0,NaN,NaN
,O=P([O-])(O)C(O)(C[S+]1CCCC1)P(=O)(O)O,0,NaN,NaN
,O=c1[nH]c(=O)n(C2OC(CO)C(O)C2O)cc1OCc1ccccc1,0,NaN,NaN
,C(=C\COc1ccc(C2=[NH+]CCN2)cc1)\COc1ccc(C2=[NH+]CCN2)cc1,0,NaN,NaN
,Oc1ccc(C[NH2+]CC[NH+]2CCOCC2)cc1O,0,NaN,NaN
,CCC(OS(N)(=O)=O)[C@@]12OC[C@H]3OC(C)(C)O[C@H]3[C@@H]1OC(C)(C)O2,0,NaN,NaN
,C=C(C)[C@@H]1CC=C(COC2OC(CO)[C@H](O)[C@H](O)[C@H]2O)CC1,0,NaN,NaN
,COc1ccc(/C=N/O[C@@H]2OC(CO)C(O)[C@H](O)C2O)c(O)c1,0,NaN,NaN
,O=C1NC(=O)/C(=C/c2cnn3c(NC4CC4)nc(NN4CCCC4)nc23)N1,0,NaN,NaN
,CNS(=O)(=O)c1cc(C)c2[nH]c(=O)cc(C)c2c1,0,NaN,NaN
,OCC/N=C1/C(O)=C(N2CC2)/C(=N\CCO)C(O)=C1N1CC1,0,NaN,NaN
,OC[C@H]1O[C@@H](OC/C=C/c2ccc(O)cc2)[C@H](O)[C@@H](O)[C@@H]1O,0,NaN,NaN
,O[C@H]1[C@@H](O)C[NH2+][C@@H]1C[NH2+][C@@H](COCOc1ccc(F)cc1)c1ccccc1,0,NaN,NaN
,OCC1CC(F)C(n2cnc3c(Cl)ncnc32)O1,0,NaN,NaN
,CO[C@H]1C[NH+](Cc2cc(Cn3cncn3)c(C)cc2C)CC[C@H]1[NH3+],0,NaN,NaN
,OC[C@H]1O[C@H](OCCC2CCCCC2)[C@@H](O)[C@@H](O)[C@@H]1O,0,NaN,NaN
,Cc1nc(C[NH2+]Cc2ccc(OC34CCC[NH+](CC3)C4)cc2)n[nH]1,0,NaN,NaN
,[NH3+]CC[NH2+]CCn1c2c(c3ccccc3c1=O)C(=O)c1ccccc1-2,0,NaN,NaN
,OCCOCC[NH2+][C@@H]1CC(=S)N2C[C@@H]3CCC[NH+]4CCC[C@@H]([C@H]34)[C@H]2C1,0,NaN,NaN
,CC(C)=CCC/C(C)=C/CCC(C)[NH+]1CCCC(O)C1,0,NaN,NaN
,O=[N+]([O-])c1ccc(/C=N/O[C@@H]2OC(CO)C(O)[C@H](O)C2O)o1,0,NaN,NaN
,c1ccc(C[NH+]2CCCC(CNc3ncnc4c3CC[NH2+]CC4)C2)cc1,0,NaN,NaN
,OC(CON=C1c2ccccc2-c2ccccc21)C[NH+]1CC[NH2+]CC1,0,NaN,NaN
,O[C@@]1(C[NH2+]CC2(Cn3cccn3)CC2)CCC[NH+]2CCCC[C@@H]21,0,NaN,NaN
,COc1cccc(-c2n[nH]cc2C[NH2+]C2CCC[NH+](C)C2)c1,0,NaN,NaN
,OC[C@H]1O[C@@H](SSCc2ccccc2)[C@H](O)[C@@H](O)[C@H]1O,0,NaN,NaN
,OC(COc1cccc(OCC(O)C[NH+]2CCCC2)c1)C[NH+]1CCCC1,0,NaN,NaN
,Cc1nc(C[NH2+]Cc2cccc(OC34CCC[NH+](CC3)C4)c2)n[nH]1,0,NaN,NaN
,O[C@@]1(C[NH2+]CC2(Cn3ccnc3)CC2)CCC[NH+]2CCCC[C@@H]21,0,NaN,NaN
,CC1CNC(c2ccc(COc3ccc(C4=[NH+]C(C)CN4)cc3)cc2)=[NH+]1,0,NaN,NaN
,OCc1ccc(-c2ccc(O[C@H]3O[C@H](CO)[C@@H](O)[C@H](O)[C@@H]3O)cc2)cc1,0,NaN,NaN
,CC(C)C[NH+]1CC[NH+](Cc2ccc(C#CC(C)(C)O)cc2)CC1CCO,0,NaN,NaN
,[NH3+][C@H]1CCCC[C@@H]1[NH+](Cc1ccccn1)Cc1ccccn1,0,NaN,NaN
,O=Cc1ccc(-c2ccc(F)c(C(F)(F)F)c2)o1,0,NaN,NaN
,C[C@H](/C=C/[C@]12O[C@@]1(C)C[C@@H](O)CC2(C)C)O[C@@H]1O[C@H](CO)[C@@H](O)[C@H](O)[C@H]1O,0,NaN,NaN
,C[NH+](CCOc1cccc(C[NH3+])c1)C1CCOCC1,0,NaN,NaN
,[NH3+][C@H]1C[NH2+][C@H](CCCCCCCCCCOO)[C@H]1O,0,NaN,NaN
,c1ccc(C[NH+]2CCC([NH2+]CCSc3cnn[nH]3)CC2)cc1,0,NaN,NaN
,C#CC[NH2+]Cc1ccc(C[NH2+]C2C3C4CC5C6C4C2C6C2(OCCO2)C53)cc1,0,NaN,NaN
,OC[C@H]1O[C@H](OCC2CCCCC2)[C@@H](O)[C@@H](O)[C@@H]1O,0,NaN,NaN
,N#Cc1ccc(-c2ccc(C[NH2+]CC3CC[NH2+]CC3)o2)cc1,0,NaN,NaN
,OC1(C[NH2+]CCOCc2ccc(Cl)cc2)CCC[NH2+]C1,0,NaN,NaN
,O=S(=O)(NCC(c1ccccc1)[NH+]1CC[NH2+]CC1)c1ccc(Cl)cc1,0,NaN,NaN
,Clc1ccc(-c2nnc(C[NH2+]CC3CC[NH2+]CC3)[nH]2)cc1,0,NaN,NaN
,O=S1(=O)C[C@@H]([NH2+]Cc2ccccc2)[C@H]([NH2+]Cc2ccccc2)C1,0,NaN,NaN
,COc1cc(O[C@@H]2O[C@H](CO)[C@@H](O)[C@H](O)[C@H]2O)cc(-c2ccc(O)c(O)c2)c1,0,NaN,NaN
,[NH3+]CC[C@H]1CNC(CN(Cc2ccccc2)c2ccccc2)=[NH+]1,0,NaN,NaN
,c1ccc2c(c1)C[NH2+][C@@H](C[NH+](CC1CC[NH2+]CC1)[C@H]1CCCc3cccnc31)C2,0,NaN,NaN
,Oc1ccccc1/C=N/CC[NH2+]CC[NH2+]CC/N=C/c1ccccc1O,0,NaN,NaN
,C(/C=C/c1cc2cc(C3=[NH+]CCN3)ccc2o1)=C\c1ccc(C2=[NH+]CCN2)cc1,0,NaN,NaN
,OCc1ccc(OC2CC[NH+](CC3CC[NH2+]CC3)CC2)cc1Cl,0,NaN,NaN
,[NH3+]C(O)C1SC([NH+]2CCOCC2)CC1OCC(F)(F)C1CCCCC1,0,NaN,NaN
,Brc1ccc(C[NH+]2CCC([NH2+]Cc3ncc[nH]3)CC2)cc1,0,NaN,NaN
,OC1(C[NH+](Cc2cccnc2)C2CCCCC2)C[NH2+]CCOC1,0,NaN,NaN
,OC(COC1CC[NH2+]CC1)C[NH+]1CCc2ccccc2C1,0,NaN,NaN
,COc1cccc(-c2n[nH]cc2C[NH2+]C2CC[NH+](C3CC3)CC2)c1,0,NaN,NaN
,O[C@@H](C[NH+]1CC[NH2+]CC1)[C@H](c1ccccc1)n1ccc2ccccc21,0,NaN,NaN
,O=P([O-])(O)C(O)(C[n+]1cccc(-c2ccc(F)cc2)c1)P(=O)(O)O,0,NaN,NaN
,C=CC[C@H]1[NH2+]C[C@@H](O)[C@H](OCc2ccccc2)[C@H]1O,0,NaN,NaN
,Oc1ccccc1C[NH2+]CC[NH2+]Cc1ccccc1O,0,NaN,NaN
,N#C[C@@H]1CCCN1C(=O)[C@@H]1C[C@H]([NH2+]C2CCCCC2)C[NH2+]1,0,NaN,NaN
,CCNc1nc(N2CC[NH+](C)CC2)nc2c1CC[NH2+]CC2,0,NaN,NaN
,CCn1c(C[NH+]2CCC(F)CC2)nnc1[C@H]1C[C@@H]([NH3+])C1,0,NaN,NaN
,C[C@@]12CC[C@@H]3O[C@H](CO)[C@@H](O)C[C@H]3O[C@H]1C[C@H]1O[C@@H](CCO)[C@H](O)C[C@@H]1O2,0,NaN,NaN
,CSCc1noc(C[NH+]2C[C@H](C3CC3)[C@@H]([NH3+])C2)n1,0,NaN,NaN
,Cc1nc(C[NH3+])cc(N2CCC([NH+]3CCCC3)CC2)n1,0,NaN,NaN
,C[C@@H](O)/C=C/C=C/[C@H]1OC[C@H]2[C@@H](O)[C@@H](O)[C@H](O)C[C@@H]21,0,NaN,NaN
,[N-]=[N+]=Nc1c(F)c(=O)[nH]c(=O)n1[C@@H]1O[C@H](CO)[C@@H](O)[C@H]1O,0,NaN,NaN
,C/C1=C/CC[C@@]2(C)O[C@H]2[C@H]2OC(=O)[C@@H](C[NH2+]CC[NH3+])[C@@H]2CC1,0,NaN,NaN
,Cc1nc2c(c(N3CCC(O)(C[NH+]4CCCC4)CC3)n1)CC[NH2+]CC2,0,NaN,NaN
,CCn1c(C[NH+](C)CC(F)(F)F)nnc1[C@H]1C[C@@H]([NH3+])C1,0,NaN,NaN
,CC1(C)O[C@@]2(C)CC[C@@H]1CC2OC1OC(CO)C(O)C(O)C1O,0,NaN,NaN
,C(=C1/CCCN(c2ccc(C3=[NH+]CCN3)cc2)C1)\c1ccc(C2=[NH+]CCN2)cc1,0,NaN,NaN
,COc1cc(C2=[NH+]CCN2)cc2cc(-c3ccc(C4=[NH+]CCN4)cc3)oc12,0,NaN,NaN
,N#Cc1ccc(O[C@@H]2[C@@H]3CCC(=O)[C@@H]3C[C@H]2[NH+]2CCC[C@@H]([NH3+])C2)cc1,0,NaN,NaN
,CCCC1[NH2+]C(C#N)(C#N)C(CCC)[NH2+]C1(C#N)C#N,0,NaN,NaN
,Cc1cc(C2=[NH+]CCN2)ccc1-c1cc2cc(C3=[NH+]CCN3)ccc2[nH]1,0,NaN,NaN
,OCC1O[C@@H](O/N=C\C2C[C@H]3C=CC2C3)C(O)[C@@H](O)C1O,0,NaN,NaN
,[NH3+]CC1CCN(c2nc(C3CCCC3)nc3c2CC[NH2+]CC3)C1,0,NaN,NaN
,CC(C)(C)[NH2+]CC(O)CO/N=C(\C[NH+]1CCOC1)C1CC1,0,NaN,NaN
,OCC1O[C@@H](O/N=C/C2CCCCC2)C(O)[C@@H](O)C1O,0,NaN,NaN
,c1cc2cc(-c3ccc4oc(C5=[NH+]CCN5)cc4c3)[nH]c2cc1C1=[NH+]CCN1,0,NaN,NaN
,CC1CNC(c2ccc(-c3ccc(-c4ccc(C5=[NH+]C(C)CN5)cc4)n3C)cc2)=[NH+]1,0,NaN,NaN
,N#Cc1ccc(O[C@@H]2[C@@H]3CC(=O)[C@@H]3C[C@H]2[NH+]2CCC[C@@H]([NH3+])C2)cc1,0,NaN,NaN
,CO[C@@H]1[C@H](O)CC[C@]2(O)C[S+]([O-])[C@@H](CC=C(C)C)[C@](C)(O)[C@@]12O,0,NaN,NaN
,Cc1c(C2[NH+]3CC4(C(C)C)C[NH+]2CC(C(C)C)(C3)C4=O)[nH]c(=O)[nH]c1=O,0,NaN,NaN
,CCn1c(CCCCCCCCCCCCc2noc(=O)n2CC)noc1=O,0,NaN,NaN
,CC(C)(C)/[N+]([O-])=C/c1cn(CCC(F)(F)C(F)(F)C(F)(F)C(F)(F)C(F)(F)C(F)(F)F)nn1,0,NaN,NaN
,CCCCC1CCC(C(=O)N(CCCC)c2c(N)n(CCCC)c(=O)[nH]c2=O)CC1,0,NaN,NaN
,C[C@@H]1OC(=O)[C@@H]1NC(=O)OC(C)(C)C,0,NaN,NaN
,CCC(C)(C)[NH2+]CC(=O)N1[C@H](C#N)CC[C@@H]1C#N,0,NaN,NaN
,CC(SC1CCCC1)C(=O)NC(C)(C#N)C(C)C,0,NaN,NaN
,O=c1[nH]c(=O)n(C/C=C/CBr)nc1Br,0,NaN,NaN
,O=c1nc2oc(CCCCCCCCCCl)cc2cn1[C@H]1C[C@H](O)[C@@H](CO)O1,0,NaN,NaN
,C=CCCCCCCCCC(=O)Nc1ccn([C@@H]2O[C@H](CO)[C@@H](O)C2(F)F)c(=O)n1,0,NaN,NaN
,CC(C)C[C@@H]1CC(=O)N([C@@H](CC2CCCCC2)C(=O)NCCCCCC(=O)NO)C1=O,0,NaN,NaN
,C=C(C)[C@@H]1[C@H]2OC(=O)[C@@H]1[C@]1(O)[C@H]3O[C@H]3[C@]3(CO3)[C@]1(C)[C@@H]2O,0,NaN,NaN
,CCCC[S+]([O-])/C=C(\C)C[C@@H]1OCC(C[C@@H]2O[C@H]2[C@@H](C)[C@H](C)O)[C@@H](O)[C@H]1O,0,NaN,NaN
,CC(=O)CC/C=C(/C)C[C@H]1CC(C)(C)CC1=O,0,NaN,NaN
,C[NH2+][C@H](CNc1cc(F)c(S(=O)(=O)Nc2ncc(F)s2)cc1Cl)C[Si](C)(C)C,0,NaN,NaN
,O=C(Nc1ccc(Cc2nnn[nH]2)cc1)C(F)(F)C(F)(F)C(F)(F)C(F)(F)F,0,NaN,NaN
,O=C1C=C(CBr)C(=O)C(CCC2=CC(=O)C=C(CBr)C2=O)=C1,0,NaN,NaN
,CC(C)CCNC(=O)COC(=O)c1cc(Br)c(Br)s1,0,NaN,NaN
,OC[C@H]1O[C@@H](n2cnc3c(NCc4cc(F)c(F)cc4F)ncnc32)[C@H](O)[C@@H]1O,0,NaN,NaN
,NC1=[NH+][C@@](c2cc(Nc3nccn4c(Br)cnc34)ccc2F)(C(F)F)COC1,0,NaN,NaN
,COc1cccc(NC([NH+]=C(S)Nc2ccc(C)cc2C)=[NH+]c2nc(C)cc(C)n2)c1,0,NaN,NaN
,CC(C)(C)NC(=O)N[C@H](C(=O)N1C[C@H]2[C@@H]([C@H]1C(=O)N[C@H]1CCOB1O)C2(C)C)C(C)(C)C,0,NaN,NaN
,COc1cnc(C(=O)Nc2ccc(F)c([C@@]3(C)[NH+]=C(N)[C@](C)(F)CC3(F)F)c2)cn1,0,NaN,NaN
,CC(=O)N1CCC[C@H]1C(=O)N[C@@H](C)C(=O)N1CCC[C@H]1C(=O)N[C@@H](C)C(=O)C(F)(F)F,0,NaN,NaN
,NC1=[NH+][C@@](c2cc(NC(=O)c3ccc(OC(F)F)cn3)ccc2F)(C(F)F)[C@H]2C[C@H]2O1,0,NaN,NaN
,CC(=O)Nc1ccc(S(=O)(=O)NNc2ccc(Br)cc2)cc1,0,NaN,NaN
,O=C([O-])c1cc(NC(=O)c2cnccn2)cc(-c2ccc(C3CC[NH2+]CC3)cc2)c1,0,NaN,NaN
,O=C(COC(=O)CNC(=O)C12CC3CC(CC(C3)C1)C2)NC1CCS(=O)(=O)C1,0,NaN,NaN
,NS(=O)(=O)c1ccc(S(=O)(=O)c2ccc(Cl)cc2)s1,0,NaN,NaN
,CSC(=S)n1ccnc1,0,NaN,NaN
,O=C(CCC1CCCC1)N1CCC(O)(C(F)(F)F)C1,0,NaN,NaN
,O[C@@H]1[C@@H](OC[C@H]2O[C@H](C[NH+](CC3CCCCC3)CC3CCCCC3)[C@@H](O)[C@@H]2O)O[C@H](C[NH+](CC2CCCCC2)CC2CCCCC2)[C@H]1O,0,NaN,NaN
,O=C(CCNC(=O)c1ccc(Br)o1)NCc1ccc(Cl)cc1,0,NaN,NaN
,O=C(/C=C/c1ccc(Br)cc1)NS(=O)(=O)c1ccc(Br)cc1,0,NaN,NaN
,O=C(CNC(=O)c1ccc(Br)o1)NCc1ccc(Cl)cc1,0,NaN,NaN
,N#Cc1ccc(CNc2c(NCC(F)(F)C(F)(F)F)c(=O)c2=O)cc1,0,NaN,NaN
,O=C([O-])c1ccc(N/C(S)=[NH+]/N=C/c2cc(Cl)cc(Cl)c2O)cc1,0,NaN,NaN
,[NH3+]CC1(CC(=O)[O-])CCCCC1C1CCCCC1,0,NaN,NaN
,O=C(C1CCN(S(=O)(=O)N2CCC3(CC2)OCCO3)CC1)N1CCOCC1,0,NaN,NaN
,CC1CCCC(NC(=O)C2CCN(S(=O)(=O)N3CCOCC3)CC2)C1C,0,NaN,NaN
,NS(=O)(=O)c1nnc(NS(=O)(=O)c2ccc(Br)cc2)s1,0,NaN,NaN
,O=C(CC1CC1)Nc1nnc(CCSCCc2nnc(NC(=O)CC3CC3)s2)s1,0,NaN,NaN
,[NH2+]=C1N[C@@H](CC2CCCCC2)CN1CCCC[C@H]1CNC(=[NH2+])N1CCCCC1CCCCC1,0,NaN,NaN
,C=CCCCCCCCCC(=O)Nc1nnc(S[C@@H]2O[C@H](CO)[C@H](O)[C@H](O)[C@H]2O)s1,0,NaN,NaN
,O=C(CCCCNC(=O)c1nc(-c2nc3c(s2)CCCCC3)sc1C1CC1)NO,0,NaN,NaN
,O=C(CCCCCCNC(=O)c1nc(-c2nc3c(s2)CCCC3)sc1C1CC1)NO,0,NaN,NaN
,O=C(CCCCNC(=O)c1nc(-c2nc3c(s2)CCC3)sc1C1CC1)NO,0,NaN,NaN
,O=C(CCCSc1nc(O)c2c3c(sc2n1)CCC3)NCCO,0,NaN,NaN
,CCC(=O)NC1=C(Cl)C(=O)C(NC(=O)CC)=C(Cl)C1=O,0,NaN,NaN
,CCCCC1S/C(=[NH+]/c2nc(C)c(C(=O)OCC)s2)NC1=O,0,NaN,NaN
,O=C(NC12CC3CC(CC(C3)C1)C2)NP(=O)(N1CC1)N1CC1,0,NaN,NaN
,O=C(NNS(=O)(=O)c1ccc(Br)cc1)c1ccncc1,0,NaN,NaN
,CCCCN1C(=O)C(CC(=O)NCC2CCCCC2)CC(C(=O)N(CC)CC)=C1C,0,NaN,NaN
,CCCCCC(=O)N1CC2(CC)CN(C(=O)CCCCC)CC(CC)(C1)C2=O,0,NaN,NaN
,CCCCCC(C)SC[C@H]1C2CCC(O2)C1C/C=C\CCCC(=O)[O-],0,NaN,NaN
,CC1=C(CC/C(C)=C/CC/C(=C/CC2OC(=O)C=C2CO)CO)C(C)(C)CCC1O,0,NaN,NaN
,C#CCNc1nc(SC)nc(CCO)c1I,0,NaN,NaN
,CCCCCCCCCCCCn1c(=O)n(C)c(=O)c2c1n(C)c(=O)n2C,0,NaN,NaN
,CCCCN(CC)C(=O)C1=C(C)NC(C)=C(C(=O)N(CC)CCCC)C1,0,NaN,NaN
,CCCCCCCCCCCC(=O)N1CSC[C@H]1C(=O)N1CCCC1,0,NaN,NaN
,CCCCCC/C=C\CCCCCC[C@H]1CC2(O)C[C@H](O)[C@H](O)CC2(O)O1,0,NaN,NaN
,C=CCCCCCCCCCO[C@H](CO)[C@H]1OC(O)[C@H](O)[C@H]1O,0,NaN,NaN
,CCCCCCC1CCC(C(=O)N2CCOCC2)CC1,0,NaN,NaN
,O=C(CCCCCCCC(=O)N1CCCC1)N1CCCC1,0,NaN,NaN
,O=C(CCSCCC(=O)N1CCCC1)N1CCCC1,0,NaN,NaN
,CCCCCCCC(=O)N1C2CC3CCC2(CS1(=O)=O)C3(C)C,0,NaN,NaN
,O=NC1C(Cl)C2CC1C1C(Br)C(Br)CC21,0,NaN,NaN
,CCOC(=O)[C@@]1(C)CC(O)C(=O)N1C,0,NaN,NaN
,CC(C)(CC(=O)NC1CC1)CC(=O)N[C@H]1C2CC3CC1C[C@@](O)(C3)C2,0,NaN,NaN
,CCCCCCCCCCC1[NH2+]C(C(=O)[O-])CCS1,0,NaN,NaN
,CCCCCc1nnn(CC(I)=C(I)I)n1,0,NaN,NaN
,O=C(CCCCCCCC(=O)N1CCCCC1)N1CCCCC1,0,NaN,NaN
,CCNC(=O)CN(CC)S(=O)(=O)c1c(Br)cc2[nH]c(=O)oc2c1Cl,0,NaN,NaN
,C/C(=[NH+]/c1ccc(/N=C/c2ccc(/C=N/c3ccc(/[NH+]=C(/C)N(C)C)cc3)cc2)cc1)N(C)C,0,NaN,NaN
,CCCCSc1nc(N)c2[nH]c(=O)c(=O)n(CCCC)c2n1,0,NaN,NaN
,C=CCNC(=S)NCCCCC1NC(=S)N(CC=C)C1=O,0,NaN,NaN
,CCc1n[nH]c(SCC(=O)Nc2nnc(CC(C)C)s2)n1,0,NaN,NaN
,C=CCNc1nnc(SCC(=O)N2CCC(C(N)=O)CC2)s1,0,NaN,NaN
,CCCNC(=O)Cn1c(-n2nc(C)cc2C)nc(CCC)cc1=O,0,NaN,NaN
,CCNc1nc(NC(C)(C)C)nc(SC(C(C)=O)C(C)=O)n1,0,NaN,NaN
,CC(=O)N1CCC(NS(=O)(=O)C(C)C)CC1,0,NaN,NaN
,CCCC[C@@H](C(=O)N1CCC[C@H]1C(=O)N1CCC1)[C@H](F)C(=O)NO,0,NaN,NaN
,O=S(=O)(Nc1cc(-c2cnc3[nH]cc(-c4ccncc4)c3c2)cnc1Cl)c1ccc(F)cc1,0,NaN,NaN
,O=S(=O)(Nc1ncc(F)s1)c1cc(F)c(Oc2ccc(Cl)cc2-c2cn[nH]c2)cc1F,0,NaN,NaN
,O=C(Nc1ccc(F)c(F)c1)c1cc(S(=O)(=O)NS(=O)(=O)c2ccc(F)c(F)c2)ccc1F,0,NaN,NaN
,CNC(=O)c1cc(Oc2ccc(NS(=O)(=O)c3ccc(C(F)(F)F)cc3Br)cc2)ccn1,0,NaN,NaN
,O=C(Nc1nccs1)c1nc(Sc2nnc[nH]2)ccc1Sc1ccc(C(F)(F)F)cc1,0,NaN,NaN
,O=C(Nc1ccc(F)c(F)c1)c1ccc(Cl)cc1NS(=O)(=O)c1cccc2nsnc12,0,NaN,NaN
,O=C(c1ccc2cc(Oc3ccc(C(F)(F)F)cn3)ccc2n1)N(C1CCOCC1)C1CCOCC1,0,NaN,NaN
,NS(=O)(=O)c1ccc(CCNC(=O)Cc2ccc(Cl)cc2)cc1,0,NaN,NaN
,CCOC(=O)c1c(C)[nH]c(C)c1C(=O)CSc1nnc(N)s1,0,NaN,NaN
,Cc1nn(CC(=O)NC(C)C(C)C)c(C)c1S(=O)(=O)N1CCCCC1,0,NaN,NaN
,NC(=O)c1cc[n+](C/C=C/C[n+]2cc(Cl)c(/C=N/O)c(Cl)c2)cc1,0,NaN,NaN
,O[C@@H]1COC2C1OCC21Nc2ccccc2[C@]2(Nc3ccccc3)C3OC[C@@H](O)C3OC12,0,NaN,NaN
,CC(CCO)Nc1ccc(NC(=O)c2cc(Cl)ccc2O)c(Cl)c1,0,NaN,NaN
,CCOC(=O)C1C(c2cc(OC)c(OC)c(OC)c2)[NH+]=C(S)NC1(O)C(F)(F)F,0,NaN,NaN
,CC(=O)O[C@@H]1[C@H]2CC[C@@H]3[C@]1(C[C@@H](OC(C)=O)[C@@]1(O)C([C@@H]4O[C@@H]4C1(C)C)[C@]3(C)O)C[C@@]2(C)O,0,NaN,NaN
,C=C1C[C@]23C[C@H]1CC[C@H]2[C@]1(C)CCC[C@](C)(CO)[C@@H]1C[C@@H]3O,0,NaN,NaN
,C=C1[C@@H]2CC[C@@H]3C[C@@]2(C[C@@H](O)[C@@]2(O)[C@@H]1[C@H](O)[C@H](O)C2(C)C)C[C@@]3(C)O,0,NaN,NaN
,C/C=C/C(=O)OC[C@]12CC[C@@]3(C)OC3C1OC1[C@H](O)[C@@H](OC(=O)/C=C/C)[C@@]2(C)C12CO2,0,NaN,NaN
,C[NH+](C)CCONC[C@H]1CC[C@]2(O)[C@@H]3CC[C@@H]4C[C@@H](O)CC[C@]4(C)[C@H]3CC[C@]12C,0,NaN,NaN
,C=CCc1cc(/C=N/O)c(O)c(-c2cc(/C=N/O)c(O)c(CC=C)c2)c1,0,NaN,NaN
,CCCCCCC(C)(C)C1=CC2=C(C(=O)C1=O)c1c(cnn1CC)C(C)(C)O2,0,NaN,NaN
,CSc1nsc(SC)c1C(=O)OCC(F)(F)F,0,NaN,NaN
,O=CNC(=C\c1ccc(O)cc1)/C(=C/c1ccc(O)cc1)NC=O,0,NaN,NaN
,CN(C)c1ccc(C(=O)N/N=C/c2cc(Br)ccc2O)cc1,0,NaN,NaN
,Cc1nnc(-c2ccc(C)c(-c3ccc(C(=O)NCc4ccc(NS(C)(=O)=O)cc4)cc3)c2)o1,0,NaN,NaN
,N#Cc1ccc(S(=O)(=O)N(N)C(=O)c2ccc(Cl)cc2Cl)s1,0,NaN,NaN
,C=CCSc1nc(NC(=S)Nc2ccc(I)cc2)ns1,0,NaN,NaN
,C=CCSc1nnc(NC(=S)Nc2ccc(I)cc2)s1,0,NaN,NaN
,C=CCSc1nnc(NC(=O)Nc2ccc(I)cc2)s1,0,NaN,NaN
,C[C@@H](NC(=O)/C=C/c1ccc(C(C)(C)C)cc1)c1ccc(NS(C)(=O)=O)cc1,0,NaN,NaN
,N#CC(C(=O)C(=O)C(C#N)c1ccc(Br)cc1)c1ccc(Br)cc1,0,NaN,NaN
,C=CCSc1nsc(NC(=O)Nc2ccc(I)cc2)n1,0,NaN,NaN
,C=CCSc1nc(NC(=O)Nc2ccc(I)cc2)ns1,0,NaN,NaN
,N#C[Se]CCCCN1C(=O)C(=O)c2cc(Br)cc(Br)c21,0,NaN,NaN
,C=CCSc1nsc(NC(=S)Nc2ccc(I)cc2)n1,0,NaN,NaN
,O=S(=O)(NC(c1ccc(C(F)(F)F)cc1)c1cnccn1)c1ccc(Cl)cc1,0,NaN,NaN
,O=S(=O)(/N=c1/[nH]c2ccccc2n1S(=O)(=O)c1ccccc1)c1ccccc1,0,NaN,NaN
,OC(Cn1cncn1)(Cn1cnc(SCc2ccc(Br)cc2)n1)c1ccc(F)cc1F,0,NaN,NaN
,O[C@H]1[C@H](O)[C@@H](C[NH+](CC2CCCCC2)CC2CCCCC2)O[C@@H]1/C=C/[C@H]1O[C@H](C[NH+](CC2CCCCC2)CC2CCCCC2)[C@@H](O)[C@@H]1O,0,NaN,NaN
,CCN(CC)c1cc2c(cc1N)c(=O)c1c(O)cc(O)cc1n2CC,0,NaN,NaN
,O=C(/C=C/N1CCC(O)(c2ccc(O)cc2)CC1)c1ccc(O)cc1O,0,NaN,NaN
,COc1nc([C@H]2CCCO2)c(C(=O)N[C@H]2C3CC4CC2C[C@](O)(C4)C3)s1,0,NaN,NaN
,CCC(C)(C)/N=c1\c(O)c(O)\c1=N/Cc1c(C)cc(Br)cc1C,0,NaN,NaN
,Cc1oc(=O)n(-c2ccc(F)cc2)c1-c1ccc(S(N)(=O)=O)cc1,0,NaN,NaN
,Cc1ccc(NC(=O)Nc2cc(S(=O)(=O)N(C)C)ccc2C)cc1,0,NaN,NaN
,O=C(NN1C(=O)/C(=C/C=C/c2ccco2)SC1=S)c1ccccc1O,0,NaN,NaN
,O=C(NCC1CCCCC1)NC12CC3CC(CC(C3)C1)C2,0,NaN,NaN
,CC(C)C1=CC(=Nc2ccc(S(N)(=O)=O)cc2)C=C(C(C)C)C1=O,0,NaN,NaN
,Cc1ccccc1S(=O)(=O)c1ccc(NC(=O)C(C)(O)C(F)(F)F)cc1,0,NaN,NaN
,C[N+](C)(C)C1CCC(CC2CCC([N+](C)(C)C)CC2)CC1,0,NaN,NaN
,C=C1[C@H](O)C[C@H]2[C@@](C)(COC(C)=O)CC(=O)C[C@]2(C)[C@H]1CC/C(C)=C\CO,0,NaN,NaN
,Cc1ccc(C(=O)/C=C/c2ccc(O)c(O)c2)cc1,0,NaN,NaN
,NC(=O)c1cn(-c2ccc(S(N)(=O)=O)cc2)nc1-c1ccc(Br)cc1,0,NaN,NaN
,CN(C)c1ccc(NC(=O)NS(=O)(=O)c2ccc(Cl)cc2)cc1,0,NaN,NaN
,Cc1cc(C)c(NC(=O)C2CCCO2)c(C)c1NC(=O)C1CCCO1,0,NaN,NaN
,Cc1ccsc1/C=N/NC(=O)CNC(=O)c1ccc(S(=O)(=O)N(C)C)cc1,0,NaN,NaN
,CSCCC(NC1=[NH+]S(=O)(=O)c2ccccc21)C(=O)NCCc1ccccc1,0,NaN,NaN
,CC(C)(O)CCC[C@@H](CO[C@@H]1O[C@H](CO)[C@@H](O)[C@H](O)[C@H]1O)[C@H]1CC[C@]2(C)[C@@H]1CC[C@@H]1C3=C(CC[C@]12C)C(C)(C)[C@@H]1CC[C@H]3O1,0,NaN,NaN
,C[C@@H]1O[C@@H](O[C@H]2CC[C@@]3(C)[C@H](CC[C@@H]4[C@@H]3CC[C@]3(C)[C@H](C(O)C[N+](=O)[O-])CC[C@]43O)C2)[C@H](O)[C@H](O)[C@H]1O,0,NaN,NaN
,CC(C)[C@H](CC[C@@H](C)[C@H]1C[C@@H](O)[C@H]2[C@@H]3C[C@H](O)[C@H]4[C@@H](O)[C@@H](O)CC[C@]4(C)[C@H]3CC[C@@]21C)O[C@@H]1O[C@H](CO)[C@H](O)[C@H]1O,0,NaN,NaN
,O=C(NO)C1(S(=O)(=O)c2ccc(Oc3ccc(OC(F)(F)F)cc3)cc2)CC[NH2+]CC1,0,NaN,NaN
,CC(NC1=C(F)C(=O)c2c(F)c(F)c(F)c(F)c2C1=O)SSC(C)NC1=C(F)C(=O)c2c(F)c(F)c(F)c(F)c2C1=O,0,NaN,NaN
,O=C(CCCCC1CCCCC1)OCC1COCCOCCOCCO1,0,NaN,NaN
,CSc1nc(S)c2c3c(sc2n1)COC(C)(C)C3,0,NaN,NaN
,N#CC(=C1SCCS1)c1nnc(N)s1,0,NaN,NaN
,O=C1NC(=O)C2(CCCCC2C2CCCCC2)N1,0,NaN,NaN
,O=C1CCCc2c1sc1nc3n(c(=O)c21)CCCC3,0,NaN,NaN
,O=C1CCCc2c1sc1nc3n(c(=O)c21)CCCCC3,0,NaN,NaN
,S=C(SSC(=S)n1cccn1)n1cccn1,0,NaN,NaN
,O=C(C1CCCCC1)N1CCC2(CC1)OCCO2,0,NaN,NaN
,C1CCOC2(CCC3(CC2)OCCCCO3)OC1,0,NaN,NaN
,CS(=O)(=O)c1nc2c(c(C(F)(F)F)n1)CCCC2,0,NaN,NaN
,Cc1c(C(=O)N2CCCCC2)sc(N)c1C#N,0,NaN,NaN
,C=CCNC(=O)c1c(Br)cnn1-c1ccc(C)cc1,0,NaN,NaN
,O=C1NC(=O)C2(CCCCCCCCCCC2)N1,0,NaN,NaN
,CCN(CC)C(=O)Cn1c(C)cc2nc(SC)n(CC(C)C)c(=O)c21,0,NaN,NaN
,Cc1nc2sccn2c(=O)c1Br,0,NaN,NaN
,O=C1NCCC(=O)c2c1[nH]c(Br)c2Br,0,NaN,NaN
,O=C1NC2=C(CCCCC/C2=N\O)C12CCCCCC2,0,NaN,NaN
,N#CC1=C2SCCN2C(=O)C(C#N)C12CCCCC2,0,NaN,NaN
,O=c1[nH]c(-c2ccc(C(F)(F)F)cc2)ncc1O,0,NaN,NaN
,N#CC12CCCCC1CC1CCCCC1(C#N)N2N,0,NaN,NaN
,N#Cc1cnn2c(C(F)(F)F)c3c(nc12)CCCC3,0,NaN,NaN
,O=C1NC2=C(CCCC/C2=N\O)C12CCCCC2,0,NaN,NaN
,Oc1[nH]nc2nc(C(F)(F)F)cc(C(F)(F)F)c12,0,NaN,NaN
,Cc1nn(CC(F)(F)F)c(=O)c2c(N)scc12,0,NaN,NaN
,C1CCC2(CC1)OCC1(CO2)COC2(CCCCC2)OC1,0,NaN,NaN
,O=C1c2c(Br)sc(Br)c2[C@@H](Cl)[C@H]1Cl,0,NaN,NaN
,O=C1c2ccsc2C(=O)c2c1ccc(CO)c2O,0,NaN,NaN
,O=C1c2ccsc2-c2nccc3c(Br)cnc1c23,0,NaN,NaN
,C1CSCCSCCSCCSC1,0,NaN,NaN
,C=C[Si]1(C)O[Si](C)(C=C)O[Si](C)(C=C)O[Si](C)(C=C)O1,0,NaN,NaN
,COC(=O)C1(C)C=CC2(CCCCC2)N1C(C)=O,0,NaN,NaN
,O=C1C=C2C(=Nc3c2c2c(c4c3=NC3=C4CCC=C3)C=NC=2)CC1,0,NaN,NaN
,N#Cc1c(O)c2c3c(sc2[nH]c1=O)CCCCC3,0,NaN,NaN
,O=c1[nH]c(-c2ccc(O)cc2)nc2ccsc12,0,NaN,NaN
,O=C([O-])CNC(=O)C1[NH2+]C(C(F)(F)F)(C(F)(F)F)OC1(C(F)(F)F)C(F)(F)F,0,NaN,NaN
,C=C1C[C@H]2O[C@H]([C@H]3[C@@H]2[C@]2(CO2)[C@@H](OC(C)=O)C[C@@H]3C(C)C)[C@](C)(OC(C)=O)CC[C@@H]1O,0,NaN,NaN
,CC(C)C(=O)C1=C2O[C@H](C(C)(C)O)C[C@]2(C)C(=O)[C@]2(C[C@H]3[C@@H](CC[C@@]3(C)O)[C@](C)(O)C2)C1=O,0,NaN,NaN
,OC1CCC2(CC1)OOC1(O2)C2CC3CC(C2)CC1C3,0,NaN,NaN
,O=C(NC1=CC2C=NNC2C=C1)c1nscc1NCc1ccncc1,0,NaN,NaN
,Cc1sc(NC(=O)CSc2nnnn2C(C)C)c(C#N)c1C,0,NaN,NaN
,CC(C)(C)[C@@H]1NC(=O)[C@@H](CN(O)C=O)CCCCCCCCNC1=O,0,NaN,NaN
,CC(C)(C)[C@@H]1NC(=O)[C@@H](CN(O)C=O)CCCCCCCCCNC1=O,0,NaN,NaN
,O=C(COc1ccc(/C=C2/NC(=O)NC2=O)cc1)Nc1ccc(F)cc1,0,NaN,NaN
,CC1(C)O[C@H]2O[C@H]([C@H]3COC(C)(C)O3)[C@@H](NC(=O)C3CCCC3)[C@H]2O1,0,NaN,NaN
,C[C@@H]1CC2=C(C1)[C@@H]([C@@]1(C)C(=O)C[C@H]3[C@@H](C1=O)C3(C)C)[C@H](C)C2=O,0,NaN,NaN
,CC(C)(C)NC(=S)NC(=O)C12CCC3CC(CC(C3)C1)C2,0,NaN,NaN
,CC(C)[C@H]1CC[C@]23C[C@@H]4[C@H](C)C(=O)[C@H]5O[C@]54[C@@]2(C)CC(=O)[C@]13C,0,NaN,NaN
,C#CCSc1nc(Cl)c(C#N)c(-c2ccc(F)cc2)n1,0,NaN,NaN
,NC(=O)c1ccc(Cc2ncc(C(F)(F)F)cc2Cl)s1,0,NaN,NaN
,O=C1C=C(CBr)C(=O)c2c(O)ccc(O)c21,0,NaN,NaN
,CC1(C)OC2(CI)CCCC1C2,0,NaN,NaN
,CC(C)[C@H]1C(=O)C2=C(C1=O)[C@@]1(C)CCCC(C)(C)[C@@H]1CC2=O,0,NaN,NaN
,CC1=C2C[C@]3(C)C(=O)C[C@@H](C(C)C)[C@H]3C[C@H]3O[C@@]3(C)[C@@H]2CC1=O,0,NaN,NaN
,O=C(NCC12CC3CC(CC(C3)C1)C2)NC1CC2C=CC1C2,0,NaN,NaN
,COC12CCC[C@@H](C1)C(I)C(C)(C)OO2,0,NaN,NaN
,C=C1C(=O)CC[C@@H]2[C@@]3(C)CC[C@](C)(C(O)CO)C[C@@H]3CC[C@]12C,0,NaN,NaN
,C[C@@]12CCC[C@H]1[C@@H]1CC[C@H]3CC(=O)N[C@@H](CO)C[C@]3(C)[C@H]1CC2,0,NaN,NaN
,CC1(C)CC(=O)c2s/c(=N/C3CCCCC3)oc2C1,0,NaN,NaN
,CC1(C)[C@@H](O)C[C@H](O)[C@]2(C)[C@H]3CCO[C@]3(C)CC[C@@H]12,0,NaN,NaN
,CC(C)[C@]1(O)C=C2C(=O)C=C3C(C)(C)[C@H](O)CC[C@@]3(C)[C@@H]2CC1,0,NaN,NaN
,S=C(NCC12CC3CC(CC(C3)C1)C2)Nc1nccs1,0,NaN,NaN
,CC(C)[C@@]12CC[C@H]3C(=C[C@@H]4OC(=O)[C@]5(C)CCC[C@@]3(C)[C@@H]45)[C@@H]1O2,0,NaN,NaN
,CC(O)[C@H]1CC[C@H]2[C@@H]3CCC4NC(=O)CC[C@]4(C)[C@H]3CC[C@]12C,0,NaN,NaN
,O=C1NC(=O)/C(=C/c2c(F)c(F)c(F)c(F)c2F)S1,0,NaN,NaN
,Oc1ccc(-c2ccc(C(O)c3ccncc3)cc2)cc1,0,NaN,NaN
,C=C1CC[C@H](C(C)C)[C@@H]2[C@H]1[C@@H]1CC(=C)[C@@H](O)CC[C@](C)(O)[C@H]2O1,0,NaN,NaN
,NS(=O)(=O)c1ccc(-c2cscc2-c2ccc(F)cc2)cc1,0,NaN,NaN
,CC(C)C1=CC2=C(C(=O)C1=O)[C@@]13CCCC(C)(C)[C@@H]1CC2OC3,0,NaN,NaN
,CC(C)C1=C[C@]2(O)CC[C@H]3C(C)(C)CCC[C@]3(O)CC2=CC1=O,0,NaN,NaN
,NS(=O)(=O)c1ccc(-c2ccsc2-c2ccc(F)cc2)cc1,0,NaN,NaN
,Oc1ccc(Br)cc1CNc1nccs1,0,NaN,NaN
,CCC1=C2CCC3(C)C(OC(C)=O)CCC3C2CCC1=O,0,NaN,NaN
,C[C@]1(CO)CCC[C@]2(C)[C@H]1C[C@H](O)[C@@]13C[C@@H](CC[C@@H]21)[C@]1(C)O[C@@H]13,0,NaN,NaN
,CCOC(=O)/C=C/[C@H]1CC2(CCO1)SCCCS2,0,NaN,NaN
,O=C1C(Cl)=C(Cl)C(=O)N1C1C2CC3CC(C2)CC1C3,0,NaN,NaN
,O=CC[C@H]1S[C@@H](COC(=O)[C@@H]2CCC[NH2+]2)[C@@H](COC(=O)[C@@H]2CCC[NH2+]2)S1,0,NaN,NaN
,OCCSC[C@H]1O[C@@H](n2cnc3c2ncn2ccnc32)[C@H](O)[C@@H]1O,0,NaN,NaN
,Cc1sc2nc(CC[NH3+])nc(N(CC[NH+](C)C)CC3CCCO3)c2c1C,0,NaN,NaN
,C[NH+](C/C=C\C[NH3+])C[C@H]1O[C@@H](n2cnc3cncnc32)[C@@H]2OC(C)(C)O[C@@H]21,0,NaN,NaN
,CN(C)c1cc[n+]([C-](C=C(C#N)C#N)C(=O)c2ccc(Cl)cc2)cc1,0,NaN,NaN
,C(COC1CC2CC1C1C2CC2OC21)OC1CC2CC1C1C2CC2OC21,0,NaN,NaN
,O[C@@H]1[C@H](O)[C@@H]2C[C@@H]2[C@H]1n1cnc2c(NC(C3CC3)C3CC3)nc(I)nc21,0,NaN,NaN
,OC[C@H]1O[C@@H](n2cnc3c(CSc4ccc(Cl)cc4Cl)ncnc32)[C@H](O)[C@@H]1O,0,NaN,NaN
,O[C@@H]1[C@H](O)[C@@H](C=C(Br)Br)O[C@H]1n1cnc2c(NC3CC3)ncnc21,0,NaN,NaN
,O=C(CCNS(=O)(=O)c1ccc(Cl)cc1)Nc1ccncc1,0,NaN,NaN
,C=C1CCC[C@]2(C)C[C@H]3OC(=O)[C@@H](C[NH2+]CCC[NH+](C)C)[C@H]3C[C@@H]12,NaN,NaN,0
,CO[C@H]1OC(OC2C[C@H]3CC[C@]2(C)OC3(C)C)[C@H](O)[C@@H](O)[C@@H]1O,NaN,NaN,0
,OC[C@H]1O[C@H](OC2CCCCC2)[C@@H]2CC(O)CO[C@H]2[C@@H]1O,NaN,NaN,0
,CCN(CC)C(=O)CSc1nc(O)c2c(C)c(C)sc2n1,NaN,NaN,0
,CSc1nc2c(C)nsc2n1[C@@H]1O[C@H](CO)[C@@H](O)[C@H]1O,NaN,NaN,0
,CCC1(C)Cc2c(sc3nc(SC)nc(NCC[NH+](C)C)c23)CO1,NaN,NaN,0
,C[C@@H]1CCC2[C@@H](C)CO[C@@H]3O[C@]4(C)CCC1C23OO4,NaN,NaN,0
,[NH3+][C@H]1c2c(Br)sc(Br)c2C(=O)[C@H]1O,NaN,NaN,0
,Cc1nn(-c2ccccc2F)cc1C#N,NaN,NaN,0
,O=P(O)(O)C(F)(F)CCCCC(F)(F)P(=O)(O)O,NaN,NaN,0
,NC(=O)[C@]12CC3CC(C1)[C@@H](OC(=O)N1CC[C@@H](Nc4nnc(C(F)(F)F)s4)C1)C(C3)C2,NaN,NaN,0
,CC(=O)O[C@]1(C)CC[C@H](C(C)C)[C@@H]2[C@H]1[C@H]1C[C@](C)(O)[C@@H](O)CC[C@@](C)(OC(C)=O)[C@@H]2O1,NaN,NaN,0
,CO[C@H]1C[C@H](O[C@H]2CC[C@@]3(C)C(=C(C=O)[C@@H]4[C@@H]3CC[C@]35C(=O)O[C@H](C)[C@H]3CC[C@]45O)C2)O[C@H](C)[C@H]1O,NaN,NaN,0
,COC(=O)[C@]1(C)CCC[C@@]2(C)C3CC[C@H]4[C@@H](CO[C@H]5O[C@H](CO)[C@@H](O)[C@H](O)[C@H]5O)C[C@H]4C3CCC21,NaN,NaN,0
,CC(C)(C)c1cc2c(cc1OS(N)(=O)=O)CC[C@@H]1[C@@H]2CC[C@]2(C)[C@@H](OS(N)(=O)=O)CC[C@@H]12,NaN,NaN,0
,CC(C(=O)NN(C)C(=S)c1ccc(C#N)cc1)C(=O)NN(C)C(=S)c1ccc(C#N)cc1,NaN,NaN,0
,C=C1[C@H]2[C@@H]([C@@H](C(C)C)[C@H](OC(C)=O)[C@@H]1O)[C@H]1O[C@@H]2C[C@](C)(O)[C@@H](O)CC[C@@]1(C)OC(=O)CCC,NaN,NaN,0
,O=C(N[C@H]1C2CC3CC1C[C@](O)(C3)C2)c1cnc(NC2CCS(=O)(=O)CC2)nc1C1CCC1,NaN,NaN,0
,CC(=O)OC1(C(C)=O)CCC2C3CC4OC45CC(O)CCC5(C)C3CCC21C,NaN,NaN,0
,CCC(C)C(=O)C1=C2O[C@H](C(C)(C)O)C[C@]2(C)C(=O)[C@]2(C[C@H]3[C@@H](CC[C@@]3(C)O)[C@](C)(O)C2)C1=O,NaN,NaN,0
,CCCCC(=O)O[C@H]1C[C@@]2(COC(C)=O)[C@@H](C=C1C)O[C@@H]1[C@H](O)[C@@H](OC(C)=O)[C@@]2(C)[C@]12CO2,NaN,NaN,0
,CC12CCC3C(CC[C@H]4CC(O)CCC34C)C1CCC2O,NaN,NaN,0
,C=C1C[C@]23CC[C@@H]4[C@](C)(CO)CCC[C@@]4(C)[C@@H]2CC[C@@]1(O)C3,NaN,NaN,0
,CC(C)[C@@H]1CC[C@@H](C)C[C@H]1OC(=O)O[C@@H](C)OC(=O)[C@H]1[C@@H]2C[C@H](F)[C@@]([NH3+])(C(=O)[O-])[C@@H]21,NaN,NaN,0
,C[C@H]1[C@@H](O[C@H]2O[C@H](CO)[C@@H](O)[C@H](O)[C@@H]2O)O[C@@H]2O[C@@]3(C)CC[C@H]4[C@H](C)CC[C@@H]1[C@@]24OO3,NaN,NaN,0
,O=C(CC12CC3CC(CC(C3)C1)C2)N1CCCC1,NaN,NaN,0
,NNC(=O)C[C@H]1CC[C@]2(CC1)OO[C@]1(O2)C2CC3CC(C2)CC1C3,NaN,NaN,0
,CCCCCCCCNC(=O)CS[C@@H]1OC[C@@H](OC(C)=O)[C@@H](OC(C)=O)[C@@H]1OC(C)=O,NaN,NaN,0
,NC(=O)c1ccsc1NC(=O)CCS(=O)(=O)c1ccc(Cl)cc1,NaN,NaN,0
,O=C(CC12C3C4C1C1C2C3C41CC(=O)NO)NO,NaN,NaN,0
,CCCC(Br)C(=O)Nc1nnc(C(F)(F)F)s1,NaN,NaN,0
,C[C@@H](CC1CCCCC1)N(C)C(=O)[C@H]([NH3+])CC(=O)[O-],NaN,NaN,0
,CC(C)CCC[C@@H](C)[C@H]1CC[C@H]2[C@@H]3CC[C@H]4C[C@@H](O[C@H]5O[C@H](CO)[C@@H](O[C@H]6O[C@H](CO)[C@@H](O)[C@H](O)[C@H]6O)[C@H](O)[C@H]5O)CC[C@]4(C)[C@H]3CC[C@]12C,NaN,NaN,0
,CCCCNC(=O)C1CCN(S(=O)(=O)N2CCCCCC2)CC1,NaN,NaN,0
,Cc1nc(O)nc(O)c1/C=C/C(=O)N[C@@H](C)C[S+]([O-])CCl,NaN,NaN,0
,CCCC[C@@H](C(=O)N1CCC[C@H]1C(=O)N1CCCCC1)[C@H](F)C(=O)NO,NaN,NaN,0
,Cc1nn(C)cc1S(=O)(=O)NCC(C)Cn1cc(Cl)cn1,NaN,NaN,0
,CCCc1cc(=O)n(CC(=O)NC(C)C)c(-n2nc(C)cc2C)n1,NaN,NaN,0
,Cc1nnc2sc(C(=O)NC3CN(c4ncc(C(F)(F)F)cn4)C3)c(N)c2c1C,NaN,NaN,0
,C[C@@H](O)[C@@H](NC(=O)N1CCN(c2ccc(C#Cc3ccc(O)cc3)cc2)CC1)C(=O)NO,NaN,NaN,0
,CCCCCCNc1nc(SCCCC)nc2c1ncn2[C@@H]1O[C@H](CO)[C@@H](O)[C@H]1O,NaN,NaN,0
,Nc1nc(Nc2ccc(S(N)(=O)=O)cc2)sc1C(=O)c1ccc([N+](=O)[O-])cc1,NaN,NaN,0
,CC(=O)Nc1ccc(S(=O)(=O)N2N=Cc3sc(Br)cc3B2O)cc1,NaN,NaN,0
,CC(NC(=O)CN1c2cccc3cccc(c23)S1(=O)=O)c1ccc(S(N)(=O)=O)cc1,NaN,NaN,0
,CC(Cl)(Cl)C(NC(=O)c1cccs1)N/C(Nc1ccc(C(F)(F)F)nc1)=[NH+]/C#N,NaN,NaN,0
,Cc1ccc(C2=NN(c3ccc(S(N)(=O)=O)cc3)C(O)(C(F)(F)F)/C2=N/O)cc1,NaN,NaN,0
,Cc1ccc(-c2nn(-c3ccc(S(N)(=O)=O)cc3)cc2C=O)cc1,NaN,NaN,0
,CNC(=O)[C@@H](Cc1c(F)c(F)c(F)c(F)c1F)NC(=O)Nc1nnc(S)s1,NaN,NaN,0
,C[C@@H](O)[C@@H](NC(=O)N1CCN(c2ccc(C#Cc3cccs3)cc2)CC1)C(=O)NO,NaN,NaN,0
,NS(=O)(=O)c1ccc(-c2cn(-c3ccc(I)cc3)nn2)s1,NaN,NaN,0
,N#Cc1ccc([C@H](c2ccc(OS(N)(=O)=O)c(Br)c2)n2cncn2)cc1,NaN,NaN,0
,c1cc(N2CC[NH2+]CC2)ccc1-c1ccc2ccc(-c3ccc(N4CC[NH2+]CC4)cc3)nc2n1,NaN,NaN,0
,COc1ccc(Nc2ncnc3c2c(I)cn3[C@@H]2O[C@H](C)[C@@H](O)[C@H]2O)cc1,NaN,NaN,0
,O=C(NC(=S)Nc1ccc(S(=O)(=O)Nc2nccs2)cc1)c1cccnc1,NaN,NaN,0
,CC(=O)NS(=O)(=O)c1ccc(NC(=S)Nc2ccc(S(N)(=O)=O)cc2)cc1,NaN,NaN,0
,CC(C)(C)C#Cc1ccc(/C=C/S(=O)(=O)Nc2ccccc2S(N)(=O)=O)cc1,NaN,NaN,0
,CC(=O)C1=NN(c2ccc(S(N)(=O)=O)cc2)/C(=C(\C#N)C(=O)c2ccccc2)S1,NaN,NaN,0
,Cc1nc(SC(C)C(=O)c2c(N)n(C)c(=O)n(C)c2=O)c2c(C)c(C)sc2n1,NaN,NaN,0
,Cc1ncc(Cn2nnc(COc3ccccc3)c2I)c(N)n1,NaN,NaN,0
,CC(C)C(=O)Nc1nc2ccc(S(C)(=O)=O)cc2s1,NaN,NaN,0
,Cc1c2c(nn1-c1ccc(/C=N/NC(N)=S)cc1)-c1ccccc1S(=O)(=O)N2C,NaN,NaN,0
,CC(C)[C@]1(C(=O)N2C[C@@H]3C[C@H]2CN3C(=O)C2CCCCC2)CC[C@@H]([NH2+]C2CCOCC2F)C1,NaN,NaN,0
,CC(=O)OC[C@@]12[C@@H](OC(C)=O)C[C@@H](C)[C@](C)([C@@H]3C[C@H]4C=CO[C@H]4O3)[C@H]1CCC[C@]21CO1,NaN,NaN,0
,C=C(C(=O)OCC)[C@@H]1CC[C@@](C)(O)[C@@H]2CC[C@@](C)(O2)[C@@H](OC(C)=O)C/C=C(\C)[C@H](O)C1,NaN,NaN,0
,C=CCc1cc(NC(=O)CCl)c(O)c(-c2cc(CC=C)c(O)c(NC(=O)CCl)c2)c1,NaN,NaN,0
,CC(C)(C)c1nnnn1CC#CI,NaN,NaN,0
,CCOCCc1nnn(CC(I)=C(I)I)n1,NaN,NaN,0
,NC(=[NH2+])SCCO[C@H]1CC[C@H]([C@H]2CC[C@H](CC(=O)[O-])CC2)CC1,NaN,NaN,0
,O=c1[nH]cc(C(CI)OCC(F)(F)F)c(=O)[nH]1,NaN,NaN,0
,CC(C)c1noc(CS(=O)(=O)CC(=O)NCC(F)(F)F)n1,NaN,NaN,0
,NS(=O)(=O)c1ccc(NS(=O)(=O)c2ccc(Br)cc2)cc1,NaN,NaN,0
,COC(=O)c1cc(/N=C/c2ccc(S(N)(=O)=O)cc2)ccc1O,NaN,NaN,0
,COc1cc(C=C2C(=O)NC(=S)NC2=O)cc(OC)c1OC,NaN,NaN,0
,CC(C)C(=O)Nc1ccc(S(=O)(=O)c2ccc(S(N)(=O)=O)s2)cc1,NaN,NaN,0
,CN(C)S(=O)(=O)c1ccc(Oc2ccc(S(=O)(=O)N(C)C)cc2)cc1,NaN,NaN,0
,O=C(NNS(=O)(=O)c1ccccc1)c1cccc(C(F)(F)F)c1F,NaN,NaN,0
,COc1ccc(C2=C(c3ccc(S(N)(=O)=O)cc3)C(=O)NC2=O)cc1,NaN,NaN,0
,CN(C)S(=O)(=O)c1ccc(NC(=O)c2ccc(C(F)(F)F)cc2)cc1,NaN,NaN,0
,CCOC(=O)Cc1csc(NC(=S)NC(=O)c2ccccc2Br)n1,NaN,NaN,0
,COc1ccc(OC)c(NC(=S)N/N=C2\CC[Se]c3ccc(C)cc32)c1,NaN,NaN,0
,Cc1cccc2sc(NC(=O)CN(C)S(=O)(=O)c3ccc(Br)s3)nc12,NaN,NaN,0
,Cc1ccc(S(=O)(=O)NNC(=O)C(O)(c2ccccc2C)c2ccccc2C)cc1,NaN,NaN,0
,COc1ccc(-c2nc(/[NH+]=C(\N)[N+]3(C)CCCCC3)sc2-c2ccc(OC)cc2)cc1,NaN,NaN,0
,Cc1cccc2sc(N(CCC[NH+](C)C)C(=O)c3ccccc3Br)nc12,NaN,NaN,0
,CC(C)N(C(=O)C12CC3CC(CC(C3)C1)C2)C(C)C,NaN,NaN,0
,Cc1cc(C)c(Sc2cn(C)c(=O)c(Nc3ccc(C#N)cc3)n2)c(C)c1,NaN,NaN,0
,CC(C)[C@H](C)Nc1c(-c2c(F)cc(F)cc2F)c(Cl)nc2ncnn12,NaN,NaN,0
,Cc1cc(-c2ccnc(Nc3ccc(N(C)C)cc3)n2)c(C)o1,NaN,NaN,0
,CC(C)CNC(=O)CC1(CC(=O)NC2C3CC4CC(C3)CC2C4)CCCC1,NaN,NaN,0
,Cc1sc2ncnc(NC(C)c3ccc(-n4ccnc4)cc3)c2c1C,NaN,NaN,0
,Cc1cc(-c2cnc(NC(C)C)nc2-c2ccc(C)s2)on1,NaN,NaN,0
,NS(=O)(=O)c1ccc(SCc2ccc(OC(F)(F)F)cc2)s1,NaN,NaN,0
,C[C@H]1C=C[C@H]2C[C@@](O)(CO)CC[C@@H]2[C@@]1(C)C(=O)CCO,NaN,NaN,0
,CC(C)[Si](OC12CCC(CC1O)CC2CO)(C(C)C)C(C)C,NaN,NaN,0
,CC(=O)OCCC(=O)[C@]1(C)[C@H]2CC[C@H](C)C[C@@H]2[C@H](Cl)[C@@H](O)[C@@]1(C)O,NaN,NaN,0
,CC(C)c1ccc(C[NH2+]C(C)c2ccc(S(=O)(=O)N(C)C)cc2)cc1,NaN,NaN,0
,O[C@@H]1[C@H](O)[C@@H]2C[C@@H]2[C@H]1n1ccc2c(NC(C3CC3)C3CC3)nc(I)nc21,NaN,NaN,0
,O=C(Nc1ccc(S(=O)(=O)Nc2nccs2)cc1)C(F)(Cl)C(F)(F)F,NaN,NaN,0
,N#CSCCCN1C(=O)C(=O)c2cc(Br)cc(Br)c21,NaN,NaN,0
,O=C1C=C(CCC2=CC(=O)C(CBr)=CC2=O)C(=O)C=C1CBr,NaN,NaN,0
,C=C(C(O)/C=C/C(C)=O)[C@@H]1C[C@@H](O)[C@@]2(C)[C@@H]1[C@@H]1[C@H](C)CC[C@@H]12,NaN,NaN,0
,Cc1nc(C)c(C(=O)Nc2nnc(C(F)(F)C(F)(F)C(F)(F)F)s2)s1,NaN,NaN,0
,COP(C)(=O)OCC1C(C=C(C)C)C1(C)COP(C)(=O)OC,NaN,NaN,0
,Cc1nc2c([se]1)C(=O)C=C(Nc1ccc(C(F)(F)F)cc1)C2=O,NaN,NaN,0
,CC1(C)OC[C@@H]([C@@]2(C)CC[C@@H]3C4(CC[C@@H]5[C@](C)(CO)C[C@@H](O)C[C@@]35C)OC42)O1,NaN,NaN,0
,C[C@]12CC[C@H]([N+](C)(C)C)C[C@@H]1CC[C@@H]1[C@@H]2CC[C@]2(C)[C@@H](O)[C@@H]([N+]3(C)CCOCC3)C[C@@H]12,NaN,NaN,0
,CN(C#N)c1nc(Cl)c(-c2c(F)cc(F)cc2F)c(NCC(F)(F)F)n1,NaN,NaN,0
,C[C@@]1(CO)C[C@@H](O)C[C@]2(C)[C@@H]1CC[C@@]13O[C@@H](CO)[C@@](C)(CC[C@@H]21)[C@H]3Br,NaN,NaN,0
,C[C@H]1C[C@H](C2OC2(C)C)O[C@@]12CC[C@]1(C)C[C@H]3[C@H](C(=O)C[C@@]3(C)O)C(C=O)=CC[C@H]12,NaN,NaN,0
,CCCCCCCCCC1(c2cc(C)c(NC(=O)C[NH+](CC)CC)c(C)c2)NC(=O)NC1=O,NaN,NaN,0
,CC1(C)OC1CC/C(=C/CBr)CBr,NaN,NaN,0
,CCCCCNC(=O)NCCCC/C=C\CCCCCC1SC(=O)NC1=O,NaN,NaN,0
,CC(=O)NCCNc1cc2c(cc1CC(C)C)CN(CCC(C)C)C(=O)[C@H](CC(C)C)N2,NaN,NaN,0
,CCC[C@@H](O)C1=C(Br)[C@](CI)(OC)OC1=O,NaN,NaN,0
,[NH3+][C@H]1CCC[C@H]1S(=O)(=O)[O-],NaN,NaN,0
,O=c1nc2oc(CCCCCCCCCBr)cc2cn1[C@H]1C[C@H](O)[C@@H](CO)O1,NaN,NaN,0
,CCCCC[C@H](O)/C=C/[C@H]1[C@H](O)CC(=O)[C@@H]1C/C=C\CCCC(=O)NS(C)(=O)=O,NaN,NaN,0
,C=CCO[C@@H]1[C@H](OCC=C)[C@@H](OCC=C)C=C2c3cc4c(cc3C(=O)N(CC=C)[C@H]21)OCO4,NaN,NaN,0
,CCCCCCCCCCCCNc1nc(=O)n([C@H]2C[C@H](O)[C@@H](CO)O2)cc1C,NaN,NaN,0
,CCCC(=O)CC(=O)NC1CCOC1=O,NaN,NaN,0
,C=CCCCCCCCCOC(=O)[C@@H]1CSC(C)(C)N1C(=O)C(=O)C(C)(C)C,NaN,NaN,0
,CC(C)(C)/[N+]([O-])=C/c1cn(CCC(F)(F)C(F)(F)C(F)(F)C(F)(F)C(F)(F)C(F)(F)C(F)(F)C(F)(F)F)nn1,NaN,NaN,0
,Cc1c(C)c(S(=O)(=O)N(CCCCCON)OCCC[NH3+])c(C)c2c1OC(C)(C)CC2,NaN,NaN,0
,CC1(C(=O)NCCCCCCCCCNC(=O)C2(C)CC2(Cl)Cl)CC1(Cl)Cl,NaN,NaN,0
,CCCCCCN(CCCCCC)C(=O)C[C@H]1C[C@H](O)C[C@@]2(CCC3(C=CC(=O)C=C3)O2)O1,NaN,NaN,0
,CCCCCC[C@H]1CCC[C@@H](Cn2cc([C@@H]3CCC[C@H](CCCCO)O3)nn2)O1,NaN,NaN,0
,O=C(C[C@@H](CCCC1CCCCC1)c1nc(C(=O)NCC2CC2)no1)NO,NaN,NaN,0
,O=C(OCC(=O)c1ccc(Br)s1)c1ccc(O)cc1,NaN,NaN,0
,CN(Cc1ccc(C(N)=O)cc1)c1ccc(C(F)(F)F)cn1,NaN,NaN,0
,OCCOCn1c(Br)nc(Br)c1Br,NaN,NaN,0
,Oc1nc2c(F)c(F)c(F)c(F)c2nc1O,NaN,NaN,0
,C1=CC=C2NCCC/N=C3/C=CC=CC=C3NCCC/N=C\2C=C1,NaN,NaN,0
,N#Cc1cccc(C#Cc2cccc(F)n2)c1,NaN,NaN,0
,O=C1N[C@H]2C(=O)c3c(Br)sc(Br)c3[C@H]2O1,NaN,NaN,0
,CCCCS(=O)(=O)c1sc2nc(C)cc(C)c2c1N,NaN,NaN,0
,FC(F)(F)C(F)(F)C(F)(F)c1nc2nc(Cl)c(Cl)[nH]c-2n1,NaN,NaN,0
,O=C(/C=C/c1ccc(Br)o1)Nc1nccs1,NaN,NaN,0
,Cc1nc(SCC(=O)NC2CC2)c2c(C)c(C)sc2n1,NaN,NaN,0
,O=C(NC1CCCC1)C1CC(=O)N(C2CCCCCCC2)C1,NaN,NaN,0
,O=c1oc2c(Br)c(O)c(Br)cc2s1,NaN,NaN,0
,NC(=O)Cc1nc(-c2ccc(F)cc2)oc1-c1ccsc1,NaN,NaN,0
,O=C1C(Br)=C(Br)C(=O)c2[nH]cnc21,NaN,NaN,0
,Cc1ccc(C[S+]([O-])c2nc3c(C)sc(C)c3[nH]2)nc1,NaN,NaN,0
,N#Cc1c(NC(=O)CSC2=NCCS2)sc2c1CCCC2,NaN,NaN,0
,Cc1nnc(SC(C)C(=O)NC2CCCCC2C)s1,NaN,NaN,0
,CN(C)c1ccc(C#Cc2cnc(OCCOCCOCCF)c(I)c2)cc1,NaN,NaN,0
,Cc1ccc(SCC(=O)Nc2c(Br)cnn2C)cc1,NaN,NaN,0
,O=C(COc1ccc(Br)cc1)Nc1ccncc1,NaN,NaN,0
,CC(C)CNC(=O)Cn1nc(C(F)(F)F)c2c1CCCC2,NaN,NaN,0
,O=C1N[C@@H]2c3c(Br)sc(Br)c3C(=O)[C@@H]2O1,NaN,NaN,0
,O=C(N[C@H](CO)C1CCCCC1)C1CCCCc2ncsc21,NaN,NaN,0
,Nc1nc2c(Br)c3nc(N)sc3cc2s1,NaN,NaN,0
,O=C(NCCC1=CCCCC1)c1coc(=O)c(Br)c1,NaN,NaN,0
,NC(=O)CSc1nc(C2CC2)nc2sc3c(c12)CCCC3,NaN,NaN,0
,O/N=C1\C/C(=N\O)c2c(Br)sc(Br)c21,NaN,NaN,0
,CC1=C(C)SC(=C2Sc3c(n(C)c(=O)n(C)c3=O)S2)S1,NaN,NaN,0
,CSc1nccc(C#Cc2ccc(CC(C)NC(C)=O)cc2)n1,NaN,NaN,0
,CC(C)(C)c1csc(NC(=O)CSC2=NCCS2)n1,NaN,NaN,0
,CCc1c([C@@](C)(O)CS(=O)(=O)CC)[nH]c2cc(C(F)(F)F)c(C#N)cc12,NaN,NaN,0
,Cc1ccc(C(C)(O)CNC(=O)c2sccc2Br)o1,NaN,NaN,0
,O=c1cc(C(F)(F)F)c2cc(N(CCO)CC(F)(F)F)ccc2[nH]1,NaN,NaN,0
,CO[C@H]1C[C@@H]([C@@H](O)[C@@](C)(OC)[C@H](C)OC)O[C@]2(O[C@](C)([C@H]3CC[C@@H]([C@H]4CC[C@H]([C@H]5O[C@](C)(O)[C@H](C)[C@@H](O)[C@@H]5C)O4)O3)[C@H](OC)[C@H]2C)[C@H]1C,NaN,NaN,0
,NS(=O)(=O)c1ccc(C#Cc2ccc(=O)n(C(F)F)c2)cc1,NaN,NaN,0
,S=C(N/N=C\C=N/NC(=S)N1CCCCC1)N1CCCCC1,NaN,NaN,0
,Cc1nc(N2CCOCC2)nc(O)c1C(O)C(Cl)(Cl)Cl,NaN,NaN,0
,Nc1ncc(Br)cc1S(=O)(=O)N1CCCCCC1,NaN,NaN,0
,Nc1nnc(SCC(=O)NCC(=O)Nc2ccc(F)c(F)c2F)s1,NaN,NaN,0
,C=CCn1c(SCC(=O)NCCO)nc2sc(C)c(C)c2c1=O,NaN,NaN,0
,NC(=O)c1ccc(NCC(=O)N/N=C/c2c(Cl)cncc2Cl)cc1,NaN,NaN,0
,Cc1oc2nc(SCCCC(=O)NCCCO)nc(N)c2c1C,NaN,NaN,0
,CC(O)Cn1cnc2c(S)nc(F)nc21,NaN,NaN,0
,CC(C)(CC(=O)NC1CC1)CC(=O)N[C@H]1C2CC3CC1C[C@](C(N)=O)(C3)C2,NaN,NaN,0
,CCC(C)[C@H](NC(=O)N1CCCC1)C(N)=O,NaN,NaN,0
,CCOC(=O)C(NC(=O)CC(C)C)(Nc1sc(C)c(CC)c1C#N)C(F)(F)F,NaN,NaN,0
,C=C[C@@](C)(CC[C@@H]1[C@@]2(C)CCCC(C)(C)[C@@H]2CC[C@@]1(C)O)O[C@@H]1O[C@H](C)[C@H](O)[C@H](O)[C@H]1O,NaN,NaN,0
,C#C[C@]1(O)CC[C@H]2[C@@H]3CCC4=CC(=O)CC[C@@H]4[C@H]3CC[C@@]21CCCO,NaN,NaN,0
,CCOCC1CN(C(=S)SSC(=S)N2CCCOC(COCC)C2)CCCO1,NaN,NaN,0
,CNC(=S)n1nc(SC)nc1N,NaN,NaN,0
,CCc1c(C)[nH]c2c(C#N)c(C)nn2c1=O,NaN,NaN,0
,Oc1nc(O)c(Br)c(N2CCC2)n1,NaN,NaN,0
,CSC(C#CC(C)(C)[NH+]1CCOCC1)=[N+](C)C,NaN,NaN,0
,C[NH+]1CCC[C@@H]2C[C@H]3C[C@H](C[NH+]4CCCC[C@H]34)[C@@H]21,NaN,NaN,0
,CNc1nc(C#N)cnc1C#N,NaN,NaN,0
,O=C1C(Cl)=C(Cl)C(=O)c2ncncc21,NaN,NaN,0
,CC(C)(O)C(C)(C)OB(OC(C)(C)C(C)(C)O)c1ccncc1C#N,NaN,NaN,0
,CC(C)(C)C1CCN(N=O)CC1,NaN,NaN,0
,O=c1[nH]c2c(c(=O)n1O)C1CCCCC1S2,NaN,NaN,0
,C=CCCCC[C@H]1CC[NH2+]C[C@@H]1C(=O)[O-],NaN,NaN,0
,CC(C)C[C@@H]1NC(=O)NCN(C)C1=O,NaN,NaN,0
,CC1C=NN(C(N)=O)C1(O)C(F)(F)F,NaN,NaN,0
,C1CC[NH+]2CC3CCC[NH+]4CCCC(C2C1)C34,NaN,NaN,0
,C=C1NC(=O)[C@H]([C@H](C)OC)N(C)C1=O,NaN,NaN,0
,C[C@@H]1CCC[C@H](C)N1[n+]1[cH-]c(=N)on1,NaN,NaN,0
,CC1=CS(=O)(=O)CC1Sc1nc(C)n[nH]1,NaN,NaN,0
,CSc1nc2c(=S)n(C)c(=O)n(C)c2[nH]1,NaN,NaN,0
,N#Cc1c(F)c(F)c2nc(N)nc(N)c2c1F,NaN,NaN,0
,Cn1c(=O)n(C)c2cc3[nH]cnc3cc21,NaN,NaN,0
,N#CC1C[C@@H]2C[C@@H]2N1C(=O)[C@@H]1CCCN1N,NaN,NaN,0
,CC1=CC(N2C(=O)C(C)=CC2O)NC1=O,NaN,NaN,0
,Cc1nc2[nH]c(=S)n(C)c(=O)c2nc1C,NaN,NaN,0
,C1CC[NH+]2C[C@@H]3C[C@@H](C[NH+]4CCCC[C@H]34)[C@H]2C1,NaN,NaN,0
,COC(=O)C1=C(C)NC(=S)NC1C,NaN,NaN,0
,Cc1c(O)c(Br)c(CO)c[n+]1[O-],NaN,NaN,0
,CC(C)C1Nc2ccncc2S(=O)(=O)N1,NaN,NaN,0
,CC(=O)N(C(C)=O)c1n[nH]c(=S)s1,NaN,NaN,0
,CC/N=c1/sc(=O)[nH]c2cc(C)nn12,NaN,NaN,0
,CSc1nnc(C(C)(C)C)c(=O)n1N,NaN,NaN,0
,O=C(NC1CCCCC1)C(=S)N1CCOCC1,NaN,NaN,0
,COCc1cc(O)n2nc(C)cc2n1,NaN,NaN,0
,Cc1cc(N2CCC(O)CC2)nc(C)n1,NaN,NaN,0
,CCCCCC[S+]([O-])[C@H]1CS(=O)(=O)C[C@@H]1[S+]([O-])CCCCCC,NaN,NaN,0
,CC1=CS(=O)(=O)CC1Sc1nc[nH]n1,NaN,NaN,0
,Cc1cc(C)cc(-n2ncc(=O)[nH]c2=O)c1,NaN,NaN,0
,O=c1[nH]nc(Cl)c2nc[nH]c12,NaN,NaN,0
,C1=CC2C3CC3C1C1C[NH+](C3CC[NH2+]CC3)CC21,NaN,NaN,0
,[NH3+]C1CC[NH+](CC(F)(F)F)C1,NaN,NaN,0
,Cc1cnc(C[NH+]2CCC([NH3+])CC2)c(C)c1O,NaN,NaN,0
,Cc1nncc([C@H]2C[NH+]3CC[C@H]2C3)n1,NaN,NaN,0
,CC1(C)C2(C#N)C(=O)NC(=O)C12C#N,NaN,NaN,0
,C=CCNC1=C(C(=O)CCC(=O)OC)C(=O)CC(C)(C)C1,NaN,NaN,0
,C#CC(C)(C)OC(=O)C1CN=CNC1,NaN,NaN,0
,C[NH+]1CCCC(C2CCC[NH+]2C)C1,NaN,NaN,0
,CCOC(=O)C(=O)NC1CCSC1=O,NaN,NaN,0
,CC(C)/C=c1\[nH]c(=O)/c(=C/C(C)C)[nH]c1=O,NaN,NaN,0
,C1CCC([NH2+]C2CC[NH2+]CC2)C1,NaN,NaN,0
,CC1SC(O)C(O)C(O)C1O,NaN,NaN,0
,O=C([O-])c1nc2cc(Cl)ccc2[nH]c1=O,NaN,NaN,0
,O=C1C=C(NCCBr)C(=O)C=C1NCCBr,NaN,NaN,0
,Clc1cnc2c(N3CC[NH2+]CC3)nccn12,NaN,NaN,0
,O=C(N1CCCC1)N1C[C@@H]2C[NH2+]C[C@@H](C2)C1,NaN,NaN,0
,CC(C)C1C2CC(C[NH+](C)C2)C[NH+]1C,NaN,NaN,0
,[NH3+]C1CC[NH+](CC2CCCC2)CC1,NaN,NaN,0
,O=C([O-])/C=C1\SC(=O)NC1=O,NaN,NaN,0
,Cc1cc(=O)[nH]c(=O)n1C1C=CC(O)C1,NaN,NaN,0
,COC1OC(C(C)O)C2OC(C)(C)OC12,NaN,NaN,0
,[NH3+]C1CC[NH+](CC2CCCC2)C1,NaN,NaN,0
,CN1CNS(=O)(=O)c2cc(F)cnc21,NaN,NaN,0
,CCC1NC(=S)NC(=O)C1C#N,NaN,NaN,0
,c1nnn(C2C[NH+]3CCC2CC3)n1,NaN,NaN,0
,COC1C=CC(O)C(CO)O1,NaN,NaN,0
,Cc1ncc(C(=O)N2C[C@@H]3CCC[NH2+][C@@H]3C2)cn1,NaN,NaN,0
,C[NH+]1CC23CC4CC2(CC4C3)C1,NaN,NaN,0
,C[NH+]1CCN(c2nc(O)c3c(n2)CCC3)CC1,NaN,NaN,0
,O=C([O-])C1CC[NH+]1C1CCCCC1,NaN,NaN,0
,CCC(NC(=O)Nn1cnnc1)(C(F)(F)F)C(F)(F)F,NaN,NaN,0
,CC(C)[NH+]1CC2CCC(C1)C2[NH3+],NaN,NaN,0
,C=CC[NH+]1CC[N+]2(CCCC2)CC1,NaN,NaN,0
,COc1ccc(S(=O)(=O)c2ccc(NC(=O)C(C)(O)C(F)(F)F)cc2)cc1,NaN,NaN,0
,O=S(=O)(Nc1ccc2sc(CO)nc2c1)c1ccc(Br)cc1,NaN,NaN,0
,CCC(C)N(C)c1ncc(C#Cc2ccc(CC(C)NC(C)=O)cc2)cn1,NaN,NaN,0
,O=C1C=CC(=O)c2c(O)c(N(CCCl)CCCl)c(Cl)c(O)c21,NaN,NaN,0
,Fc1nc(F)c(F)c(NCCCNc2c(F)c(F)nc(F)c2F)c1F,NaN,NaN,0
,CCNC(=O)c1c(NC(=O)C23CC4CC(CC2C4)C3)sc2c1CCOC2,NaN,NaN,0
,O=C1NC(=S)NC(=O)C1=Cc1ccc(/C=C/C(=O)c2ccc(Cl)cc2)cc1,NaN,NaN,0
,N#CCCN(Cc1cccs1)S(=O)(=O)c1ccc(Br)cc1,NaN,NaN,0
,N#CCCN(Cc1ccco1)S(=O)(=O)c1ccc(Br)cc1,NaN,NaN,0
,CCS(=O)(=O)c1ccc(CC(=O)Nc2ccc([C@H](O)C(F)(F)F)cc2)cc1,NaN,NaN,0
,O=S(=O)(Cc1ccc(C(F)(F)F)cc1)Nc1ccc(Cl)nc1O,NaN,NaN,0
,CCCNC(=O)c1c(NC(=O)C2C(C)(C)C2(C)C)sc2c1CCOC2,NaN,NaN,0
,OCCC1([NH2+]CC(F)(F)F)CCOCC1,0,NaN,NaN
,CN(C)S(=O)(=O)N(CC(=O)Nc1ccc(C(F)(F)F)cc1)c1ccccc1,0,NaN,NaN
,O=C(/C=C/c1ccc(O)c(O)c1)c1ccc(NS(=O)(=O)c2ccccc2)cc1,0,NaN,NaN
,O=C(/C=C/c1ccc(O)cc1)c1cccc(NS(=O)(=O)c2cccc(O)c2)c1,0,NaN,NaN
,O=C(/C=C/c1ccc(NS(=O)(=O)c2ccc(-c3ccccc3)cc2)cc1)NO,0,NaN,NaN
,Cc1c(NC(=O)NC(=O)c2c(F)cccc2F)ccc(SC(F)(F)C(F)Cl)c1C,0,NaN,NaN
,O=P(O)(O)C(O)(C1CCCCC1)P(=O)(O)O,0,NaN,NaN
,OCC(O)[C@H]1O[C@@H]2O[C@H](C(Cl)(Cl)Cl)O[C@@H]2[C@H]1O,0,NaN,NaN
,CC(C)(O)C(C)(C)OB(OC(C)(C)C(C)(C)O)c1cc(Br)cnc1F,0,NaN,NaN
,CNC(=O)c1ccc(S(=O)(=O)Nc2cc(OC)c(Cl)cc2OC)cc1,0,NaN,NaN
,COc1cc(/C=N/NS(=O)(=O)c2ccc(Br)cc2)ccc1O,0,NaN,NaN
,CS(=O)(=O)c1ccc(Oc2cc(F)cc(Cl)c2)c(Br)c1,0,NaN,NaN
,C[C@](O)(C(=O)NC1C2CC3CC(C2)CC1C3)C(F)(F)F,0,NaN,NaN
,NS(=O)(=O)c1ccc(Sc2cccc(F)c2)s1,0,NaN,NaN
,Cc1c(F)cc(C(=O)NCC(F)(F)F)cc1NCC(=O)N(C)C,0,NaN,NaN
,Cc1cc(C)c2c(CSC(=S)N(C)C)cc(=O)oc2c1,0,NaN,NaN
,O=[As](O)(O)c1ccc(/N=N\c2ccc(O)cc2)cc1,0,NaN,NaN
,COC(=O)C12C3C4C1C1C2C3C41I,0,NaN,NaN
,Nc1nnc(C(F)(F)S(N)(=O)=O)s1,0,NaN,NaN
,C=CCc1ccc(O[C@@H]2O[C@H](CO)[C@@H](O)[C@H](O)[C@H]2O)c(O)c1,0,NaN,NaN
,C(=C/COc1ccc(C2=[NH+]CCN2)cc1)\COc1ccc(C2=[NH+]CCN2)cc1,0,NaN,NaN
,CCCCCCCCCCCCOCC#CCOC[C@H]1O[C@@H]2OC(C)(C)O[C@@H]2[C@H]2OCO[C@H]21,0,NaN,NaN
,[NH3+]CCOCCOCC[NH2+]Cc1cc(=O)[nH]c2c([N+](=O)[O-])cccc12,0,NaN,NaN
,C/N=C1\C(O)=C(N2CC2)/C(=N\C)C(O)=C1N1CC1,0,NaN,NaN
,OC[C@H]1O[C@@H](OC/C=C/c2ccccc2)[C@H](O)[C@@H](O)[C@@H]1O,0,NaN,NaN
,Nc1ncnc2c1ncn2C1O[C@H](CSCCCl)[C@@H](O)[C@H]1O,0,NaN,NaN
,C[NH+](C)CCCOC1CC(C)(C)[NH+](C)C(C)(C)C1,0,NaN,NaN
,OCc1ccccc1-c1ccc(O[C@H]2O[C@H](CO)[C@@H](O)[C@H](O)[C@@H]2O)cc1,0,NaN,NaN
,CC(C)C[NH+]1CC[NH+](Cc2c[nH]c3ccccc23)CC1CCO,0,NaN,NaN
,CCCCCCCCCCCC#Cc1cn([C@H]2C[C@H](F)[C@@H](CO)O2)c(=O)[nH]c1=O,0,NaN,NaN
,C(=C1\CCCN(c2ccc(C3=[NH+]CCN3)cc2)C1)\c1ccc(C2=[NH+]CCN2)cc1,0,NaN,NaN
,Cc1c(C2[NH+]3C[C@]4(C(C)C)C[NH+]2C[C@](C(C)C)(C3)C4=O)[nH]c(=O)[nH]c1=O,0,NaN,NaN
,OCCCc1cn(CCCCCCCCCCCCI)nn1,0,NaN,NaN
,C[C@@H]1OC(=O)[C@H]1NC(=O)OC(C)(C)C,0,NaN,NaN
,CCCCCCCC[C@H](C)C(=O)N1CCC[C@H]1C(=O)O[C@@H](C(=O)O[C@@H](C)C(=O)[O-])[C@@H](C)CC,0,NaN,NaN
,O=C(CCCCCCCCCCBr)CC(=O)N[C@H]1CCOC1=O,0,NaN,NaN
,CC(=O)Nc1ccc(S(=O)(=O)c2ccc(NC(C)=O)cc2Cl)cc1,0,NaN,NaN
,CCCCCCCCOCC#CCOC[C@H]1O[C@H](O)[C@H](O)[C@@H](O)[C@H]1O,NaN,NaN,0
,NS(=O)(=O)c1nnc(NS(=O)(=O)C(F)(F)C(F)(F)C(F)(F)C(F)(F)F)s1,NaN,NaN,0
,CC(=O)CC(C)(C)C1CCCCC1,NaN,NaN,0
,CN(C)c1ccc(/C=C/C(=O)NS(=O)(=O)c2ccc(Cl)cc2)cc1,NaN,NaN,0
,Cc1c(O)nnc2sc(C(=O)NC3CN(c4ncc(C(F)(F)F)cn4)C3)c(N)c12,NaN,NaN,0
,CCCCCCSc1nc(N)c2ncn([C@@H]3O[C@H](CO)[C@@H](O)[C@H]3O)c2n1,NaN,NaN,0
,Nc1cc(-c2ccc(Cl)cc2)nn1-c1ccc(Br)cc1,NaN,NaN,0
,CCCC(Sc1nc2cc(Cl)ccc2s1)C(=O)NS(C)(=O)=O,NaN,NaN,0
,C[C@@](CCc1ccc(-c2ccc(O)cc2)cc1)(C(=O)NO)S(C)(=O)=O,NaN,NaN,0
,O=C(NCCCCCc1nnn[nH]1)C(F)(F)C(F)(F)C(F)(F)F,NaN,NaN,0
,CC(C)(C)c1nnn(CC#CI)n1,NaN,NaN,0
,CC(=O)OCC(F)(COC(C)=O)Cc1c(C)c(=O)[nH]c(=O)n1C,NaN,NaN,0
,C=C(C)C[NH+](CC)Cc1nc(C(C)(C)C)no1,NaN,NaN,0
,CN(c1ccc(Br)cc1)S(=O)(=O)c1ccc(N)cc1,NaN,NaN,0
,CC(C)[C@@H](C)Nc1c(-c2c(F)cc(F)cc2F)c(Cl)nc2ncnn12,NaN,NaN,0
,CC[C@@H](C)[C@H]1C=C[C@H]2[C@H](O)[C@H](O)C[C@@H](C)[C@@H]2[C@@]1(C)C(=O)/C=C/OC,NaN,NaN,0
,CC1(C)[C@@H](Br)CC[C@@]2(C)[C@H]1CC[C@@](C)(O)[C@H]2CO,NaN,NaN,0
,CC(C)C(=O)NC(=S)Nc1ccc(S(=O)(=O)Nc2nccs2)cc1,NaN,NaN,0
,COC(=O)[C@@H]1[C@H](C(=O)OC)[C@]1(Br)CBr,NaN,NaN,0
,Cc1nc2c([se]1)C(=O)C=C(Nc1cc(Cl)cc(Cl)c1)C2=O,NaN,NaN,0
,CCCCCCC[C@H]1O[C@@H]1C(OC(=O)CCCCCBr)C(=O)NC(C)(C)C,NaN,NaN,0
,CCCCC[C@H](O)/C=C/[C@@H]1[C@@H](C/C=C\CCCP(C)(=O)O)[C@@H](O)C[C@H]1O,NaN,NaN,0
,CCCCCCCCOCC#CCOC[C@H]1O[C@@H]2OC(C)(C)O[C@@H]2[C@H]2OCO[C@H]21,NaN,NaN,0
,CCC1(C)CC(C)(C(F)(F)F)OC1=O,NaN,NaN,0
,CCCCCCCCCCCCC#Cc1cn([C@H]2C[C@H](O)[C@@H](CO)O2)c(=O)[nH]c1=O,NaN,NaN,0
,CC(C)[C@H](NC(=O)OC(C)(C)C)C(=S)N1CCSC1,NaN,NaN,0
,CC(C)=CCC/C(C)=C/Cn1cc(CC(C)(P(=O)(O)O)P(=O)(O)O)nn1,NaN,NaN,0
,O=S(=O)(NCCc1c[nH]cn1)C(F)(F)C(F)(F)C(F)(F)C(F)(F)F,NaN,NaN,0
,Oc1nc2cc(Br)cc(C(F)(F)F)c2nc1O,NaN,NaN,0
,Cc1c(Br)c(O)c(Br)c2sc(=O)oc12,NaN,NaN,0
,CC(=O)NC(C)Cc1ccc(C#Cc2ccnc(OC(C)C)n2)cc1,NaN,NaN,0
,FC1(F)C(F)(F)[C@@](F)(Cl)[C@@]1(F)Cl,NaN,NaN,0
,CC(O)Cn1cnc2c(Cl)nc(I)nc21,NaN,NaN,0
,CC(=O)N[C@@H](C)C(=O)N1CCC[C@H]1C(=O)N[C@H](C(=O)C(F)(F)F)C(C)C,NaN,NaN,0
,O=C(CBr)c1sc(Br)cc1Br,NaN,NaN,0
,CCCC(=O)OCC(=O)[C@@]1(OC(C)=O)CCC2C3CCC4=CC(=O)CCC4(C)C3C(O)CC21C,NaN,NaN,0
,C/C(=N\NC(=S)N(C)C)c1cnccn1,NaN,NaN,0
,O=C1C=CC(=O)c2c(O)nc(CBr)nc21,NaN,NaN,0
,Cc1ccc(NC(=O)/C(C#N)=C(\N)C(Cl)(Cl)Cl)nc1,NaN,NaN,0
,C=CC#CC1(O)CC(C)[NH+](C)CC1C,NaN,NaN,0
,CCCCSC(S)=NC1CCS(=O)(=O)C1,NaN,NaN,0
,O=C1C(CO)=C[C@@H](O)[C@@H](O)[C@H]1Br,NaN,NaN,0
,C/C=C/C=c1\[nH]c(=O)/c(=C/CCCCC)[nH]c1=O,NaN,NaN,0
,CSC(C)(C)CNC(=O)NC1CCSCC1,NaN,NaN,0
,CC(=O)C1=C(C)C(C)(OCC[N+](=O)[O-])NC1=O,NaN,NaN,0
,CSc1nnc(S)n1N,NaN,NaN,0
,COc1ccc(S(=O)(=O)c2ccc([C@H](C)NC(=O)C(F)(F)F)cc2)cc1,NaN,NaN,0
,O=C(COC(=O)C12CC3CC(CC(O)(C3)C1)C2)NC12CC3CC(CC(C3)C1)C2,NaN,NaN,0
,CC(=O)N(/N=C/c1ccc(Cl)cc1)c1nc(C)c[se]1,NaN,NaN,0
,C[C@H](CO)C1=C2C3=CC=C(C=O)C[C@H](O)[C@]3(C)CC[C@@]2(C)CC1,NaN,NaN,0
