,SMILES_desalted,ADRA1A_label,ADRA1B_label,ADRA1D_label,InChIKey
0,COC(=O)C1=C(C)NC(=O)N(C(=O)NCCCN2CCN(c3ccccc3[N+](=O)[O-])CC2)C1c1ccc(F)c(F)c1,1,1,1,QORSFUXHRJFURF-UHFFFAOYSA-N
1,COC(=O)C1=C(C)NC(=O)N(C(=O)NCCCN2CCN(c3ccccc3[N+](=O)[O-])C[C@@H]2C)C1c1ccc(F)c(F)c1,1,1,1,JCWKQYAUPMXURC-LFUZPPSTSA-N
2,Cc1[nH]c(=O)n(CCCN2CCN(c3ccccc3OCC(F)(F)F)CC2)c(=O)c1C,1,1,1,NJLNPETVWRAQNN-UHFFFAOYSA-N
4,COC(=O)C1=C(C)NC(=O)N(C(=O)NCCCN2CCN(c3ccccc3[N+](=O)[O-])C[C@H]2C)C1c1ccc(F)c(F)c1,1,1,1,JCWKQYAUPMXURC-SMFUYQKNSA-N
5,COc1cccc(OC)c1OCCN[C@H]1C[C@@H](c2ccccc2)c2ccccc2O1,1,1,NaN,ZMENUTKFAQTYKL-GBXCKJPGSA-N
6,COc1cccc(OC)c1OCCNC[C@@H]1C[C@H](c2ccccc2)c2ccccc2O1,1,1,1,DASDCIRXSWKVTA-RBBKRZOGSA-N
7,CSc1ccc2c(c1)C(=O)N(CCCCN1CCC(n3c(=O)oc4ccccc43)CC1)S2(=O)=O,1,1,1,AACTUBFOGVFADC-UHFFFAOYSA-N
8,COCC1=C(C(=O)OC)C(c2ccc(F)c(F)c2)N(C(=O)NCCCN2CCC(C#N)(c3ccc(F)cc3)CC2)C(=O)N1,1,1,NaN,MMJIOQBMUWSARZ-UHFFFAOYSA-N
9,COC(=O)C1=C(C)NC(=O)N(C(=O)NCCCN2CCC(c3ccc(C)cc3)(c3ccccc3C)CC2)C1c1ccc(F)c(F)c1,1,1,NaN,ARVUOFMRSSPQPL-UHFFFAOYSA-N
10,O=c1[nH]c2ccccc2c(=O)n1CCCN1CCN(c2ccccc2OCC(F)(F)F)CC1,1,1,1,LOSOVXONSYGDJN-UHFFFAOYSA-N
11,COc1ccc2c(c1)C(=O)N(CCCCN1CCC(n3c(=O)oc4ccccc43)CC1)S2(=O)=O,1,1,1,VGCCDDCHXNJOMD-UHFFFAOYSA-N
12,CN1C=C(C(=O)NCCCN2CCC(c3ccc(F)cc3C#N)CC2)[C@@H](c2ccc(F)c(F)c2)NC1=O,1,1,1,LKCYPDONQAJLQQ-RUZDIDTESA-N
13,N#Cc1cc(F)ccc1C1CCN(CCCNC(=O)C2=CNC(=O)N[C@@H]2c2ccc(F)c(F)c2)CC1,1,1,1,KFFBTOAYJRDMAT-XMMPIXPASA-N
14,N#Cc1cc(F)ccc1C1CCN(CCCNC(=O)C2C=NC(=O)N[C@@H]2c2ccc(F)c(F)c2)CC1,1,1,1,OZLVILGCRABIEJ-MQNHUJCZSA-N
15,O=C1c2ccccc2S(=O)(=O)N1CCCCN1CCC(n2c(=O)oc3cc(F)ccc32)CC1,1,1,1,GUROZSUTVHXVSF-UHFFFAOYSA-N
16,COc1cccc(OC)c1OCCN[C@H]1C[C@@H](c2ccccc2)c2ccccc2S1,1,1,NaN,BUACMQWTVWBBNW-GBXCKJPGSA-N
17,COc1cccc(OC)c1OCCNCC1CC(c2ccccc2)c2ccccc2S1,1,1,1,JGLLHUJRQIQLNY-UHFFFAOYSA-N
18,COC(=O)C1=C(C)NC(=O)N(C(=O)NCCCN2CCN(c3ccccc3C#N)CC2)C1c1ccc(F)c(F)c1,1,1,1,UIJPUNVNCOWEMQ-UHFFFAOYSA-N
19,Cc1c(-c2ccccc2)oc2c(C(=O)NCCCN3CCN(c4ccccc4OCCCO[N+](=O)[O-])CC3)cccc2c1=O,1,1,1,OTPCOGQCPMOGMX-UHFFFAOYSA-N
20,Cc1ccc2c(c1)C(=O)N(CCCCN1CCC(n3c(=O)oc4ccccc43)CC1)S2(=O)=O,1,1,1,MQRCKTYDHDXFKE-UHFFFAOYSA-N
21,c1ccc2c(c1)nnn2CCCCN1CCN(c2nsc3ccccc23)CC1,1,1,1,GOALZWVIJQGFQJ-UHFFFAOYSA-N
22,CC(C)Oc1ccccc1N1CCN(CCn2cnc3sc4c(c3c2=O)CCN(C)C4)CC1,1,1,1,GUCRUSFOVGPMOS-UHFFFAOYSA-N
23,COc1ccc(Cl)cc1N1CCN(CCn2cnc3sc4c(c3c2=O)CCN(C)C4)CC1,1,1,1,NPUFUXHUZGWJII-UHFFFAOYSA-N
24,COc1ccc(-c2ccccc2)cc1N1CCN(CCn2cnc3sc4c(c3c2=O)CCN(C)C4)CC1,1,1,1,AECCHTQUIJEKGQ-UHFFFAOYSA-N
25,COC(=O)C1=C(C)NC(=O)N(C(=O)NCCCN2CCN(c3ccccc3OC)CC2)C1c1ccc(F)c(F)c1,1,1,1,VRERDSWPFMZSEX-UHFFFAOYSA-N
26,CCOc1ccccc1N1CCN(CCCNC(=O)N2C(=O)NC(C)=C(C(=O)OC)C2c2ccc(F)c(F)c2)CC1,1,1,1,FOMUZVDWSAHVBW-UHFFFAOYSA-N
27,COC(=O)C1C(C)=NC(=O)N(CCCCCN2CCC(C(=O)OC)(c3ccccc3)CC2)C1c1ccc(F)c(F)c1,1,1,NaN,DFCWYIOPOZJPPQ-UHFFFAOYSA-N
28,COC(=O)C1=C(C)NC(=O)N(CCCCCN2CCC(C(=O)OC)(c3ccccc3)CC2)C1c1ccc(F)c(F)c1,1,NaN,NaN,VKJWHZVTJUKYAU-UHFFFAOYSA-N
29,CCC1=C(C(=O)OC)C(c2ccc(F)cc2F)N(C(=O)NCCCN2CCN(c3ccccc3C(N)=O)CC2)C(=O)N1,1,1,1,ZTAFSHDVHGVXTJ-UHFFFAOYSA-N
30,COC(=O)C1=C(C)NC(=O)N(C(=O)NCCCN2CCC(C(=O)OC)(c3ccccc3)CC2)C1c1ccc2nonc2c1,1,1,1,LUKZCSDJGOLWJZ-UHFFFAOYSA-N
31,COCC1=C(C(=O)OC)C(c2ccc(F)c(F)c2)N(C(=O)NCCCN2CCC(C#N)(c3ccccc3)CC2)C(=O)N1,1,NaN,NaN,JXDBPRQKWGFDFQ-UHFFFAOYSA-N
32,COC(=O)C1=C(C)NC(=O)N(C(=O)NCCCN2CCC(C(=O)OC)(c3ccccc3)CC2)C1c1ccc(F)c(F)c1,1,1,NaN,VWLOQZCQYQZEHT-UHFFFAOYSA-N
33,COCC1=C(C(=O)OC)C(c2ccc(F)c(F)c2)N(C(=O)NCCCN2CCN(c3ccccc3C(N)=O)CC2)C(=O)N1,1,1,NaN,FXFOLWSUKNFCFK-UHFFFAOYSA-N
34,COC(=O)C1=C(C)N=C(C)N(CCCCCN2CCC(c3ccc(C)cc3)(c3ccccc3C)CC2)C1c1ccc(F)c(F)c1,1,NaN,NaN,JICRZQUVMVWMQI-UHFFFAOYSA-N
35,COCC1=C(C(=O)OC)C(c2cc(F)c(F)cc2F)N(C(=O)NCCCN2CCN(c3ccccc3C(N)=O)CC2)C(=O)N1,1,NaN,NaN,JHAYORQLJMSTOO-UHFFFAOYSA-N
36,COc1ccc(N2C(=O)c3ccc(C(=O)NCCCN4CCN(c5ccccc5OC(C)C)CC4)cc3C2=O)cc1,1,NaN,1,MVYCXEXQTMBCNB-UHFFFAOYSA-N
37,O=C1c2ccccc2S(=O)(=O)N1CCCCN1CCC(n2c(=O)oc3ccccc32)CC1,1,1,1,ZZNMPZNCGBNJBR-UHFFFAOYSA-N
38,CN1C=C(C(=O)NCCCN2CCC(C#N)(c3ccc(F)cc3)CC2)[C@@H](c2ccc(F)c(F)c2)NC1=O,1,1,NaN,LDXAPIWITLZXNM-XMMPIXPASA-N
39,CC1=C(C(=O)NCCCN2CCC(c3ccc(F)cc3C#N)CC2)[C@@H](c2ccc(F)c(F)c2)NC(=O)N1C,1,NaN,NaN,UYWFSEXEAMKGLC-AREMUKBSSA-N
40,N#Cc1ccccc1C1CCN(CCCNC(=O)C2C=NC(=O)N[C@@H]2c2ccc(F)c(F)c2)CC1,1,1,NaN,USHDDUDLXIGXFA-MQNHUJCZSA-N
41,N#Cc1ccccc1C1CCN(CCCNC(=O)C2=CNC(=O)N[C@@H]2c2ccc(F)c(F)c2)CC1,1,NaN,NaN,ZRWCHZNUZHLTHH-XMMPIXPASA-N
42,O=C1c2cc([N+](=O)[O-])ccc2S(=O)(=O)N1CCCCN1CCC(n2c(=O)oc3ccccc32)CC1,1,NaN,NaN,GSTGFHBCLUCUEI-UHFFFAOYSA-N
43,CC1=NC(=O)N(C)[C@H](c2ccc(F)c(F)c2)C1C(=O)NCCCN1CCC(c2ccc(F)cc2)CC1,1,1,NaN,RMKDNMUUFMLYDR-WUBHUQEYSA-N
44,COCC1=NC(=O)N[C@H](c2ccc(F)c(F)c2)C1C(=O)NCCCN1CCC(c2ccc(F)cc2C#N)CC1,1,1,NaN,QWLYOONHUJJIHC-FXDYGKIASA-N
45,CC1=C(C(=O)NCCCN2CCC(c3ccc(F)cc3)CC2)[C@@H](c2ccc(F)c(F)c2)N(C)C(=O)N1,1,1,NaN,CHSVWGZALFVOMB-RUZDIDTESA-N
46,COCC1=C(C(=O)NCCCN2CCC(c3ccc(F)cc3C#N)CC2)[C@@H](c2ccc(F)c(F)c2)NC(=O)N1,1,1,NaN,KQUFPVZMSZOANN-AREMUKBSSA-N
47,COc1cccc2c1CC[C@H]1CN(CCn3c(=O)[nH]c4cc(C#N)ccc4c3=O)C[C@@H]21,1,1,NaN,AROSMOXZDJFPHJ-OXJNMPFZSA-N
48,Cc1c[nH]c(=O)n(CCCCN2CCN(c3ccc(F)cc3OCC(F)(F)F)CC2)c1=O,1,1,NaN,DYZCPAWLFLCJHL-UHFFFAOYSA-N
49,Cc1ccc(N2C(=O)c3ccc(C(=O)NCCCN4CCN(c5ccccc5OC(C)C)CC4)cc3C2=O)cc1,1,1,1,CSXUKDQJFRHATO-UHFFFAOYSA-N
50,N#Cc1ccccc1C1(C#N)CCN(CCCNC(=O)C2C=NC(=O)N[C@@H]2c2ccc(F)c(F)c2)CC1,1,1,0,OPTOQIZJSZWOTH-PIFIWZBESA-N
51,N#Cc1ccccc1C1(C#N)CCN(CCCNC(=O)C2=CNC(=O)N[C@@H]2c2ccc(F)c(F)c2)CC1,1,NaN,0,QCNCXPPJUJSUHJ-XMMPIXPASA-N
52,O=C1c2ccc([N+](=O)[O-])cc2S(=O)(=O)N1CCCCN1CCC(n2c(=O)oc3ccccc32)CC1,1,1,1,CBACROBVDLICEW-UHFFFAOYSA-N
53,CC1=C(C(=O)NCCCN2CCC(c3ccc(F)cc3)CC2)[C@@H](c2ccc(F)c(F)c2)N(C)C(=O)N1C,1,1,NaN,JNWYRENLYPYLET-AREMUKBSSA-N
54,COCC1=C(C(=O)NCCCN2CCC(C#N)(c3ccc(C#N)cc3)CC2)[C@@H](c2ccc(F)c(F)c2)NC(=O)N1,1,1,NaN,GKIQVUSVOGOOKW-AREMUKBSSA-N
55,Cc1c(-c2ccccc2)oc2c(C(=O)NCCCN3CCN(c4ccccc4OCc4no[n+]([O-])c4C)CC3)cccc2c1=O,1,1,1,NXDKJWPLVWUKRS-UHFFFAOYSA-N
56,COC(=[OH+])C1=C(C)N=C(C)C(=C([O-])OCCCN2CCC(c3ccccc3)(c3ccccc3)CC2)[C@H]1c1cccc([N+](=O)[O-])c1,1,1,1,OCBZSBUOYIQXSP-XIFFEERXSA-N
57,COc1cc2nc(N(C)CCCCCCN(C)C(=O)c3ccco3)nc(N)c2cc1OC,1,1,1,ILQHFOKYOSAZBJ-UHFFFAOYSA-N
58,O=C1NC=C(C(=O)NCCCN2CCC(c3ccc(F)cc3)CC2)[C@@H](c2ccc(F)c(F)c2)N1,1,1,1,PCFUZJJFXKXNPC-HSZRJFAPSA-N
59,O=C1N=CC(C(=O)NCCCN2CCC(c3ccc(F)cc3)CC2)[C@@H](c2ccc(F)c(F)c2)N1,1,1,1,PLQHNFLSZUTLDO-GWQXNCQPSA-N
60,CC1=NC(=O)N[C@H](c2ccc(F)c(F)c2)C1C(=O)NCCCN1CCC(c2ccc(F)cc2C#N)CC1,1,1,NaN,BGUAAEOBBQFCOR-WUBHUQEYSA-N
61,C[C@@H]1OC(=O)N(C(=O)NCCCN2CCC(c3ccc(F)cc3)CC2)[C@H]1c1ccc(F)c(F)c1,1,NaN,NaN,DTYAFBJXWWLRMA-QMHKHESXSA-N
62,COCC1=C(C(=O)NCCCN2CCC(C#N)(c3ccc(F)cc3)CC2)[C@@H](c2ccc(F)cc2)NCN1,1,1,NaN,JBMYXXQEQFJVKD-AREMUKBSSA-N
63,N#CC1(c2ccc(F)cc2)CCN(CCCNC(=O)C2C=NC(=O)N[C@@H]2c2ccc(F)c(F)c2)CC1,1,1,NaN,MSQOXVROSNKPGT-GWQXNCQPSA-N
64,N#CC1(c2ccc(F)cc2)CCN(CCCNC(=O)C2=CNC(=O)N[C@@H]2c2ccc(F)c(F)c2)CC1,1,NaN,NaN,YVYVBMJSGUJZBA-HSZRJFAPSA-N
65,CC1=C(C(=O)NCCCN2CCC(c3ccc(F)cc3C#N)CC2)[C@@H](c2ccc(F)c(F)c2)NC(=O)N1,1,1,NaN,KOEKJPAUBRTOCK-RUZDIDTESA-N
66,COc1ccccc1N1CCN(CCNc2c(C(=O)C(C)C)c(-c3ccccc3)nn(C)c2=O)CC1,1,1,1,KSGSACNIXHZDNP-UHFFFAOYSA-N
67,CC1=C(C(=O)NCCCN2CCC(c3ccc(F)cc3)CC2)[C@@H](c2ccc(F)c(F)c2)NC(=O)N1C,1,NaN,NaN,ACXCLVVRXJUJEC-RUZDIDTESA-N
68,CC1=C(C(=O)NCCCN2CCC(c3ccc(F)c(F)c3)CC2)[C@@H](c2ccc(F)c(F)c2)NC(=O)N1C,1,1,NaN,DHQOHTZXTAGUPG-RUZDIDTESA-N
69,CC(C)Oc1ccccc1N1CCN(CCCNC(=O)c2ccc3c(c2)C(=O)N(c2ccc(N(C)C)cc2)C3=O)CC1,1,NaN,1,OTYOCRKXZWOSNV-UHFFFAOYSA-N
70,CN1C=C(C(=O)NCCCN2CCC(C#N)(c3ccc(F)cc3C#N)CC2)[C@@H](c2ccc(F)c(F)c2)NC1=O,1,NaN,NaN,YKHANSHTGFUQLD-RUZDIDTESA-N
71,COC(=O)C1=C(C)NC(C)=C(C(=O)NCCCN2CCC(c3ccccc3)(c3ccccc3)CC2)[C@H]1c1ccc([N+](=O)[O-])cc1,1,NaN,NaN,FIIXCJGBCCCOQQ-MGBGTMOVSA-N
72,COC(=O)C1C(C)=NC(C)=C(C(=O)NCCCN2CCC(c3ccccc3)(c3ccccc3)CC2)[C@H]1c1ccc([N+](=O)[O-])cc1,1,1,NaN,PQRXHDGVJRPPSF-ZHZZGXISSA-N
73,CO/C(O)=C1\C(C)=NC(C)=C(C(=O)NCCCN2CCC(c3ccccc3)(c3ccccc3)CC2)[C@H]1c1ccc([N+](=O)[O-])cc1,1,NaN,NaN,BBOBQBOYMRDFSY-GADTUSCJSA-N
74,CCOc1ccccc1OCCNC(C)Cc1ccc(OC)c(S(N)(=O)=O)c1,1,1,1,DRHKJLXJIQTDTD-UHFFFAOYSA-N
75,CCC(=O)c1c(-c2ccccc2)nn(C)c(=O)c1NCCN1CCN(c2ccccc2OC)CC1,1,1,1,WWXDGSCJMHTQQR-UHFFFAOYSA-N
76,COC(=O)C1=C(C)NC(=O)N(C(=O)NCCCN2CCN(c3ccccc3C(N)=O)CC2)C1c1ccc(F)c(F)c1,1,NaN,NaN,DMMNMIJPRNMLBQ-UHFFFAOYSA-N
77,COc1ccc(CCN2CCC(c3nc(COCC(F)(F)F)c(-c4ccc(F)cc4)o3)CC2)cc1S(N)(=O)=O,1,1,1,AYXYFVWLDFTBIK-UHFFFAOYSA-N
78,COC(=O)C1=C(C)NC(C)=C(C(=O)OCCCN2CCC(c3ccccc3)(c3ccccc3)CC2)[C@@H]1c1cccc([N+](=O)[O-])c1,1,1,1,SVJMLYUFVDMUHP-MGBGTMOVSA-N
79,COc1cccc(OC)c1OCCNC[C@H]1CSc2ccccc2O1,1,1,NaN,QAUVAHYHKLRJCQ-AWEZNQCLSA-N
80,CC(C)Oc1ccccc1N1CCN(Cc2cc(CN3CCCC3=O)cs2)CC1,1,NaN,1,KSRPSBGXBYSONY-UHFFFAOYSA-N
81,CN1CCc2c(sc3ncn(CCN4CCN(c5cccc6c5OCC6)CC4)c(=O)c23)C1,1,1,1,UZHXJUBRPSNHMZ-UHFFFAOYSA-N
82,COc1cc(Cl)c(Cl)cc1N1CCN(CCn2cnc3sc4c(c3c2=O)CCN(C)C4)CC1,1,1,1,PGGSJVILXJSING-UHFFFAOYSA-N
83,CN1CCc2c(sc3ncn(CCN4CCN(c5ccccc5OCC(C)(C)C)CC4)c(=O)c23)C1,1,1,1,RWUZHFAQAJYRLS-UHFFFAOYSA-N
84,COC(=O)C1=C(C)NC(=O)N(C(=O)NCCCN2CCN(c3ccccc3)CC2)C1c1ccc(F)c(F)c1,1,1,1,LXRTYSPGPRSKRZ-UHFFFAOYSA-N
85,COC(=O)C1=C(C)NC(=O)N(C(=O)NCCCN2CCC(c3ccccc3)CC2)C1c1ccc(F)c(F)c1,1,1,NaN,VNYMBUMHKREEFE-UHFFFAOYSA-N
86,CC(C)Oc1ccccc1N1CCN(CCCNC(=O)c2ccc3c(c2)C(=O)N(c2ccc(O)cc2)C3=O)CC1,1,NaN,1,UBKDEKNQGPCIFQ-UHFFFAOYSA-N
87,COC(=O)C1=C(C)NC(=O)N(C(=O)NCCCN2CCN(c3ccccc3Cl)CC2)C1c1ccc(F)c(F)c1,1,1,1,RXBNQUXJGAHNLL-UHFFFAOYSA-N
88,CC1=C(C(=O)NCCCN2CCC(c3ccc(F)cc3C#N)CC2)[C@@H](c2ccc(F)c(F)c2)CC(=O)N1,1,1,NaN,RQTZTSPFFYDZKA-HSZRJFAPSA-N
89,COC(=O)C1=C(C)NC(=O)N(C(=O)NCCCN2CCC3(CC2)OCCc2ccccc23)C1c1ccc(F)c(F)c1,1,NaN,NaN,PIXIENULWHGBCZ-UHFFFAOYSA-N
90,COC(=O)C1=C(C)NC(=O)N(C(=O)NCCCN2CCN(c3ccccc3C(=O)OC)CC2)C1c1ccc(F)c(F)c1,1,1,1,FANFEKCLDFPOHE-UHFFFAOYSA-N
91,COC(=O)C1=C(C)NC(=O)N(C(=O)NCCCN2CCC(C(=O)OC)(c3ccccc3)CC2)C1c1ccc(F)cc1F,1,1,NaN,RUSCEAPEVNUTMN-UHFFFAOYSA-N
92,COC(=O)C1=C(C)NC(=O)N(C(=O)NCCCN2CCC3(CC2)OC(=O)Cc2ccccc23)C1c1ccc(F)c(F)c1,1,NaN,NaN,JWSQOVQOBFTBTR-UHFFFAOYSA-N
93,CCC1=C(C(N)=O)C(c2ccc(F)cc2F)N(C(=O)NCCCN2CCC(C(=O)OC)(c3ccccc3)CC2)C(=O)N1,1,NaN,NaN,OAFCUWPULJWWTF-UHFFFAOYSA-N
94,COC(=O)C1=C(C)NC(=O)N(CC(=O)NCCN2CCC(C(=O)OC)(c3ccccc3)CC2)C1c1ccc(F)c(F)c1,1,0,NaN,OYHBIUUZIRTADX-UHFFFAOYSA-N
95,COC(=O)C1C(C)=NC(=O)N(CC(=O)NCCN2CCC(C(=O)OC)(c3ccccc3)CC2)C1c1ccc(F)c(F)c1,1,1,NaN,VSNJJGGZANSWQT-UHFFFAOYSA-N
96,CCC1=C(C(N)=O)C(c2ccc(F)c(F)c2)N(C(=O)NCCCN2CCC(C(=O)OC)(c3ccccc3)CC2)C(=O)N1,1,NaN,NaN,YCUQRVLXIFFFNB-UHFFFAOYSA-N
97,COCC1=C(C(=O)OC)C(c2ccc(F)c(F)c2)N(C(=O)NCCCN2CCC(C#N)(c3cccc(F)c3)CC2)C(=O)N1,1,NaN,NaN,FSLHHCTXUZIEFO-UHFFFAOYSA-N
98,COC(=O)C1=C(C)NC(=O)N(C(=O)NCCCN2CCC(c3ccc(F)cc3)(c3ccc(F)cc3)CC2)C1c1ccc(F)c(F)c1,1,1,NaN,ABJKTLXATIQLEH-UHFFFAOYSA-N
99,COc1ccccc1N1CCN(CCNc2cc(-c3ccccc3)nn(C)c2=O)CC1,1,1,1,CYGUSDVXGIEDMH-UHFFFAOYSA-N
100,COc1cccc2c1CC[C@H]1CN(CCn3c(=O)[nH]c4c(sc5cccnc54)c3=O)C[C@@H]21,1,1,1,OLPQNRLJYOGSGV-WMLDXEAASA-N
101,CO/C(O)=C1\C(C)=NC(C)=C(C(=O)NCCCN2CCC(c3ccccc3)CC2)C1c1ccc([N+](=O)[O-])cc1,1,1,1,KADUIVAIJUZKJS-KDJFERLWSA-N
102,COC(=O)C1=C(C)NC(C)=C(C(=O)NCCCN2CCC(c3ccccc3)CC2)C1c1ccc([N+](=O)[O-])cc1,1,1,1,OBISJMILURQNPB-UHFFFAOYSA-N
103,COc1ccc(N2C(=O)c3ccc(C(=O)NC[C@H](O)CN4CCN(c5ccccc5OC(C)C)CC4)cc3C2=O)cc1,1,1,NaN,URHATDOBWHTBOV-DEOSSOPVSA-N
104,O=C1c2cc(Cl)ccc2S(=O)(=O)N1CCCCN1CCC(n2c(=O)oc3ccccc32)CC1,1,1,1,CAQYVHKVLYTXRT-UHFFFAOYSA-N
105,COCC1=NC(=O)N[C@H](c2ccc(F)c(F)c2)C1C(=O)NCCCN1CCC(c2ccc(F)cc2)CC1,1,1,NaN,CEBBUPLZJVUPGQ-WUBHUQEYSA-N
106,COCC1=C(C(=O)NCCCN2CCC(c3ccc(F)cc3)CC2)[C@@H](c2ccc(F)c(F)c2)NC(=O)N1,1,1,NaN,ZIIQDPQNOPXNGU-RUZDIDTESA-N
107,COCC1=C(C(=O)OC)[C@H](c2ccc(F)c(F)c2)N(C(=O)N[C@@H]2CC[C@H](N3CCC(c4ccccc4C#N)CC3)C2)C(=O)N1,1,NaN,1,JWAHBXONODWUEH-AFKLWXAFSA-N
108,CCCCCNC(=O)/N=C(\N)NCCCc1nnc(N)s1,1,1,NaN,IWBMAAUPHUCYCI-UHFFFAOYSA-N
109,CCCCCNC(=O)/N=C(\N)NCCCc1sc(N)nc1C,1,1,NaN,ZRQMUCDHVVOENY-UHFFFAOYSA-N
110,N/C(=N\C(=O)NCc1ccccc1)NCCCc1nnc(N)s1,1,1,NaN,GWAMGWDJCYIREE-UHFFFAOYSA-N
111,C[C@@H](NC(=O)/N=C(\N)NCCCc1ncn[nH]1)c1ccccc1,1,1,NaN,MODBIBJHAWXYOZ-LLVKDONJSA-N
112,CC1=NC(=O)N[C@H](c2ccc(F)c(F)c2)C1C(=O)NCCCN1CCC(c2ccccc2C#N)CC1,1,1,NaN,OVNHINGVBRKBGR-WUBHUQEYSA-N
113,CC1=C(C(=O)NCCCN2CCC(c3ccccc3C#N)CC2)[C@@H](c2ccc(F)c(F)c2)NC(=O)N1,1,NaN,NaN,WWSQNSZOZLXYNN-RUZDIDTESA-N
114,Cc1c[nH]c(=O)n(CCCN2CCN(c3ccccc3OCC(F)(F)F)CC2)c1=O,1,1,1,RCOBWVAGWYRNHZ-UHFFFAOYSA-N
115,COc1cccc(OC)c1OCCNCCOc1ccccc1OCc1ccc(Cl)cc1,1,1,1,RUMAWEVINCSBHA-UHFFFAOYSA-N
116,COc1cccc(OC)c1OCCNCCOc1ccccc1OCc1cccc(Cl)c1,1,1,1,UTHFWPXVKNBLGT-UHFFFAOYSA-N
117,COc1cccc(OC)c1OCCNCC1CC(c2ccccc2)c2ccccc2C1=O,1,1,1,UZPNDQMXOWZSMG-UHFFFAOYSA-N
118,O=c1[nH]cc(F)c(=O)n1CCCN1CCN(c2ccc(F)cc2OCC(F)(F)F)CC1,1,1,1,BVVTZMMHKZWLED-UHFFFAOYSA-N
119,COc1ccccc1N1CCN(CC2COC(c3ccccc3)(c3ccccc3)O2)CC1,1,1,1,NVQUZQNWBJQXMB-UHFFFAOYSA-N
120,COc1ccccc1N1CCN(CC2OCC(c3ccccc3)(c3ccccc3)O2)CC1,1,1,1,XRKSDOUDYWUZPR-UHFFFAOYSA-N
121,O=C1c2cc(F)ccc2S(=O)(=O)N1CCCCN1CCC(n2c(=O)oc3ccccc32)CC1,1,1,1,RVWSEMKVGGVMFS-UHFFFAOYSA-N
122,COc1ccccc1N1CCN(CCn2c(=O)[nH]c3c([nH]c4ccccc43)c2=O)CC1,1,1,1,AQASGOHUMGAWJJ-UHFFFAOYSA-N
123,O=C1c2ccccc2C(=O)N1CCCCN1CCC(n2c(O)nc3ccccc32)CC1,1,1,1,RZJPYZWXIJSYFQ-UHFFFAOYSA-N
124,COc1ccc(Cl)cc1N1CCN(CCNc2c(C(C)=O)c(-c3ccccc3)nn(C)c2=O)CC1,1,1,1,IOWGBMSSVZVFKH-UHFFFAOYSA-N
125,COc1cc2nc(N3CCN(C(=O)CC4CCSS4)CC3)nc(N)c2cc1OC,1,1,1,WLZJELZXDHZVLY-UHFFFAOYSA-N
126,Cc1ccc(N2C(=O)c3ccc(C(=O)NC[C@H](O)CN4CCN(c5ccccc5OC(C)C)CC4)cc3C2=O)cc1,1,1,1,IQRXOCGLSGCNLE-VWLOTQADSA-N
127,CC(C)Oc1ccccc1N1CCN(Cc2ccc(CN3CCCCC3=O)s2)CC1,1,NaN,1,INRFQTYFEDZXNB-UHFFFAOYSA-N
128,COc1ccc(F)cc1OCCNC(C)Cc1cc(C(N)=O)c2c(ccn2CCCO)c1,1,1,1,ZPZSLCYMUPFPPB-UHFFFAOYSA-N
129,CC(=O)c1c(-c2ccccc2)nn(C)c(=O)c1NCCN1CCN(c2ccccc2Cl)CC1,1,1,1,LZZIGVORZVSTNT-UHFFFAOYSA-N
130,COC(=O)C1=C(C)N=C(C)N(CCCCCN2CCC(c3ccccc3OC)CC2)C1c1ccc(F)c(F)c1,1,NaN,NaN,WMJYLKOESTVKAR-UHFFFAOYSA-N
131,COC(=O)C1=C(C)NC(=O)N(C(=O)NCCCN2CCN(c3ccccc3C)CC2)C1c1ccc(F)c(F)c1,1,1,1,HGFSCAYRXIIXIL-UHFFFAOYSA-N
132,COC(=O)C1=C(C)NC(=O)N(C(=O)NCCCN2CCC3(CC2)OCc2ccccc23)C1c1ccc(F)c(F)c1,1,NaN,NaN,MVUYRJDAYOGRLE-UHFFFAOYSA-N
133,COC(=O)C1=C(C)NC(=O)N(C(=O)NCCCN2CCN(c3ccccc3C(N)=O)CC2)C1c1cc(F)c(F)c(F)c1,1,1,NaN,CMSFKMOGRSBIOR-UHFFFAOYSA-N
134,COC(=O)C1=C(C)NC(=O)N(C(=O)NCCCN2CCC(OC(C)=O)(c3ccccc3)CC2)C1c1ccc(F)c(F)c1,1,NaN,NaN,YARZXKRRRMSSKW-UHFFFAOYSA-N
135,CN1C=C(C(=O)NCCCN2CCC(C#N)(c3ccc(F)cc3C#N)CC2)[C@@H](c2ccc(F)c(F)c2)N(C)C1=O,1,1,NaN,ACUBKRQETGSILZ-AREMUKBSSA-N
136,CCOC(=O)C1=C(C)NC(=O)N(C(=O)NCCCN2CCC(C(=O)OC)(c3ccccc3)CC2)C1c1ccc([N+](=O)[O-])cc1,1,1,1,XVBPXSHOAVVRID-UHFFFAOYSA-N
138,Cc1n[nH]c(=O)n(CCCN2CCN(c3ccccc3OCC(F)(F)F)CC2)c1=O,1,1,1,IGRIBIYYAXAWCQ-UHFFFAOYSA-N
139,COc1cccc(OC)c1OCCNCCOc1ccccc1OCc1cccc([N+](=O)[O-])c1,1,1,1,ORFCLRGEMAZVIP-UHFFFAOYSA-N
140,CC(=O)c1c(-c2ccccc2)nn(C)c(=O)c1NCCN1CCN(c2ccccc2F)CC1,1,1,1,DUFHNVVBRSIXJN-UHFFFAOYSA-N
141,CO/C(O)=C1\C(C)=NC(C)=C(C(=O)OCCCN2CCC(c3ccccc3)(c3ccccc3)CC2)C1c1ccc([N+](=O)[O-])cc1,1,1,NaN,YSPOTMDNGADFCJ-WUVHBKSUSA-N
142,COC(=[OH+])C1=C(C)N=C(C)C(=C([O-])OCCCN2CCC(c3ccccc3)(c3ccccc3)CC2)C1c1ccc([N+](=O)[O-])cc1,1,1,NaN,ISZKYBBFFMQCLL-UHFFFAOYSA-N
143,COc1cc2nc(N(C)CCCCCCN(C)C(=O)c3cccc(CN(C)C)c3)nc(N)c2cc1OC,1,1,1,JSMDVVKGKQQXSH-UHFFFAOYSA-N
144,COc1ccccc1N1CCN(CCn2c(=O)[nH]c3c(sc4ccc(NC(=O)CCCC(=O)NCc5ccccc5)cc43)c2=O)CC1,1,1,1,QOHXQKYNPKCPIA-UHFFFAOYSA-N
145,COc1cccc2c1CCCC2CCCN1CCN(c2ccccn2)CC1,1,1,1,KKPMYWNQZNRGIK-UHFFFAOYSA-N
146,CC(C)Oc1ccccc1N1CCN(C[C@@H](O)CNC(=O)c2ccc3c(c2)C(=O)N(c2ccc(N(C)C)cc2)C3=O)CC1,1,1,1,LQTJOPPTSIYEES-SANMLTNESA-N
147,COc1ccc(C[C@@H](C)NCCOc2ccccc2OC(C)C)cc1S(N)(=O)=O,1,1,1,UZJCBXIOEQNDPF-MRXNPFEDSA-N
149,COc1ccccc1N1CCN(CCn2c(=O)[nH]c3sccc3c2=O)CC1,1,1,1,HESSOZXPIKFUEI-UHFFFAOYSA-N
150,COc1ccc(C[C@@H](C)NCCOc2ccccc2OCc2ccccc2)cc1S(N)(=O)=O,1,1,1,ZGUOYAOEHJPFST-LJQANCHMSA-N
151,COc1cccc(OC)c1OCCNC[C@@H]1Oc2ccccc2O[C@H]1c1ccc(C)cc1,1,1,NaN,UNHGFWKSHHCRHF-DQEYMECFSA-N
152,COC(=O)C1=C(C)NC(C)=C(C(=O)NCCCN2CCC(c3ccccc3)(c3ccccc3)CC2)C1c1ccc([N+](=O)[O-])cc1,1,NaN,NaN,FIIXCJGBCCCOQQ-UHFFFAOYSA-N
153,COC(=O)C1C(C)=NC(C)=C(C(=O)NCCCN2CCC(c3ccccc3)(c3ccccc3)CC2)C1c1ccc([N+](=O)[O-])cc1,1,1,NaN,PQRXHDGVJRPPSF-UHFFFAOYSA-N
154,COc1cccc2c1CC[C@H]1CN(CCn3c(=O)[nH]c4c(OC)c(OC)ccc4c3=O)C[C@@H]21,1,1,NaN,KQQGSWIVATVKRC-HNAYVOBHSA-N
155,COCC1=C(C(=O)OC)[C@H](c2ccc(F)c(F)c2)N(C(=O)NCCCN2CCC(c3ccccn3)CC2)C(=O)N1,1,1,NaN,FFXFCSQUTLDLAR-VWLOTQADSA-N
156,COCC1=C(C(=O)OC)[C@H](c2ccc(F)c(F)c2)C(C(=O)NCCCN2CCC(c3ccccn3)CC2)C(=O)N1,1,1,NaN,RLZUJMCQGKSUPO-QSAPEBAKSA-N
157,COC(=O)C1=C(C)N=C(C)N(CCCCCN2CCC(c3ccccc3)(c3ccccc3)CC2)C1c1ccc(F)c(F)c1,1,1,NaN,QMEPUSMYDLGAOV-UHFFFAOYSA-N
158,COCC1=C(C(=O)OC)[C@H](c2ccc(F)c(F)c2)N(C(=O)N[C@@H]2CC[C@@H](N3CCC(C#N)(c4ccccc4)CC3)C2)C(=O)N1,1,NaN,NaN,UMVYPFAJDLQOIO-MRJKTFCFSA-N
159,COCC1=C(C(=O)OC)[C@H](c2ccc(F)c(F)c2)N(C(=O)N[C@@H]2CC[C@@H](N3CCC(c4ccccn4)CC3)C2)C(=O)N1,1,NaN,NaN,FPRCXYVVQHMAFI-GNMOFYLKSA-N
160,CC(C)Oc1ccccc1N1CCN(CCc2ccc3c(c2)OCO3)CC1,1,1,1,QKEDXCZOTAWVEF-UHFFFAOYSA-N
161,CC1=NC(=O)N[C@H](c2ccc(F)c(F)c2)C1C(=O)NCCCN1CCC(c2ccc(F)cc2)CC1,1,1,NaN,FQRMDJCQCDRSLJ-XMMISQBUSA-N
162,CC1=C(C(=O)NCCCN2CCC(c3ccc(F)cc3)CC2)[C@@H](c2ccc(F)c(F)c2)NC(=O)N1,1,1,NaN,QFAYCLRYZRQACH-XMMPIXPASA-N
163,CC1=C(C(=O)NCCCN2CCC(C#N)(c3ccc(F)cc3)CC2)[C@@H](c2ccc(F)c(F)c2)NC(=O)N1C,1,0,0,PPRGGQATMMRENB-RUZDIDTESA-N
164,COc1cccc(OC)c1OCCNCCOc1ccccc1Cc1ccccc1,1,1,1,ONMIMCVGCGOVHM-UHFFFAOYSA-N
165,COc1cccc(OC)c1OCCNCCOc1ccccc1OCc1cccc(C)c1,1,1,1,OYHGPJOLAUFAHT-UHFFFAOYSA-N
166,COc1c(C)c(C)c(O)c(C)c1CN(C)CCOc1cc(C)c(O)cc1C(C)C,1,1,1,VXLRYJNESHCVDX-UHFFFAOYSA-N
167,COc1ccccc1N1CCN(CCn2cnc3sc4c(c3c2=O)CCN(C)C4)CC1,1,1,1,XIFDEBVFTXMLPP-UHFFFAOYSA-N
168,CC(C)Oc1ccccc1N1CCN(C2CCC(N3C(=O)c4ccncc4C3=O)CC2)CC1,1,1,1,TVYZZMXYQYLCHO-UHFFFAOYSA-N
169,COC(=O)C1=C(C)N=C(C)N(CCCCCN2CCC(c3ccccc3)CC2)C1c1ccc(F)c(F)c1,1,1,NaN,YXSIJTCCPXNLJX-UHFFFAOYSA-N
170,COC(=O)C1=C(C)N=C(C)N(CCCCCN2CCN(c3ccccc3OC)CC2)C1c1ccc(F)c(F)c1,1,1,1,AOIKUDXNCODUKV-UHFFFAOYSA-N
171,CC1=C(C(=O)NCCCN2CCC(c3ccc(F)cc3)CC2)[C@@H](c2ccc(F)c(F)c2)CC(=O)N1,1,1,NaN,FKKPXTRMLVLGJG-JOCHJYFZSA-N
172,COCC1=NC(C)=C(C(=O)OC)C(c2ccc(F)c(F)c2)N1CCCCCN1CCC(C#N)(c2ccccc2)CC1,1,NaN,NaN,LPTPYTCKPRTUIS-UHFFFAOYSA-N
173,COCC1=C(C(=O)OC)C(c2ccc(F)c(F)c2)N(CCCCCN2CCC(C#N)(c3ccccc3)CC2)C(C)=N1,1,NaN,NaN,JCTVCYAMDFKFLR-UHFFFAOYSA-N
174,COC(=O)C1=C(C)NC(=O)N(C(=O)NCCCN2CCC3(CCCc4ccccc43)CC2)C1c1ccc(F)c(F)c1,1,NaN,NaN,ONHPZAPIATURQR-UHFFFAOYSA-N
175,CC(=O)C1=C(C)NC(=O)N(C(=O)NCCCN2CCN(c3ccccc3C(N)=O)CC2)C1c1cc(F)c(F)c(F)c1,1,NaN,NaN,XQFNJNZLLWMIES-UHFFFAOYSA-N
176,COC(=O)c1c(C)nc(C)c(C(=O)NCCCN2CCC(c3ccccc3)(c3ccccc3)CC2)c1-c1cccc([N+](=O)[O-])c1,1,1,NaN,LQIROCVOCINDLE-UHFFFAOYSA-N
177,COC(=O)C1=C(C)NC(C)=C(C(=O)NCCCN2CCC(c3ccccc3)(c3ccccc3)CC2)C1c1cccc([N+](=O)[O-])c1,1,NaN,NaN,ZCZTWAKGRMWSEI-UHFFFAOYSA-N
178,COCC1=C(C(=O)OC)[C@H](c2ccc(F)c(F)c2)N(C(=O)N[C@@H]2CC[C@H](N3CCC(c4ccccn4)CC3)C2)C(=O)N1,1,0,NaN,FPRCXYVVQHMAFI-BUEREQSYSA-N
179,CCC1=NC(COCCN)=C(C(=O)NCCCN2CCC(c3ccccc3)(c3ccccc3)CC2)[C@@H](c2ccc([N+](=O)[O-])cc2)C1C(N)=O,1,1,NaN,XIIKDAODIFECTH-CDRRMRQFSA-N
180,COc1cccc(OC)c1OCCNC[C@H]1COc2ccccc2O1,1,1,1,GYSZUJHYXCZAKI-AWEZNQCLSA-N
181,CC(C)Oc1ccccc1N1CCN(CCCNC(=O)c2ccc3c(c2)C(=O)N(c2cccc(F)c2)C3=O)CC1,1,NaN,1,WALJAWMIJWFJHE-UHFFFAOYSA-N
182,COc1cc2nc(N(C)CCSSCCN(C)C(=O)c3ccco3)nc(N)c2cc1OC,1,1,1,NZGMDZHAJYWRGD-UHFFFAOYSA-N
183,COCC1=NC(=O)N[C@H](c2ccc(F)c(F)c2)C1C(=O)NCCCN1CCC(c2ccccc2C#N)CC1,1,1,NaN,CJSXPUJDNDBIBC-FXDYGKIASA-N
184,COCC1=C(C(=O)NCCCN2CCC(c3ccccc3C#N)CC2)[C@@H](c2ccc(F)c(F)c2)NC(=O)N1,1,NaN,NaN,LPFHZQURBIZPDW-AREMUKBSSA-N
185,COc1ccc(Cl)cc1N1CCN(CCCNc2c(C(C)=O)c(-c3ccccc3)nn(C)c2=O)CC1,1,1,1,NRYJUVLALBJESR-UHFFFAOYSA-N
186,COCC1=C(C(=O)OC)[C@H](c2ccc(F)c(F)c2)N(C(=O)N[C@H]2CC[C@@H](N3CCN(c4ccccc4C#N)CC3)C2)C(=O)N1,1,1,1,SOUVKJLYRGDDOT-TYPXCFOJSA-N
187,COCC1=NC(=O)N[C@H](c2ccc(F)c(F)c2)C1C(=O)NCCCN1CCC(c2ccccn2)CC1,1,1,NaN,ZMKBCOCMXFAQDN-XMMISQBUSA-N
188,COCC1=C(C(=O)NCCCN2CCC(c3ccccn3)CC2)[C@@H](c2ccc(F)c(F)c2)NC(=O)N1,1,NaN,NaN,OFCHYNGUGWDBBL-XMMPIXPASA-N
189,CC(C)Oc1ccccc1N1CCN(C[C@@H](O)CNC(=O)c2ccc3c(c2)C(=O)N(c2ccc(O)cc2)C3=O)CC1,1,1,NaN,CCJMGYBFMJJAIY-DEOSSOPVSA-N
190,COCC1=C(C(=O)OC)[C@H](c2ccc(F)c(F)c2)N(C(=O)N[C@@H]2CC[C@@H](N3CCC(c4ccccc4C#N)CC3)C2)C(=O)N1,1,1,1,JWAHBXONODWUEH-SGQNLQFHSA-N
191,COc1cccc(OC)c1OCCNCCOc1ccccc1OCc1ccccc1,1,1,1,ZQKYJYUHIBOEHV-UHFFFAOYSA-N
192,Cc1ccc(C2(c3ccc(C)cc3)CC(=O)N(CCCN3CCC(C#N)(c4ccccc4Cl)CC3)C2=O)cc1,1,1,NaN,LDEQSIYHAXUIBH-UHFFFAOYSA-N
193,COc1ccc2ccoc2c1OCCNC[C@H]1COc2ccccc2O1,1,1,1,YNQFUUYGAXWRRY-HNNXBMFYSA-N
194,CC(C)Oc1ccccc1N1CCN(Cc2cc(CN3CCCCC3=O)cs2)CC1,1,NaN,1,SEMGFDKQHLCMCA-UHFFFAOYSA-N
195,COc1cc(Cl)ccc1N1CCN(CCn2cnc3sc4c(c3c2=O)CCN(C)C4)CC1,1,1,1,QDMMSURIMGYFRS-UHFFFAOYSA-N
196,CN1CCc2c(sc3ncn(CCN4CCN(c5cccc6ccsc56)CC4)c(=O)c23)C1,1,1,1,JNACHWYMQYDBPA-UHFFFAOYSA-N
197,CN1CCc2c(sc3ncn(CCN4CCN(c5ccccc5Oc5ccccc5)CC4)c(=O)c23)C1,1,1,1,MKZCDYQNWTXAOV-UHFFFAOYSA-N
198,COC(=O)C1=C(C)N=C(C)N(CCCCCN2CCN(c3ccccc3C(=O)OC)CC2)C1c1ccc(F)c(F)c1,1,1,1,JYFJUOGHGPLWFO-UHFFFAOYSA-N
199,COC(=O)C1=C(C)NC(=O)N(C(=O)NCCCN2CCC(C)(c3ccccc3)CC2)C1c1ccc(F)c(F)c1,1,NaN,NaN,WXDGGVRRTFHCJF-UHFFFAOYSA-N
200,COC(=O)C1=C(C)N=C(C)N(CCCCCN2CCC(C(=O)OC)(c3ccccc3)CC2)C1c1ccc(F)cc1F,1,NaN,NaN,ZOBKHHUMXIJHCW-UHFFFAOYSA-N
201,COCC1=C(C(=O)OC)C(c2ccc(F)c(F)c2)N(C(=O)NCCCN2CCC(C)(c3ccccc3)CC2)C(=O)N1,1,NaN,NaN,HVNJSMJGJDSBBV-UHFFFAOYSA-N
202,COC(=O)C1=C(C)NC(=O)N(C(=O)NCCCN2CCC(C(=O)OC)(c3ccccc3)CC2)C1c1ccc([N+](=O)[O-])cc1,1,1,1,AXXIDQZJAQSNEN-UHFFFAOYSA-N
203,CCC1=C(C(N)=O)C(c2ccc([N+](=O)[O-])cc2)N(C(=O)NCCCN2CCC(C(=O)OC)(c3ccccc3)CC2)C(=O)N1,1,NaN,NaN,RCMQHQAAIDPTGY-UHFFFAOYSA-N
204,CCC1=C(C(N)=O)C(c2ccc([N+](=O)[O-])cc2)C(C(=O)NCCCN2CCC(c3ccccc3)(c3ccccc3)CC2)=C(COCCN)N1,1,NaN,NaN,FLMJQBHJNDEDJH-UHFFFAOYSA-N
205,Cc1c[nH]c(=O)n(CCN2CCN(c3ccc(F)cc3OCC(F)(F)F)CC2)c1=O,1,1,1,JSPZPGCXQNWQIL-UHFFFAOYSA-N
206,COc1cc2nc(N3CCN(C(=O)OCc4ccccc4)[C@@H]4CCCC[C@@H]43)nc(N)c2cc1OC,1,1,1,FJHDZOUCRDBUGM-LEWJYISDSA-N
207,CCOC(=O)[C@@H]1CN(CCCCN2C(=O)c3cc(Cl)ccc3S2(=O)=O)CC[C@@H]1c1ccccc1,1,NaN,NaN,IPBOROXXRHATRV-IFMALSPDSA-N
208,COc1cccc(OC)c1OCCNCC1Cc2ccccc2C(c2ccccc2)C1,1,1,1,BJGAWQMDTQOSCU-UHFFFAOYSA-N
209,COC(=O)C1=C(C)NC(C)=C(C(=O)NCCCN2CCC(c3ccccc3)CC2)C1c1ccc(Cl)c([N+](=O)[O-])c1,1,1,NaN,AYMBGUWKCGBISU-UHFFFAOYSA-N
210,CO/C(O)=C1\C(C)=NC(C)=C(C(=O)NCCCN2CCC(c3ccccc3)CC2)C1c1ccc(Cl)c([N+](=O)[O-])c1,1,1,NaN,XETGFITVYCWVGB-KDJFERLWSA-N
211,COc1ccc(Cl)cc1N1CCN(CCCNc2c(C(C)=O)c(C)nn(C)c2=O)CC1,1,1,1,LPHRVZPLNGRXOZ-UHFFFAOYSA-N
212,COc1cccc2c1CCCC2CCCNCCOc1ccccn1,1,1,1,HETKYUVAGHVYTA-UHFFFAOYSA-N
213,CC(C)Oc1ccccc1N1CCN([C@H]2CC[C@H](NS(=O)(=O)c3cccc(Cl)c3F)CC2)CC1,1,NaN,1,JOQJONDKZULBPP-MXVIHJGJSA-N
215,CCC1=C(C(N)=O)[C@H](c2ccc([N+](=O)[O-])cc2)C(C(=O)NCCCN2CCC(c3ccccc3)(c3ccccc3)CC2)=C(COCCN)N1,1,NaN,NaN,FLMJQBHJNDEDJH-XIFFEERXSA-N
216,COc1cc2ncn(CCN3C[C@@H]4CCc5c(OC)cccc5[C@@H]4C3)c(=O)c2cc1OC,1,1,NaN,VPUVFWFLLOJNOU-OXJNMPFZSA-N
217,CC(C)Oc1ccccc1N1CCN(C2CCC(N3C(=O)c4cccc(F)c4C3=O)CC2)CC1,1,1,1,DXHONOPMEUDNFH-UHFFFAOYSA-N
218,COC(=O)C1=C(C)NC(=O)N(C(=O)NCCCN2CCN(c3ccccc3O)CC2)C1c1ccc(F)c(F)c1,1,1,1,FDRLNNNWCSSRPY-UHFFFAOYSA-N
219,COC(=O)C1=C(C)N=C(C)N(CCCCCN2CCN(c3ccccc3C(N)=O)CC2)C1c1ccc(F)c(F)c1,1,NaN,NaN,JMWBXYKHUPFCLZ-UHFFFAOYSA-N
220,CC1=C(C(=O)NCCCN2CCC(C#N)(c3ccc(F)cc3C#N)CC2)[C@@H](c2ccc(F)c(F)c2)NC(=O)N1C,1,1,0,KIKWDDIOTKEEMS-AREMUKBSSA-N
221,O=C1OCC2=C1C(c1ccc(F)c(F)c1)N(C(=O)NCCCN1CCN(c3ccccc3[N+](=O)[O-])CC1)C(=O)N2,1,NaN,NaN,DTQNYMCALLNMCV-UHFFFAOYSA-N
222,CCN(CC)c1ccc2cc(-n3cc(C(=O)N4CCN(c5nc(N)c6cc(OC)c(OC)cc6n5)CC4)nn3)c(=O)oc2c1,1,1,1,PXYNXQORCWJBOI-UHFFFAOYSA-N
223,COCC1=C(C(=O)OC)[C@H](c2ccc(F)c(F)c2)N(C(=O)N[C@H]2CC[C@@H](N3CCC(c4ccccc4C#N)CC3)C2)C(=O)N1,1,1,1,JWAHBXONODWUEH-CTWZREHQSA-N
224,COc1ccc(C[C@@H](C)NCCOc2ccccc2OCC(F)(F)F)cc1S(N)(=O)=O,1,1,1,CPWQIBJELMVKCH-CQSZACIVSA-N
225,CC(C)(Cc1c[nH]c2ccc(Cl)cc12)NCCOc1ccccc1OCC1CC1,1,1,1,XLZHXAXXJVKTFM-UHFFFAOYSA-N
226,COc1ccccc1N1CCN(CCNc2c(C(C)=O)c(-c3ccccc3)nn(C)c2=O)CC1,1,1,1,LVCOTAHRPAKKNR-UHFFFAOYSA-N
227,COc1cc2nc(N3CCC[C@H](NC(=O)c4ccco4)C3)nc(N)c2cc1OC,1,1,1,KUSUAKLXHXASTN-LBPRGKRZSA-N
228,COc1ccccc1N1CCN(C[C@H]2CO[C@@](CN3CCCCCC3=O)(c3ccccc3)O2)CC1,1,1,1,HCKLMKILABOANU-RBJSKKJNSA-N
229,COc1cccc(OC)c1OCCNC[C@H]1COc2cccc(F)c2O1,1,1,1,UUHRDARWBGSDJU-ZDUSSCGKSA-N
230,COc1ccccc1N1CCN(CC2CCC(c3ccccc3)(c3ccccc3)O2)CC1,1,1,1,DKZVZJLNJPUMKG-UHFFFAOYSA-N
231,CC(C)Oc1ccccc1N1CCN(CCCNC(=O)CN2CCCCC2=O)CC1,1,0,1,STMYXSKGGILJBE-UHFFFAOYSA-N
232,Cc1ccc(N2C(=O)c3ccc(C(=O)NCC(O)CN4CCN(c5ccccc5OC(C)C)CC4)cc3C2=O)cc1,1,1,1,IQRXOCGLSGCNLE-UHFFFAOYSA-N
233,CCC1=C(C(=O)NCCCN2CCC(c3ccccc3)(c3ccccc3)CC2)C(c2ccc([N+](=O)[O-])cc2)C(C(=O)OC)=C(C)N1,1,NaN,NaN,ZDESUGNYGMCBPA-UHFFFAOYSA-N
234,CCC1=C(C(=O)NCCCN2CCC(c3ccccc3)(c3ccccc3)CC2)C(c2ccc([N+](=O)[O-])cc2)/C(=C(\O)OC)C(C)=N1,1,NaN,NaN,KWEAVTKRDHFTIH-WIKZRCHHSA-N
235,COc1ccccc1N1CCN(CCCCNC(=O)c2cccs2)CC1,1,1,1,FJIKITBGGGDJBY-UHFFFAOYSA-N
236,CC1=C(C(=O)NCCCN2CCC(c3ccc(F)cc3)CC2)[C@@H](c2ccc(F)c(F)c2)CC(=O)N1C,1,1,NaN,AADBHVDMLFAXQC-HSZRJFAPSA-N
237,COC(=O)C1=C(C)NC(=O)N(C(=O)NCCCN2CCN(c3cccc(Cl)c3)CC2)C1c1ccc(F)c(F)c1,1,1,1,IIGHIMZENWTPRU-UHFFFAOYSA-N
238,CC(=O)C1=C(C)NC(=O)N(C(=O)NCCCN2CCN(c3ccccc3C(N)=O)CC2)C1c1ccc(F)c(F)c1,1,NaN,NaN,MGEPWLHHOOYNQU-UHFFFAOYSA-N
239,CCC1=C(C(N)=O)C(c2ccc(F)cc2F)N(C(=O)NCCCN2CCC(C#N)(c3ccccc3)CC2)C(=O)N1,1,NaN,0,PGWWSFHSBLBNGD-UHFFFAOYSA-N
240,COC(=O)C1(c2ccccc2)CCN(CCCNC(=O)N2C(=O)NC(C)=C(C(N)=O)C2c2ccc([N+](=O)[O-])cc2)CC1,1,1,NaN,VITDWMDDGMNHHH-UHFFFAOYSA-N
241,CC(C)Oc1ccccc1N1CCN([C@H]2CC[C@H](NS(=O)(=O)c3cccc(F)c3)CC2)CC1,1,NaN,1,IMBDRGLQGCAYLF-HZCBDIJESA-N
242,Cc1c(-c2ccccc2)oc2c(C(=O)NCCCN3CCN(c4ccccc4OCc4no[n+]([O-])c4C#N)CC3)cccc2c1=O,1,1,1,QINUQIXOUYBPRY-UHFFFAOYSA-N
243,COc1cccc(OC)c1OCCNCC1Oc2ccccc2OC1c1ccccc1,1,1,NaN,UVEKKXRFQCNLQE-UHFFFAOYSA-N
244,COC(=O)N1C(=O)N(C)C(C)=C(C(=O)NCCCN2CCC(c3ccc(F)cc3)CC2)[C@H]1c1ccc(F)c(F)c1,1,1,NaN,GPVSQYKLAUEUBR-AREMUKBSSA-N
245,CC(C)Oc1ccccc1N1CCN(CC(O)CNC(=O)c2ccc3c(c2)C(=O)N(c2cccc(Cl)c2)C3=O)CC1,1,NaN,1,MCCWDRVXIBWEIB-UHFFFAOYSA-N
246,CC(C)Oc1ccccc1N1CCN([C@H]2CC[C@H](NS(=O)(=O)c3ccccc3C#N)CC2)CC1,1,1,1,PAUUPYPPPJQSIG-YHBQERECSA-N
247,COc1ccc(N2C(=O)c3ccc(C(=O)NCC(O)CN4CCN(c5ccccc5OC(C)C)CC4)cc3C2=O)cc1,1,1,1,URHATDOBWHTBOV-UHFFFAOYSA-N
248,CCc1c[nH]c(=O)n(CCCN2CCN(c3ccc(F)cc3OCC(F)(F)F)CC2)c1=O,1,1,1,AXOUSXBEKHBGLU-UHFFFAOYSA-N
249,Cc1c[nH]c(=O)n(CC2(CN3CCN(c4ccccc4OCC(F)(F)F)CC3)CC2)c1=O,1,1,1,ALXPTLNJYZORDB-UHFFFAOYSA-N
250,CC(C)Oc1ccccc1N1CCN(C2CCC(N3C(=O)c4cccnc4C3=O)CC2)CC1,1,1,1,BXZWRAYRDLNDSN-UHFFFAOYSA-N
251,O=S(=O)(NCCCCN1CCC(c2noc3cc(F)ccc23)CC1)c1cc2ccccc2s1,1,1,NaN,GXZWKZAOGQRNTL-UHFFFAOYSA-N
252,COC(=O)C1=C(C)NC(=O)N(C(=O)NCCCN2CCN(c3ccc(Cl)cc3)CC2)C1c1ccc(F)c(F)c1,1,1,1,PKOIYURUOMCFSD-UHFFFAOYSA-N
253,CC1=C(C(=O)NCCCN2CCC(c3ccc(F)cc3C#N)CC2)[C@@H](c2ccc(F)c(F)c2)CC(=O)N1C,1,NaN,NaN,DLMPCEBSXNLTAT-XMMPIXPASA-N
254,CC(C)Oc1ccccc1N1CCN(CC(O)CNC(=O)c2ccc3c(c2)C(=O)N(c2ccc(N(C)C)cc2)C3=O)CC1,1,1,1,LQTJOPPTSIYEES-UHFFFAOYSA-N
255,CCC1=C(C(=O)OC)C(c2ccc([N+](=O)[O-])cc2)N(C(=O)NCCCN2CCC(C(=O)OC)(c3ccccc3)CC2)C(=O)N1,1,1,1,UJAZDXIAIGDQSX-UHFFFAOYSA-N
256,COc1cc2nc(N3CCN(C(=O)C4CCSS4)CC3)nc(N)c2cc1OC,1,1,1,PUSDBRIZNFZIFK-UHFFFAOYSA-N
257,COc1ccccc1N1CCN(CCCOc2ccc3c(C)cc(=O)oc3c2)CC1,1,NaN,NaN,WYYRWPAVRAAIOL-UHFFFAOYSA-N
258,COc1ccccc1N1CCN(CCn2c(=O)[nH]c3sc(-c4ccccc4)cc3c2=O)CC1,1,1,NaN,YCSBRVKGUOPSQB-UHFFFAOYSA-N
259,COc1ccccc1N1CCN(C[C@H]2CO[C@@](CN3CCCCC3=O)(c3ccccc3)O2)CC1,1,NaN,1,HCVFJHZVTICJEK-WNCULLNHSA-N
260,COc1cc2nc(N3CCN(C(=O)COc4c(OC)cccc4C(C)C)[C@H]4CCCC[C@H]43)nc(N)c2cc1OC,1,1,1,XPMVBFIBOSIETN-XZOQPEGZSA-N
261,CC(C)Oc1ccccc1N1CCN([C@H]2CC[C@H](NS(=O)(=O)c3ccccc3F)CC2)CC1,1,NaN,1,MMNXGMKPQQFESW-MEMLXQNLSA-N
262,CC(C)Oc1ccccc1N1CCN(CC(O)CNC(=O)c2ccc3c(c2)C(=O)N(c2ccc(O)cc2)C3=O)CC1,1,1,1,CCJMGYBFMJJAIY-UHFFFAOYSA-N
263,COc1ccccc1N1CCN(CCCNc2c(C(C)=O)c(C)nn(C)c2=O)CC1,1,1,1,JJNSORDALXSHNX-UHFFFAOYSA-N
264,COc1cccc(OC)c1OCCNC[C@H]1COc2cccc(Cl)c2O1,1,1,1,CQFKZCAKNRCPDY-ZDUSSCGKSA-N
265,CC(C)Oc1ccccc1N1CCN(Cc2nc(CN3CCCC3=O)cs2)CC1,1,0,NaN,XERNBNISTSVJGK-UHFFFAOYSA-N
266,COc1ccc(C)cc1S(=O)(=O)N[C@H]1CC[C@H](N2CCN(c3ccccc3OC(C)C)CC2)CC1,1,NaN,1,CHYHMJYTWVQCFW-YHBQERECSA-N
267,C[C@H]1OC(=O)N(C(=O)NCCCN2CCC(c3ccc(F)cc3)CC2)[C@H]1c1ccc(F)c(F)c1,1,1,1,DTYAFBJXWWLRMA-WAIKUNEKSA-N
268,CC(C)Oc1ccccc1N1CCN(CC(O)CNC(=O)c2ccc3c(c2)C(=O)N(c2ccccc2)C3=O)CC1,1,1,1,FXVQHGIESKOKTM-UHFFFAOYSA-N
269,Cc1cccc(N2C(=O)c3ccc(C(=O)NCC(O)CN4CCN(c5ccccc5OC(C)C)CC4)cc3C2=O)c1,1,1,1,LWTOWQIZIKMJKD-UHFFFAOYSA-N
270,COC(=O)C1(c2ccccc2)CCN(CCCNC(=O)N2C(=O)NC3=C(C(=O)OC3)C2c2ccc3nonc3c2)CC1,1,NaN,NaN,VOXOJYXJGWUWQI-UHFFFAOYSA-N
271,COC(=O)C1(c2ccccc2)CCN(CCCNC(=O)N2C(=O)NC3=C(C(=O)OC3)C2c2ccc(F)c(F)c2)CC1,1,NaN,NaN,KSCNWOYWUOCFLO-UHFFFAOYSA-N
272,COCC1=C(C(=O)OC)[C@H](c2ccc(F)c(F)c2)N(C(=O)N[C@@H]2CC[C@@H](N3CCN(c4ccccc4C#N)CC3)C2)C(=O)N1,1,1,1,SOUVKJLYRGDDOT-XJGOYTCSSA-N
273,O=C1NC=C(C(=O)NCCCN2CCC(O)(c3ccc(F)cc3)CC2)[C@@H](c2ccc(F)c(F)c2)N1,1,NaN,NaN,HFLJPWVGDQIPJB-JOCHJYFZSA-N
274,COc1ccc(S(=O)(=O)N[C@H]2CC[C@@H](N3CCC(c4ccccc4OC4CC4)CC3)CC2)cc1OC,1,1,1,JFRXSPVSGNWHOD-SZPZYZBQSA-N
275,O=C1N=CC(C(=O)NCCCN2CCC(O)(c3ccc(F)cc3)CC2)[C@@H](c2ccc(F)c(F)c2)N1,1,1,NaN,WKYKOPZLKCVPEZ-AVKWCDSFSA-N
276,COc1cccc(OC)c1OCCNC[C@H]1COc2cccc(OC)c2O1,1,1,1,UIFMGKZUSHZGFQ-AWEZNQCLSA-N
277,COc1ccccc1N1CCN(CCn2c(C)nc3c(sc4ccc(NC(=O)CCCC(=O)NCCc5ccccc5)cc43)c2=O)CC1,1,1,1,HJMLYMYAWJITOM-UHFFFAOYSA-N
278,COc1ccccc1N1CCN(CCn2c(=O)[nH]c3c(sc4ccc(NC(=O)CCCC(=O)N(C)Cc5ccccc5)cc43)c2=O)CC1,1,1,1,RUSICYIVUADRSX-UHFFFAOYSA-N
279,CC(C)Oc1ccccc1N1CCN(CC(O)CNC(=O)c2ccc3c(c2)C(=O)N(c2ccc(Cl)cc2)C3=O)CC1,1,NaN,1,CBIKMYNJCCYRFA-UHFFFAOYSA-N
280,COc1cc2[nH]c(=O)n(CCN3C[C@@H]4CCc5c(OC)cccc5[C@@H]4C3)c(=O)c2cc1OC,1,1,NaN,IATJRNATRBECGI-HNAYVOBHSA-N
281,COc1ccc(N2C(=O)c3ccc(C(=O)NCC(O)CN4CCN(c5ccccc5OC(C)C)CC4)cc3C2=O)cc1OC,1,1,1,AVHKKQNVOUECLU-UHFFFAOYSA-N
282,Cc1ccc(C(C(=O)NCCCN2CCC(C#N)(c3ccccc3Cl)CC2)c2ccc(C)cc2)cc1,1,NaN,NaN,CXSHNGLATCDICJ-UHFFFAOYSA-N
283,COc1cccc(OC)c1OCCNCC1COc2ccccc2O1,1,1,1,GYSZUJHYXCZAKI-UHFFFAOYSA-N
284,COc1ccccc1N1CCN(CCN2C(=O)c3ccccc3C(C)(C)C2=O)CC1,1,1,NaN,JFNKXGOEOQCXDM-UHFFFAOYSA-N
285,C1=C(c2c[nH]c3ncccc23)CCN(CCOc2cccc3[nH]ccc23)C1,1,1,1,RTLZRRBLSUHEBN-UHFFFAOYSA-N
286,O=C1CCNC(=O)N1CCCN1CCN(c2ccc(F)cc2OCC(F)(F)F)CC1,1,NaN,1,UOHTVECYVGDMIO-UHFFFAOYSA-N
287,CN1CCc2c(sc3ncn(CCN4CCN(c5ccccc5Cl)CC4)c(=O)c23)C1,1,1,1,OUCJGZCXQWDKNF-UHFFFAOYSA-N
288,COc1ccc(Cl)cc1N1CCN(CCNc2cc(-c3ccccc3)nn(C)c2=O)CC1,1,1,1,BJGCUGXZSIBUBN-UHFFFAOYSA-N
289,O=c1[nH]cc(Cl)c(=O)n1CCCN1CCN(c2ccc(F)cc2OCC(F)(F)F)CC1,1,1,1,WFGBZCWEOLNNPQ-UHFFFAOYSA-N
291,COC(=O)C1=C(C)N=C(C)N(CCCCCN2CCC(C#N)(c3ccccc3)CC2)C1c1ccc(F)c(F)c1,1,NaN,0,FCYFDSIYOJMHFF-UHFFFAOYSA-N
292,CC1=C(C(=O)NCCCN2CCC(c3ccccc3C#N)CC2)[C@@H](c2ccc(F)c(F)c2)CC(=O)N1,1,NaN,NaN,QUEBXCYEKJNKLS-HSZRJFAPSA-N
293,COC(=O)C1=C(C)NC(=O)N(C(=O)NCCCN2CCC(OC)(c3ccccc3)CC2)C1c1ccc(F)c(F)c1,1,NaN,NaN,FUAZJQZXKXKCSP-UHFFFAOYSA-N
294,COC(=O)C1=C(C)N=C(C)N(CCCCCN2CCC(C(=O)OC)(c3ccccc3)CC2)C1c1ccc(F)c(F)c1,1,NaN,NaN,UJELWGXJMXZTIC-UHFFFAOYSA-N
295,CC(C)Oc1ccccc1N1CCN([C@H]2CC[C@H](NS(=O)(=O)c3ccccc3[N+](=O)[O-])CC2)CC1,1,NaN,1,HEEKUWDLPPDKMK-MEMLXQNLSA-N
296,CC1=C(C(=O)NCCCN2CCC(C#N)(c3ccc(F)cc3F)CC2)[C@@H](c2ccc(F)c(F)c2)CC(=O)N1,1,NaN,NaN,RLMGUPUESXPDFJ-HXUWFJFHSA-N
297,COc1ccccc1N1CCN(CCn2c(C)nc3c(sc4ccc(NC(=O)CCCNC(=O)Cc5ccccc5)cc43)c2=O)CC1,1,1,1,OMRDBXLTKZZDHE-UHFFFAOYSA-N
298,COc1ccc([N+](=O)[O-])cc1S(=O)(=O)N[C@H]1CC[C@H](N2CCN(c3ccccc3OC(C)C)CC2)CC1,1,1,1,FFXLCCZAXLBJFW-MEMLXQNLSA-N
299,COCC1=C(C(=O)OC)C(c2ccc(F)c(F)c2)N(C(=O)NCCCN2CCC(C(=O)OC)(c3ccccc3)CC2)C(=O)N1,1,1,NaN,YMKHQZNQLGFISY-UHFFFAOYSA-N
300,CC1=NC(C)=C(C(=O)NCCCN2CCC(c3ccccc3)(c3ccccc3)CC2)C(c2ccc([N+](=O)[O-])cc2)C1C(N)=O,1,1,NaN,JWIXQLYEPDLLJM-UHFFFAOYSA-N
301,COCC1=C(C(=O)OC)[C@H](c2ccc(F)c(F)c2)N(C(=O)N[C@@H]2CC[C@H](N3CCC(C#N)(c4ccccc4)CC3)C2)C(=O)N1,1,0,NaN,UMVYPFAJDLQOIO-IWHLBADBSA-N
302,CC(C)Oc1ccccc1N1CCN(C[C@@H](O)CNC(=O)c2ccc3c(c2)C(=O)N(c2cccc(F)c2)C3=O)CC1,1,1,NaN,YCKRBYBOMGAOET-DEOSSOPVSA-N
303,CCC1=C(C(N)=O)C(c2ccc([N+](=O)[O-])cc2)C(C(=O)NCCCN2CCC(c3ccccc3)(c3ccccc3)CC2)=C(CC)N1,1,NaN,NaN,JEZMYAZTGNMODX-UHFFFAOYSA-N
304,COc1ccccc1N1CCN(CCn2c(=O)[nH]c3c(sc4ccc(NC(=O)c5ccccc5)cc43)c2=O)CC1,1,1,1,DVKRGBKLBUBBRE-UHFFFAOYSA-N
305,COc1ccccc1N1CCN(CCn2c(=O)[nH]c3c(sc4ccc(NC(=O)CCC(=O)NCc5ccccc5)cc43)c2=O)CC1,1,1,1,RJBQBCGUVQKYIY-UHFFFAOYSA-N
306,CC(C)Oc1ccccc1N1CCN(Cc2cc(CN3CCCC3=O)no2)CC1,1,0,1,HUIUQPNWNWZOTQ-UHFFFAOYSA-N
307,COc1ccccc1N1CCN(CCNc2ccc3c4c(=O)n(C)nc(Cl)c4cn3n2)CC1,1,1,1,STIKULJYVCUQJQ-UHFFFAOYSA-N
308,Cc1ccc(C(C(=O)NCCCN2CCN(c3ccccc3C)CC2)c2ccc(C)cc2)cc1,1,1,1,XDIYJVCTGIMGBN-UHFFFAOYSA-N
309,CN1CCc2c(sc3ncn(CCN4CCN(c5ccccc5-c5ccccc5)CC4)c(=O)c23)C1,1,1,1,DNMGOZBEOGRHCQ-UHFFFAOYSA-N
310,COC(=O)C1=C(C)N=C(C)N(CCCCCN2CCC(c3ccccc3C(F)(F)F)CC2)C1c1ccc(F)c(F)c1,1,NaN,0,HXUMKMQRTFHLCC-UHFFFAOYSA-N
311,COC(=O)C1=C(C)NC(=O)N(C(=O)NCCCN2CCC3(CCc4ccccc43)CC2)C1c1ccc(F)c(F)c1,1,NaN,NaN,VOWPOPUYBMDWNA-UHFFFAOYSA-N
312,COC(=O)C1=C(C)NC(=O)N(C(=O)NCCCN2CCC(C(=O)OC)(c3ccccc3)CC2)C1c1cccc(Cl)c1,1,1,NaN,YPRBAEIXVWNGTP-UHFFFAOYSA-N
313,CC1=C(C(=O)NCCCN2CCC(C#N)(c3ccc(F)cc3F)CC2)[C@@H](c2ccc(F)c(F)c2)CC(=O)N1C,1,NaN,0,WIVOLWKUZIBRAF-OAQYLSRUSA-N
314,COC(=O)C1(c2ccccc2)CCN(CCCNC(=O)N2C(=O)NC3=C(C(=O)OC3)C2c2ccc([N+](=O)[O-])cc2)CC1,1,NaN,NaN,OYCNDOVCOWSGBD-UHFFFAOYSA-N
315,CO/C(O)=C1\C(C)=NC(C)=C(C(=O)NCCCN2CCC(c3ccccc3)(c3ccccc3)CC2)C1c1ccc2c(c1)OCO2,1,NaN,NaN,WJRKWJSQVYFSFK-PKUSAGTQSA-N
316,CCOc1ccccc1N1CCN(CCc2ccc(OC)cc2)CC1,1,1,1,SSPZLOWRKRILCV-UHFFFAOYSA-N
317,CCOc1ccccc1N1CCN(CCc2ccc3c(c2)OCO3)CC1,1,1,1,WDIPOFXLEMHBJM-UHFFFAOYSA-N
318,COc1cccc([N+](=O)[O-])c1OCCNCCOc1ccccc1OCc1ccccc1,1,1,1,LYVYZEAKTYROJI-UHFFFAOYSA-N
319,COC(=O)C1=C(C)NC(C)=C(C(=O)NCCCN2CCC(c3ccccc3)(c3ccccc3)CC2)C1c1ccc2c(c1)OCO2,1,NaN,NaN,RRQLLDOTYWTHRZ-UHFFFAOYSA-N
320,COc1ccccc1N1CCN(CCCCN2C(=O)c3ccccc3C2=O)CC1,1,1,1,SJDOMIRMMUGQQK-UHFFFAOYSA-N
322,CC(=O)C1=C(C)NC(C)=C(C(=O)NCCCN2CCC(c3ccccc3)(c3ccccc3)CC2)C1c1ccc([N+](=O)[O-])cc1,1,NaN,NaN,SCZDZQFTMOOIDO-UHFFFAOYSA-N
323,COc1ccccc1N1CCN(CCn2c(=O)[nH]c3[nH]c(-c4ccccc4C)cc3c2=O)CC1,1,1,1,OXPSGDMBBBJERQ-UHFFFAOYSA-N
324,CC(C)Oc1ccccc1N1CCN(CC(O)CNC(=O)c2ccc3c(c2)C(=O)N(c2ccc(Cl)c(Cl)c2)C3=O)CC1,1,0,1,DSQXAOLERDQQCP-UHFFFAOYSA-N
325,CC(C)Oc1ccccc1N1CCN(Cc2nc(CN3CCCCC3=O)cs2)CC1,1,0,1,HYROFOKEXWNSCZ-UHFFFAOYSA-N
326,CN1CCc2c(sc3ncn(CCN4CCN(c5cccc6cccnc56)CC4)c(=O)c23)C1,1,1,1,ATBLUNCHMMWNHV-UHFFFAOYSA-N
327,CN1CCc2c(sc3ncn(CCN4CCN(c5cccc6ccncc56)CC4)c(=O)c23)C1,1,1,1,MPEPNFOQCGMXGQ-UHFFFAOYSA-N
328,Cc1ccc2oc(=O)n(C3CCN(CCCCN4C(=O)c5ccccc5S4(=O)=O)CC3)c2c1,1,1,NaN,SSVDRIUIQGHMLI-UHFFFAOYSA-N
329,CC(C)Oc1ccccc1N1CCN([C@H]2CC[C@@H](NS(=O)(=O)Cc3ccccc3)CC2)CC1,1,1,1,OCDNDDLEORDHLQ-PSWAGMNNSA-N
330,COc1ccc(S(=O)(=O)N[C@H]2CC[C@@H](N3CCN(c4ccccc4OCC(F)(F)F)CC3)CC2)cc1OC,1,1,1,KBDQCTAMVLZQJL-BGYRXZFFSA-N
331,COC(=O)C1=C(C)NC(=O)N(C(=O)NCCCN2CCC(C(=O)OC)(c3ccccc3)CC2)C1c1ccc(F)cc1,1,1,NaN,QCNWWNZUDOKUHR-UHFFFAOYSA-N
332,COC(=O)C1=C(C)N=C(C)N(CCC[C@H](C)CN2CCC(C#N)(c3ccccc3)CC2)C1c1ccc(F)c(F)c1,1,NaN,0,IYHKQABMQSZQIQ-VUUJKMBOSA-N
333,CCC1=C(C(=O)NC)C(c2ccc([N+](=O)[O-])cc2)N(C(=O)NCCCN2CCC(C(=O)OC)(c3ccccc3)CC2)C(=O)N1,1,NaN,NaN,QYNUTROASKYRGA-UHFFFAOYSA-N
334,COc1cccc(-c2ccccc2)c1OCCNC[C@H]1COc2ccccc2O1,1,1,1,JVQZYMVBXVUIPJ-IBGZPJMESA-N
336,COc1cc(N2C(=O)c3ccc(C(=O)NCC(O)CN4CCN(c5ccccc5OC(C)C)CC4)cc3C2=O)cc(OC)c1OC,1,1,NaN,ZVZCHVBOZRWHPS-UHFFFAOYSA-N
337,O=c1cc[nH]c(=O)n1CCCN1CCN(c2ccc(F)cc2OCC(F)(F)F)CC1,1,1,1,UZNAGRGAFAEPBA-UHFFFAOYSA-N
338,COc1cccc(OC)c1OCCNCCOc1ccccc1OCc1ccc([N+](=O)[O-])cc1,1,1,1,ZWJVFWQBNXKWES-UHFFFAOYSA-N
339,COc1cc2nc(N3CCN(C4=CC(=O)c5ccccc5C4=O)CC3)nc(N)c2cc1OC,1,1,1,WDWPULBPXBZDDC-UHFFFAOYSA-N
340,Cc1c[nH]c(=O)n(CCCN2CCN(c3ccc(F)cc3OCC(F)(F)F)CC2)c1=O,1,1,1,WEZFJPKJUIGDPS-UHFFFAOYSA-N
341,CCC1=NC(CC)=C(C(=O)NCCCN2CCC(c3ccccc3)(c3ccccc3)CC2)C(c2ccc([N+](=O)[O-])cc2)/C1=C(\O)OC,1,NaN,NaN,IJMJOPSALFMSMQ-MHAUTQJVSA-N
342,CCC1=C(C(=O)NCCCN2CCC(c3ccccc3)(c3ccccc3)CC2)C(c2ccc([N+](=O)[O-])cc2)C(C(=O)OC)=C(CC)N1,1,NaN,NaN,SKTGRSSNRLCZLA-UHFFFAOYSA-N
343,Cc1ccc(C(C(=O)NCCCN2CCC(C#N)(c3ccccc3C)CC2)c2ccc(C)cc2)cc1,1,NaN,0,FSTGDSJHLKDASP-UHFFFAOYSA-N
344,CC(Cc1cc(C(N)=O)c2c(ccn2CCCO)c1)NCCOc1cc(Cl)ccc1OCC(F)(F)F,1,1,1,HWLHWHNTJPQILF-UHFFFAOYSA-N
345,CC(C)Oc1ccccc1N1CCN([C@H]2CC[C@H](NS(=O)(=O)c3ccc(F)cc3)CC2)CC1,1,NaN,1,VZKPTHAFKKTYRC-HZCBDIJESA-N
346,COc1ccc(Cl)cc1S(=O)(=O)N[C@H]1CC[C@@H](N2CCC(c3ccccc3OC3CC3)CC2)CC1,1,1,1,CQABPCACTMBCQC-SZPZYZBQSA-N
347,CCC1=C(C(N)=O)C(c2ccc(F)cc2F)N(C(=O)NCCCN2CCN(c3ccccc3C(N)=O)CC2)C(=O)N1,1,NaN,0,AVZNXYFYVNZTRE-UHFFFAOYSA-N
348,Cc1nc(C)c(C(=O)NCCCN2CCC(c3ccccc3)(c3ccccc3)CC2)c(-c2ccc([N+](=O)[O-])cc2)c1C(N)=O,1,1,NaN,XAFOTAKURAOBIE-UHFFFAOYSA-N
349,COc1ccc(Cl)cc1N1CCN(CCn2c(C)nc3c([nH]c4ccccc43)c2=O)CC1,1,1,1,AMDQVJAWEJXJFN-UHFFFAOYSA-N
350,CC1=C(C(N)=O)C(c2ccc([N+](=O)[O-])cc2)C(C(=O)NCCCN2CCC(c3ccccc3)CC2)=C(COCCN)N1,1,1,NaN,HSZTUDYUKZUFKK-UHFFFAOYSA-N
351,COc1ccccc1N1CCN(C[C@H]2CO[C@](CN3CCCC3=O)(c3ccccc3)O2)CC1,1,NaN,1,AOZOBKDTJZCKJE-NVQXNPDNSA-N
352,COC(=O)C1=C(C)NC(C)=C(C(=O)NCCCN2CCC(c3ccccc3)(c3ccccc3)CC2)C1c1ccc(C)cc1,1,NaN,NaN,KIYGHDGSPYFSTP-UHFFFAOYSA-N
353,COc1cc2nc(N3CCN(c4ccco4)CC3)nc(N)c2cc1OC,1,1,NaN,WESSELXZMWZPLT-UHFFFAOYSA-N
354,CO/C(O)=C1\C(C)=NC(C)=C(C(=O)NCCCN2CCC(c3ccccc3)(c3ccccc3)CC2)C1c1ccc(C)cc1,1,NaN,NaN,CACGBSVXIXSELL-PKUSAGTQSA-N
355,O=C(NCCCCN1CCN(c2csc3cc(F)ccc23)CC1)c1cnccn1,1,1,NaN,LTULZVUNYRRZAB-UHFFFAOYSA-N
356,COc1ccccc1N1CCN(CCn2nc(-c3ccccc3)c3c(C)onc3c2=O)CC1,1,1,1,VBMWRWYJANTSGH-UHFFFAOYSA-N
357,CC(C)Oc1ccccc1C1CCN([C@H]2CC[C@H](NS(=O)(=O)c3ccc(F)c(F)c3)CC2)CC1,1,NaN,1,NHRXMVNDSUMAIN-MEMLXQNLSA-N
358,CC1=C(C(=O)NCCCN2CCC(C#N)(c3ccc(F)cc3C#N)CC2)[C@@H](c2ccc(F)c(F)c2)CC(=O)N1,1,1,0,KAXNWVHHUKHNDK-JOCHJYFZSA-N
359,CC1=NC(COCCN)=C(C(=O)NCCCN2CCC(c3ccccc3)CC2)C(c2ccc([N+](=O)[O-])cc2)C1C(N)=O,1,1,NaN,UXYHEFDZIWONNI-UHFFFAOYSA-N
360,Cc1ccc2c(c1)c1c(n2/C=C\c2ccccc2)CCN(C)C1,1,NaN,NaN,XQDRWCFJBHLWPR-RAXLEYEMSA-N
361,COc1cccc(OC)c1OCCNCCOc1ccccc1OCc1ccccc1Cl,1,1,1,SNEXCDCPPGPIOK-UHFFFAOYSA-N
362,COc1cc2nc(N3CCN(C(=O)CCCCC4CCSS4)CC3)nc(N)c2cc1OC,1,1,1,TZIDXYRBHBHFBV-UHFFFAOYSA-N
363,O=C1CC2(CCCC2)CC(=O)N1CCCCN1CCN(c2cc(Cl)ccc2Cl)CC1,1,1,NaN,IVMAVCHNIRPHMA-UHFFFAOYSA-N
364,COc1ccccc1N1CCN(CCCNc2c(C)c(=O)n(C)c(=O)n2C)CC1,1,1,1,HIHZDNKKIUQQSC-UHFFFAOYSA-N
365,COc1ccccc1N1C(=O)c2ccc(C(=O)NCC(O)CN3CCN(c4ccccc4OC(C)C)CC3)cc2C1=O,1,0,1,IDSYRZJPBIXBRS-UHFFFAOYSA-N
366,COc1ccccc1N1CCN(CCn2c(C)nc3c(sc4ccccc43)c2=O)CC1,1,1,1,KRIXMAGTZZHFLF-UHFFFAOYSA-N
367,COc1ccccc1N1CCN(CCn2c(=O)[nH]c3c(sc4ccc(NC(=O)Cc5ccccc5)cc43)c2=O)CC1,1,1,1,QUGYQBYWGZYWAK-UHFFFAOYSA-N
368,COC(=O)C1=C(C)NC(C)=C(C(=O)NCCCN2CCC(c3ccccc3)(c3ccccc3)CC2)C1c1ccc([N+](=O)[O-])c(OC)c1,1,1,NaN,JZZFZRDYRSUWCU-UHFFFAOYSA-N
369,CO/C(O)=C1\C(C)=NC(C)=C(C(=O)NCCCN2CCC(c3ccccc3)(c3ccccc3)CC2)C1c1ccc([N+](=O)[O-])c(OC)c1,1,1,NaN,BTYBILKFYYEYRM-PKUSAGTQSA-N
370,Cc1ccc(S(=O)(=O)N[C@H]2CC[C@H](N3CCN(c4ccccc4OC(C)C)CC3)CC2)cc1Cl,1,1,1,PNMMHGYXIWNCEE-HZCBDIJESA-N
371,CC(C)Oc1ccccc1N1CCN(CC(O)CNC(=O)c2ccc3c(c2)C(=O)N(c2cccc(F)c2)C3=O)CC1,1,1,1,YCKRBYBOMGAOET-UHFFFAOYSA-N
372,CC(C)Oc1ccccc1N1CCN(CC(O)CNC(=O)c2ccc3c(c2)C(=O)N(c2ccc(F)cc2)C3=O)CC1,1,1,NaN,ZEGBQBDRCBJTSW-UHFFFAOYSA-N
373,COC(=O)C1=C(C)NC(=O)N(C(=O)NCCCN2CCC(C(=O)OC)(c3ccccc3)CC2)C1c1cccc(F)c1,1,1,NaN,RFEHYTXXQXNSOO-UHFFFAOYSA-N
374,COc1ccccc1N1CCN(CCCNc2c(C(C)=O)c(-c3ccccc3)nn(C)c2=O)CC1,1,1,1,NAYUKRZMBPSGCB-UHFFFAOYSA-N
375,COc1ccc2ccccc2c1OCCNC[C@H]1COc2ccccc2O1,1,1,1,MRCKSWXOWOMYII-KRWDZBQOSA-N
376,COc1cccc(OC)c1OCCNCCOc1ccccc1OCc1ccccc1C,1,1,1,BGFYEOBLDYCILL-UHFFFAOYSA-N
377,COc1c[nH]c(=O)n(CCCN2CCN(c3ccc(F)cc3OCC(F)(F)F)CC2)c1=O,1,NaN,1,KYBQSIXBWBXIFN-UHFFFAOYSA-N
378,Cc1cc(=O)n(CCCN2CCN(c3ccc(F)cc3OCC(F)(F)F)CC2)c(=O)[nH]1,1,NaN,1,QPOJVLKZPPBFKN-UHFFFAOYSA-N
379,COc1cc2nc(N3CCN(C(=O)CC(c4ccccc4)c4ccccc4)CC3)nc(N)c2cc1OC,1,1,NaN,OQDVCLJHYBLHNT-UHFFFAOYSA-N
380,COc1ccccc1N1CCN(CCCNC(=O)NN(Cc2ccc(F)cc2)c2ccccc2)CC1,1,1,NaN,UDYXSPVICNNUPJ-UHFFFAOYSA-N
381,CC(C)Oc1ccccc1N1CCN([C@H]2CC[C@H](NS(=O)(=O)c3ccc(Cl)cc3Cl)CC2)CC1,1,NaN,1,KAHFZGUOPFFVHW-MEMLXQNLSA-N
382,COc1ccc(Br)cc1S(=O)(=O)N[C@H]1CC[C@@H](N2CCN(c3ccccc3OC(C)C)CC2)CC1,1,1,1,MDOKTLACQIDXQG-SZPZYZBQSA-N
383,COC(=O)C1=C(C)N=C(C)N(CCC[C@H](C)CN2CCC(C(=O)OC)(c3ccccc3)CC2)C1c1ccc(F)c(F)c1,1,NaN,NaN,KTSCUAMGSPLOJT-VUUJKMBOSA-N
384,COCC1=C(C(=O)OC)[C@H](c2ccc(F)c(F)c2)N(C(=O)N[C@@H]2CC[C@H](N3CCN(c4ccccc4C#N)CC3)C2)C(=O)N1,1,1,1,SOUVKJLYRGDDOT-WENCSYSZSA-N
385,COc1cccc2c(CCCN3CCN(c4ccccn4)CC3)cccc12,1,1,1,XTICRBGKPDRHCR-UHFFFAOYSA-N
386,COC(=O)C1(c2ccccc2)CCN(CCCNC(=O)C2=C(C)N=C(C)C(C(N)=O)C2c2ccc([N+](=O)[O-])cc2)CC1,1,1,0,SKZMZDVBFUOEAA-UHFFFAOYSA-N
387,COC(=O)C1(c2ccccc2)CCN(CCCNC(=O)C2=C(C)NC(C)=C(C(N)=O)C2c2ccc([N+](=O)[O-])cc2)CC1,1,0,0,PAPWWRYYLPOWNO-UHFFFAOYSA-N
388,COc1ccccc1N1CCN(CCn2c(=O)[nH]c3c(sc4ccc(NC(=O)CCCC(=O)NCCc5ccccc5)cc43)c2=O)CC1,1,1,1,NTYDVUXIVLYUEG-UHFFFAOYSA-N
389,COc1ccccc1-c1cc2c(=O)n(CCN3CCN(c4ccccc4OC)CC3)c(=O)[nH]c2[nH]1,1,1,1,NHANMZHYPOUORL-UHFFFAOYSA-N
390,COc1ccccc1N1CCN(CCn2c(=O)[nH]c3c(sc4ccc(NC(=O)CCCN(C)C)cc43)c2=O)CC1,1,1,1,NTCOZURJKJMLEZ-UHFFFAOYSA-N
391,COc1ccccc1N1CCN(CCCCNC(=O)c2ccc(I)s2)CC1,1,1,1,HBYKTDPONPUZPO-UHFFFAOYSA-N
392,Cc1ccccc1N1CCN(CCn2cnc3sc4c(c3c2=O)CCN(C)C4)CC1,1,1,1,DOSWXEACORUGRU-UHFFFAOYSA-N
393,COc1ccccc1N1CCN(CCCNC(=O)NN(Cc2ccccc2)c2ccccc2)CC1,1,1,NaN,QAESTHCUZJPQGF-UHFFFAOYSA-N
394,CC(C)Oc1ccccc1N1CCN(Cc2cccc(C(=O)N3CCc4ccccc43)c2)CC1,1,1,1,CBLUNKVNKSMVMO-UHFFFAOYSA-N
395,Cc1ccc(C2(c3ccc(C)cc3)CC(=O)N(CCCN3CCC(C#N)(c4ccccc4C)CC3)C2=O)cc1,1,0,0,SQCNBRHPDWAEHY-UHFFFAOYSA-N
396,COCC1=C(C(=O)OC)C(c2cc(F)c(F)c(F)c2)N(C(=O)N2CCC(N3CCC(C(=O)OC)(c4ccccc4)CC3)CC2)C(=O)N1,1,0,0,IAPFEDPQSKFUSX-UHFFFAOYSA-N
397,CCC1=C(C(=O)NCCCN2CCC(c3ccccc3)(c3ccccc3)CC2)C(c2ccc([N+](=O)[O-])cc2)C(C(N)=O)=C(COCCN)N1,1,1,NaN,NTTOSPBYGRNOJQ-UHFFFAOYSA-N
398,CCC1=C(C(=O)NCCCN2CCC(c3ccccc3)(c3ccccc3)CC2)C(c2ccc([N+](=O)[O-])cc2)C(C(N)=O)C(COCCN)=N1,1,1,NaN,PQYKLGRHXIJMQB-UHFFFAOYSA-N
399,COC(=O)C1=C(C)NC(C)=C(C(=O)NCCCN2CCC(c3ccccc3)(c3ccccc3)CC2)C1c1ccc(Cl)cc1,1,1,NaN,LTZLIPPPJDGWCO-UHFFFAOYSA-N
400,CO/C(O)=C1\C(C)=NC(C)=C(C(=O)NCCCN2CCC(c3ccccc3)(c3ccccc3)CC2)C1c1ccc(Cl)cc1,1,1,NaN,WFSGQIXIGIQILN-LVYIWIAJSA-N
401,CSc1ccccc1N1CCN(CCCCn2ncc(=O)n(C)c2=O)CC1,1,1,1,SGTFFUDLSDUTKM-UHFFFAOYSA-N
402,CCOc1ccccc1N1CCN(CCCCn2ncc(=O)n(C)c2=O)CC1,1,1,1,PKEBCPIHEMJZIG-UHFFFAOYSA-N
403,CC(C)Oc1ccccc1N1CCN(Cc2cc(CN3CCCCCC3=O)cs2)CC1,1,NaN,1,GNTLDZVFSGMZMM-UHFFFAOYSA-N
404,CN1CCc2c(sc3ncn(CCN4CCN(c5ccccc5C#N)CC4)c(=O)c23)C1,1,1,1,FREWUHPTJYJHEV-UHFFFAOYSA-N
405,CC(C)Oc1ccccc1N1CCN(C2CCC(N3C(=O)c4ccc5ccccc5c4C3=O)CC2)CC1,1,1,1,DJGBDGBJUAFKHX-UHFFFAOYSA-N
406,O=S(=O)(N[C@H]1CC[C@@H](N2CCC(c3ccccc3OC3CC3)CC2)CC1)c1cc(Cl)ccc1F,1,1,1,LVDRNYWTLKUNNT-OYRHEFFESA-N
407,COc1ccc(S(=O)(=O)N[C@H]2CC[C@@H](N3CCC(c4ccccc4OCC(F)(F)F)CC3)CC2)cc1OC,1,1,1,USIWFTPEBGPOSA-OYRHEFFESA-N
408,CC1=C(C(=O)NCCCN2CCC(C#N)(c3ccc(F)cc3)CC2)[C@@H](c2ccc(F)c(F)c2)CC(=O)N1,1,0,0,WLHRCQLHMHKOKG-JOCHJYFZSA-N
409,COC(=O)C1=C(C)NC(=O)N(C(=O)NCCCN2CCC(C(=O)OC)(c3ccccc3)CC2)C1c1cccc(C)c1,1,NaN,NaN,WPSYNFMKLRQHSU-UHFFFAOYSA-N
410,CC(C)Oc1ccccc1N1CCN(CC(O)CNC(=O)c2ccc3c(c2)C(=O)N(c2ccc([N+](=O)[O-])cc2)C3=O)CC1,1,1,1,UQMPYAUGLXZWSM-UHFFFAOYSA-N
411,Cc1c(-c2ccccc2)oc2c(C(=O)NCCCN3CCN(c4ccccc4OCc4no[n+]([O-])c4C(N)=O)CC3)cccc2c1=O,1,1,1,UYZCRXKULSDXTA-UHFFFAOYSA-N
412,CO/C(O)=C1\C(C)=NC(C)=C(C(=O)NCCCN2CCC(c3ccccc3)(c3ccccc3)CC2)C1c1ccc(C#N)cc1,1,1,NaN,OUDWCNZTASZGHL-PKUSAGTQSA-N
413,COC(=O)C1=C(C)NC(C)=C(C(=O)NCCCN2CCC(c3ccccc3)(c3ccccc3)CC2)C1c1ccc(C#N)cc1,1,1,NaN,HVEQMUMABXKDTO-UHFFFAOYSA-N
415,COc1cc2nc(N(C)CCCCCCN(C)C(=O)C3COc4ccccc4O3)nc(N)c2cc1OC,1,1,1,NXJYLDGTQWINTD-UHFFFAOYSA-N
416,CCCN(CCC)c1nc(N2CCN(C(=O)c3ccco3)[C@@H]3CCCC[C@@H]32)nc2cc(OC)c(OC)cc12,1,1,1,PGMSQKAWALUURX-PKTZIBPZSA-N
417,COC(=O)C1=C(C)NC(C)=C(C(=O)NCCCN2CCC(c3ccccc3)(c3ccccc3)CC2)C1c1ccc(Cl)c(Cl)c1,1,1,NaN,BGJXZMTXHJZKQW-UHFFFAOYSA-N
418,CC1=C(C(N)=O)C(c2ccc([N+](=O)[O-])cc2)C(C(=O)NCCCN2CCC(c3ccccc3)(c3ccccc3)CC2)=C(C)N1,1,NaN,NaN,OZQHHXAYNRRVBN-UHFFFAOYSA-N
419,CC1=C(C(N)=O)C(c2ccc([N+](=O)[O-])cc2)C(C(=O)NCCCCN2CCC(c3ccccc3)(c3ccccc3)CC2)=C(C)N1,1,NaN,NaN,RJEWWPFKTYWTSS-UHFFFAOYSA-N
420,CO/C(O)=C1\C(C)=NC(C)=C(C(=O)NCCCN2CCC(c3ccccc3)(c3ccccc3)CC2)C1c1ccc(Cl)c(Cl)c1,1,1,NaN,JZHXLYHEWUWHQL-LVYIWIAJSA-N
421,CCOc1ccccc1OCCNC(C)Cc1cc(C(N)=O)c2c(ccn2CCCO)c1,1,1,1,LPAJCOGMIXSKKG-UHFFFAOYSA-N
422,CC(Cc1cc(C(N)=O)c2c(ccn2CCCO)c1)NCCOc1ccccc1OCC(F)(F)F,1,1,1,VICSLOHTZDWOFF-UHFFFAOYSA-N
423,Cc1ccc(OCC(F)(F)F)c(OCCN[C@H](C)Cc2cc(C(N)=O)c3c(ccn3CCCO)c2)c1,1,NaN,1,KYFDMTNYQFXNHE-GOSISDBHSA-N
424,CC1=C(C(=O)NCCCN2CCC(C#N)(c3ccc(F)cc3)CC2)[C@@H](c2ccc(F)c(F)c2)CC(=O)N1C,1,NaN,NaN,PEDXQUUSXXYPJU-HSZRJFAPSA-N
425,COC(=O)C1=C(C)NC(=O)N(C(=O)NCCCN2CCC(c3ccccc3)(c3ccccc3)CC2)C1c1ccc(F)c(F)c1,1,1,NaN,CHKOUYJMMIYLHA-UHFFFAOYSA-N
426,CCOC(=O)C1(c2ccccc2)CCN(CCCNC(=O)C2=C(C)N=C(C)C(C(C)=O)C2c2ccc([N+](=O)[O-])cc2)CC1,1,1,NaN,PANSCSQXSYQDJF-UHFFFAOYSA-N
427,CC1=NC(C)=C(C(=O)NCCCCN2CCC(c3ccccc3)(c3ccccc3)CC2)C(c2ccc([N+](=O)[O-])cc2)C1C(N)=O,1,1,NaN,SQEOIKNCNRHYGE-UHFFFAOYSA-N
428,CCOC(=O)C1(c2ccccc2)CCN(CCCNC(=O)C2=C(C)NC(C)=C(C(C)=O)C2c2ccc([N+](=O)[O-])cc2)CC1,1,0,NaN,JUEGCEMTUPDDGU-UHFFFAOYSA-N
429,Cn1nc(Cl)c2cn3nc(NCCN4CCN(c5ccccc5)CC4)ccc3c2c1=O,1,1,1,NZTHPWQOSONJAR-UHFFFAOYSA-N
430,COc1ccccc1N1CCN(CCn2c(=O)[nH]c3[nH]c(-c4ccccc4)cc3c2=O)CC1,1,1,1,ILABPHCYHIWJGY-UHFFFAOYSA-N
431,CCOc1ccccc1OCCNCCOc1ccccc1OCc1ccccc1,1,1,1,IZMYNAZDOKXFDK-UHFFFAOYSA-N
432,COc1ccc(CCN2CCN(c3ccccc3OC(C)C)CC2)cc1OC,1,1,1,KXRMZNJDJRDPLT-UHFFFAOYSA-N
433,COc1ccc2c(c1OCCNC[C@H]1COc3ccccc3O1)OCC2,1,1,1,UOEUJVLYVLHEKQ-HNNXBMFYSA-N
434,COc1ccccc1COc1ccccc1OCCNCCOc1c(OC)cccc1OC,1,1,1,KBOJVHFVCIFMSG-UHFFFAOYSA-N
435,COc1cccc(OC)c1OCCNCCOc1ccccc1OCc1ccc(C)cc1,1,1,1,HSFCJJXHMJXZAX-UHFFFAOYSA-N
436,COc1cccc(COc2ccccc2OCCNCCOc2c(OC)cccc2OC)c1,1,1,1,UKNCZUARTFPATM-UHFFFAOYSA-N
437,COc1ccc(COc2ccccc2OCCNCCOc2c(OC)cccc2OC)cc1,1,1,1,VFBXMTYMQDPWHB-UHFFFAOYSA-N
438,COc1ccccc1N1CCN(CCCNc2ncccc2C(=O)NC(C)(C)C)CC1,1,1,1,YPJUOFYBENZLLE-UHFFFAOYSA-N
439,Cc1cn(CCCN2CCN(c3ccccc3OCC(F)(F)F)CC2)c(=O)[nH]c1=O,1,1,1,IMRAKTMELIHZOK-UHFFFAOYSA-N
440,CN1CCCCC1CCN1c2ccccc2Sc2ccc(S(C)=O)cc21,1,1,NaN,SLVMESMUVMCQIY-UHFFFAOYSA-N
441,COc1cc2c3c(c1OC)-c1cc4c(cc1CC3N(C)CC2)OCO4,1,0,NaN,WSVWKHTVFGTTKJ-UHFFFAOYSA-N
442,COc1ccc(Cl)cc1N1CCN(CCCNc2cc(-c3ccccc3)nn(C)c2=O)CC1,1,1,1,ZVWUWJMYOLNCLM-UHFFFAOYSA-N
443,Cc1ccccc1C1(C#N)CCN(CCCNC(=O)C(c2ccc(F)c(F)c2)C(C)C)CC1,1,0,0,HTUPLSKAYCKZRG-UHFFFAOYSA-N
444,O=C1CCc2ccc(OC3CCN(C[C@@H]4COc5c(ccc6c5CC(=O)N6)O4)CC3)cc2N1,1,1,1,AYQVGSWWMXHYHH-GOSISDBHSA-N
445,O=C1CCc2ccc(CC3CCN(C[C@@H]4COc5c(ccc6c5CC(=O)N6)O4)CC3)cc2N1,1,1,1,VJQGVOVLQSAUIL-LJQANCHMSA-N
446,Cc1ccc(C(O)(C(=O)NCCCN2CCC(C#N)(c3ccccc3C)CC2)c2ccc(C)cc2)cc1,1,NaN,0,FJFCVNFWRHPKPL-UHFFFAOYSA-N
447,COc1ccc(S(=O)(=O)N[C@H]2CC[C@@H](N3CCC(c4ccccc4OC(C)C)CC3)CC2)cc1OC,1,1,1,ACYCBNFGNBHQEP-ZRZAMGCNSA-N
448,Cc1ccc(N2CCN(CCc3ccc(CN4C(=O)c5ccccc5C4=O)cc3)CC2)cc1,1,1,1,XCHXGNJKMSFNTQ-UHFFFAOYSA-N
449,COc1ccccc1N1CCN(C[C@H]2CO[C@@](CN3C(=O)CC4(CCCC4)CC3=O)(c3ccccc3)O2)CC1,1,1,1,MZMIENIIBMNHDS-VVFBEHOQSA-N
450,CCOc1ccccc1N1CCN(CCc2ccc(OC)c(OC)c2)CC1,1,1,1,NSQCHSZFXOYJID-UHFFFAOYSA-N
451,CC(C)Oc1ccccc1OCCNCC1COC(c2ccccc2)(c2ccccc2)O1,1,1,1,RBDSAWBTGMXGTK-UHFFFAOYSA-N
452,COc1ccc(N2C(=O)c3ccc(C(=O)NC[C@@H](O)CN4CCN(c5ccccc5OC(C)C)CC4)cc3C2=O)cc1,1,1,1,URHATDOBWHTBOV-XMMPIXPASA-N
453,CC(C)Oc1ccccc1N1CCN(Cc2cc(CN3CCCCC3=O)n[nH]2)CC1,1,0,NaN,RBXJHORKDXVNCU-UHFFFAOYSA-N
454,CNC(=O)C1=C(C)NC(=O)N(C(=O)NCCCN2CCC(C(=O)OC)(c3ccccc3)CC2)C1c1ccc([N+](=O)[O-])cc1,1,1,NaN,USAJHRPHUPIVLS-UHFFFAOYSA-N
455,CC(C)Oc1ccccc1N1CCN(C2CCC(NS(=O)(=O)c3cccc(F)c3)CC2)CC1,1,NaN,1,IMBDRGLQGCAYLF-UHFFFAOYSA-N
456,COc1ccccc1N1CCN(CCCCN2C(=O)CC(c3ccccc3)CC2=O)CC1,1,1,1,PYDSDQAAKUFXEU-UHFFFAOYSA-N
457,COc1ccccc1N1CCN(CCn2c(=O)[nH]c3[nH]c(-c4ccccc4Cl)cc3c2=O)CC1,1,1,1,BYCLQDYVMNAOBH-UHFFFAOYSA-N
458,COc1cccc(OC)c1OCCNC[C@H]1COc2cccc(O)c2O1,1,1,1,CQDKZYPQPMHYAR-ZDUSSCGKSA-N
459,CCOC(=O)C1(c2ccccc2)CCN(CCCNC(=O)C2=C(C)N=C(C)C(C(N)=O)C2c2ccc([N+](=O)[O-])cc2)CC1,1,1,NaN,UJPDEWMBLYXTHS-UHFFFAOYSA-N
460,CCOC(=O)C1(c2ccccc2)CCN(CCCNC(=O)C2=C(C)NC(C)=C(C(N)=O)C2c2ccc([N+](=O)[O-])cc2)CC1,1,0,NaN,VRDGFJSTQSDKOA-UHFFFAOYSA-N
461,CC(C)Oc1ccccc1C1CCN(C2CCC(NS(=O)(=O)c3ccc(F)c(F)c3)CC2)CC1,1,NaN,1,NHRXMVNDSUMAIN-UHFFFAOYSA-N
462,Cc1ccc(OCC(F)(F)F)c(OCCNC(C)Cc2cc(C(N)=O)c3c(ccn3CCCO)c2)c1,1,NaN,NaN,KYFDMTNYQFXNHE-UHFFFAOYSA-N
463,O=S(=O)(N[C@H]1CC[C@H](N2CCC(c3ccccc3OCC(F)(F)F)CC2)CC1)c1ccc2c(c1)OCCO2,1,1,1,PPAIEDLGYFCKEB-MEMLXQNLSA-N
464,CC(=O)N1C(=O)N(C)C(C)=C(C(=O)NCCCN2CCC(c3ccc(F)cc3)CC2)[C@H]1c1ccc(F)c(F)c1,1,1,NaN,JLIUDRVXSXMEGO-HHHXNRCGSA-N
465,COc1ccc(CCN2CCN(c3ccccc3OC(C)C)CC2)cc1,1,1,1,MVQIIUYTULUULJ-UHFFFAOYSA-N
466,COc1ccc(Cl)cc1N1CCN(CCCNc2nccc(C(N)=O)n2)CC1,1,1,1,NNPHPGSVPQWUHP-UHFFFAOYSA-N
467,COc1ccccc1N1CCN(CCNc2c(C(C)=O)c(C)nn(C)c2=O)CC1,1,1,1,JTNOVHSABZCNCD-UHFFFAOYSA-N
468,COc1cccc2c1OC(CNCC1CCN(c3ncccn3)CC1)CO2,1,1,1,ZVPBDPXZHYXGRS-UHFFFAOYSA-N
469,CN1C=C(C(=O)NCCCN2CCC(C#N)(c3ccc(F)cc3)CC2)[C@H](c2ccc(F)c(F)c2)NC1=O,1,NaN,NaN,LDXAPIWITLZXNM-DEOSSOPVSA-N
470,NC(=O)c1ccccc1N1CCN(CCCNC(=O)N2C(=O)NC3=C(C(=O)OC3)C2c2ccc(F)c(F)c2)CC1,1,NaN,NaN,FMYNAWYOKZCTHQ-UHFFFAOYSA-N
471,COCC1=C(C(=O)OC)[C@H](c2ccc(F)c(F)c2)N(C(=O)N[C@H]2CC[C@H](N3CCC(C#N)(c4ccccc4)CC3)C2)C(=O)N1,1,NaN,1,UMVYPFAJDLQOIO-LXWOLXCRSA-N
473,COc1cccc(OC)c1OCCN[C@H]1C[C@H](c2ccccc2)c2ccccc2S1,1,1,NaN,BUACMQWTVWBBNW-HYBUGGRVSA-N
474,COc1cccc(OC)c1OCCNC[C@H]1C[C@H](c2ccccc2)c2ccccc2S1,1,1,1,JGLLHUJRQIQLNY-IFMALSPDSA-N
475,CS(=O)(=O)c1ccc2c(c1)S(=O)(=O)N(CCCCN1CCC(n3c(=O)oc4ccccc43)CC1)C2=O,1,1,NaN,PKNHRPIRHMNNHQ-UHFFFAOYSA-N
476,COCC1=C(C(=O)OC)[C@H](c2ccc(F)c(F)c2)N(C(=O)N[C@H]2CC[C@H](N3CCC(c4ccccc4C#N)CC3)C2)C(=O)N1,1,1,1,JWAHBXONODWUEH-BOSRLCDASA-N
477,COCC1=C(C(=O)OC)[C@H](c2ccc(F)c(F)c2)N(C(=O)N[C@H]2CC[C@@H](N3CCC(C#N)(c4ccccc4)CC3)C2)C(=O)N1,1,NaN,NaN,UMVYPFAJDLQOIO-JWZKTCGFSA-N
478,O=C1N=CC(C(=O)NCCCN2CCC(c3ccccn3)CC2)[C@@H](c2ccc(F)c(F)c2)N1,1,1,0,MEJWDFXNVSXWGU-LMNIDFBRSA-N
479,O=C1NC=C(C(=O)NCCCN2CCC(c3ccccn3)CC2)[C@@H](c2ccc(F)c(F)c2)N1,1,0,0,ZMXFHYHEZZYYHG-JOCHJYFZSA-N
480,COc1cc2nc(N3CCN(C(=O)c4cn(-c5cc6ccc(O)cc6oc5=O)nn4)CC3)nc(N)c2cc1OC,1,1,1,OLJMQMOCFLSIIF-UHFFFAOYSA-N
481,COc1cccc(C)c1OCCNCCOc1ccccc1OCc1ccccc1,1,1,1,WPQJHJUCAXKHKN-UHFFFAOYSA-N
482,COc1cccc(Cl)c1OCCNCCOc1ccccc1OCc1ccccc1,1,1,1,WPQSKLTVRIUFBU-UHFFFAOYSA-N
483,CC(C)c1c[nH]c(=O)n(CCCN2CCN(c3ccc(F)cc3OCC(F)(F)F)CC2)c1=O,1,1,NaN,MWHOAOCIHTURNQ-UHFFFAOYSA-N
484,CC(C)Oc1ccccc1N1CCN(C2CCC(NS(=O)(=O)Cc3ccccc3)CC2)CC1,1,NaN,1,OCDNDDLEORDHLQ-UHFFFAOYSA-N
485,COC(=O)C1=C(C)NC(C)=C(C(=O)OCCCN2CCC(c3ccccc3)(c3ccccc3)CC2)C1c1ccc([N+](=O)[O-])cc1,1,1,NaN,KPTMOEWLVJTEEX-UHFFFAOYSA-N
486,Oc1ccc2[nH]cc(CCCCN3CC=C(c4ccccc4)CC3)c2c1,1,1,1,HGEYJZMMUGWEOT-UHFFFAOYSA-N
487,COC(=O)C1(c2ccccc2)CCN(CCCNC(=O)C2=C(C)NC(C)=C(C(C)=O)C2c2ccc([N+](=O)[O-])cc2)CC1,1,0,NaN,WFTUNFKSJYIJPQ-UHFFFAOYSA-N
488,COC(=O)C1(c2ccccc2)CCN(CCCNC(=O)C2=C(C)N=C(C)C(C(C)=O)C2c2ccc([N+](=O)[O-])cc2)CC1,1,1,NaN,FYJPURJJRRXYHN-UHFFFAOYSA-N
489,COc1ccccc1N1CCN(CCCNc2cc(-c3ccccc3)nn(C)c2=O)CC1,1,1,1,OKNLSDNUZNHITO-UHFFFAOYSA-N
490,CC1=NC(=O)N[C@H](c2ccc(F)c(F)c2)C1C(=O)NCCCN1CCC(c2ccccn2)CC1,1,1,0,UZQLZNDVGCIQMZ-OZAIVSQSSA-N
491,CC1=C(C(=O)NCCCN2CCC(c3ccccn3)CC2)[C@@H](c2ccc(F)c(F)c2)NC(=O)N1,1,0,0,MYUYYJFZKXHBBD-HSZRJFAPSA-N
492,COc1ccccc1N1CCN(CCn2c(=O)[nH]c3scc(-c4ccccc4)c3c2=O)CC1,1,1,1,HLVQBOYEHQRWHG-UHFFFAOYSA-N
493,COc1ccccc1N1CCN(CC2COCC(c3ccccc3)(c3ccccc3)O2)CC1,1,1,1,FBWZMWVPZRCOTO-UHFFFAOYSA-N
494,COc1ccccc1N1CCN(CCn2c(=O)[nH]c3sc(C)c(-c4ccccc4)c3c2=O)CC1,1,1,1,MTWNRUIQFUUTJU-UHFFFAOYSA-N
495,O=c1[nH]c2[nH]c(-c3ccc(Cl)cc3)cc2c(=O)n1CCN1CCN(c2ccccc2Cl)CC1,1,1,1,XRHMVCVKZQLVNP-UHFFFAOYSA-N
496,COc1ccc([N+](=O)[O-])cc1S(=O)(=O)NC1CCC(N2CCN(c3ccccc3OC(C)C)CC2)CC1,1,NaN,1,FFXLCCZAXLBJFW-UHFFFAOYSA-N
497,CC(Cc1cc(C(N)=O)c2c(ccn2CCCO)c1)NCCOc1ccc(F)cc1Br,1,1,1,DDCYDDRHDNVFSB-UHFFFAOYSA-N
498,CC(Cc1cc(C(N)=O)c2c(ccn2CCCO)c1)NCCOc1ccccc1OCc1ccccc1,1,1,1,WQEWTKPRTZWJNW-UHFFFAOYSA-N
499,CC(C)Oc1ccccc1N1CCN([C@H]2CC[C@H](NS(=O)(=O)c3ccccc3)CC2)CC1,1,NaN,1,BXGCCZDRUAOMRC-HZCBDIJESA-N
500,CC(Cc1cc2c(c(C(N)=O)c1)N(CCCO)CC2)NCCOc1cc(Br)ccc1OCC(F)(F)F,1,1,1,RWDAFKHZHMRDPE-UHFFFAOYSA-N
501,CC(C)Oc1ccccc1N1CCN(C2CCC(N3C(=O)c4cc(Cl)c(Cl)cc4C3=O)CC2)CC1,1,0,1,ZQQZHUBFRBFZEF-UHFFFAOYSA-N
502,C[C@H](Cc1cc2c(c(C(N)=O)c1)N(CCCO)CC2)NCCOc1cc(Cl)ccc1OCC(F)(F)F,1,NaN,NaN,QJLFFFPWEZNFJB-MRXNPFEDSA-N
503,COc1cccc(CCN2CCN(c3ccccc3OC(C)C)CC2)c1,1,1,1,JINGANVHFUGONE-UHFFFAOYSA-N
504,Cc1ccc2c(N3CCN(CCc4cccc5c4OCc4c(C(N)=O)ncn4-5)CC3)cccc2n1,1,NaN,NaN,HLQJZFFWUXHYMB-UHFFFAOYSA-N
505,O=S(=O)(NC1CCC(N2CCC(c3ccccc3OC3CC3)CC2)CC1)c1cc(Cl)ccc1F,1,NaN,1,LVDRNYWTLKUNNT-UHFFFAOYSA-N
506,Cc1ccccc1-c1cc2c(=O)n(CCN3CCN(c4ccccc4Cl)CC3)c(=O)[nH]c2[nH]1,1,1,1,BUGWHHJMDZILIY-UHFFFAOYSA-N
507,COc1ccc2c(c1OCCNC[C@H]1COc3ccccc3O1)CCCC2,1,1,1,QQNWVORTUJAROO-KRWDZBQOSA-N
508,CC(C)Oc1ccccc1N1CCN(CCN2C(=O)CC3(CCCC3)CC2=O)CC1,1,1,NaN,WOTQTCOGYGHNIU-UHFFFAOYSA-N
509,CC1=NC(C)=C(C(=O)NCCCN2CCC(C#N)(c3ccccc3)CC2)C(c2ccc([N+](=O)[O-])cc2)C1C(N)=O,1,1,NaN,YITDTEPFXHMRDY-UHFFFAOYSA-N
510,CC1=C(C(N)=O)C(c2ccc([N+](=O)[O-])cc2)C(C(=O)NCCCN2CCC(C#N)(c3ccccc3)CC2)=C(C)N1,1,0,NaN,LSGFCPKEHQTYII-UHFFFAOYSA-N
511,COc1ccccc1N1CCN(C[C@H]2CO[C@@](CN3C(=O)CCC3=O)(c3ccccc3)O2)CC1,1,1,1,JCZSBAKXMUXIIN-HFZDXXHNSA-N
512,COc1ccc(F)cc1OCCNC(C)Cc1cc2c(c(C(N)=O)c1)N(CCCO)CC2,1,1,1,XXRLWGZUQOSESC-UHFFFAOYSA-N
513,COc1cc(Br)ccc1OCCNC(C)Cc1cc2c(c(C(N)=O)c1)N(CCCO)CC2,1,1,1,DOTZWXOJVYIZBJ-UHFFFAOYSA-N
514,O=C(c1cccc(CN2CCc3c([nH]c4ccccc34)C2)c1)N1CCc2ccccc21,1,1,1,PDBBHWHTQRCWFH-UHFFFAOYSA-N
515,COc1ccc(Cl)cc1S(=O)(=O)NC1CCC(N2CCC(c3ccccc3OC3CC3)CC2)CC1,1,NaN,1,CQABPCACTMBCQC-UHFFFAOYSA-N
516,CCOc1ccccc1N1CCN(CCc2cccc(OC)c2)CC1,1,1,1,MLGVJRUWZGCRQT-UHFFFAOYSA-N
517,COc1ccc(Cl)cc1N1CCN(CCCCNc2c(C(C)=O)c(C)nn(C)c2=O)CC1,1,1,1,LQABNCQTZIOQJK-UHFFFAOYSA-N
520,CCOC(=O)C1CN(CCCCN2C(=O)c3cc(Cl)ccc3S2(=O)=O)CCC1c1ccccc1,1,NaN,0,IPBOROXXRHATRV-UHFFFAOYSA-N
521,CC(C)Oc1ccccc1N1CCN([C@H]2CC[C@H](NS(=O)(=O)c3ccc(Cl)cc3F)CC2)CC1,1,NaN,1,DGLBBHYIYLVQGF-MEMLXQNLSA-N
522,CC(C)Oc1ccccc1C1CCN([C@H]2CC[C@@H](NS(=O)(=O)c3ccc(F)c(F)c3)CC2)CC1,1,NaN,1,NHRXMVNDSUMAIN-OYRHEFFESA-N
523,CC1=C(C(=O)NCCCN2CCC(c3ccccc3C#N)CC2)[C@@H](c2ccc(F)c(F)c2)CC(=O)N1C,1,0,NaN,LGOIHIKKLMYNBC-XMMPIXPASA-N
524,CCNC(=O)C1=C(COCCN)NC(CC)=C(C(=O)NCCCN2CCC(c3ccccc3)(c3ccccc3)CC2)C1c1ccc([N+](=O)[O-])cc1,1,NaN,NaN,KLHZZCXEMHQCHW-UHFFFAOYSA-N
525,CCNC(=O)C1C(COCCN)=NC(CC)=C(C(=O)NCCCN2CCC(c3ccccc3)(c3ccccc3)CC2)C1c1ccc([N+](=O)[O-])cc1,1,1,NaN,RMZQYYSAXZUYOD-UHFFFAOYSA-N
526,COc1ccccc1N1CCN(CC2COC3(CCN(S(=O)(=O)c4cccc([N+](=O)[O-])c4)CC3)O2)CC1,1,1,1,YGIDWKQNKMDZJW-UHFFFAOYSA-N
527,CC(C)Oc1ccccc1N1CCN(C2CCC(NS(=O)(=O)c3ccc(Cl)cc3Cl)CC2)CC1,1,NaN,1,KAHFZGUOPFFVHW-UHFFFAOYSA-N
528,CC(C)Oc1ccccc1N1CCN(CC(O)CNC(=O)c2ccc3c(c2)C(=O)N(c2ccc(C(C)(C)C)cc2)C3=O)CC1,1,1,1,REFOHXNLQXATAB-UHFFFAOYSA-N
529,COc1ccccc1N1CCN(CCn2c(=O)c3c(-c4ccccc4)csc3n(C)c2=O)CC1,1,1,NaN,BEJGRQHTUSMJBJ-UHFFFAOYSA-N
530,Cc1ccc2c(c1)oc(=O)n2C1CCN(CCCCN2C(=O)c3ccccc3S2(=O)=O)CC1,1,NaN,NaN,DPYCKGUROJUFMM-UHFFFAOYSA-N
531,O=S(=O)(NC1CCC(N2CCC(c3ccccc3OCC(F)(F)F)CC2)CC1)c1ccc2c(c1)OCCO2,1,1,1,PPAIEDLGYFCKEB-UHFFFAOYSA-N
532,CNC(=O)c1c(C)nc(C)c(C(=O)NCCCN2CCC(c3ccccc3)(c3ccccc3)CC2)c1-c1ccc([N+](=O)[O-])cc1,1,1,NaN,HCBLAAMIRQXAHR-UHFFFAOYSA-N
533,COc1cc2nc(N3CCN(C(=O)C4COc5ccccc5O4)[C@H]4CCCC[C@H]43)nc(N)c2cc1OC,1,1,1,RZKGYUBITDXCBT-ZJWBFHOUSA-N
534,COC(=O)C1(c2ccccc2)CCN(CCCNC(=O)C2=C(COCCN)NC(C)=C(C(N)=O)C2c2ccc([N+](=O)[O-])cc2)CC1,1,NaN,0,ULNCHYOWDJEHCE-UHFFFAOYSA-N
535,COc1ccccc1OCCNCCOc1ccccc1OCc1ccccc1,1,1,1,PAEDPQXLBJMTGG-UHFFFAOYSA-N
536,COc1cccc(OC)c1SCCNCCOc1ccccc1OCc1ccccc1,1,1,1,IHLSYSUPBGFXLU-UHFFFAOYSA-N
537,CCOc1cccc(OCC)c1OCCNCCOc1ccccc1OCc1ccccc1,1,1,1,DZWBHIPIKLFYOT-UHFFFAOYSA-N
539,CN(C)S(=O)(=O)c1ccc2c(c1)N(CCCN1CCC(CCO)CC1)c1ccccc1S2,1,NaN,NaN,JOMHSQGEWSNUKU-UHFFFAOYSA-N
540,COc1ccccc1N1CCN(CCCCNC(=O)c2cc3ccc2CCc2ccc(cc2)CC3)CC1,1,1,1,ZKXPPFSIRYLWQE-UHFFFAOYSA-N
541,CC(Cc1cc2c(c(C(N)=O)c1)N(CCCO)CC2)NCCOc1ccccc1OCC(F)(F)F,1,1,1,PNCPYILNMDWPEY-UHFFFAOYSA-N
542,CC(Cc1cc2c(c(C(N)=O)c1)N(CCCO)CC2)NCCOc1cc(Cl)ccc1OCC(F)(F)F,1,NaN,1,QJLFFFPWEZNFJB-UHFFFAOYSA-N
543,COC(=O)C1=C(C)NC(=O)N(C(=O)NCCCN2CCC(C#N)(c3ccccc3)CC2)C1c1ccc(F)c(F)c1,1,NaN,NaN,MVTUYOJHINYPHS-UHFFFAOYSA-N
544,CC1=C(C(=O)NCCCN2CCC(C#N)(c3ccccc3C#N)CC2)[C@@H](c2ccc(F)c(F)c2)CC(=O)N1,1,1,0,ZJHCRGOBWWAXOV-JOCHJYFZSA-N
545,COC(=O)C1(c2ccccc2)CCN(CCCNC(=O)C2=C(COCCN)N=C(C)C(C(N)=O)C2c2ccc([N+](=O)[O-])cc2)CC1,1,1,0,DRPLZBCJHRURKA-UHFFFAOYSA-N
546,CC(C)Oc1ccccc1N1CCN(C2CCC(NS(=O)(=O)c3ccccc3F)CC2)CC1,1,NaN,1,MMNXGMKPQQFESW-UHFFFAOYSA-N
547,COc1ccc(S(=O)(=O)N[C@H]2CC[C@@H](N3CCC(c4cc(F)ccc4OC(C)C)CC3)CC2)cc1OC,1,NaN,1,AEJCTJSNUNXYQL-ZRZAMGCNSA-N
548,COC(=O)c1c(C)nc(C)c(C(=O)OCCCN2CCC(c3ccccc3)(c3ccccc3)CC2)c1-c1ccc([N+](=O)[O-])cc1,1,1,NaN,BXERZGFRIILESM-UHFFFAOYSA-N
549,CCC1=NC(COCCN=[N+]=[N-])=C(C(=O)NCCCN2CCC(c3ccccc3)(c3ccccc3)CC2)C(c2ccc([N+](=O)[O-])cc2)C1C(N)=O,1,1,NaN,RUEVDDMZSNRBBA-UHFFFAOYSA-N
550,CCC1=C(C(N)=O)C(c2ccc([N+](=O)[O-])cc2)C(C(=O)NCCCN2CCC(c3ccccc3)(c3ccccc3)CC2)=C(COCCN=[N+]=[N-])N1,1,1,NaN,OVMVWTGSJYRVPV-UHFFFAOYSA-N
551,COc1ccccc1N1CCN(CCn2c(=O)[nH]c3c(sc4ccccc43)c2=O)CC1,1,1,1,NFPVLBNNIZXLMJ-UHFFFAOYSA-N
552,COc1ccccc1-c1cc2c(=O)n(CCN3CCN(c4ccccc4Cl)CC3)c(=O)[nH]c2[nH]1,1,1,1,BBIXFEYHANJCTO-UHFFFAOYSA-N
553,COc1ccccc1N1CCN(CCn2c(C)nc3c(sc4ccc(NC(=O)Cc5ccccc5)cc43)c2=O)CC1,1,1,1,PTNLKWJYWYHWJE-UHFFFAOYSA-N
554,COc1cc2nc(N3CCN(C(=O)C4COc5ccccc5O4)[C@@H]4CCCC[C@@H]43)nc(N)c2cc1OC,1,1,1,RZKGYUBITDXCBT-WEAPTXNRSA-N
555,Cc1ccccc1C1(C#N)CCN(CCCNC(=O)C(c2cccc(F)c2)C(C)C)CC1,1,NaN,0,IDZICZAULARHJJ-UHFFFAOYSA-N
556,[2H]c1c([2H])c([2H])c([C@@H]2C[C@@H](N3CCN(C([2H])([2H])[2H])C(C)(C)C3)c3cc(Cl)ccc32)c([2H])c1[2H],1,1,1,BYPMJBXPNZMNQD-WHCYFCLHSA-N
557,CC(C)Oc1ccccc1N1CCN(C2CCC(NS(=O)(=O)c3ccc(F)cc3)CC2)CC1,1,NaN,1,VZKPTHAFKKTYRC-UHFFFAOYSA-N
558,COc1ccccc1N1CCN(CCc2ccc3c(c2)OCO3)CC1,1,1,1,ZFLJBXISNFUYBH-UHFFFAOYSA-N
559,COc1ccc(Cl)cc1N1CCN(CCn2c(C)nc3c(sc4ccccc43)c2=O)CC1,1,1,1,LGOXMVBGBCZVNL-UHFFFAOYSA-N
560,COc1cc2nc(N3CCN(C(=O)c4ccc(Br)o4)[C@H]4CCCC[C@H]43)nc(N)c2cc1OC,1,1,1,CKDALLRCYSNSRF-JKSUJKDBSA-N
561,COc1cc2nc(N3CCN(C(=O)c4ccc(Br)o4)[C@H]4CCCC[C@@H]43)nc(N)c2cc1OC,1,1,1,CKDALLRCYSNSRF-HOTGVXAUSA-N
562,CN(C)CC/C=C1/c2ccccc2Sc2ccc(Cl)cc21,1,NaN,NaN,WSPOMRSOLSGNFJ-AUWJEWJLSA-N
563,CC(C)Oc1ccccc1N1CCN([C@H]2CC[C@@H](NS(=O)(=O)c3cccc(F)c3)CC2)CC1,1,1,1,IMBDRGLQGCAYLF-SZPZYZBQSA-N
564,CC(C)Oc1ccccc1N1CCN([C@H]2CC[C@H](NS(=O)(=O)c3cnc(Cl)c(Br)c3)CC2)CC1,1,NaN,1,LASDMXNHWPCZMK-WGSAOQKQSA-N
565,COC(=O)C1=C(C)N=C(C)N(CCC[C@H](C)CN2CCN(c3ccccc3C(N)=O)CC2)C1c1ccc(F)c(F)c1,1,NaN,0,BLFCXMMGSUUVCS-OORIHMLWSA-N
566,COc1ccccc1N1CCN(CCn2c(C)nc3c(sc4ccc(NC(=O)CCCC(=O)NCc5ccccc5)cc43)c2=O)CC1,1,1,1,WJFLJWNZAPQFEZ-UHFFFAOYSA-N
567,COC(=O)C1=C(C)NC(C)=C(C(=O)NCCCN2CCC(C(=O)OC)(c3ccccc3)CC2)C1c1ccc([N+](=O)[O-])cc1,1,NaN,0,WJKPARWZIFRSFI-UHFFFAOYSA-N
568,CCN(CC)C(=O)N[C@H]1C[C@@H]2c3cccc4[nH]cc(c34)C[C@H]2N(C)C1,1,1,1,JOAHPSVPXZTVEP-YXJHDRRASA-N
569,COC(=O)C1C(C)=NC(C)=C(C(=O)NCCCN2CCC(C(=O)OC)(c3ccccc3)CC2)C1c1ccc([N+](=O)[O-])cc1,1,1,0,QGTFDZFDVRWNAC-UHFFFAOYSA-N
570,COC(=O)C1(c2ccccc2)CCN(CCCNC(=O)C2=C(C)N=C(C)/C(=C(/O)OC)C2c2ccc([N+](=O)[O-])cc2)CC1,1,NaN,0,DZEZXWSJRQPUTM-KDJFERLWSA-N
571,COc1ccccc1N1CCN(CCCNc2cc(O)nc(Nc3c(Cl)cccc3Cl)n2)CC1,1,1,NaN,GGYXZWUYGWBTAP-UHFFFAOYSA-N
572,COC(=O)C1=C(C)N=C(C)N(CCCCN2CCC(C(=O)OC)(c3ccccc3)CC2)C1c1ccc(F)c(F)c1,1,NaN,NaN,XQPITIPYGHBCQW-UHFFFAOYSA-N
573,COC(=O)C1(c2ccccc2)CCN(CCCNC(=O)C2=C(C)NC(C)=C(C(=O)OCCO)C2c2ccc([N+](=O)[O-])cc2)CC1,1,NaN,NaN,CDNYTLWZUIHITF-UHFFFAOYSA-N
574,CC(C)Oc1ccccc1N1CCN(C2CCC(NS(=O)(=O)c3ccccc3[N+](=O)[O-])CC2)CC1,1,NaN,1,HEEKUWDLPPDKMK-UHFFFAOYSA-N
575,COC(=O)C1(c2ccccc2)CCN(CCCNC(=O)C2=C(C)N=C(C)C(C(=O)OCCO)C2c2ccc([N+](=O)[O-])cc2)CC1,1,1,NaN,UJHWKWMULBIBFP-UHFFFAOYSA-N
576,COC(=O)C1(c2ccccc2)CCN(CCCNC(=O)C2=C(C)N=C(C)/C(=C(/O)OCCO)C2c2ccc([N+](=O)[O-])cc2)CC1,1,0,NaN,PBRNXCWKTJNIAH-CCFHIKDMSA-N
577,CC(C)Oc1ccccc1N1CCN(Cc2cc(CN3CCCCC3=O)n(C)n2)CC1,1,0,1,OALIYDQKZULGGT-UHFFFAOYSA-N
578,COc1cc(Br)ccc1OCCNC(C)Cc1cc(C(N)=O)c2c(ccn2CCCO)c1,1,1,1,SFTUKEODVLRSBF-UHFFFAOYSA-N
579,CCOC(=O)C1=C(C)NC(C)=C(C(=O)NCCCN2CCC(C(=O)OC)(c3ccccc3)CC2)C1c1ccc([N+](=O)[O-])cc1,1,NaN,NaN,UAYSNOPJKNCJLB-UHFFFAOYSA-N
580,CCOC(=O)C1C(C)=NC(C)=C(C(=O)NCCCN2CCC(C(=O)OC)(c3ccccc3)CC2)C1c1ccc([N+](=O)[O-])cc1,1,1,NaN,HHXHWBGCTREPSZ-UHFFFAOYSA-N
581,CCO/C(O)=C1\C(C)=NC(C)=C(C(=O)NCCCN2CCC(C(=O)OC)(c3ccccc3)CC2)C1c1ccc([N+](=O)[O-])cc1,1,NaN,NaN,HVJHLWDXQXIFIC-CCFHIKDMSA-N
582,CC(C)Oc1ccccc1N1CCN(Cc2cc(CN3CCCCC3=O)on2)CC1,1,0,NaN,DSMKEQAYQKRDDL-UHFFFAOYSA-N
583,COc1ccc(Cl)cc1S(=O)(=O)NC1CCC(N2CCN(c3ccccc3OC(C)C)CC2)CC1,1,NaN,1,XRCQNHQVZIQOBE-UHFFFAOYSA-N
584,O=S(=O)(N[C@H]1CC[C@H](N2CCC(c3ccccc3OC3CC3)CC2)CC1)c1cc(Cl)ccc1F,1,NaN,1,LVDRNYWTLKUNNT-MEMLXQNLSA-N
585,COc1ccc(Cl)cc1S(=O)(=O)N[C@H]1CC[C@H](N2CCN(c3ccccc3OC(C)C)CC2)CC1,1,NaN,1,XRCQNHQVZIQOBE-HZCBDIJESA-N
586,CC1=NC(CCCN)=C(C(=O)NCCCN2CCC(c3ccccc3)(c3ccccc3)CC2)C(c2ccc([N+](=O)[O-])cc2)C1C(N)=O,1,1,NaN,FTEANBXSHLNIRR-UHFFFAOYSA-N
587,CC1=C(C(N)=O)C(c2ccc([N+](=O)[O-])cc2)C(C(=O)NCCCN2CCC(c3ccccc3)(c3ccccc3)CC2)=C(CCCN)N1,1,NaN,NaN,CWRGETLEMMGBDH-UHFFFAOYSA-N
588,CCCC1=C(C(=O)NCCCN2CCC(c3ccccc3)(c3ccccc3)CC2)C(c2ccc([N+](=O)[O-])cc2)C(C(=O)NCC)C(CC)=N1,1,1,NaN,QQBCCUCHUBUQEQ-UHFFFAOYSA-N
589,CCCC1=C(C(=O)NCCCN2CCC(c3ccccc3)(c3ccccc3)CC2)C(c2ccc([N+](=O)[O-])cc2)C(C(=O)NCC)=C(CC)N1,1,NaN,NaN,XWUSTWDFKOHGNW-UHFFFAOYSA-N
590,COc1ccc2c(c1OCCNC[C@H]1COc3ccccc3O1)NCC2,1,1,1,GENVWLSAPICTPF-HNNXBMFYSA-N
591,CNC(=O)C1=C(C)NC(C)=C(C(=O)NCCCN2CCC(c3ccccc3)(c3ccccc3)CC2)C1c1ccc([N+](=O)[O-])cc1,1,NaN,NaN,YMSCVVXGMWMEMM-UHFFFAOYSA-N
593,COc1ccccc1N1CCN(CCn2c(C)nc3c(sc4ccc(NC(=O)c5ccccc5)cc43)c2=O)CC1,1,1,1,HBKDXPFFGLQBAS-UHFFFAOYSA-N
594,COc1ccccc1N1CCN(CCCCNS(=O)(=O)c2ccc(F)cc2)CC1,1,1,1,XOZFOKIHXFIGLO-UHFFFAOYSA-N
595,COc1cc2nc(N3CCN(C(=O)c4cc5ccc(O)cc5oc4=O)CC3)nc(N)c2cc1OC,1,1,1,CNMNBFPDHZVEGX-UHFFFAOYSA-N
596,CC(C)Oc1ccccc1N1CCN([C@H]2CC[C@H](NS(=O)(=O)Cc3ccccc3)CC2)CC1,1,NaN,1,OCDNDDLEORDHLQ-RQNOJGIXSA-N
597,CNC(=O)C1C(C)=NC(C)=C(C(=O)NCCCN2CCC(C(=O)OC)(c3ccccc3)CC2)C1c1ccc([N+](=O)[O-])cc1,1,1,NaN,AGNYFINNIVFBHA-UHFFFAOYSA-N
598,CNC(=O)C1=C(C)NC(C)=C(C(=O)NCCCN2CCC(C(=O)OC)(c3ccccc3)CC2)C1c1ccc([N+](=O)[O-])cc1,1,0,NaN,CAAOWRJNPRFDJE-UHFFFAOYSA-N
599,C1=C(N2CCNCC2)c2nccn2Cc2ccccc21,1,1,NaN,NSRMKMSTPLJNHM-UHFFFAOYSA-N
600,NC1=N[C@]2(CCc3cccc(Cl)c3C2)OC1,1,1,1,XGXYGEYUGTVZAR-GFCCVEGCSA-N
601,Cc1c[nH]c(=O)n(CC(C)(C)CN2CCN(c3ccccc3OCC(F)(F)F)CC2)c1=O,1,NaN,NaN,GRHNWNVQLGTXTE-UHFFFAOYSA-N
602,CC(C)C(=O)NCCN1CCC[C@@H]1Cn1nc(Cc2ccc(Cl)cc2)c2ccccc2c1=O,1,1,NaN,LXGZSTDLYCGLAE-OAQYLSRUSA-N
603,NC1=NC2(CCc3ccccc3C2)CO1,1,1,1,ZFZUYTCCHMWWTD-UHFFFAOYSA-N
604,CN1CCc2c(sc3ncn(CCN4CCN(c5ccccc5OCc5ccccc5)CC4)c(=O)c23)C1,1,1,1,MDXDUERQAFAILI-UHFFFAOYSA-N
605,CC(Cc1cc2c(c(C(N)=O)c1)N(CCCO)CC2)NCCOc1ccc(F)cc1OCC(F)(F)F,1,1,1,BRSPJIFNHOLFQU-UHFFFAOYSA-N
606,O=S(=O)(N[C@H]1CC[C@@H](N2CCC(c3ccccc3OCC(F)(F)F)CC2)CC1)c1ccc2c(c1)OCCO2,1,1,1,PPAIEDLGYFCKEB-OYRHEFFESA-N
607,COc1ccccc1N1CCN(CCn2c(=O)[nH]c3[nH]c(-c4ccc(Cl)cc4)cc3c2=O)CC1,1,1,1,KEFRGKGZIBGWEZ-UHFFFAOYSA-N
608,COc1cccc(OC)c1OCCNCC1Oc2ccccc2OC1c1ccc(C)cc1,1,1,NaN,UNHGFWKSHHCRHF-UHFFFAOYSA-N
609,COc1cc2nc(N3CCN(C(=O)c4ccccc4)[C@H]4CCCC[C@H]43)nc(N)c2cc1OC,1,1,1,LHLZWQUFUNHDHT-VQTJNVASSA-N
610,COC(=O)C1(c2ccccc2)CCN(CCCNC(=O)C2=C(C)NC(C)=C(C(C)=O)C2c2ccc3c(c2)OCO3)CC1,1,NaN,NaN,SDLAGDZFGDPJLC-UHFFFAOYSA-N
611,COC(=O)C1(c2ccccc2)CCN(CCCNC(=O)C2=C(C)N=C(C)C(C(C)=O)C2c2ccc3c(c2)OCO3)CC1,1,1,NaN,OBGSISHOOKNBRI-UHFFFAOYSA-N
612,COc1ccc(CCNCC2CCc3ccccc3C2)cc1,1,1,NaN,NJWKVUCAVMYELV-UHFFFAOYSA-N
613,COc1ccccc1N1CCN(CCn2c(=O)[nH]c3scc(-c4cccc(C)c4)c3c2=O)CC1,1,1,1,PANBMHHKBRMYAL-UHFFFAOYSA-N
614,COC(=O)C1(c2ccccc2)CCN(CCCCCN2C(C)=NC(C)=C(C(N)=O)C2c2ccc(F)cc2F)CC1,1,NaN,NaN,MFXXQERUKWXMIU-UHFFFAOYSA-N
615,N#Cc1cc(F)ccc1C1CCN(CCCNC(=O)C2C(C(F)(F)F)=NC(=O)N[C@@H]2c2ccc(F)c(F)c2)CC1,1,1,NaN,MNHTZNWGEQJHJN-OZAIVSQSSA-N
616,N#Cc1cc(F)ccc1C1CCN(CCCNC(=O)C2=C(C(F)(F)F)NC(=O)N[C@@H]2c2ccc(F)c(F)c2)CC1,1,NaN,NaN,PSQXMJPYXNSOJY-HSZRJFAPSA-N
617,CCOc1ccccc1N1CCN(CC(O)CNC(=O)c2ccc3c(c2)C(=O)N(c2cccc(F)c2)C3=O)CC1,1,1,NaN,RHILFWFBQHFQIB-UHFFFAOYSA-N
618,COc1cc2nc(N3CCN(C(=O)c4cccs4)[C@H]4CCCC[C@H]43)nc(N)c2cc1OC,1,1,1,UIAXVFLURTXSJC-DLBZAZTESA-N
619,COc1ccc([N+](=O)[O-])cc1S(=O)(=O)N[C@H]1CC[C@@H](N2CCN(c3ccccc3OC(C)C)CC2)CC1,1,1,1,FFXLCCZAXLBJFW-OYRHEFFESA-N
620,COc1ccccc1OCCNC(C)Cc1cc(C(N)=O)c2c(ccn2CCCO)c1,1,1,1,SOGVSTQOWIDIQK-UHFFFAOYSA-N
621,CC1=NC(CCCCN)=C(C(=O)NCCCN2CCC(c3ccccc3)(c3ccccc3)CC2)C(c2ccc([N+](=O)[O-])cc2)C1C(N)=O,1,1,NaN,BERGTWZFNNPONR-UHFFFAOYSA-N
622,CC1=C(C(N)=O)C(c2ccc([N+](=O)[O-])cc2)C(C(=O)NCCCN2CCC(c3ccccc3)(c3ccccc3)CC2)=C(CCCCN)N1,1,NaN,NaN,LWIMUFCQSSEBRN-UHFFFAOYSA-N
623,COc1ccc2ccccc2c1N1CCN(CCn2cnc3sc4c(c3c2=O)CCN(C)C4)CC1,1,1,1,CLKHJNVUYRXMGC-UHFFFAOYSA-N
624,C[C@@H]1CCCN(C2CCN(C(=O)c3ccc(N(C)Cc4c(F)cccc4F)nc3)CC2)C1,1,1,NaN,CQQRHLWMHPZRFU-GOSISDBHSA-N
625,COc1ccc(Cl)cc1S(=O)(=O)N[C@H]1CC[C@H](N2CCC(c3ccccc3OC3CC3)CC2)CC1,1,NaN,1,CQABPCACTMBCQC-HZCBDIJESA-N
626,CC(C)Oc1ccccc1N1CCN([C@H]2CC[C@@H](NS(=O)(=O)c3ccc(Cl)cc3Cl)CC2)CC1,1,1,1,KAHFZGUOPFFVHW-OYRHEFFESA-N
627,COC(=O)C1=C(C)NC(=O)N(C(=O)NCCCN2CCC(C(=O)OC)(c3ccccc3)CC2)C1c1ccc(Cl)cc1,1,1,NaN,LMLCPHRNHLEZIN-UHFFFAOYSA-N
628,COC(=O)C1=C(C)NC(=O)N(C(=O)NCCCN2CCC3(CC2)C(=O)Oc2ccccc23)C1c1ccc(F)c(F)c1,1,0,0,XAFUDJXOIRWNFS-UHFFFAOYSA-N
629,CCNC(=O)C1C(CC)=NC(COCCN)=C(C(=O)NCCCN2CCC(c3ccccc3)(c3ccccc3)CC2)C1c1ccc([N+](=O)[O-])cc1,1,1,0,GZYMKAZAURLMJX-UHFFFAOYSA-N
630,CCNC(=O)C1=C(CC)NC(COCCN)=C(C(=O)NCCCN2CCC(c3ccccc3)(c3ccccc3)CC2)C1c1ccc([N+](=O)[O-])cc1,1,NaN,0,KCUCPEWBDAFYOT-UHFFFAOYSA-N
631,COc1ccc2ccccc2c1OCCNC[C@@H]1COc2ccccc2O1,1,1,1,MRCKSWXOWOMYII-QGZVFWFLSA-N
632,COc1ccccc1N1CCN(CC2COC3(CCN(S(=O)(=O)c4ccc(C)cc4)CC3)O2)CC1,1,1,1,VQLNHQYXLDPOCF-UHFFFAOYSA-N
633,COc1cc(F)ccc1OCCNC(C)Cc1cc2c(c(C(N)=O)c1)N(CCCO)CC2,1,NaN,1,QOIHMWKAVCOQSF-UHFFFAOYSA-N
634,COC(=O)C1=C(C)NC(=O)N(C(=O)NCCCN2CCC(c3cc(C)cc(C)c3)(c3cc(C)cc(C)c3)CC2)C1c1ccc(F)c(F)c1,1,NaN,NaN,DXKDPMJFFBCJSB-UHFFFAOYSA-N
635,COCC1=C(C(=O)OC)[C@H](c2ccc(F)c(F)c2)N(C(=O)N[C@H]2CC[C@@H](N3CCC(c4ccccn4)CC3)C2)C(=O)N1,1,NaN,NaN,FPRCXYVVQHMAFI-ISCCLHIJSA-N
636,COC(=[OH+])C1=C(C)N=C(C)C(=C([O-])OCCCN2CCC(c3ccccc3)(c3ccccc3)CC2)[C@@H]1c1cccc([N+](=O)[O-])c1,1,1,NaN,OCBZSBUOYIQXSP-MGBGTMOVSA-N
637,O=c1[nH]c2[nH]c(-c3ccccc3)cc2c(=O)n1CCN1CCN(c2ccccc2Cl)CC1,1,1,1,RCUUBRFHZZUGFH-UHFFFAOYSA-N
638,COc1ccccc1N1CCN(CCn2nc(-c3ccccc3)c(C(C)=O)c(N)c2=O)CC1,1,1,1,HPKLBVVRBBCHTN-UHFFFAOYSA-N
639,COC(=O)C1(c2ccccc2)CCN(CCCNC(=O)C2=C(C)NC(C)=C(C(=O)OCCC#N)C2c2ccc([N+](=O)[O-])cc2)CC1,1,NaN,NaN,BIKZTBMUBLPFDS-UHFFFAOYSA-N
640,COC(=O)C1(c2ccccc2)CCN(CCCNC(=O)C2=C(C)N=C(C)C(C(=O)OCCC#N)C2c2ccc([N+](=O)[O-])cc2)CC1,1,1,NaN,MKHBKMKCQKFQFC-UHFFFAOYSA-N
641,COC(=O)C1(c2ccccc2)CCN(CCCNC(=O)C2=C(C)N=C(C)/C(=C(/O)OCCC#N)C2c2ccc([N+](=O)[O-])cc2)CC1,1,NaN,NaN,CIMSZTVVTWKOJY-UUDCSCGESA-N
642,COc1ccccc1OCCNC(C)Cc1cc2c(c(C(N)=O)c1)N(CCCO)CC2,1,1,1,RKHBPDFPBLQPEZ-UHFFFAOYSA-N
643,O=S(=O)(N[C@H]1CC[C@H](N2CCC(c3ccccc3OCC(F)(F)F)CC2)CC1)c1cc(Cl)ccc1F,1,NaN,1,HNTIGZIKHBPAFD-MXVIHJGJSA-N
644,CC(C)Oc1ccccc1N1CCN([C@H]2CC[C@@H](NS(=O)(=O)c3ccc(S(C)(=O)=O)cc3)CC2)CC1,1,1,1,UHPXZGGJCMUMGZ-SZPZYZBQSA-N
645,CCC1=NC(COCCCN)=C(C(=O)NCCCN2CCC(c3ccccc3)(c3ccccc3)CC2)C(c2ccc([N+](=O)[O-])cc2)C1C(N)=O,1,1,NaN,UTCOMQXMXQJEDA-UHFFFAOYSA-N
646,CCC1=C(C(N)=O)C(c2ccc([N+](=O)[O-])cc2)C(C(=O)NCCCN2CCC(c3ccccc3)(c3ccccc3)CC2)=C(COCCCN)N1,1,NaN,NaN,GHMHLQOFXXKCPZ-UHFFFAOYSA-N
647,COCC1=C(C(=O)OC)[C@H](c2ccc(F)c(F)c2)N(C(=O)N[C@H]2CC[C@H](N3CCN(c4ccccc4C#N)CC3)C2)C(=O)N1,1,1,1,SOUVKJLYRGDDOT-VPYPWEPUSA-N
648,CCNC(=O)C1=C(C)NC(C)=C(C(=O)NCCCN2CCC(C(=O)OC)(c3ccccc3)CC2)C1c1ccc([N+](=O)[O-])cc1,1,0,NaN,COYXUFNFFWVLGI-UHFFFAOYSA-N
649,CCNC(=O)C1C(C)=NC(C)=C(C(=O)NCCCN2CCC(C(=O)OC)(c3ccccc3)CC2)C1c1ccc([N+](=O)[O-])cc1,1,1,NaN,NCZMUOVWUNLZDT-UHFFFAOYSA-N
650,COc1ccncc1S(=O)(=O)N[C@H]1CC[C@@H](N2CCN(c3ccccc3OC(C)C)CC2)CC1,1,1,1,KCWSSYYCEGZXTI-OYRHEFFESA-N
651,COC(=O)C1=C(C)NC(=O)N(C(=O)NCCCN2CCN(c3cccc(C(F)(F)F)c3)CC2)C1c1ccc(F)c(F)c1,1,1,NaN,KTTHVCJSRNMDJY-UHFFFAOYSA-N
652,COc1ccccc1N1CCN(CCn2c(=O)[nH]c3[nH]c(-c4ccc(C)cc4)cc3c2=O)CC1,1,1,1,RMKWPAUMYJFUEG-UHFFFAOYSA-N
653,COc1cccc(C2CCC(N3CCN(c4ccccc4OC)CC3)CC2)c1,1,1,1,ZNFGZJGKELODLV-UHFFFAOYSA-N
654,Fc1ccn(Cc2c(F)ccc3c2CC[C@H]3c2ncc[nH]2)n1,1,1,NaN,VOYHWWWCRUGXBB-GFCCVEGCSA-N
655,CSc1ccc2c(c1)N(CC[C@@H]1CCCCN1C)c1ccccc1S2,1,1,NaN,KLBQZWRITKRQQV-INIZCTEOSA-N
656,COc1ccccc1N1CCN(CCCCNC(=O)Nc2cccc(Cl)c2)CC1,1,1,NaN,BQDGJNNXKPPHKX-UHFFFAOYSA-N
657,CC(C)Oc1ccccc1N1CCN([C@H]2CC[C@@H](NS(=O)(=O)c3cccnc3)CC2)CC1,1,NaN,1,XOZBPBSXMJMBOL-OYRHEFFESA-N
658,C[C@@]1(O)C(=O)N(CCCN2CCN(c3ccc(F)cc3OCC(F)(F)F)CC2)C(=O)N[C@@H]1O,1,1,NaN,CFECXSNWRXZHNR-APWZRJJASA-N
659,COC(=O)C1=C(C)NC(=O)N(C(=O)NCCCN2CCC(c3ccccc3)(c3ccccc3)CC2)C1c1ccc([N+](=O)[O-])cc1,1,1,NaN,ZSBUPDFCHJYDDP-UHFFFAOYSA-N
660,CC(C)Oc1ccccc1N1CCN(CCc2ccccc2)CC1,1,1,1,IBAMCKKDXCRFQF-UHFFFAOYSA-N
661,Oc1cccc(O)c1OCCNCCOc1ccccc1OCc1ccccc1,1,1,1,ADSQCTGZHJXUFN-UHFFFAOYSA-N
662,C[C@]1(O)C(=O)N(CCCN2CCN(c3ccc(F)cc3OCC(F)(F)F)CC2)C(=O)N[C@H]1O,1,NaN,NaN,CFECXSNWRXZHNR-QFBILLFUSA-N
663,CCC1=NC(CCCCOC)=C(C(=O)NCCCN2CCC(c3ccccc3)(c3ccccc3)CC2)C(c2ccc([N+](=O)[O-])cc2)C1C(N)=O,1,1,NaN,NSXUBFCOCMDGJL-UHFFFAOYSA-N
664,CCC1=C(C(N)=O)C(c2ccc([N+](=O)[O-])cc2)C(C(=O)NCCCN2CCC(c3ccccc3)(c3ccccc3)CC2)=C(CCCCOC)N1,1,NaN,NaN,CPNQDPLKZHXMSB-UHFFFAOYSA-N
665,COc1ccccc1N1CCN(CCN(C(=O)C2CCCCC2)c2ccccc2OC)CC1,1,1,1,QQLBAAQRZXVWPZ-UHFFFAOYSA-N
666,CC(C)Oc1ccccc1N1CCN(C2CCC(NS(=O)(=O)c3ccccc3C#N)CC2)CC1,1,NaN,1,PAUUPYPPPJQSIG-UHFFFAOYSA-N
667,COCC1=C(C(=O)OC)C(c2ccc(F)c(F)c2)N(C(=O)NCCCN2CCC(C#N)(c3ccccc3F)CC2)C(=O)N1,1,NaN,NaN,GDBMQKGUAQWBLZ-UHFFFAOYSA-N
668,COc1ccccc1N1CCN(CC2COC3(CCN(S(=O)(=O)c4ccc([N+](=O)[O-])cc4)CC3)O2)CC1,1,NaN,1,KTBIQCRMHWZGGG-UHFFFAOYSA-N
669,COc1ccccc1N1CCN(CCn2c(=O)[nH]c3c(sc4ccc(NC(=O)CCCCc5ccccc5)cc43)c2=O)CC1,1,1,1,VZCKRSFEOTUZRB-UHFFFAOYSA-N
670,Cc1ccc(N(NC2=NCCO2)c2cccc(O)c2)cc1,1,1,NaN,HAIKGHUWKLUYNG-UHFFFAOYSA-N
671,COc1cccc(N(NC2=NCCO2)c2ccc(C)cc2)c1,1,1,NaN,IOEIAXGHDJMROV-UHFFFAOYSA-N
672,Cc1noc(C)c1S(=O)(=O)Nc1ccc2c(c1)C(=O)CC1(CCN(CCc3cccc4ccccc34)CC1)O2,1,1,1,KVIRFFFBTUTUIZ-UHFFFAOYSA-N
673,CN(C)CCOC1=Cc2ccccc2Sc2ccc(Cl)cc21,1,1,1,HDOZVRUNCMBHFH-UHFFFAOYSA-N
674,O=S(=O)(NC1CCC(N2CCC(c3ccccc3OCC(F)(F)F)CC2)CC1)c1cc(Cl)ccc1F,1,NaN,1,HNTIGZIKHBPAFD-UHFFFAOYSA-N
675,CC(C)Oc1ccccc1N1CCN(C2CCC(NS(=O)(=O)c3cccnc3)CC2)CC1,1,NaN,1,XOZBPBSXMJMBOL-UHFFFAOYSA-N
676,O=S(=O)(N[C@H]1CC[C@@H](N2CCC(c3ccccc3OCC(F)(F)F)CC2)CC1)c1ccc(OC(F)F)cc1,1,1,1,GAFGMUJBSNDSHX-BGYRXZFFSA-N
677,COCCOC(=O)C1(c2ccccc2)CCN(CCCNC(=O)C2=C(C)N=C(C)C(C(N)=O)C2c2ccc([N+](=O)[O-])cc2)CC1,1,1,NaN,PCIZVLJNIBVUFB-UHFFFAOYSA-N
678,COCCOC(=O)C1(c2ccccc2)CCN(CCCNC(=O)C2=C(C)NC(C)=C(C(N)=O)C2c2ccc([N+](=O)[O-])cc2)CC1,1,0,NaN,XRPJJJVZPOUKHY-UHFFFAOYSA-N
679,COc1ccc(-c2cc3c(=O)n(CCN4CCN(c5ccccc5OC)CC4)c(=O)[nH]c3[nH]2)cc1,1,1,1,QAWYXANRFIWXDP-UHFFFAOYSA-N
680,COc1cc2nc(N3CCN(C(=O)OCc4ccccc4)[C@H]4CCCC[C@H]43)nc(N)c2cc1OC,1,1,1,FJHDZOUCRDBUGM-RTWAWAEBSA-N
681,CCN(CC)C(=O)N[C@@H]1C=C2c3cccc4[nH]cc(c34)C[C@H]2N(C)C1,1,1,1,BKRGVLQUQGGVSM-RDTXWAMCSA-N
682,CC(C)Oc1ccccc1N1CCN([C@H]2CC[C@@H](NS(=O)(=O)c3ccccc3F)CC2)CC1,1,1,1,MMNXGMKPQQFESW-OYRHEFFESA-N
683,CC(C)Oc1ccccc1N1CCN([C@H]2CC[C@@H](NS(=O)(=O)c3ccc(F)cc3)CC2)CC1,1,1,1,VZKPTHAFKKTYRC-SZPZYZBQSA-N
684,COc1cccc(OC)c1OCCNC[C@@H]1COc2cccc(Cl)c2O1,1,1,1,CQFKZCAKNRCPDY-CYBMUJFWSA-N
685,COc1ccc(-c2ccccc2)cc1OCCNC[C@H]1COc2ccccc2O1,1,1,1,KHXNVNNRQVTRJN-FQEVSTJZSA-N
686,Cc1ccc(C(O)(C(=O)NCCCN2CCC(C#N)(c3ccccc3)CC2)c2ccc(C)cc2)cc1,1,0,0,QILUJNITRUUHBK-UHFFFAOYSA-N
687,CCCCCC(=O)N1CCN(c2nc(N)c3cc(OC)c(OC)cc3n2)[C@@H]2CCCC[C@@H]21,1,1,1,RGGIGJAIAGZDRS-RBUKOAKNSA-N
688,COc1ccccc1N1CCN(CCCCNC(=O)c2cccc(F)n2)CC1,1,1,1,VQBXPTGVNAAIHI-UHFFFAOYSA-N
689,COc1ccccc1N1CCN(CCCCNC(=O)c2cc3cc(I)ccc3s2)CC1,1,1,1,YIUMSISCOUIOHZ-UHFFFAOYSA-N
690,COc1ccc(Br)cc1S(=O)(=O)NC1CCC(N2CCN(c3ccccc3OC(C)C)CC2)CC1,1,1,1,MDOKTLACQIDXQG-UHFFFAOYSA-N
691,CC(C)Oc1ccccc1N1CCN([C@H]2CC[C@H](NS(=O)(=O)c3cccnc3)CC2)CC1,1,1,1,XOZBPBSXMJMBOL-MEMLXQNLSA-N
692,N#CC1(c2ccccc2)CCN(CCCNC(=O)N2C(=O)NC3=C(C(=O)OC3)C2c2ccc(F)c(F)c2)CC1,1,NaN,0,YXGDGGYNHGGLOW-UHFFFAOYSA-N
693,COc1ccccc1N1CCN(CCCCNC(=O)c2cc3cc(I)ccc3o2)CC1,1,1,1,BAGJQDYWVPCFCU-UHFFFAOYSA-N
694,O=S(=O)(N[C@H]1CC[C@@H](N2CCC(c3ccccc3OCC(F)(F)F)CC2)CC1)c1cc(Cl)ccc1F,1,1,1,HNTIGZIKHBPAFD-BGYRXZFFSA-N
695,CCC1=NC(COCCN)=C(C(=O)NCCCN2CCC(c3ccccc3)(c3ccccc3)CC2)C(c2ccc([N+](=O)[O-])cc2)C1C(N)=O,1,1,NaN,XIIKDAODIFECTH-UHFFFAOYSA-N
696,Cn1nc(Cl)c2cn3nc(NCCN4CCN(c5ccccc5Cl)CC4)ccc3c2c1=O,1,1,1,RORFUFVFDXKMOM-UHFFFAOYSA-N
697,COc1ccc(S(=O)(=O)NC2CCC(N3CCC(c4ccccc4OC4CC4)CC3)CC2)cc1OC,1,NaN,1,JFRXSPVSGNWHOD-UHFFFAOYSA-N
698,CC1=NC(C)=C(C(=O)NCCCN2CCC(C(=O)Oc3ccccc3)(c3ccccc3)CC2)C(c2ccc([N+](=O)[O-])cc2)C1C(N)=O,1,1,NaN,SXRUGRZXULZCBB-UHFFFAOYSA-N
699,CC1=C(C(N)=O)C(c2ccc([N+](=O)[O-])cc2)C(C(=O)NCCCN2CCC(C(=O)Oc3ccccc3)(c3ccccc3)CC2)=C(C)N1,1,NaN,NaN,RZIZBETWVGIROJ-UHFFFAOYSA-N
700,COc1ccccc1N1CCN(CCCCNc2nccc3ccccc23)CC1,1,1,NaN,GVOWTPVTYQMHDU-UHFFFAOYSA-N
701,COc1ccccc1N1CCN(CCCCNc2ccc3ccccc3n2)CC1,1,1,NaN,SVLOMAHKFFJJIC-UHFFFAOYSA-N
702,COc1ccc(F)cc1S(=O)(=O)N[C@H]1CC[C@@H](N2CCN(c3ccccc3OC(C)C)CC2)CC1,1,1,1,SHLHJQDYUNFBDK-SZPZYZBQSA-N
703,CCOC(=O)C1(c2ccccc2)CCN(CCCNC(=O)C2=C(C)NC(C)=C(C(=O)NC)C2c2ccc([N+](=O)[O-])cc2)CC1,1,0,NaN,GKHZZRFAPCFEBL-UHFFFAOYSA-N
704,CC(C)Oc1ccccc1N1CCN(C2CCC(NS(=O)(=O)c3ccc(S(C)(=O)=O)cc3)CC2)CC1,1,NaN,1,UHPXZGGJCMUMGZ-UHFFFAOYSA-N
705,CCOC(=O)C1(c2ccccc2)CCN(CCCNC(=O)C2=C(C)N=C(C)C(C(=O)NC)C2c2ccc([N+](=O)[O-])cc2)CC1,1,1,NaN,KJPZGJYUDUIYGW-UHFFFAOYSA-N
706,CNC(=O)C1=C(C)NC(C)=C(C(=O)NCCCN2CCC(c3ccccc3)CC2)C1c1ccc([N+](=O)[O-])cc1,1,NaN,NaN,LGQDRXMJPKYZFZ-UHFFFAOYSA-N
707,CNC(=O)C1C(C)=NC(C)=C(C(=O)NCCCN2CCC(c3ccccc3)CC2)C1c1ccc([N+](=O)[O-])cc1,1,1,NaN,UVICRDSFJQQDJY-UHFFFAOYSA-N
708,COc1ccc(Cl)cc1S(=O)(=O)N[C@H]1CC[C@@H](N2CCC(c3ccccc3OCC(F)(F)F)CC2)CC1,1,NaN,1,WDZOSSNSOBKEMP-OYRHEFFESA-N
709,Cc1ccc(S(=O)(=O)NC2CCC(N3CCN(c4ccccc4OC(C)C)CC3)CC2)cc1Cl,1,NaN,1,PNMMHGYXIWNCEE-UHFFFAOYSA-N
710,CC(C)Oc1ccccc1N1CCN(C2CCC(NS(=O)(=O)c3cccc(Cl)c3F)CC2)CC1,1,NaN,1,JOQJONDKZULBPP-UHFFFAOYSA-N
711,O=c1[nH]c2[nH]c(-c3ccccc3Cl)cc2c(=O)n1CCN1CCN(c2ccccc2Cl)CC1,1,1,1,QMMPFJGZOGDNHT-UHFFFAOYSA-N
712,CC(C)Oc1ccccc1N1CCN([C@H]2CC[C@@H](NS(=O)(=O)c3ccccc3[N+](=O)[O-])CC2)CC1,1,NaN,1,HEEKUWDLPPDKMK-OYRHEFFESA-N
713,COc1ccc(C2(c3ccccc3)CCN(CCCNC(=O)C3=C(COCCN)N=C(C)C(C(N)=O)C3c3ccc([N+](=O)[O-])cc3)CC2)cc1,1,1,0,XEEZZVVUQHKGAE-UHFFFAOYSA-N
714,Clc1cccc(Cl)c1OCCNCCOc1ccccc1OCc1ccccc1,1,1,1,PANUNJICXXHAIL-UHFFFAOYSA-N
715,CCCCN1CCC[C@@H]1Cn1nc(Cc2ccc(Cl)cc2)c2cnccc2c1=O,1,1,NaN,VFIDGXZRONKQBZ-LJQANCHMSA-N
716,COCCNC(=O)CCCN1CCC[C@@H]1Cn1nc(Cc2ccc(Cl)cc2)c2ccccc2c1=O,1,1,NaN,OZUYIQYXHKJSCF-JOCHJYFZSA-N
717,CN(C)c1c[nH]c(=O)n(CCCN2CCN(c3ccc(F)cc3OCC(F)(F)F)CC2)c1=O,1,NaN,1,HJESDLDLPTXZBL-UHFFFAOYSA-N
718,COc1ccc(C2(c3ccccc3)CCN(CCCNC(=O)C3=C(COCCN)NC(C)=C(C(N)=O)C3c3ccc([N+](=O)[O-])cc3)CC2)cc1,1,NaN,0,WDDPQFVKUCBXKP-UHFFFAOYSA-N
719,Cc1ccccc1C1(C#N)CCN(CCCNC(=O)C(c2ccc(Cl)cc2)C(C)C)CC1,1,NaN,0,QVVUBPXTGZZTIW-UHFFFAOYSA-N
720,COc1cc2nc(N3CCN(C(=O)c4ccco4)[C@@H]4CCCC[C@@H]43)nc(N)c2cc1OC,1,1,1,XBRXTUGRUXGBPX-SJORKVTESA-N
721,COc1ccccc1N1CCN(CC2COC3(CCN(c4ccccc4)CC3)O2)CC1,1,NaN,1,YMCAXSPZJNPMHX-UHFFFAOYSA-N
722,COc1ccccc1N1CCN(CC2COC3(CCN(S(=O)(=O)c4ccc(Cl)cc4)CC3)O2)CC1,1,1,1,POAIEWIIIXKJRN-UHFFFAOYSA-N
723,COc1ccccc1CCN1CCC2(CC1)CC(=O)c1ccc(NS(C)(=O)=O)cc1O2,1,NaN,1,QBFJWYVQWOPOQH-UHFFFAOYSA-N
724,CCOc1ccccc1OCCNCC1COC(c2ccccc2)(c2ccccc2)O1,1,1,1,CLADBLWFXVASRD-UHFFFAOYSA-N
725,COc1cc2nc(N3CCN(C(=O)C(C)(C)C)[C@H]4CCCC[C@H]43)nc(N)c2cc1OC,1,1,1,HEMORBXXFYODCC-DLBZAZTESA-N
726,COc1ccccc1N1CCN(C[C@H]2CO[C@@](CN3C(=O)CCCC3=O)(c3ccccc3)O2)CC1,1,1,1,YXYDEEZYQMLTIS-WXVAWEFUSA-N
727,COc1ccccc1N1CCN(CCCCn2ncc(=O)n(C)c2=O)CC1,1,1,1,MEKSQRMXWZHFIP-UHFFFAOYSA-N
728,COc1ccccc1N1CCN(CC2COC3(CCN(Cc4ccccc4)CC3)O2)CC1,1,1,1,LRLMUKKGKWCSTQ-UHFFFAOYSA-N
729,COC(=O)C1=C(C)N=C(C)N(Cc2cccc(CN3CCC(C(=O)OC)(c4ccccc4)CC3)c2)C1c1ccc(F)c(F)c1,1,NaN,NaN,BVILLZIQPZNAQJ-UHFFFAOYSA-N
730,COC(CNC(=O)c1ccc2c(c1)C(=O)N(c1cccc(F)c1)C2=O)CN1CCN(c2ccccc2OC(C)C)CC1,1,1,NaN,FSAKTEBFSIPADS-UHFFFAOYSA-N
731,COC(=O)C1=C(C)NC(=O)N(C(=O)NCCCN2CCC(c3ccc(Cl)cc3)(c3ccc(Cl)cc3)CC2)C1c1ccc(F)c(F)c1,1,1,NaN,UZMKDOUDIGKWHV-UHFFFAOYSA-N
732,COc1ccccc1N1CCN(CCCCNC(=O)c2sccc2Cl)CC1,1,1,1,HAISIGWLLOPIBJ-UHFFFAOYSA-N
733,COc1ccccc1N1CCN(CCn2c(=O)[nH]c3c(sc4ccc(NC(=O)CCCN(C)Cc5ccccc5)cc43)c2=O)CC1,1,1,1,FKPDOXLGSMSHFA-UHFFFAOYSA-N
734,COc1c(Cl)cccc1N1CCN(CCn2cnc3sc4c(c3c2=O)CCN(C)C4)CC1,1,1,1,NSXHCXUYOMDHEJ-UHFFFAOYSA-N
735,CC(C)Oc1ccccc1N1CCN(C2CCC(NS(=O)(=O)c3ccc(Cl)cc3F)CC2)CC1,1,NaN,1,DGLBBHYIYLVQGF-UHFFFAOYSA-N
736,O=S(=O)(N[C@H]1CC[C@@H](N2CCC(c3ccccc3OCC(F)(F)F)CC2)CC1)c1cccc(OC(F)F)c1,1,NaN,1,RVPGPLCUKORXKA-BGYRXZFFSA-N
737,CC1=C(C(=O)NCCCN2CCC(C#N)(c3ccc(F)cc3C#N)CC2)[C@@H](c2ccc(F)c(F)c2)CC(=O)N1C,1,1,0,LEVRYVCMBBJQLU-HSZRJFAPSA-N
738,Cc1ccc(CCn2c3c(c4cc(C)ccc42)CN(C)CC3)cc1,1,NaN,NaN,KRPHBUMURAALTO-UHFFFAOYSA-N
739,COc1cc2nc(N3CCC[C@H](NC4=CC(=O)c5ccccc5C4=O)C3)nc(N)c2cc1OC,1,1,1,ZLHMTVZLNSBOJW-AWEZNQCLSA-N
740,COc1ccccc1N1CCN(CCn2c(=O)[nH]c3c(sc4ccc(NC(=O)CCCc5ccccc5)cc43)c2=O)CC1,1,1,1,WBCDPYPSNVABPM-UHFFFAOYSA-N
741,COC(=O)C1=C(C)NC(C)=C(C(=O)NCCCN2CCC(c3ccccc3)(c3ccccc3)CC2)C1c1ccc(OC)cc1,1,NaN,NaN,HDPWKYAOGUUHKO-UHFFFAOYSA-N
742,CO/C(O)=C1\C(C)=NC(C)=C(C(=O)NCCCN2CCC(c3ccccc3)(c3ccccc3)CC2)C1c1ccc(OC)cc1,1,NaN,NaN,VHYJQKUBUIGDCY-PKUSAGTQSA-N
743,COc1ccccc1N1CCN(CCCNC(=O)Nc2ccccc2-c2ccccc2)CC1,1,1,NaN,IBNWNWKMISLVQT-UHFFFAOYSA-N
744,COc1cccc(OC)c1OCCNCC1=Cc2ccccc2OC1c1ccccc1,1,1,1,IFVRVNMRXMDJCL-UHFFFAOYSA-N
745,Cc1cccc2c(NCCNc3ccnc4c(C)cccc34)ccnc12,1,1,NaN,DZTKYUPHGYMDEB-UHFFFAOYSA-N
746,COc1ccccc1OCCNCCC1COC(c2ccccc2)(c2ccccc2)O1,1,1,1,OWOQRXHVMOMTJK-UHFFFAOYSA-N
747,Cn1c(=O)cnn(CCCCN2CCN(c3ccccc3C#N)CC2)c1=O,1,1,1,ZKNQRQDTAWUUJL-UHFFFAOYSA-N
748,Cc1ccc(C(C(=O)NCCCN2CCC(C#N)(c3ccccc3)CC2)c2ccc(C)cc2)cc1,1,1,0,SEKGPRMGBHNTFK-UHFFFAOYSA-N
749,COc1ccccc1N1CCN(CCCCNC(=O)c2ccc(F)cc2)CC1,1,1,1,HGRPPZKIXIZLRX-UHFFFAOYSA-N
750,Cc1ccc(C(C(=O)NCCCN2CCC(C#N)(c3ccccc3C)CC2)C(C)C)cc1,1,NaN,0,JKMSDGXSNFPBBL-UHFFFAOYSA-N
751,Cc1cc2c(s1)CCC(CN[C@@H]1CC[C@@H](Oc3ccccc3)[C@@H]1O)C2=O,1,1,1,IMKMRGOTDDUQHF-WUNQRAIYSA-N
752,COc1cccc(OC)c1OCCNCC1C(=O)c2ccccc2SC1c1ccccc1,1,1,1,GAWCPJXNKBSMOF-UHFFFAOYSA-N
753,COc1ccccc1C1(C#N)CCN(CCCNC(=O)C(c2ccc(C)cc2)c2ccc(C)cc2)CC1,1,NaN,NaN,CGCLDRKORPAFBZ-UHFFFAOYSA-N
754,CC(C)Oc1ccccc1N1CCN([C@H]2CC[C@H](NS(=O)(=O)c3ccc(S(C)(=O)=O)cc3)CC2)CC1,1,NaN,1,UHPXZGGJCMUMGZ-HZCBDIJESA-N
755,COCC1=C(C(=O)OC)C(c2ccc(F)c(F)c2)N(C(=O)N2CCC(N3CCC(C(=O)OC)(c4ccccc4)CC3)CC2)C(=O)N1,1,0,0,FQUQPNDGBZDOFM-UHFFFAOYSA-N
756,COc1cc(C)ccc1OCCNC(C)Cc1cc2c(c(C(N)=O)c1)N(CCCO)CC2,1,1,1,DZYBJTLUOQNDRI-UHFFFAOYSA-N
757,COc1cccc(OC)c1OCCNCC1Oc2ccccc2CC1c1ccccc1,1,1,1,YNZFNGNFBKOQRH-UHFFFAOYSA-N
758,CC1=NC(C)=C(C(=O)NCCCN2CCC(O)(c3ccccc3)CC2)C(c2ccc([N+](=O)[O-])cc2)C1C(N)=O,1,1,NaN,YKPDCJZDNBHFNH-UHFFFAOYSA-N
759,CC1=C(C(N)=O)C(c2ccc([N+](=O)[O-])cc2)C(C(=O)NCCCN2CCC(O)(c3ccccc3)CC2)=C(C)N1,1,0,NaN,ITROEMUZOALOMP-UHFFFAOYSA-N
760,CCOC(=O)C1(c2ccccc2)CCN(CCCNC(=O)C2=C(C)NC(C)=C(C(N)=O)C2c2ccc3c(c2)OCO3)CC1,1,0,NaN,RZKNQTFDVDQOIV-UHFFFAOYSA-N
761,CCOC(=O)C1(c2ccccc2)CCN(CCCNC(=O)C2=C(C)N=C(C)C(C(N)=O)C2c2ccc3c(c2)OCO3)CC1,1,1,NaN,ZCLZZPFBBQBBFO-UHFFFAOYSA-N
762,CN1CCN(C2=c3ccccc3=Nc3ccc(Cl)cc3N2)CC1,1,1,NaN,ZUXABONWMNSFBN-UHFFFAOYSA-N
764,COC(=O)C1=C(C)NC(=O)N(C(=O)NCCCN2CCC3(CC2)OC(=O)c2ccccc23)C1c1ccc(F)c(F)c1,1,0,0,MWRJZYVRTRKJED-UHFFFAOYSA-N
765,COc1ccccc1N1CCN(CC2CO[C@H](c3cccc4ccccc34)O2)CC1,1,1,NaN,ZPOXZVXRHXPTRT-KUXBLMNESA-N
766,Cc1cccc(C)c1OCCNCCOc1ccccc1OCc1ccccc1,1,1,1,BASQZMOJDHSJPS-UHFFFAOYSA-N
767,c1cnc2c(N3CCN(CCc4ccc(OCCCN5CCCCCC5)cc4)CC3)cccc2c1,1,1,NaN,RHTRBRRAADVASO-UHFFFAOYSA-N
768,COc1cccc(OC)c1OCCNCCOc1ccccc1OCc1ccccc1[N+](=O)[O-],1,1,1,XJDCBRPORGPJTQ-UHFFFAOYSA-N
769,COc1ccccc1N1CCN(CC2COC3(CCN(S(=O)(=O)c4cccs4)CC3)O2)CC1,1,1,1,BHUCMEWUSAGOPR-UHFFFAOYSA-N
770,O=c1[nH]cc(CO)c(=O)n1CCCN1CCN(c2ccc(F)cc2OCC(F)(F)F)CC1,1,NaN,1,SDHKUGRGWQZRIK-UHFFFAOYSA-N
771,COCCC(=O)NCCN1CCC[C@@H]1Cn1nc(Cc2ccc(Cl)cc2)c2ccccc2c1=O,1,1,NaN,BTFVTAWVFBWGHC-OAQYLSRUSA-N
772,COc1ccccc1N1CCN(CC2COC3(CCN(S(=O)(=O)c4ccccc4)CC3)O2)CC1,1,1,1,BVRXELLJAMJMOD-UHFFFAOYSA-N
773,C[C@H](Nc1ccnc(NCCOc2ccc(F)cc2)c1)c1ccccc1,1,1,1,RNAQUCCCIRBEBB-INIZCTEOSA-N
774,COc1cc(F)ccc1OCCNC(C)Cc1cc(C(N)=O)c2c(ccn2CCCO)c1,1,1,1,SCPHBHCWLOVVMW-UHFFFAOYSA-N
775,CC(O)c1nn(CCCN2CCN(c3ccc(Cl)cc3)CC2)c(=O)n1CCOc1ccccc1,1,1,NaN,PPJRQXMDFSRWFH-UHFFFAOYSA-N
776,Cn1c(=O)c2c(ncn2CCCN2CCC(C(c3ccccc3)c3ccccc3)CC2)n(C)c1=O,1,1,1,YJWWBNSDIIFYRN-UHFFFAOYSA-N
777,Cc1[nH]c2ccccc2c1CCN1CCC2(CC1)CC(=O)c1ccc(NS(C)(=O)=O)cc1O2,1,NaN,NaN,MRBDOYSYHLKZAG-UHFFFAOYSA-N
778,O=C1CCc2ccc(CC3CC4CCC(C3)N4C[C@@H]3COc4c(ccc5c4CC(=O)N5)O3)cc2N1,1,1,1,DZVJBZTUTCHLSB-ZOZMAKRUSA-N
779,Cn1cnc(S(=O)(=O)Nc2ccc3c(c2)C(=O)CC2(CCN(CCc4cccc5ccccc45)CC2)O3)c1,1,1,1,QYNFZZOONQJAIB-UHFFFAOYSA-N
780,COC(=O)C1=C(C)NC(=O)N(C(=O)NCCCN2CCC(C(=O)OC)(c3ccccc3)CC2)C1c1ccc(C)cc1,1,1,NaN,WCGXKZZNDLNAMK-UHFFFAOYSA-N
781,CC(C)Oc1ccccc1N1CCN(C[C@H](O)CNC(=O)c2ccc3c(c2)C(=O)N(c2cccc(F)c2)C3=O)CC1,1,1,1,YCKRBYBOMGAOET-XMMPIXPASA-N
782,COc1cccc(OC)c1OCCNCC1C(=O)c2ccccc2CC1c1ccccc1,1,1,1,PDAVXRWJDNCAQA-UHFFFAOYSA-N
783,COc1cc(Cl)ccc1OCCNC(C)Cc1cc2c(c(C(N)=O)c1)N(CCCO)CC2,1,NaN,1,XGKGHBWGXPJYLK-UHFFFAOYSA-N
784,COc1ccc(Cl)cc1S(=O)(=O)NC1CCC(N2CCC(c3ccccc3OCC(F)(F)F)CC2)CC1,1,NaN,1,WDZOSSNSOBKEMP-UHFFFAOYSA-N
785,COc1cc2nc(N3CCN(C(=O)CC(=O)c4ccccc4)CC3)nc(N)c2cc1OC,1,1,NaN,PXWNTBGUQKWMOQ-UHFFFAOYSA-N
786,CC(C)Oc1ccccc1N1CCN(C2CCC(NS(=O)(=O)c3ccccc3)CC2)CC1,1,NaN,1,BXGCCZDRUAOMRC-UHFFFAOYSA-N
787,COc1ccccc1N1CCN(CCCNC(=O)Nc2ccccc2-c2ccc(-c3ccccc3)cc2)CC1,1,1,NaN,VGUQUIYJFQJLRU-UHFFFAOYSA-N
788,COCC1=C(C(=O)OC)[C@H](c2ccc(F)c(F)c2)N(C(=O)N[C@H]2CC[C@H](N3CCC(c4ccccn4)CC3)C2)C(=O)N1,1,NaN,NaN,FPRCXYVVQHMAFI-IZVMNLJQSA-N
789,COc1ccc(Cl)cc1N1CCN(CCn2c(=O)[nH]c3c([nH]c4ccccc43)c2=O)CC1,1,1,1,DYXJVPXSKMEWAK-UHFFFAOYSA-N
790,CC(C)Oc1ccccc1N1CCN(Cc2cc(CN3CCCCC3=O)no2)CC1,1,1,0,DXYQOKKQRDKQCQ-UHFFFAOYSA-N
791,COc1ccc(OC)c(N2CCN(CCn3cnc4sc5c(c4c3=O)CCN(C)C5)CC2)c1,1,1,1,MQMNWSMVVMWOMS-UHFFFAOYSA-N
792,COc1ccccc1N1CCN(CCCCNC(=O)c2cc3c4ccc(c3o2)CCc2ccc(cc2)CC4)CC1,1,1,1,FNHANZYICZUWQM-UHFFFAOYSA-N
793,COc1ccccc1N1CCN(CCCn2c(=O)[nH]c3scc(-c4ccccc4)c3c2=O)CC1,1,1,1,MOYXTVNKHXOQKG-UHFFFAOYSA-N
794,COc1ccc(F)cc1S(=O)(=O)NC1CCC(N2CCN(c3ccccc3OC(C)C)CC2)CC1,1,NaN,1,SHLHJQDYUNFBDK-UHFFFAOYSA-N
795,COc1ccc(Cl)cc1S(=O)(=O)N[C@H]1CC[C@@H](N2CCN(c3ccccc3OC(C)C)CC2)CC1,1,NaN,1,XRCQNHQVZIQOBE-SZPZYZBQSA-N
796,COc1ccccc1N1CCN(CC2COC3(CCSCC3)O2)CC1,1,NaN,1,AKODHNGEOUFORT-UHFFFAOYSA-N
797,CC(C)Oc1ccccc1N1CCN(C2CCC(NC(=O)Nc3ccc(F)cc3F)CC2)CC1,1,NaN,1,NIQWPNGICRVKCM-UHFFFAOYSA-N
798,COc1ccccc1N1CCN(CCCCNC(=O)c2cc3ccccc3o2)CC1,1,1,1,SIIDHHZTVIEQJK-UHFFFAOYSA-N
799,CC(Cc1cc2c(c(C(N)=O)c1)N(CCCO)CC2)NCCOc1ccccc1OCc1ccccc1,1,1,1,REJMTGCSIUAMRO-UHFFFAOYSA-N
800,COc1ccc(OC)c(S(=O)(=O)N[C@H]2CC[C@@H](N3CCN(c4ccccc4OC(C)C)CC3)CC2)c1,1,1,1,AOESATFDEMWHLJ-SZPZYZBQSA-N
801,COc1cccc(OC)c1OCCNC[C@@H]1C(=O)c2ccccc2C[C@H]1c1ccccc1,1,1,NaN,PDAVXRWJDNCAQA-GOTSBHOMSA-N
802,CO/C(O)=C1\C(C)=NC(C)=C(C(=O)NCCN2CCC(c3ccccc3)(c3ccccc3)CC2)C1c1ccc([N+](=O)[O-])cc1,1,1,0,YQTAOHSPORUWMC-WUVHBKSUSA-N
803,CC1=C(C(N)=O)C(c2ccc3c(c2)OCO3)C(C(=O)NCCCN2CCC(c3ccccc3)(c3ccccc3)CC2)=C(C)N1,1,0,0,MWOOWQMUFWOYRV-UHFFFAOYSA-N
804,COC(=O)C1=C(C)NC(C)=C(C(=O)NCCN2CCC(c3ccccc3)(c3ccccc3)CC2)C1c1ccc([N+](=O)[O-])cc1,1,1,0,ABXPWBXTSHZRFJ-UHFFFAOYSA-N
805,Cc1ccc(C(C(=O)NCCCN2CCC(c3ccccc3)CC2)c2ccc(C)cc2)cc1,1,1,NaN,DULYYRLDWDENEO-UHFFFAOYSA-N
806,COc1cc2nc(N3CCN(C(=S)Nc4ccc(-c5c6ccc(=O)cc-6oc6cc(O)ccc56)c(C(=O)O)c4)CC3)nc(N)c2cc1OC,1,1,1,MGYNRIYGDOFIPG-UHFFFAOYSA-N
807,COc1ccc(-c2ccccc2)c(CNC(=O)NCCCN2CCN(c3ccccc3OC)CC2)c1,1,1,NaN,HEPZPDOHSGVKLD-UHFFFAOYSA-N
808,COc1ccccc1N1CCN(CC2COC3(CCN(S(=O)(=O)c4ccc(OC(F)(F)F)cc4)CC3)O2)CC1,1,NaN,1,QCESWGLBLOFLSN-UHFFFAOYSA-N
809,CC(=O)C1=C(C)NC(C)=C(C(=O)NCCCN2CCC(c3ccccc3)(c3ccccc3)CC2)C1c1ccc2c(c1)OCO2,1,NaN,NaN,FOGMNVRCPAJQDZ-UHFFFAOYSA-N
810,CC(C)Oc1ccccc1N1CCN(C2CCC(NS(=O)(=O)c3cnc(Cl)c(Br)c3)CC2)CC1,1,NaN,1,LASDMXNHWPCZMK-UHFFFAOYSA-N
811,Cc1nc2ccccn2c(=O)c1CCN1CCN(c2cccc3sccc23)CC1,1,1,NaN,UOXWVJAPLQMAAN-UHFFFAOYSA-N
812,CC(C)Oc1ccccc1N1CCN(CCNC(=O)CN2CCCCC2=O)CC1,1,0,NaN,IIRJWNCOXHFIBK-UHFFFAOYSA-N
813,Fc1ccccc1N1CCN(CCCCNc2cc(-c3ccccc3)ccn2)CC1,1,1,NaN,YDQYJYPAQZRPCT-UHFFFAOYSA-N
814,CC(C)Oc1ccccc1N1CCN(Cc2cc(CN3CCCCC3=O)nn2C)CC1,1,0,1,WEGSBUBJYGWBQE-UHFFFAOYSA-N
815,O=C(c1ccc(N2CCOCC2)nc1)N1CCC(N2CCc3ccccc3C2)CC1,1,1,NaN,MFERPAUUIIWGQE-UHFFFAOYSA-N
816,CC1=NC(C)=C(C(=O)NCCCN2CCC(C(=O)OCCO)(c3ccccc3)CC2)C(c2ccc([N+](=O)[O-])cc2)C1C(N)=O,1,1,NaN,GYYVAEHNOBJARP-UHFFFAOYSA-N
817,CC1=C(C(N)=O)C(c2ccc([N+](=O)[O-])cc2)C(C(=O)NCCCN2CCC(C(=O)OCCO)(c3ccccc3)CC2)=C(C)N1,1,0,NaN,OSZRVROELVKVLK-UHFFFAOYSA-N
818,O=C1OCC2=C1C(c1ccc(F)c(F)c1)N(C(=O)NCCCN1CCC(c3ccccc3)(c3ccccc3)CC1)C(=O)N2,1,NaN,NaN,LUSDCJGCJWYOSQ-UHFFFAOYSA-N
819,COc1ccc2ccoc2c1OCCNC[C@@H]1COc2ccccc2O1,1,NaN,1,YNQFUUYGAXWRRY-OAHLLOKOSA-N
820,COc1cc2nc(N3CCN(C(C)=O)[C@@H]4CCCC[C@@H]43)nc(N)c2cc1OC,1,1,1,MTCUHQIMOONOQK-CVEARBPZSA-N
821,COc1ccncc1S(=O)(=O)NC1CCC(N2CCN(c3ccccc3OC(C)C)CC2)CC1,1,NaN,1,KCWSSYYCEGZXTI-UHFFFAOYSA-N
822,COc1ccccc1N1CCN(CCCCNC(=O)c2ccc3ccccc3c2)CC1,1,1,1,MNHDKMDLOJSCGN-UHFFFAOYSA-N
823,COc1cccc(OC)c1OCCNCC1C(=O)c2ccccc2OC1c1ccccc1,1,1,1,PUAAUDBUJSSOLX-UHFFFAOYSA-N
824,COc1cccc(-c2ccccc2)c1OCCNC[C@@H]1COc2ccccc2O1,1,NaN,1,JVQZYMVBXVUIPJ-LJQANCHMSA-N
825,COc1ccc(C)cc1S(=O)(=O)NC1CCC(N2CCN(c3ccccc3OC(C)C)CC2)CC1,1,NaN,1,CHYHMJYTWVQCFW-UHFFFAOYSA-N
826,CC(C)Oc1ccccc1N1CCN(C2CCC(N3C(=O)c4ccc5ccc(F)cc5c4C3=O)CC2)CC1,1,NaN,1,QPJSKVVDVIYOKV-UHFFFAOYSA-N
827,Nc1ccc(C(=O)NCCN2CCC(c3cccc4[nH]ccc34)CC2)cc1,1,1,NaN,NONLEPSJHYRPDC-UHFFFAOYSA-N
828,O=S(=O)(NC1CCC(N2CCC(c3ccccc3OCC(F)(F)F)CC2)CC1)c1cccc(OC(F)F)c1,1,NaN,1,RVPGPLCUKORXKA-UHFFFAOYSA-N
829,CC(C)Oc1ccccc1N1CCN([C@H]2CC[C@@H](NS(=O)(=O)c3ccccc3C#N)CC2)CC1,1,NaN,1,PAUUPYPPPJQSIG-ZRZAMGCNSA-N
830,Cc1ccc(C2(c3ccc(C)cc3)CC(=O)N(CC(O)CN3CCC(C#N)(c4ccccc4C)CC3)C2=O)cc1,1,0,0,GPYSFGFOHARXCT-UHFFFAOYSA-N
831,Cn1c(=O)cnn(CCCCN2CCN(c3ccccc3F)CC2)c1=O,1,1,1,LDABBUZWWYZJLK-UHFFFAOYSA-N
832,COc1ccc(S(=O)(=O)N[C@H]2CC[C@@H](N3CCC(c4ccccc4OCCF)CC3)CC2)cc1OC,1,NaN,1,NZOIFXLLVJGITJ-SZPZYZBQSA-N
833,COc1cccc(OC)c1CCCNCCOc1ccccc1OCc1ccccc1,1,1,1,YFWWJPOZWVDALE-UHFFFAOYSA-N
834,COc1ccccc1N1CCN(CC2COC3(CCS(=O)(=O)CC3)O2)CC1,1,NaN,1,BQWXWYVQIVCGBP-UHFFFAOYSA-N
835,COc1ccccc1N1CCN(CCCCN2C(=O)CC3(CCc4ccccc43)CC2=O)CC1,1,1,1,CFQKUDNKFVYAOC-UHFFFAOYSA-N
836,CNC(=O)C(CCN1CCC(O)(c2ccc(Cl)cc2)CC1)(c1ccccc1)c1ccccc1,1,1,NaN,ZMOPTLXEYOVARP-UHFFFAOYSA-N
837,c1ccc(COc2ccccc2OCCNCCOc2ccccc2)cc1,1,1,1,MEUCRKVGHOJPJP-UHFFFAOYSA-N
838,Fc1ccccc1N1CCN(CCCCNc2ccc(-c3ccccc3)cn2)CC1,1,1,NaN,AUOXZICNYGBVPT-UHFFFAOYSA-N
839,Cc1ccc(Cc2nn(C[C@H]3CCCN3C)c(=O)c3ccccc23)cc1,1,1,NaN,HTHMMDLGLVQHEM-GOSISDBHSA-N
840,CCCNC(=O)CCCN1CCC[C@@H]1Cn1nc(Cc2ccc(Cl)cc2)c2ccccc2c1=O,1,1,NaN,NZEFYLGMSWSUDH-JOCHJYFZSA-N
841,COc1ccc(Br)cc1S(=O)(=O)N[C@H]1CC[C@H](N2CCN(c3ccccc3OC(C)C)CC2)CC1,1,1,1,MDOKTLACQIDXQG-HZCBDIJESA-N
842,COc1ccc(Cl)cc1S(=O)(=O)N[C@H]1CC[C@H](N2CCC(c3ccccc3OCC(F)(F)F)CC2)CC1,1,NaN,1,WDZOSSNSOBKEMP-MEMLXQNLSA-N
843,COc1ccccc1N1CCN(C[C@@H]2CO[C@@](CN3C(=O)CC4(CCCC4)CC3=O)(c3ccccc3)O2)CC1,1,1,1,MZMIENIIBMNHDS-OOWIMERYSA-N
844,COC(=O)C1(c2ccccc2)CCN(CCCNC(=O)N2C(=O)NC(C)=C(C(=O)O)C2c2ccc([N+](=O)[O-])cc2)CC1,1,0,0,QBCDWYYFGNYODX-UHFFFAOYSA-N
845,COc1ccccc1N1CCN(CCCN2C(=O)CC(C)(c3ccccc3)CC2=O)CC1,1,NaN,1,NBBAMPGWOJEMGG-UHFFFAOYSA-N
846,COc1ccccc1N1CCN(CC2COC3(CCN(C(=O)c4ccc(C(F)(F)F)cc4)CC3)O2)CC1,1,1,1,AEOKAVWIADBGHU-UHFFFAOYSA-N
847,COc1ccccc1N1CCN(CCCCCOc2ccc3ccccc3c2)CC1,1,1,NaN,ATMVGYLFYGIYDI-UHFFFAOYSA-N
848,COc1cc2nc(N3CCN(C(=O)COc4c(OC)cccc4C(C)C)CC3)nc(N)c2cc1OC,1,1,NaN,ZZMFJJDBKSYGRM-UHFFFAOYSA-N
849,COc1cc2nc(N3CCN(C(=O)c4ccc[nH]4)[C@H]4CCCC[C@H]43)nc(N)c2cc1OC,1,1,1,YJXHORZMAAZIFY-ZWKOTPCHSA-N
850,COc1ccccc1N1CCN(CC2COC3(CCN(C(=O)c4ccccc4)CC3)O2)CC1,1,1,1,LVRQFEKCQMNAQB-UHFFFAOYSA-N
851,CN1CCc2ccccc2Cc2[nH]c3ccccc3c2CC1,1,1,1,YEWGIGCYIAMFMA-UHFFFAOYSA-N
852,COc1ccccc1N1CCN(CCCOc2ccc(C)cc2C)CC1,1,1,NaN,RRGONONIXNMNQE-UHFFFAOYSA-N
853,COc1ccccc1N1CCN(CCCNC(=O)NCc2ccccc2-c2ccccc2)CC1,1,1,NaN,RGPTYLNPCNVHNC-UHFFFAOYSA-N
854,CNC(=O)c1cc(OCCCCN2CCC(c3noc4cc(F)ccc34)CC2)ccn1,1,1,NaN,UWPUFUJRTFJLEP-UHFFFAOYSA-N
855,Cc1ccccc1CN1CCC(N2CCC(n3c(=O)[nH]c4ccccc43)CC2)CC1,1,1,NaN,CWPKTBMRVATCBL-UHFFFAOYSA-N
856,CN1CCN(CCC=C2c3ccccc3Sc3ccc(S(=O)(=O)N(C)C)cc32)CC1,1,1,NaN,GFBKORZTTCHDGY-UHFFFAOYSA-N
857,O=C(c1ccc(N2CC3(COC3)C2)nc1)N1CCC(N2CCc3ccccc3C2)CC1,1,1,NaN,OOIJODSUPVIMQU-UHFFFAOYSA-N
858,COC[C@H]1CCCN1c1ccc(C(=O)N2CCC(N3CCC[C@@H](C)C3)CC2)cn1,1,1,NaN,GJTVJIVEYBNOIM-WIYYLYMNSA-N
859,COc1ccc2c(c1)CCN(C1CCN(C(=O)c3ccc(N4CCC(OC)C4)nc3)CC1)C2,1,1,NaN,RTMNXNPDKZEQDF-UHFFFAOYSA-N
860,COc1ccc(F)cc1S(=O)(=O)N[C@H]1CC[C@H](N2CCN(c3ccccc3OC(C)C)CC2)CC1,1,NaN,1,SHLHJQDYUNFBDK-HZCBDIJESA-N
861,CC(C)Oc1ccccc1N1CCN([C@H]2CC[C@@H](NS(=O)(=O)c3ccc(Cl)cc3F)CC2)CC1,1,1,1,DGLBBHYIYLVQGF-OYRHEFFESA-N
862,COc1ccc(S(=O)(=O)N[C@H]2CC[C@H](N3CCC(c4ccccc4OC4CC4)CC3)CC2)cc1OC,1,1,1,JFRXSPVSGNWHOD-HZCBDIJESA-N
863,Cc1ccc(S(=O)(=O)N[C@H]2CC[C@@H](N3CCN(c4ccccc4OC(C)C)CC3)CC2)cc1Cl,1,1,1,PNMMHGYXIWNCEE-SZPZYZBQSA-N
864,CC1=C(C(=O)NCCCN2CCC(c3ccc(F)cc3)CC2)[C@H](c2ccc(F)c(F)c2)N(C)C(=O)N1C,1,1,NaN,JNWYRENLYPYLET-SANMLTNESA-N
865,COC(=O)C1(c2ccccc2)CCN(CCCNC(=O)C(c2ccc(C)cc2)c2ccc(C)cc2)CC1,1,NaN,NaN,BGURRFIDCHOENU-UHFFFAOYSA-N
866,COc1cccc(OC)c1OCCNC[C@@H]1COc2ccccc2O1,1,1,1,GYSZUJHYXCZAKI-CQSZACIVSA-N
867,CNC(=O)c1cc(C(O)CN2CCN(c3ccccc3OC)CC2)ccc1O,1,1,1,JETYKLZCAAFWIB-UHFFFAOYSA-N
868,COc1ccc(S(=O)(=O)NC2CCC(N3CCC(c4ccccc4OCC(F)(F)F)CC3)CC2)cc1OC,1,NaN,1,USIWFTPEBGPOSA-UHFFFAOYSA-N
869,COc1ccc2c(c1OCCNC[C@@H]1COc3ccccc3O1)CCCC2,1,1,1,QQNWVORTUJAROO-QGZVFWFLSA-N
870,COc1ccc(C[C@@H](C)NC[C@@H]2Oc3ccccc3O[C@@H]2C)cc1S(N)(=O)=O,1,1,1,QXNTWXQFMCUIBK-LPMFXHHGSA-N
871,COc1ccccc1N1CCN(C[C@@H]2CO[C@@](CN3CCCCC3=O)(c3ccccc3)O2)CC1,1,1,1,HCVFJHZVTICJEK-YIXXDRMTSA-N
872,CCC1=C(C(N)=O)C(c2ccc([N+](=O)[O-])cc2)C(C(=O)NCCCN2CCC(c3ccccc3)(c3ccccc3)CC2)=C(COCC(F)(F)F)N1,1,NaN,NaN,QJNQCJFRBTWUEL-UHFFFAOYSA-N
873,Cc1ccc(-c2cc3c(=O)n(CCN4CCN(c5ccccc5Cl)CC4)c(=O)[nH]c3[nH]2)cc1,1,1,1,OAUFPDQMACFAMN-UHFFFAOYSA-N
874,COc1ccccc1N1CCN(CC2COC3(CCN(C(=O)C4CCCN4)CC3)O2)CC1,1,NaN,1,PCMIZIOZMQFVGQ-UHFFFAOYSA-N
875,CN1CCN(C2=Nc3ccccc3Nc3sc(CO)cc32)CC1,1,1,1,FPDIERBPQFAFSI-UHFFFAOYSA-N
876,COc1ccccc1N1CCC(CNCC2COc3cccc(F)c3O2)CC1,1,1,1,MVTOIWYCUADBKD-UHFFFAOYSA-N
877,COc1ccccc1N1CCN(CCCCNC(=O)c2ccc(F)nc2)CC1,1,1,1,DOVTZHSQYCZIIX-UHFFFAOYSA-N
878,FC(F)(F)c1cccc(N2CCN(CCCCNc3ccc4ccccc4n3)CC2)c1,1,1,NaN,AMDRAFDQLSKJMW-UHFFFAOYSA-N
879,COC(=O)[C@@H]1CCCN1Cc1ccc(CN2CCN(c3ccccc3OC)CC2)s1,1,NaN,1,WSVLBNNZDIDXTO-NRFANRHFSA-N
880,Cc1ccc(C(C(=O)NCCCN2CCN(c3ccccc3)CC2)c2ccc(C)cc2)cc1,1,1,NaN,CQRJIWLCJUYMPE-UHFFFAOYSA-N
881,COC1CCN(c2ccc(C(=O)N3CCC(N4CCC[C@@H](C)C4)CC3)cn2)C1,1,1,NaN,MCZMOQGSZZEWQU-DIAVIDTQSA-N
882,CC(C)Oc1ccccc1N1CCN([C@H]2CC[C@@H](NS(=O)(=O)c3cccc(Cl)c3F)CC2)CC1,1,1,1,JOQJONDKZULBPP-BGYRXZFFSA-N
883,COc1ccc(S(=O)(=O)N[C@H]2CC[C@@H](N3CCC(c4ccccc4OCC(F)F)CC3)CC2)cc1OC,1,NaN,1,QLLKZBYEHJGRHK-OYRHEFFESA-N
884,O=S(=O)(N[C@H]1CC[C@H](N2CCC(c3ccccc3OCC(F)(F)F)CC2)CC1)c1cccc(OC(F)F)c1,1,NaN,1,RVPGPLCUKORXKA-MXVIHJGJSA-N
885,COC(=O)C1=C(C)NC(=O)N(C(=O)NCCCN2CCN(c3cccc([N+](=O)[O-])c3)CC2)C1c1ccc(F)c(F)c1,1,NaN,NaN,SPQUMXVYBSRSIK-UHFFFAOYSA-N
886,CCC1=NC(COCC(F)(F)F)=C(C(=O)NCCCN2CCC(c3ccccc3)(c3ccccc3)CC2)C(c2ccc([N+](=O)[O-])cc2)C1C(N)=O,1,1,NaN,NFZNWSQRGYZNCQ-UHFFFAOYSA-N
887,COc1ccccc1N1CCN(CC2COC3(CCN(C(=O)Nc4ccccc4)CC3)O2)CC1,1,1,1,FNKLENUNYYYGFY-UHFFFAOYSA-N
888,COc1ccc(C)cc1N1CCN(CCn2cnc3sc4c(c3c2=O)CCN(C)C4)CC1,1,1,1,PVUPOHSYLLDPPV-UHFFFAOYSA-N
889,COc1cc2nc(N3CCN(C(=O)c4ccco4)[C@H]4CCCC[C@H]43)nc(N)c2cc1OC,1,1,1,XBRXTUGRUXGBPX-DLBZAZTESA-N
890,COc1cc2nc(N3CCN(C(=O)c4ccco4)[C@H]4CCCC[C@@H]43)nc(N)c2cc1OC,1,1,1,XBRXTUGRUXGBPX-IRXDYDNUSA-N
891,CN1CCC[C@@H]1Cn1nc(Cc2ccc(Cl)cc2)c2cnccc2c1=O,1,1,NaN,HRSYZRFBUGIVHN-MRXNPFEDSA-N
892,COCCN1CCC[C@@H]1Cn1nc(Cc2ccc(Cl)cc2)c2cnccc2c1=O,1,1,NaN,REXDQAIKTDDWAC-GOSISDBHSA-N
893,COc1ccccc1N1CCN(CC2COC3(CCN(C(=O)NC(C)(C)C)CC3)O2)CC1,1,NaN,1,MUMWILQJBILXOV-UHFFFAOYSA-N
894,COc1ccccc1N1CCN(C[C@@H]2CO[C@](CN3CCCC3=O)(c3ccccc3)O2)CC1,1,1,1,AOZOBKDTJZCKJE-GJZUVCINSA-N
895,CO/C(O)=C1\C(C)=NC(C)=C(C(=O)NCCCCN2CCC(c3ccccc3)(c3ccccc3)CC2)C1c1ccc([N+](=O)[O-])cc1,1,1,NaN,SZTNZABXFFPBMM-PKUSAGTQSA-N
896,COc1ccc2[nH]c3c(c2c1)C[C@H]1c2cc4c(cc2CCN1C3)OCO4,1,1,1,HOTTYHVEFWTDND-IBGZPJMESA-N
897,COc1ccc(OC)c(S(=O)(=O)NC2CCC(N3CCN(c4ccccc4OC(C)C)CC3)CC2)c1,1,NaN,1,AOESATFDEMWHLJ-UHFFFAOYSA-N
898,O=C(NCCCCN1CCN(c2cccc(Cl)c2Cl)CC1)c1cccc(F)n1,1,1,1,HZYGVALVFFNNGE-UHFFFAOYSA-N
899,COCCNc1ccc(C(=O)N2CCC(N3CCc4ccc(F)cc4C3)CC2)cn1,1,1,NaN,BFFJXBOCOUOWKK-UHFFFAOYSA-N
900,O=C(c1ccc(N2CCOCC2)nc1)N1CCC(N2CCCC(OCC3CC3)C2)CC1,1,1,NaN,XJKLOLWFUFLUBZ-UHFFFAOYSA-N
901,COc1ccccc1N1CCN(CCN(C(=O)c2ccc(F)c(C)c2)c2ccccn2)CC1,1,1,NaN,MWCWNEWLVWIYOH-UHFFFAOYSA-N
902,O=C1CC2(CCN(CCc3cccc4ccccc34)CC2)Oc2ccc(NS(=O)(=O)Cc3ccccc3)cc21,1,1,1,MLGILCIYEMBRNJ-UHFFFAOYSA-N
903,C[C@H]1OC(=O)N(C(=O)NCCCN2CCC(c3ccc(F)cc3)CC2)[C@@H]1c1ccc(F)c(F)c1,1,1,NaN,DTYAFBJXWWLRMA-MWTRTKDXSA-N
904,CC1=C(C(=O)NCCCN2CCC(C#N)(c3ccccc3C#N)CC2)[C@@H](c2ccc(F)c(F)c2)CC(=O)N1C,1,1,0,SETQMFVPTQZLOH-HSZRJFAPSA-N
905,[2H]c1c([2H])c([2H])c([C@@H]2C[C@@H](N3CCNC(C)(C)C3)c3cc(Cl)ccc32)c([2H])c1[2H],1,1,1,FBCSWIXKXHSYBN-LSQWYULJSA-N
906,CN1CCc2c(sc3ncn(CCN4CCN(c5cccc6ccccc56)CC4)c(=O)c23)C1,1,1,1,DZLBBCSPRJHXIF-UHFFFAOYSA-N
907,COc1ccccc1N1CCN(CCN(C(=O)c2ccc([18F])c(C)c2)c2ccccn2)CC1,1,NaN,NaN,MWCWNEWLVWIYOH-FMLNDMEQSA-N
908,COc1ccncc1S(=O)(=O)N[C@H]1CC[C@H](N2CCN(c3ccccc3OC(C)C)CC2)CC1,1,NaN,1,KCWSSYYCEGZXTI-MEMLXQNLSA-N
909,CC(C)Oc1ccccc1N1CCN(C2CCC(NC(=O)Nc3cccc(Cl)c3)CC2)CC1,1,NaN,1,MHMZJEYRSGRQHH-UHFFFAOYSA-N
910,CN1CCc2c(sc3ncn(CCN4CCN(c5cncc6ccccc56)CC4)c(=O)c23)C1,1,1,1,HIBUHKNMTZCDMF-UHFFFAOYSA-N
911,CC(C)Oc1ccccc1N1CCN([C@H]2CC[C@@H](NS(=O)(=O)c3ccccc3)CC2)CC1,1,1,1,BXGCCZDRUAOMRC-SZPZYZBQSA-N
912,CC(C)Oc1ccccc1N1CCN(C2CCC(NC(=O)Nc3cc(F)ccc3F)CC2)CC1,1,NaN,1,NXJNUASOAQRPKJ-UHFFFAOYSA-N
913,Cc1ccccc1N1CCN(CCCCNc2ccccn2)CC1,1,1,NaN,XRDZUZLOELIAOU-UHFFFAOYSA-N
914,COc1ccccc1N1CCN(Cc2ccc(CN3CCCCC3=O)s2)CC1,1,1,1,BTAVBIPIYWDCNO-UHFFFAOYSA-N
915,COc1ccccc1N1CCN(CCOCCOc2cc(C)cc(C)c2C)CC1,1,1,NaN,JJACJGJMQKKPIZ-UHFFFAOYSA-N
916,C[C@H](Nc1ccnc(NCCOc2ccc(F)cc2)n1)c1ccccc1,1,1,1,JXRVBGJBQOUHLR-HNNXBMFYSA-N
917,O=S(=O)(NCCCCN1CCN(c2cccc(Cl)c2Cl)CC1)c1ccc(F)cc1,1,1,1,FGJYYZXNIMNFLL-UHFFFAOYSA-N
918,O=C(c1cnc(N2CCOCC2)nc1)N1CCC(N2CCCC(OCC3CC3)C2)CC1,1,1,NaN,NBHMDJXGHOWFQC-UHFFFAOYSA-N
919,O=S(=O)(N[C@H]1CC[C@H](N2CCC(c3ccccc3OC3CC3)CC2)CC1)c1ccc2c(c1)OCO2,1,NaN,1,ZIIYCNPQTIYWFF-MEMLXQNLSA-N
920,O=C1CCC(N2Cc3c(OCc4ccc(CN5CCN(c6ccc(F)cc6F)CC5)cc4)cccc3C2=O)C(=O)N1,1,1,1,VQDRNQBRRSNVOR-UHFFFAOYSA-N
921,CNC(=O)C1=C(C)N=C(C)N(CCCCCN2CCC(C(=O)OC)(c3ccccc3)CC2)C1c1ccc(F)cc1F,1,NaN,0,DCGSNFHTNRDXFG-UHFFFAOYSA-N
922,COC(=O)C1=C(C)NC(=O)N(C(=O)NCCCN2CCN(c3ccc(OC)cc3)CC2)C1c1ccc(F)c(F)c1,1,NaN,NaN,FVPNEWFMSBECIY-UHFFFAOYSA-N
923,CC(C)Oc1ccccc1N1CCN([C@H]2CC[C@@H](NS(=O)(=O)c3cccc(C(F)(F)F)c3)CC2)CC1,1,NaN,1,ZDNRYSVLOMAJEZ-SZPZYZBQSA-N
925,COc1ccccc1N1CCN(CCCN2C(=O)CC(c3ccc([N+](=O)[O-])cc3)CC2=O)CC1,1,NaN,1,AJUJJQYPOFVICO-UHFFFAOYSA-N
926,CC(=O)c1ccc(N2CCN(CCc3ccc(CN4C(=O)c5ccccc5C4=O)cc3)CC2)cc1,1,1,1,WBVYOIWLNDJXJH-UHFFFAOYSA-N
927,Cc1ccccc1OCCNC(C)Cc1cc2c(c(C(N)=O)c1)N(CCCO)CC2,1,NaN,1,RHOLYPCFUBNRPR-UHFFFAOYSA-N
928,CC(C)Oc1ccccc1N1CCN([C@H]2CC[C@@H](NS(=O)(=O)c3cnc(Cl)c(Br)c3)CC2)CC1,1,1,1,LASDMXNHWPCZMK-KDURUIRLSA-N
929,CN(C)CC1CC2c3ccccc3Cc3ccc(Cl)cc3N2O1,1,1,NaN,JTLCTTWVUAIQHD-UHFFFAOYSA-N
930,COc1cccc2c(CCCNCCOc3ccccn3)cccc12,1,NaN,1,DFNUNBHMMOZMON-UHFFFAOYSA-N
931,COC(=O)C1=C(C)NC(C)=C(C(=O)NCCCCN2CCC(c3ccccc3)(c3ccccc3)CC2)C1c1ccc([N+](=O)[O-])cc1,1,1,NaN,QLEBWGUVVZDUGF-UHFFFAOYSA-N
932,COc1c(Cl)cc(Cl)cc1N1CCN(CCn2cnc3sc4c(c3c2=O)CCN(C)C4)CC1,1,1,1,XBAATZNHXISDKX-UHFFFAOYSA-N
933,COc1ccccc1N1CCN(CCOCCOc2c(C)cc(C)cc2C)CC1,1,1,NaN,SODIABUAKYTHPQ-UHFFFAOYSA-N
934,COc1ccccc1N1CCN(CCCCNC(=O)c2cc3ccccc3s2)CC1,1,1,1,KFMBPIZMZUDONQ-UHFFFAOYSA-N
935,COc1ccccc1N1CCN(CCCCNC(=O)c2cc3ccccc3[te]2)CC1,1,1,1,OPCZQJWXLOJWEW-UHFFFAOYSA-N
936,O=C1CCCCN1Cc1cc(CN2CCN(c3ccccc3Oc3ccccc3)CC2)on1,1,0,NaN,YEVKDYPUKCQOFQ-UHFFFAOYSA-N
937,O=S(=O)(NC1CCC(N2CCC(c3ccccc3OC3CC3)CC2)CC1)c1ccc2c(c1)OCO2,1,NaN,1,ZIIYCNPQTIYWFF-UHFFFAOYSA-N
938,CCN([C@H]1CC[C@@H](N2CCN(c3ccccc3OC(C)C)CC2)CC1)S(=O)(=O)c1ccc(OC)c(OC)c1,1,NaN,1,LVRHAAKFXRNPFH-PSWAGMNNSA-N
939,COC(=O)C1(c2ccccc2)CCN(CCCCNC(=O)N2C(=O)NC3=C(C(=O)OC3)C2c2ccc(F)c(F)c2)CC1,1,NaN,NaN,MMQFQBJKZBLBRZ-UHFFFAOYSA-N
940,O=c1n(CCCCN2CCN(c3cccc4sccc34)CC2)nc2ccccn12,1,1,NaN,SPMHWCSUNSWHDK-UHFFFAOYSA-N
941,COc1ccc(S(=O)(=O)NC2CCC(N3CCC(c4ccccc4OC(C)C)CC3)CC2)cc1OC,1,NaN,1,ACYCBNFGNBHQEP-UHFFFAOYSA-N
942,O=C1c2ccccc2C(=O)N1Cc1ccc(CCN2CCN(c3ccccc3Cl)CC2)cc1,1,1,1,PFPAIKZESVGOLB-UHFFFAOYSA-N
943,COc1cc(Cl)ccc1OCCNC(C)Cc1cc(C(N)=O)c2c(ccn2CCCO)c1,1,1,1,RBCJURPZFKORMG-UHFFFAOYSA-N
944,O=C(CCCN1CCC(NC(=O)c2ccccc2)CC1)c1ccccc1,1,NaN,NaN,VVSOHUNZJUMVHS-UHFFFAOYSA-N
945,CN1CCC(n2nc(Cc3ccc(Cl)cc3)c3ccccc3c2=O)CC1,1,1,NaN,FRUMSZUUBXPHHF-UHFFFAOYSA-N
946,O=C1CC(c2ccccc2)CC(=O)N1CCCCN1CCN(c2ccccc2Cl)CC1,1,1,1,LCQWPVVMQXWHCZ-UHFFFAOYSA-N
947,CCCCN1CCC[C@@H]1Cn1nc(Cc2ccc(Cl)cc2)c2ccccc2c1=O,1,1,NaN,YZAHEHXQIMZHAJ-HXUWFJFHSA-N
948,CCC(=O)NCCN1CCC[C@@H]1Cn1nc(Cc2ccc(Cl)cc2)c2ccccc2c1=O,1,1,NaN,KGNWCYQCPGINGS-HXUWFJFHSA-N
949,COc1ccccc1N1CCN(CCC(Oc2ccc(C(=O)Nc3ccccc3OCCCC(=O)O)cc2)c2ccc(C)cc2)CC1,1,1,1,XRAJFRFREYWUFE-UHFFFAOYSA-N
950,c1cnc(NCCNCC2COc3ccccc3O2)nc1,1,1,1,OHNWVGRHHDSMOD-UHFFFAOYSA-N
951,O=C(NCCCCN1CCN(c2cccc(Cl)c2Cl)CC1)c1ccc(F)nc1,1,1,1,YILNPRPYCRADTF-UHFFFAOYSA-N
952,CCC(COC)Nc1ccc(C(=O)N2CCC(N3CCC[C@@H](C)C3)CC2)cn1,1,1,NaN,MVHLBLFCGGJBTH-DUSLRRAJSA-N
953,CC1CN(c2ccc(C(=O)N3CCC(N4CCc5ccccc5C4)CC3)cn2)CC(C)O1,1,1,NaN,JKTGUPLJPJIWOQ-UHFFFAOYSA-N
954,NC(=O)c1ccc2c(c1)CCOC2CCN1CC=C(c2c[nH]c3cc(F)ccc23)CC1,1,1,1,AYGLZYIWAZBQDC-UHFFFAOYSA-N
955,COc1ccccc1N1CCN(CCN(C(=O)C23C4C5C2C2C3C4C52CF)c2ccccn2)CC1,1,NaN,1,PJPXYNKEROPCAD-UHFFFAOYSA-N
956,O=S(=O)(N[C@H]1CC[C@@H](N2CCC(c3ccccc3OC3CC3)CC2)CC1)c1ccc2c(c1)OCO2,1,NaN,1,ZIIYCNPQTIYWFF-OYRHEFFESA-N
957,COc1ccc(S(=O)(=O)N[C@H]2CC[C@@H](N3CCC(c4ccc(F)cc4OC(C)C)CC3)CC2)cc1OC,1,NaN,1,FEQSGCAJKJDTEE-ZRZAMGCNSA-N
958,COC(=O)C1=C(C)NC(=O)N(C(=O)NCCCN2CCN(c3ccc(OC)cc3C)CC2)C1c1ccc(F)c(F)c1,1,NaN,NaN,VYEWPTHCXXZXSS-UHFFFAOYSA-N
959,COc1ccc(-c2ccccc2)cc1OCCNC[C@@H]1COc2ccccc2O1,1,1,1,KHXNVNNRQVTRJN-HXUWFJFHSA-N
960,CNC(=O)C1=C(C)NC(C)=C(C(=O)NCCCN2CCC(c3ccccc3)(c3ccccc3)CC2)C1c1ccc2c(c1)OCO2,1,0,0,GJSIQLZDGMIVKC-UHFFFAOYSA-N
961,COc1ccc(-c2cc3c(=O)n(CCN4CCN(c5ccccc5Cl)CC4)c(=O)[nH]c3[nH]2)cc1,1,1,1,IXDFQNJGGTXFCB-UHFFFAOYSA-N
962,COc1cccc(OC)c1OCCNC[C@@H]1COc2cccc(OC)c2O1,1,1,1,UIFMGKZUSHZGFQ-CQSZACIVSA-N
963,NC(=O)c1ccccc1OCCCN1CCN(c2cccc3c2ccn3S(=O)(=O)c2ccccc2)CC1,1,1,NaN,KWZBJWOQFABHPF-UHFFFAOYSA-N
964,c1ccc(OCCNCCOC(c2ccccc2)c2ccccc2)cc1,1,1,1,IQXCFSVBYLKYNY-UHFFFAOYSA-N
965,COc1ccccc1N1CCN(CC2COC3(CCOCC3)O2)CC1,1,NaN,1,UNSHPSDZXKDZDW-UHFFFAOYSA-N
966,COc1ccc2c(c1OCCNC[C@@H]1COc3ccccc3O1)OCC2,1,NaN,1,UOEUJVLYVLHEKQ-OAHLLOKOSA-N
967,COc1cc2nc(N3CCN(C(=O)Cc4ccc5ccccc5c4)[C@H]4CCCC[C@H]43)nc(N)c2cc1OC,1,1,1,CMYABLZXUMAVKE-LOSJGSFVSA-N
968,Fc1ccccc1N1CCN(CCCCNc2ccccn2)CC1,1,1,NaN,VASIIKBBVSZUHT-UHFFFAOYSA-N
969,COc1cc2c(cc1OC)C1c3[nH]c4ccccc4c3CCN1CC2,1,1,1,OQSHCQUNKQSBKA-UHFFFAOYSA-N
970,O=C(NCCCCN1CCN(c2cccc(Cl)c2Cl)CC1)c1ccc(F)cc1,1,1,1,AGUZAIMBKPZTGP-UHFFFAOYSA-N
971,CC(C)Oc1ccccc1N1CCN(C2CCC(NS(=O)(=O)c3cccc(C(F)(F)F)c3)CC2)CC1,1,NaN,1,ZDNRYSVLOMAJEZ-UHFFFAOYSA-N
972,COc1ccc(OC)c(S(=O)(=O)N[C@H]2CC[C@H](N3CCN(c4ccccc4OC(C)C)CC3)CC2)c1,1,NaN,1,AOESATFDEMWHLJ-HZCBDIJESA-N
973,CC(C)Oc1ccccc1N1CCN([C@H]2CC[C@@H](NS(=O)(=O)c3ccc(OC(F)(F)F)cc3)CC2)CC1,1,1,1,STAISUAHBRKLLH-OYRHEFFESA-N
974,CCc1ccc(OCC(F)(F)F)c(OCCNC(C)Cc2cc(C(N)=O)c3c(ccn3CCCO)c2)c1,1,NaN,NaN,PRXOMQQBQYMDMK-UHFFFAOYSA-N
975,Cc1ccc(-c2cc3[nH]c(=O)n(CCN4CCN(c5ccccc5Cl)CC4)c(=O)c3[nH]2)cc1,1,1,1,DSHAQKQNBSNNEJ-UHFFFAOYSA-N
976,O=c1n(CCCCN2CCN(c3cccc4sccc34)CC2)nc2c(F)cccn12,1,1,NaN,FJLHVGCNLNMUSS-UHFFFAOYSA-N
977,COc1ccc2[nH]c3c(c2c1)CC1c2cc4c(cc2CCN1C3)OCO4,1,1,NaN,HOTTYHVEFWTDND-UHFFFAOYSA-N
978,COc1ccccc1N1CCN(CC2COC3(CCN(c4ccccn4)CC3)O2)CC1,1,0,1,FHQARSACZPJNBL-UHFFFAOYSA-N
979,CCCCC1CCN(CCCC(=O)c2ccccc2C)CC1,1,1,1,ANTKBACNWQHQJE-UHFFFAOYSA-N
980,c1cnc(N2CCC(CNC[C@H]3COc4ccccc4O3)CC2)nc1,1,1,1,LMMWPOUOKPRTGA-INIZCTEOSA-N
981,COc1ccccc1N1CCN(Cc2ccc(CN3CCCCCC3=O)s2)CC1,1,1,1,LYKQJJQHRZAFLA-UHFFFAOYSA-N
982,COc1ccccc1N1CCN(CCCCNC(=O)c2cccc3ccnn23)CC1,1,1,1,XVKBKIBQGMWRDG-UHFFFAOYSA-N
983,CC(C)Oc1ccccc1N1CCN(C=CCC(=O)CN2CCCCC2=O)CC1,1,1,NaN,UIXFLDNWOWXYNJ-UHFFFAOYSA-N
984,CC(C)Oc1ccccc1N1CCN(C/C=C/C(=O)CN2CCCCC2=O)CC1,1,0,NaN,KSRMLSMXMVIXSF-BQYQJAHWSA-N
985,CC[C@@H](CO)Nc1ccc(C(=O)N2CCC(N3CCC[C@@H](C)C3)CC2)cn1,1,1,NaN,AANPPHBCLOSKSY-AEFFLSMTSA-N
986,C[C@@H]1CCCN(C2CCN(C(=O)c3ccc(N4CCC(F)(F)CC4)nc3)CC2)C1,1,1,NaN,RVMBXBGZPQDYHJ-QGZVFWFLSA-N
987,COc1ccc(C(F)(F)F)cc1N1CCN(CCn2cnc3sc4c(c3c2=O)CCN(C)C4)CC1,1,1,1,XCXIJZOLTHUEGO-UHFFFAOYSA-N
988,COc1ccc(C)cc1S(=O)(=O)N[C@H]1CC[C@@H](N2CCN(c3ccccc3OC(C)C)CC2)CC1,1,1,1,CHYHMJYTWVQCFW-ZRZAMGCNSA-N
989,COc1cccc(OC)c1OCCNC[C@@H]1COc2cccc(F)c2O1,1,NaN,1,UUHRDARWBGSDJU-CYBMUJFWSA-N
990,COc1cc2nc(N3CCC[C@H](NC(=O)[C@H]4COc5ccccc5O4)C3)nc(N)c2cc1OC,1,1,1,LCYPGGDZOSRDEW-LHSJRXKWSA-N
991,COc1ccccc1N1CCN(CCNc2cc(C)nn(C)c2=O)CC1,1,1,1,COXFKNBPMUTWPD-UHFFFAOYSA-N
992,CSc1ccc(Cl)cc1NCC1=NCCN1,1,1,1,ZHDIISZEXUGDAJ-UHFFFAOYSA-N
993,COc1ccccc1N1CCN(CC2COC3(CCN(S(C)(=O)=O)CC3)O2)CC1,1,NaN,1,BWIJSERURKMDCF-UHFFFAOYSA-N
994,COc1cc2nc(N3CCN(C(=O)COc4ccccc4OC)CC3)nc(N)c2cc1OC,1,1,NaN,LPHYFVMMGUVREO-UHFFFAOYSA-N
995,COc1ccccc1N1CCN(CCCCNC(=O)c2ccc3ccnn3c2)CC1,1,1,1,YZQXLVIDXVUDPY-UHFFFAOYSA-N
996,COc1ccccc1N1CCN(CCN(C(=O)C2CCCCC2)c2ccccn2)CC1,1,1,1,SBPRIAGPYFYCRT-UHFFFAOYSA-N
997,O=C(NCCCCN1CCN(c2cccc3[nH]ccc23)CC1)c1ccc2ccccc2c1,1,1,NaN,UGIQUWZDOMEVPS-UHFFFAOYSA-N
998,C[C@@H]1CCCN(C2CCN(C(=O)c3cnc(N4CCC(F)(F)CC4)nc3)CC2)C1,1,1,NaN,GRMMSDZISXOCAZ-MRXNPFEDSA-N
999,COc1ccc(Cl)cc1S(=O)(=O)NC1CCC(N2CCN(c3ccccc3OCC3CC3)CC2)CC1,1,NaN,1,HQURDNFFLCLLLC-UHFFFAOYSA-N
1000,CCN(C1CCC(N2CCN(c3ccccc3OC(C)C)CC2)CC1)S(=O)(=O)c1ccc(OC)c(OC)c1,1,NaN,1,LVRHAAKFXRNPFH-UHFFFAOYSA-N
1001,COc1ccc(Cl)cc1S(=O)(=O)N[C@H]1CC[C@@H](N2CCN(c3ccccc3OCC3CC3)CC2)CC1,1,NaN,1,HQURDNFFLCLLLC-ZRZAMGCNSA-N
1002,O=C1NC(C(F)(F)F)=C(C(=O)NCCCN2CCC(c3ccc(F)cc3)CC2)[C@@H](c2ccc(F)c(F)c2)N1,1,NaN,0,JMHJPWHXTFNZBY-JOCHJYFZSA-N
1003,O=C1N=C(C(F)(F)F)C(C(=O)NCCCN2CCC(c3ccc(F)cc3)CC2)[C@@H](c2ccc(F)c(F)c2)N1,1,1,0,UOBMJKQDMSSIRF-FOIFJWKZSA-N
1004,COC(=O)C1=C(C)NC(=O)N(C(=O)N2CCC(N3CCC(C(=O)OC)(c4ccccc4)CC3)CC2)C1c1ccc(F)c(F)c1,1,0,0,GAQHMLXJZZLREV-UHFFFAOYSA-N
1005,Cc1ccc2c(c1)c1c(n2CCc2ccccc2)CCN(C)C1,1,NaN,NaN,IBUHDDLETPJVGP-UHFFFAOYSA-N
1006,COc1ccccc1N1CCN(CCCCNC(=O)c2cccn2C)CC1,1,1,1,XHLOXZYQANKFHG-UHFFFAOYSA-N
1007,COc1ccc(C[C@@H](C)NC[C@H]2Oc3ccccc3O[C@H]2C)cc1S(N)(=O)=O,1,1,1,QXNTWXQFMCUIBK-BIENJYKASA-N
1008,COc1cc2nc(N3CCN(C(=O)CCC(=O)c4ccccc4)CC3)nc(N)c2cc1OC,1,1,NaN,FTDBTBLFOYBMNU-UHFFFAOYSA-N
1009,COc1ccccc1OCCNCC1COC(c2ccccc2)(c2ccccc2)O1,1,1,1,ODHPQKBPZNUARX-UHFFFAOYSA-N
1010,COc1ccc(S(=O)(=O)NC2CCC(N3CCC(c4ccc(F)cc4OC(C)C)CC3)CC2)cc1OC,1,NaN,1,FEQSGCAJKJDTEE-UHFFFAOYSA-N
1011,CCC1=C(C(N)=O)C(c2ccc([N+](=O)[O-])cc2)C(C(=O)NCCCN2CCC(c3ccccc3)(c3ccccc3)CC2)=C(COC)N1,1,NaN,NaN,YLUGVAMRGOIDDQ-UHFFFAOYSA-N
1012,CC(C)Oc1ccccc1N1CCN(C2CCC(NC(=O)Nc3c(Cl)cccc3Cl)CC2)CC1,1,NaN,1,ZWNBANLWZZXEKO-UHFFFAOYSA-N
1013,COc1cccc(N(NC2=NCCN2)c2ccc(C)cc2)c1,1,1,1,NEQHKSNFFVEGHN-UHFFFAOYSA-N
1014,CN1CCC[C@@H]1Cn1nc(Cc2ccc(Cl)cc2)c2ccncc2c1=O,1,NaN,NaN,RZBPSXCZVILRNE-MRXNPFEDSA-N
1015,COCCN1CCC[C@@H]1Cn1nc(Cc2ccc(Cl)cc2)c2ccccc2c1=O,1,1,NaN,KMFDXNUGIFDFHQ-LJQANCHMSA-N
1016,COc1cccc(OC)c1[S+]([O-])CCNCCOc1ccccc1OCc1ccccc1,1,1,1,WGUPOYKGWRBZNW-UHFFFAOYSA-N
1017,CCCCNC(=O)N1CCC2(CC1)OCC(CN1CCN(c3ccccc3OC)CC1)O2,1,NaN,1,TXHNBTNTYPCQQT-UHFFFAOYSA-N
1018,O=c1[nH]cc(C(F)(F)F)c(=O)n1CCCN1CCN(c2ccccc2OCC(F)(F)F)CC1,1,1,NaN,CZJQYRRCGRRBAS-UHFFFAOYSA-N
1019,COc1ccccc1N1CCN(CCNC(=O)c2ccccn2)CC1,1,1,NaN,ARQDTTRYUMUINH-UHFFFAOYSA-N
1020,COc1ccccc1N1CCN(CCNC(=O)c2ccncc2)CC1,1,1,NaN,IQYRBWJVVBVMOS-UHFFFAOYSA-N
1021,COc1ccccc1NCC1CCN(CC2COc3ccccc3O2)CC1,1,1,1,TYCFPCOJYDWOEP-UHFFFAOYSA-N
1022,O=C1Nc2ccc(F)cc2C1CCCCN1CCN(c2ccccc2)CC1,1,1,NaN,IBBIDLLHDNJIPV-UHFFFAOYSA-N
1023,COc1ccccc1N1CCN(CCCN/C(=N\C#N)c2ccccn2)CC1,1,1,NaN,QDINHVYVESYLKG-UHFFFAOYSA-N
1024,CC(C)Oc1ccccc1N1CCN(CCNC(=O)CN2CCCCCC2=O)CC1,1,0,NaN,XHBOWUOETHUEOP-UHFFFAOYSA-N
1025,CCOC(=O)C1CCC(=O)N1CC(=O)NCCN1CCN(c2ccccc2OC(C)C)CC1,1,0,NaN,VRPBNMBLMZTHCA-UHFFFAOYSA-N
1026,Cn1c(NCCCN2CCN(c3ccc4c(c3)OCC(CO)O4)CC2)cc(=O)n(C)c1=O,1,1,NaN,QTSKCJCWZQXFMQ-UHFFFAOYSA-N
1027,CS(=O)(=O)Nc1ccc2c(c1)OC1(CCN(CCc3cccc4ccccc34)CC1)CC2=O,1,NaN,NaN,KWGFRDRXXIKKIO-UHFFFAOYSA-N
1028,Cc1cc(C)c2oc(=O)n(C3CCN(CCCCN4C(=O)c5ccccc5S4(=O)=O)CC3)c2c1,1,NaN,NaN,XXDFZPIGFGKHOT-UHFFFAOYSA-N
1029,CC1=C(C(=O)NCCCN2CCC(c3ccc(F)cc3)CC2)[C@H](c2ccc(F)c(F)c2)NC(=O)N1C,1,NaN,NaN,ACXCLVVRXJUJEC-VWLOTQADSA-N
1030,CC(C)Oc1ccccc1N1CCN([C@H]2CC[C@H](NS(=O)(=O)c3cccc(C(F)(F)F)c3)CC2)CC1,1,NaN,1,ZDNRYSVLOMAJEZ-HZCBDIJESA-N
1031,N#Cc1ccccc1C1CCN(CCCNC(=O)C2C(C(F)(F)F)=NC(=O)N[C@@H]2c2ccc(F)c(F)c2)CC1,1,1,NaN,MFRGNGVCWMKRRG-OZAIVSQSSA-N
1032,N#Cc1ccccc1C1CCN(CCCNC(=O)C2=C(C(F)(F)F)NC(=O)N[C@@H]2c2ccc(F)c(F)c2)CC1,1,NaN,NaN,XQOGKBPVGSEDTB-HSZRJFAPSA-N
1033,COC(=O)C1=C(C)N=C(C)N(CCC[C@@H](C)CN2CCN(c3ccccc3C(N)=O)CC2)C1c1ccc(F)c(F)c1,1,0,0,BLFCXMMGSUUVCS-CUXXENAFSA-N
1034,CCC1=NC(COC)=C(C(=O)NCCCN2CCC(c3ccccc3)(c3ccccc3)CC2)C(c2ccc([N+](=O)[O-])cc2)C1C(N)=O,1,1,NaN,SPIJYUMJUFXBOQ-UHFFFAOYSA-N
1035,CO/C(O)=C1\C(C)=NC(C)=C(C(=O)N(C)CCCN2CCC(c3ccccc3)(c3ccccc3)CC2)C1c1ccc([N+](=O)[O-])cc1,1,NaN,NaN,AHCOOGMIZVMEKD-PKUSAGTQSA-N
1036,COC(=O)C1=C(C)NC(C)=C(C(=O)N(C)CCCN2CCC(c3ccccc3)(c3ccccc3)CC2)C1c1ccc([N+](=O)[O-])cc1,1,NaN,NaN,GFIUJLFGLPTWNW-UHFFFAOYSA-N
1037,CCc1ccccc1OCCNC(C)Cc1cc(C(N)=O)c2c(ccn2CCCO)c1,1,NaN,1,QOIHKRYULGBDHP-UHFFFAOYSA-N
1038,COc1ccccc1N1CCN(CCCCn2cc(CCCC(=O)O)c3ccccc32)CC1,1,1,1,YZCQTZCKJQJPLF-UHFFFAOYSA-N
1039,CSc1cc(F)ccc1NCC1=NCCN1,1,1,1,XBBHVMXFPPVGMX-UHFFFAOYSA-N
1040,CSc1ccc(C)cc1NCC1=NCCN1,1,NaN,1,ZVVQFUFKMNLNCB-UHFFFAOYSA-N
1041,COc1ccccc1OCCNCC1CSC(c2ccccc2)(c2ccccc2)O1,1,1,1,PEVLAFDVQRAQGN-UHFFFAOYSA-N
1042,COc1ccccc1N1CCN(CCCCN2C(=O)CC(c3ccc([N+](=O)[O-])cc3)CC2=O)CC1,1,NaN,1,NPGBHHBYDAPGFD-UHFFFAOYSA-N
1043,Clc1cccc(N2CCN(CCCCNc3ccc(-c4ccccc4)cn3)CC2)c1Cl,1,1,NaN,WRUSBTCFXKDYJC-UHFFFAOYSA-N
1044,CC[C@@H](CO)Nc1ccc(C(=O)N2CCC(N3CCc4ccccc4C3)CC2)cn1,1,1,NaN,QFYOLZVPOLGNLX-NRFANRHFSA-N
1045,CCC(COC(N)=O)Nc1ccc(C(=O)N2CCC(N3CCC[C@@H](C)C3)CC2)cn1,1,1,NaN,JPRQKQNMPQHXKC-PYUWXLGESA-N
1046,COc1ccc(S(=O)(=O)N[C@H]2CC[C@H](N3CCC(c4ccccc4OCC(F)(F)F)CC3)CC2)cc1OC,1,NaN,1,USIWFTPEBGPOSA-MEMLXQNLSA-N
1047,Cn1c(=O)cnn(CCCCN2CCN(c3ccccc3OCCF)CC2)c1=O,1,1,1,SXCVVYUSUGUSMW-UHFFFAOYSA-N
1048,COc1ccccc1N1CCN(CC2COC3(CCN(C(=O)c4ccco4)CC3)O2)CC1,1,NaN,1,RMARPDOMKGOSCL-UHFFFAOYSA-N
1049,COc1ccccc1N1CCN(C[C@@H]2CO[C@@](CN3C(=O)CCCC3=O)(c3ccccc3)O2)CC1,1,NaN,1,YXYDEEZYQMLTIS-AJTFRIOCSA-N
1050,COc1ccc(S(=O)(=O)NC2CCC(N3CCC(c4ccccc4OCC(F)F)CC3)CC2)cc1OC,1,NaN,1,QLLKZBYEHJGRHK-UHFFFAOYSA-N
1051,O=S(=O)(NC1CCC(N2CCC(c3ccccc3OCC(F)(F)F)CC2)CC1)c1ccc(OC(F)F)cc1,1,NaN,1,GAFGMUJBSNDSHX-UHFFFAOYSA-N
1052,Cc1cccc(C)c1OCCNC(C)Cc1cc2c(c(C(N)=O)c1)N(CCCO)CC2,1,NaN,NaN,NQJAQUQDUQZJDT-UHFFFAOYSA-N
1053,COc1ccccc1N1CCN(CCCCCN2C(=O)CC(c3ccccc3)CC2=O)CC1,1,1,1,PGGAKENNUWLOBA-UHFFFAOYSA-N
1054,COCCNc1ccc(C(=O)N2CCC(N3CCc4ccccc4C3)CC2)cn1,1,1,NaN,LUHIUDADEUMEFE-UHFFFAOYSA-N
1055,Cc1ccc(C(C(=O)NCCCN2CCC(C#N)(c3ccccc3C(F)(F)F)CC2)c2ccc(C)cc2)cc1,1,0,0,ORUJCINTLKUHJM-UHFFFAOYSA-N
1056,COc1ccccc1N1CCN(CC(O)CNC(=O)c2ccc3c(c2)C(=O)N(c2cccc(F)c2)C3=O)CC1,1,1,NaN,WCKATHKWRMKNPK-UHFFFAOYSA-N
1057,COC(=O)C1=C(C)N=C(C)N(CCC[C@@H](C)CN2CCC(C#N)(c3ccccc3)CC2)C1c1ccc(F)c(F)c1,1,0,0,IYHKQABMQSZQIQ-VWRCBCJMSA-N
1058,COc1ccccc1OCCNC[C@@H]1COCC(c2ccccc2)(c2ccccc2)O1,1,1,1,HIASEHRDTBGCHW-HSZRJFAPSA-N
1059,CCCN(CCC)c1nc(N2CCN(C(=O)c3ccco3)[C@H]3CCCC[C@H]32)nc2cc(OC)c(OC)cc12,1,1,1,PGMSQKAWALUURX-XZOQPEGZSA-N
1060,COc1ccccc1N1CCN(CCCCNc2ccccn2)CC1,1,1,NaN,BYOLGTZWXRPJPY-UHFFFAOYSA-N
1061,COc1ccccc1N1CCC(CNC[C@H]2COc3ccccc3O2)CC1,1,1,1,XYBADQIMVGSILK-SFHVURJKSA-N
1062,O=C(c1ccc(N2CCOC(C(F)(F)F)C2)nc1)N1CCC(N2CCc3ccccc3C2)CC1,1,1,NaN,AQMYRRPCVUSBDY-UHFFFAOYSA-N
1063,COc1ccc(S(=O)(=O)NC2CCC(N3CCN(c4ccccc4OC(C)C)CC3)CC2)cc1OC,1,NaN,1,YJXYZPLPRPNAPZ-UHFFFAOYSA-N
1064,COc1ccc(S(=O)(=O)N[C@H]2CC[C@H](N3CCN(c4ccccc4OC(C)C)CC3)CC2)cc1OC,1,1,1,YJXYZPLPRPNAPZ-HZCBDIJESA-N
1065,COc1ccc(S(=O)(=O)N[C@H]2CC[C@H](N3CCC(c4ccc(F)cc4OC(C)C)CC3)CC2)cc1OC,1,NaN,1,FEQSGCAJKJDTEE-YHBQERECSA-N
1066,CCN([C@H]1CC[C@H](N2CCN(c3ccccc3OC(C)C)CC2)CC1)S(=O)(=O)c1ccc(OC)c(OC)c1,1,1,1,LVRHAAKFXRNPFH-RQNOJGIXSA-N
1067,COc1ccc(S(=O)(=O)NC2CCC(N3CCC(c4cc(F)ccc4OC(C)C)CC3)CC2)cc1OC,1,NaN,1,AEJCTJSNUNXYQL-UHFFFAOYSA-N
1068,COc1ccccc1N1CCN(CCN2C=CC3(CCCC3)CC2=O)CC1,1,NaN,NaN,NMZPGTCGQWMZBC-UHFFFAOYSA-N
1069,COc1cc2nc(N3CCN(C(=O)c4ccc(C)o4)[C@H]4CCCC[C@H]43)nc(N)c2cc1OC,1,1,1,FZQMRWTUMFXQNY-ZWKOTPCHSA-N
1070,COc1cc2nc(N3CCN(C(=O)c4ccc(C)o4)[C@H]4CCCC[C@@H]43)nc(N)c2cc1OC,1,1,1,FZQMRWTUMFXQNY-ROUUACIJSA-N
1071,CN(C)CC/C=C1/c2ccccc2COc2ccccc21,1,1,NaN,ODQWQRRAPPTVAG-BOPFTXTBSA-N
1072,COc1cc2nc(N3CCN(C(=O)COc4c(OC)cccc4OC)CC3)nc(N)c2cc1OC,1,1,NaN,TVKDDIPFFFMLKI-UHFFFAOYSA-N
1073,COc1cccc(OC)c1OCCNC[C@H]1COc2c(OC)cccc2O1,1,NaN,1,BPBCIZXGJQIHRC-AWEZNQCLSA-N
1074,Cc1ccccc1C1(C#N)CCN(CCCNC(=O)C(c2ccc(F)cc2)C(C)C)CC1,1,NaN,0,UNUWGGCGYVIFOC-UHFFFAOYSA-N
1075,C[C@@H]1CCCN(C2CCN(C(=O)c3cnc(N4CC5(COC5)C4)nc3)CC2)C1,1,1,NaN,KLDQMJZLZCRHII-MRXNPFEDSA-N
1076,O=C(c1ccc(N2CCS(=O)(=O)CC2)nc1)N1CCC(N2CCc3ccccc3C2)CC1,1,1,NaN,TWGDGCRWZSHGBI-UHFFFAOYSA-N
1077,Oc1ccc(C(O)CCN2CCC(Cc3ccccc3)CC2)cc1,1,1,1,USDXVADJZXMZPG-UHFFFAOYSA-N
1078,Cn1c(=O)cnn(CCCCN2CCN(c3cccc4ccc(O)cc34)CC2)c1=O,1,1,1,DSJDREDLRIFSQA-UHFFFAOYSA-N
1079,COc1ccccc1OCCNCC1CCOC(c2ccccc2)(c2ccccc2)O1,1,1,1,IPGPPSLCUMESRR-UHFFFAOYSA-N
1080,CC1(C)Cc2cccc(OCCNCC3(F)CCN(C(=O)c4ccc(F)c(Cl)c4)CC3)c2O1,1,1,NaN,BXPJDTCYZQOTIA-UHFFFAOYSA-N
1081,Cc1ccc(C(C(=O)NCCCN2CCC(C#N)(c3ccccn3)CC2)c2ccc(C)cc2)cc1,1,1,0,IMPIFDDTYWWFKQ-UHFFFAOYSA-N
1082,COc1ccc(C(F)(F)F)cc1S(=O)(=O)N[C@H]1CC[C@H](N2CCN(c3ccccc3OC(C)C)CC2)CC1,1,NaN,1,VXZHIQQSDIJVSS-HZCBDIJESA-N
1083,c1ccc(-c2cc[nH]n2)c(NCC2=NCCN2)c1,1,1,1,XQORNBVCMJFJOC-UHFFFAOYSA-N
1084,COc1cccc(OC)c1OCCNC[C@H]1COc2cc3c(cc2O1)CCCC3,1,NaN,NaN,OTIFDGAFLVKAPS-SFHVURJKSA-N
1085,COc1ccccc1N1CCN(CCC(Oc2ccc(C(=O)Nc3ccccc3OCCCC(=O)O)cc2)c2ccccc2)CC1,1,1,1,VYPJGBAYTHJGLI-UHFFFAOYSA-N
1086,O=c1c2ccccc2c(Cc2ccc(Cl)cc2)nn1C[C@H]1CCCN1CCCCCc1ccc(OCCCN2CCCCCC2)cc1,1,1,NaN,GQWSXILTLUTBAJ-PGUFJCEWSA-N
1087,CCc1ccccc1OCCNC(C)Cc1cc2c(c(C(N)=O)c1)N(CCCO)CC2,1,NaN,1,CVTZKWHCHWHUNF-UHFFFAOYSA-N
1088,COc1cc2nc(N3CCN(C(=O)c4ccc(C(C)=O)o4)[C@H]4CCCC[C@H]43)nc(N)c2cc1OC,1,1,1,HDPKXGPZKXRUAV-ZWKOTPCHSA-N
1089,COc1cc2nc(N3CCN(C(=O)c4ccc(C(C)=O)o4)[C@H]4CCCC[C@@H]43)nc(N)c2cc1OC,1,1,1,HDPKXGPZKXRUAV-ROUUACIJSA-N
1090,COc1ccccc1N1CCN(CCCCNC(=O)c2cc3ccccn3n2)CC1,1,1,1,MBSIGRZACGJWRM-UHFFFAOYSA-N
1091,CCC(C)c1ccc(N2CCN(CCn3c(=O)[nH]c4c([nH]c5ccccc54)c3=O)CC2)cc1,1,0,0,KLNIHTYXOOSMBC-UHFFFAOYSA-N
1092,c1ccc2c(NCCNc3ccnc4ccccc34)ccnc2c1,1,1,NaN,FGYOUZJTBKNABF-UHFFFAOYSA-N
1093,CN1CCc2c(sc3ncn(CCN4CCN(c5cccc6ncccc56)CC4)c(=O)c23)C1,1,1,1,QDKHAYSBQKAJRQ-UHFFFAOYSA-N
1094,Cc1ccc(N(NC2=NCCN2)c2cccc(O)c2)cc1,1,1,1,ONSCHPQYHGOIQX-UHFFFAOYSA-N
1095,COc1ccccc1OCCNCC1CCC(c2ccccc2)(c2ccccc2)O1,1,1,1,YZLCDNYSBSWVBY-UHFFFAOYSA-N
1096,Cc1ccccc1N1CCN(CC(O)c2ccc(O)c(C(N)=O)c2)CC1,1,1,1,LVOQULMHVCQIEY-UHFFFAOYSA-N
1097,COc1ccccc1N1CCN(C[C@@H]2CO[C@@](CN3CCCCCC3=O)(c3ccccc3)O2)CC1,1,1,1,HCKLMKILABOANU-UFHPHHKVSA-N
1098,C[C@H](Nc1cc(NCCOc2ccc(F)cc2)ccn1)c1ccccc1,1,1,1,YFXLEJDIGQPHMW-INIZCTEOSA-N
1099,CC1CCCN(c2ccc(C(=O)N3CCC(N4CCC[C@@H](C)C4)CC3)cn2)C1,1,1,NaN,CMIMSJDBHHVNGT-MRTLOADZSA-N
1100,Cc1ccc(C(C(=O)NCCCN2CCC(c3ccccn3)CC2)c2ccc(C)cc2)cc1,1,NaN,0,DQQUWTIATKHALF-UHFFFAOYSA-N
1101,O=C(O)[C@H]1CCCN1c1ccc(C(=O)N2CCC(N3CCc4ccccc4C3)CC2)cn1,1,1,NaN,XUVQUYCRQUKGBR-JOCHJYFZSA-N
1102,C[C@@H]1CCCN(C2CCN(C(=O)c3ccc(N4CCS(=O)(=O)CC4)nc3)CC2)C1,1,1,NaN,JSHVKTASIJVHEC-QGZVFWFLSA-N
1103,CC(=O)C1(c2ccccc2)CCN(CCCNC(=O)C2=C(C)NC(C)=C(C(N)=O)C2c2ccc([N+](=O)[O-])cc2)CC1,1,0,NaN,SNGBYOSTSPYKJF-UHFFFAOYSA-N
1104,CC(=O)C1(c2ccccc2)CCN(CCCNC(=O)C2=C(C)N=C(C)C(C(N)=O)C2c2ccc([N+](=O)[O-])cc2)CC1,1,1,NaN,YNUSNUOVFGZNLF-UHFFFAOYSA-N
1105,COc1ccccc1N1CCN(CCCCN2C(=O)CC(C)(c3ccccc3)CC2=O)CC1,1,1,1,KBIGYGRLFLGJAZ-UHFFFAOYSA-N
1106,CC(C)Oc1ccccc1N1CCN(C2CCC(NC(=O)Nc3ccc(F)c(F)c3)CC2)CC1,1,NaN,1,PIKIDBPDYRQPFX-UHFFFAOYSA-N
1107,COc1ccccc1OCCNCC1COCC(c2ccccc2)(c2ccccc2)O1,1,1,1,HIASEHRDTBGCHW-UHFFFAOYSA-N
1108,Cc1ccccc1N1CCN(CC(O)c2ccc(O)c(C3N=NN=N3)c2)CC1,1,1,1,MQUYKGXEWDSJTO-UHFFFAOYSA-N
1109,COc1ccc(C(=O)N2CCN(c3nc(N)c4cc(OC)c(OC)cc4n3)[C@H]3CCCC[C@@H]32)o1,1,1,1,YPZGDVOCTNSNRN-IRXDYDNUSA-N
1110,COc1ccc(C(=O)N2CCN(c3nc(N)c4cc(OC)c(OC)cc4n3)[C@@H]3CCCC[C@@H]32)o1,1,1,1,YPZGDVOCTNSNRN-DLBZAZTESA-N
1111,COc1ccc(S(=O)(=O)NC2CCC(N3CCN(c4ccccc4OCC(F)(F)F)CC3)CC2)cc1OC,1,1,1,KBDQCTAMVLZQJL-UHFFFAOYSA-N
1112,CC(Cc1cc2c(c(C(N)=O)c1)N(CCCO)CC2)NCCOc1ccc2c(c1)OCO2,1,NaN,NaN,YSQZTBFNBHORGT-UHFFFAOYSA-N
1113,COc1ccccc1N1CCN(CCCCNC(=O)c2cccn3nccc23)CC1,1,1,1,CXWMHNWEROVFMB-UHFFFAOYSA-N
1114,CC(C)Oc1ccccc1N1CCN(CC(O)CC(=O)CN2CCCCC2=O)CC1,1,0,NaN,UTACGRWSJNDCLR-UHFFFAOYSA-N
1115,O=C1CCCN1Cc1cc(CN2CCN(c3ccccc3Oc3ccccc3)CC2)on1,1,1,1,DWRUGEVTFWEDAY-UHFFFAOYSA-N
1116,N#CC1(c2ccccc2)CCN(CCCNC(=O)C(c2ccccc2)c2ccccc2)CC1,1,NaN,0,ZQCNGXUHVDDWMJ-UHFFFAOYSA-N
1117,Fc1ccc(N2CCN(CCCc3c[nH]c4ccc(F)cc34)CC2)c(-c2ccccc2)c1,1,1,NaN,GPVZPQVIHIFYGO-UHFFFAOYSA-N
1118,COc1ccc(S(=O)(=O)N[C@H]2CC[C@H](N3CCC(c4ccccc4OC(C)C)CC3)CC2)cc1OC,1,1,1,ACYCBNFGNBHQEP-YHBQERECSA-N
1119,COc1ccccc1N1CCN(CCCN2C(=O)CC(c3ccc(Cl)cc3)CC2=O)CC1,1,NaN,1,NJFRMDBEAVUKJH-UHFFFAOYSA-N
1120,CN1CCC[C@@H]1Cn1nc(Cc2ccc(Cl)cc2)c2ccccc2c1=O,1,1,NaN,WYRUGBCTQBZIHO-QGZVFWFLSA-N
1121,CC(C)Oc1ccccc1N1CCN(C2CCC(NC(=O)Nc3c(F)cccc3F)CC2)CC1,1,NaN,1,GRLCSEWTOACLTP-UHFFFAOYSA-N
1122,CC(C)Oc1ccccc1N1CCN(C2CCC(NC(=O)Nc3c(Cl)cc(Cl)cc3Cl)CC2)CC1,1,NaN,1,IEMSLTPIYQZIGD-UHFFFAOYSA-N
1123,COc1ccccc1N1CCN(CC2CO[C@H](c3ccccc3)O2)CC1,1,1,NaN,MRKSHNBMDFJXRE-ZYZRXSCRSA-N
1125,CC(C)Oc1ccccc1N1CCN(C2CCC(NC(=O)Nc3ccccc3Cl)CC2)CC1,1,NaN,1,LHOVFJRBCVNIQC-UHFFFAOYSA-N
1126,Cc1ccccc1N1CCN(CCCCNC(=O)c2ccc3ccccc3c2)CC1,1,1,NaN,UCZBYQLMYSGJSK-UHFFFAOYSA-N
1127,O=C(NCCCCN1CCN(c2ccccc2Cl)CC1)c1ccc2ccccc2c1,1,1,NaN,NORQFMPKBRSFFC-UHFFFAOYSA-N
1128,COc1cc(N)c(Cl)cc1C(=O)NC1CCN(CCCOc2ccc(F)cc2)CC1OC,1,1,1,DCSUBABJRXZOMT-UHFFFAOYSA-N
1129,C[C@@H]1OC(=O)N(C(=O)NCCCN2CCC(c3ccc(F)cc3)CC2)[C@@H]1c1ccc(F)c(F)c1,1,1,0,DTYAFBJXWWLRMA-HJPURHCSSA-N
1130,COc1ccccc1N1CCN(CCc2ccc(CN3C(=O)c4ccccc4C3=O)cc2)CC1,1,1,NaN,WNINGWWRGRLJGK-UHFFFAOYSA-N
1131,c1ccc(OCCNC[C@@H]2COC(c3ccccc3)(c3ccccc3)O2)cc1,1,1,1,NNVMIQMBTAAZFU-HSZRJFAPSA-N
1132,Cc1nc2c([nH]c3ccccc32)c(=O)n1CCN1CCN(c2ccc(Cl)c(Cl)c2)CC1,1,1,1,IZXNMSMOJJZRBE-UHFFFAOYSA-N
1133,COc1ccc(C(F)(F)F)cc1S(=O)(=O)NC1CCC(N2CCN(c3ccccc3OC(C)C)CC2)CC1,1,NaN,1,VXZHIQQSDIJVSS-UHFFFAOYSA-N
1134,COc1ccccc1OCCNC[C@H]1CO[C@H](C(c2ccccc2)c2ccccc2)O1,1,1,1,KJSZFXLLGTVRIA-NVQXNPDNSA-N
1135,COc1ccccc1N1CCN(CC2COC3(CCN(C(=O)C4CCCCC4)CC3)O2)CC1,1,NaN,1,OKPOTQGIJMVOCK-UHFFFAOYSA-N
1136,O=C1c2ccccc2CC12CCN(CCc1cccc3ccccc13)CC2,1,1,NaN,LXIPAAJKLDMQAA-UHFFFAOYSA-N
1137,COc1ccc(S(=O)(=O)N[C@H]2CC[C@H](N3CCC(c4ccccc4OCC(F)F)CC3)CC2)cc1OC,1,NaN,1,QLLKZBYEHJGRHK-MEMLXQNLSA-N
1138,CCC1=C(C(N)=O)C(c2ccc(F)c(F)c2)N(C(=O)NCCC(C)N2CCC(C(=O)OC)(c3ccccc3)CC2)C(=O)N1,1,0,0,PFFBXNUVJKJZBG-UHFFFAOYSA-N
1139,COc1ccc(S(=O)(=O)N[C@H]2CC[C@@H](N3CCN(c4ccccc4OC(C)C)CC3)CC2)cc1OC,1,1,1,YJXYZPLPRPNAPZ-SZPZYZBQSA-N
1140,COc1ccccc1N1CCN(CCc2ccccc2)CC1,1,1,1,AMBPIKSQPHQYTQ-UHFFFAOYSA-N
1142,COc1ccc2c(c1OCCNC[C@@H]1COc3ccccc3O1)NCC2,1,NaN,1,GENVWLSAPICTPF-OAHLLOKOSA-N
1143,c1cnc2c(N3CCN(CCCc4ccc(OCCCN5CCCCCC5)cc4)CC3)cccc2c1,1,1,NaN,XHHDACAEDLRJOJ-UHFFFAOYSA-N
1144,CCCC(=O)NCCN1CCC[C@@H]1Cn1nc(Cc2ccc(Cl)cc2)c2ccccc2c1=O,1,1,NaN,VVYQHHROMNFSAO-OAQYLSRUSA-N
1145,COc1cc2nc3c(c(N)c2cc1OC)CCC(CNC(=O)c1cccc(C(F)(F)F)c1)C3,1,1,1,MNZMMOCNWZJEOK-UHFFFAOYSA-N
1146,COCCCC(=O)N(C)CCN1CCC[C@@H]1Cn1nc(Cc2ccc(Cl)cc2)c2ccccc2c1=O,1,NaN,NaN,AMOACTSTZUXXDX-HSZRJFAPSA-N
1147,O=c1c2ccccc2c(Cc2ccc(Cl)cc2)nn1C1CCCN(CCc2ccc(OCCCN3CCCCCC3)cc2)CC1,1,1,NaN,BXUKKRHEMKVWOY-UHFFFAOYSA-N
1148,O=c1c2ccncc2c(Cc2ccc(Cl)cc2)nn1C[C@H]1CCCN1CCCCc1ccc(OCCCN2CCCCCC2)cc1,1,1,NaN,CIAWHNGOFJZBCL-MGBGTMOVSA-N
1149,O=c1c2ccccc2c(Cc2ccc(Cl)cc2)nn1C[C@@H]1CCCN1CCCCc1ccc(OCCCN2CCCCCC2)cc1,1,1,NaN,YANGEESWIGIKOP-UMSFTDKQSA-N
1150,COc1ccccc1N1CCN(CCCCNC(=O)c2ccn3nccc3c2)CC1,1,1,1,CNARPAZVQVCVGJ-UHFFFAOYSA-N
1151,Cn1c(=O)cnn(CCCCN2CCN(c3cccc4ccc(O[11CH3])cc34)CC2)c1=O,1,1,1,GKTQBPYMIGXPKG-JVVVGQRLSA-N
1152,c1c[nH]c(-c2ccccc2OCC2=NCCN2)c1,1,1,1,QLXHLSBDLHEIEV-UHFFFAOYSA-N
1153,CCOc1ccccc1N1CCN(CCc2ccc(CN3C(=O)c4ccccc4C3=O)cc2)CC1,1,1,1,QSDSOTZIODPCOC-UHFFFAOYSA-N
1154,O=C(O)CCCc1cn(CCCCCN2CCN(c3ccccc3Cl)CC2)c2ccccc12,1,1,1,SADGWXRWSBZIIA-UHFFFAOYSA-N
1155,CC(C)=CCOc1ccc(Cl)c2c1CCN(C)CC2,1,1,1,MBYSTKNEMJZSIK-UHFFFAOYSA-N
1156,Clc1cccc(N2CCN(CCCCNc3ccccn3)CC2)c1Cl,1,1,NaN,HGJYUXFMUSKRHL-UHFFFAOYSA-N
1157,COc1cccc(C2CCC(N3CCN(c4ccccn4)CC3)CC2)c1,1,1,NaN,SHEZXZSIBXLQMP-UHFFFAOYSA-N
1158,c1ccc2c(c1)OCC(CNCC1CCN(c3cccc4c3OCC4)CC1)O2,1,1,1,CKEHNJZQODAPNT-UHFFFAOYSA-N
1159,COCCN(C)c1ccc(C(=O)N2CCC(N3CCC[C@@H](C)C3)CC2)cn1,1,1,NaN,MRYGXLQAZVBKBS-QGZVFWFLSA-N
1160,COc1cccc(SCCNCC2(F)CCN(C(=O)c3ccc(F)c(Cl)c3)CC2)c1,1,1,NaN,WZKXISBZTZAMNX-UHFFFAOYSA-N
1161,CSc1ccc(F)cc1NCC1=NCCN1,1,1,1,BCCMUPQZPVRDCD-UHFFFAOYSA-N
1162,COc1cc2nc(N3CCC[C@H](NC(=O)[C@@H]4COc5ccccc5O4)C3)nc(N)c2cc1OC,1,1,1,LCYPGGDZOSRDEW-QKKBWIMNSA-N
1163,COc1cccc(OC)c1OCCNC[C@H]1COc2cc3ccccc3cc2O1,1,NaN,NaN,DEXRYWBZRATHBC-SFHVURJKSA-N
1164,COc1ccccc1OCCNCC1COC(c2ccccc2)(c2ccccc2)OC1,1,1,1,UQUIESQULVDVOA-UHFFFAOYSA-N
1165,C[N+](C)(CCOc1ccccc1)CC1COC(c2ccccc2)(c2ccccc2)O1,1,1,NaN,GTHCXFVEFGHMCA-UHFFFAOYSA-N
1166,O=C1CC2(CCCC2)CCN1CCN1CCN(c2cc(Cl)ccc2Cl)CC1,1,1,NaN,RBBPCEWGOONAPO-UHFFFAOYSA-N
1167,Cc1ccc(Cl)cc1N1CCN(CCc2ccc(CN3C(=O)c4ccccc4C3=O)cc2)CC1,1,1,1,KBTJLOFDXLWJAS-UHFFFAOYSA-N
1168,Cc1ccoc1-c1ccccc1OCC1=NCCN1,1,1,1,RKVMBHNDKVMNKU-UHFFFAOYSA-N
1169,COc1ccc(Cl)cc1N1CCN(CCCN2C(=O)CC(C)(c3ccccc3)CC2=O)CC1,1,NaN,1,KCBGUGDNPBJJQV-UHFFFAOYSA-N
1170,COc1cccc(N2CCC(CNCC3COc4ccccc4O3)CC2)c1,1,1,1,DUTPDVWPQWRHMS-UHFFFAOYSA-N
1171,CNC(=O)c1cccc(OCCCCN2CCC(c3noc4cc(F)ccc34)CC2)c1,1,1,NaN,SHFBSNNAMYYULF-UHFFFAOYSA-N
1172,COC(=O)C1(c2ccccc2)CCN(CCCNC(=O)N2C(=O)NC3=C(C(=O)OC3)C2c2ccc3c(c2)OCO3)CC1,1,NaN,0,UPQSZPLHQOSKNY-UHFFFAOYSA-N
1173,c1ccc(-c2ccno2)c(NCC2=NCCN2)c1,1,1,1,LQBHYWDFUZWZET-UHFFFAOYSA-N
1174,COC(=O)c1cc(C(O)CN2CCN(c3ccccc3C)CC2)ccc1O,1,1,1,DHZGOKYRTUXLHK-UHFFFAOYSA-N
1175,COc1ccccc1OCCNCC1CSC(c2ccccc2)(c2ccccc2)S1,1,NaN,1,FGBDGNKVRNLYDB-UHFFFAOYSA-N
1176,C=Cc1sc2ccc(Cl)c3c2c1CN(C)CC3,1,1,1,WKXSXFYQPCWZOS-UHFFFAOYSA-N
1177,Cc1cccc(OCCOCCN2CCN(CCc3ccccc3)CC2)c1C,1,1,NaN,UZBAJYSQVMDJAM-UHFFFAOYSA-N
1178,COCCNc1ccc(C(=O)N2CCC(N3CCC[C@@H](C)C3)CC2)cn1,1,1,NaN,VRZYDFMZPLVPFN-MRXNPFEDSA-N
1179,O=C(c1cccc(CN2CCc3c([nH]c4ccccc34)C2)c1)N1CCCCC1,1,1,1,GPBYZZHKBHRMCG-UHFFFAOYSA-N
1180,COc1ccccc1N1CCN(CCN(C(=O)C23CCC(CF)(CC2)C3)c2ccccn2)CC1,1,1,1,PSWXVBZJWHEKPU-UHFFFAOYSA-N
1181,O=S(=O)(NC1CCC(N2CCN(c3ccccc3OCC3CC3)CC2)CC1)c1cc(Cl)ccc1F,1,NaN,1,BQRCXSWHZYCROY-UHFFFAOYSA-N
1182,O=S(=O)(N[C@H]1CC[C@@H](N2CCN(c3ccccc3OCC3CC3)CC2)CC1)c1cc(Cl)ccc1F,1,NaN,1,BQRCXSWHZYCROY-SZPZYZBQSA-N
1183,COc1ccc(C(F)(F)F)cc1S(=O)(=O)N[C@H]1CC[C@@H](N2CCN(c3ccccc3OC(C)C)CC2)CC1,1,NaN,1,VXZHIQQSDIJVSS-SZPZYZBQSA-N
1184,[C-]#[N+]c1ccccc1N1CCN(CCc2ccc(CN3C(=O)c4ccccc4C3=O)cc2)CC1,1,1,1,GEYKQZVZAHAGNU-UHFFFAOYSA-N
1185,CO/C(O)=C1\C(C)=NC(C)=C(C(=O)NCCCN2CCC(c3ccccc3)(c3ccccc3)CC2)C1c1ccc2ccccc2c1,1,1,NaN,OBVUZKZJWYCTTA-WQBMDMGNSA-N
1186,COc1ccccc1N1CCN(CC2CO[C@@H](c3cccc4ccccc34)O2)CC1,1,1,NaN,ZPOXZVXRHXPTRT-GBAXHLBXSA-N
1187,O[C@@H]1[C@H](NC[C@H]2COc3ccccc3O2)CC[C@H]1Oc1ccccc1,1,1,1,STBHTUOPFMOXDX-LNKGRISISA-N
1188,COc1ccc(Cl)cc1N1CCN(CCCCN2C(=O)CC(c3ccccc3)CC2=O)CC1,1,NaN,1,XJQMGRBHCYQSND-UHFFFAOYSA-N
1189,COC(=O)C1=C(C)NC(C)=C(C(=O)NCCCN2CCC(c3ccccc3)(c3ccccc3)CC2)C1c1ccc2ccccc2c1,1,1,NaN,WQVIAEDJVNDIOB-UHFFFAOYSA-N
1190,c1ccc(OCCNCC2COC(c3ccccc3)(c3ccccc3)O2)cc1,1,1,1,NNVMIQMBTAAZFU-UHFFFAOYSA-N
1191,CC(C)Oc1ccccc1N1CCN(C2CCC(N3C(=O)c4c(F)c(F)c(F)c(F)c4C3=O)CC2)CC1,1,0,1,GFECFRLDYQFMGJ-UHFFFAOYSA-N
1192,Fc1ccc(N2CCN(CCC3OCCc4ccccc43)CC2)cc1,1,1,1,UKOCGOXTVCIACM-UHFFFAOYSA-N
1194,CC(C)Oc1ccccc1N1CCN(CCOC(=O)CN2CCCCC2=O)CC1,1,0,NaN,NJIMRYVDUQIHPS-UHFFFAOYSA-N
1195,c1ccc2c(c1)OCC(CNCC1CCN(c3cccc4c3OCCO4)CC1)O2,1,1,1,OGFDOBGWVXITBG-UHFFFAOYSA-N
1196,COCCOCCOc1ccc(NC(=O)NCCCN2CCN(c3ccccc3OC)CC2)c(-c2ccccc2)c1,1,1,NaN,HZBAKQLOTJCSJX-UHFFFAOYSA-N
1197,O=S(=O)(N[C@H]1CC[C@H](N2CCC(c3ccccc3OCC(F)(F)F)CC2)CC1)c1ccc(OC(F)F)cc1,1,NaN,1,GAFGMUJBSNDSHX-MXVIHJGJSA-N
1198,COc1ccccc1N1CCN(CC(O)c2ccc(O)c(C(N)=O)c2)CC1,1,1,1,SFQIAYQAAHHNIZ-UHFFFAOYSA-N
1199,CCCNC(=O)CC1CCN(c2nc(N)c3cc(OC)c(OC)cc3n2)CC1,1,1,1,LJRFIWIVFLBBPS-UHFFFAOYSA-N
1200,CCc1ccc(OCC(F)(F)F)c(OCCNC(C)Cc2cc3c(c(C(N)=O)c2)N(CCCO)CC3)c1,1,NaN,NaN,UOWAXGFANRXZNS-UHFFFAOYSA-N
1201,O=C(NCCCCN1CCN(c2ccccc2F)CC1)c1ccc2ccccc2c1,1,1,NaN,NSHPEOLYLWLLHG-UHFFFAOYSA-N
1202,c1ccc(OCCNCC2CCOC(c3ccccc3)(c3ccccc3)O2)cc1,1,1,1,ABAMCUWCUXLAEL-UHFFFAOYSA-N
1203,COc1ccccc1N1CCN(C[C@H]2CCC(c3ccccc3)(c3ccccc3)[C@H]2O)CC1,1,NaN,1,GZRLRTFOHXYECM-LXFBAYGMSA-N
1204,O=C(C1CCCCC1)N(CCN1CC=C(c2ccccc2)CC1)c1ccccn1,1,NaN,NaN,YUOLKUGHNOWKJF-UHFFFAOYSA-N
1205,C[C@@H]1CCCN(C2CCN(C(=O)c3ccc(N4CCOCC4)nc3)CC2)C1,1,1,NaN,QGPCWLRWARTAIT-QGZVFWFLSA-N
1206,O=C(CCCN1C2CCC1CC(O)(c1ccc(Cl)cc1)C2)c1ccc(F)cc1,1,1,NaN,CXQUOFVDYCOSEZ-UHFFFAOYSA-N
1207,CN1CCC[C@H]1Cn1nc(Cc2ccc(Cl)cc2)c2ccccc2c1=O,1,1,NaN,WYRUGBCTQBZIHO-KRWDZBQOSA-N
1208,O=C1OC2(CCN(c3nc4cc(Br)ccc4[nH]3)CC2)CN1c1ccccc1,1,1,NaN,VNMDTHYZNXLTIK-UHFFFAOYSA-N
1209,COc1ccccc1N1CCN(CC2CCC(c3ccccc3)(c3ccccc3)C2=O)CC1,1,NaN,NaN,GRLMWWLAYDWUKA-UHFFFAOYSA-N
1210,Cc1cc2c(s1)CCC(CN[C@@H]1CC[C@@H](Oc3ccccc3)[C@H]1O)C2=O,1,1,1,IMKMRGOTDDUQHF-AKEOANPWSA-N
1211,O=c1c2ccccc2c(Cc2ccc(Cl)cc2)nn1C[C@H]1CCCN1CCCCc1ccc(OCCCN2CCCCCC2)cc1,1,1,NaN,YANGEESWIGIKOP-UUWRZZSWSA-N
1212,CCc1ccc(C(CCN2CCN(c3ccccc3OC)CC2)Oc2ccc(C(=O)Nc3ccccc3OCCCC(=O)O)cc2)cc1,1,1,1,FIBKNKOHOLWVRI-UHFFFAOYSA-N
1213,Cc1cccc(N2CCN(CCCCNc3ccccn3)CC2)c1C,1,1,NaN,KAPVOFHRIOYFQH-UHFFFAOYSA-N
1214,COc1ccccc1N1CCN(Cc2ccc(CN3CCCC3=O)s2)CC1,1,1,1,XNTSPXZSNQJDTP-UHFFFAOYSA-N
1215,O=C(NCCN1CCN(c2cccc3c2OCCO3)CC1)c1ccc(F)cc1,1,1,NaN,GTEYGWXMYSXCRZ-UHFFFAOYSA-N
1216,O=C(c1ccc(F)c(Cl)c1)N1CCC(F)(CNCCNc2ccccn2)CC1,1,1,NaN,RPOKNYKEZIGQTQ-UHFFFAOYSA-N
1217,COc1ccc(S(=O)(=O)NC2CCC(N3CCC(c4ccccc4OCCF)CC3)CC2)cc1OC,1,0,1,NZOIFXLLVJGITJ-UHFFFAOYSA-N
1218,COCC1=C(C(=O)OC)[C@H](c2ccc(F)c(F)c2)N(C(=O)NCCCN2CCC(c3cccc(NC(C)=O)c3)CC2)C(=O)N1,1,1,NaN,FWMHZWMPUWAUPL-NDEPHWFRSA-N
1219,COc1ccccc1N1CCN(C[C@@H]2CO[C@@](CN3C(=O)CCC3=O)(c3ccccc3)O2)CC1,1,NaN,1,JCZSBAKXMUXIIN-QFQXNSOFSA-N
1220,NC(=Nc1ccccc1)N1CCN(C=C2N=C(c3cccc4ccccc34)OC2=O)CC1,1,1,NaN,ADANDPMLNDAKNZ-UHFFFAOYSA-N
1221,N=C(Nc1ccccc1)N1CCN(/C=C2/N=C(c3cccc4ccccc34)OC2=O)CC1,1,NaN,NaN,ADANDPMLNDAKNZ-OQKWZONESA-N
1222,COC[C@H]1CCCN1c1ncc(C(=O)N2CCC(N3CCC[C@@H](C)C3)CC2)cn1,1,1,NaN,COUCKRSHAVZZTJ-YLJYHZDGSA-N
1223,CN1CCc2c(sc3ncn(CCN4CCN(c5nccc6ccccc56)CC4)c(=O)c23)C1,1,1,1,PEZLPONMALCRDP-UHFFFAOYSA-N
1224,O=C1Nc2ccccc2C1CCCCN1CCN(c2ccc(Cl)cc2)CC1,1,1,NaN,JAOXKCOCADFHNG-UHFFFAOYSA-N
1225,O=C(NCCCCN1CCN(c2cccc(Cl)c2Cl)CC1)c1ccc(I)s1,1,1,1,CPTTYKNXUVQTGN-UHFFFAOYSA-N
1226,CC1=C(C(=O)NCC(C)CN2CCC(C#N)(c3ccccn3)CC2)[C@@H](c2ccc(F)c(F)c2)CC(=O)N1,1,1,0,VSLQTFZJPROMOL-BDPMCISCSA-N
1227,Cc1ccc2c(c1)N1OC(CN(C)C)CC1c1ccccc1C2,1,1,NaN,IEMJYQZKJFERDW-UHFFFAOYSA-N
1228,COc1cccc2c1CCCC2CCCN1CCN(c2ccccc2)CC1,1,1,NaN,JGCUFOXBUYJGBX-UHFFFAOYSA-N
1229,[11CH3]Oc1cccc2c1CCCC2CCCN1CCN(c2ccccc2)CC1,1,NaN,NaN,JGCUFOXBUYJGBX-BJUDXGSMSA-N
1230,COc1ccc(S(=O)(=O)N[C@H]2CC[C@H](N3CCC(c4cc(F)ccc4OC(C)C)CC3)CC2)cc1OC,1,NaN,1,AEJCTJSNUNXYQL-YHBQERECSA-N
1231,O=C(CCCN1CCC(c2noc3cc(F)ccc23)CC1)c1cc2c3c(c1)CCN3C(=O)CC2,1,1,NaN,LFATXWJLBURBCJ-UHFFFAOYSA-N
1232,O=C1CC2(C=CN1CCN1CCN(c3ccccc3Cl)CC1)CCCC2,1,1,NaN,XOSAFCKSDPJGTM-UHFFFAOYSA-N
1233,CCSc1ccccc1NCC1=NCCN1,1,1,1,MZDQVKPPFWIZIL-UHFFFAOYSA-N
1234,COc1ccc(N2CCC(CNCC3COc4ccccc4O3)CC2)cc1,1,1,1,CAUVIHGEFYOEKK-UHFFFAOYSA-N
1235,COC(=O)C1(c2ccccc2)CCN(CCCCN2C(=O)c3cc(Cl)ccc3S2(=O)=O)CC1,1,0,0,YGPKJFYMSVJDNW-UHFFFAOYSA-N
1236,CN(C)CC1CC2c3ccccc3Cc3ccc(F)cc3N2O1,1,1,NaN,MSQRTETUBFIHMP-UHFFFAOYSA-N
1237,COc1ccccc1OCCNCCOC(c1ccccc1)c1ccccc1,1,0,1,AWLOZWRUIWUAKF-UHFFFAOYSA-N
1238,COc1ccccc1N1CCN(C[C@H]2CCC(c3ccccc3)(c3ccccc3)[C@@H]2O)CC1,1,NaN,1,GZRLRTFOHXYECM-QDPGVEIFSA-N
1239,O=C1OC2(CCN(CCc3cccc4ccccc34)CC2)Cc2ccccc21,1,NaN,1,AROUGQIPMYQUEE-UHFFFAOYSA-N
1240,O=C1Cc2cc(CCN3CCN(c4cccc5ccccc45)CC3)ccc2N1,1,1,1,GEJKYGSJUJTWOZ-UHFFFAOYSA-N
1241,O=C(NCCCCN1CCN(c2cccc(F)c2F)CC1)c1cc2ccc1CCc1ccc(cc1)CC2,1,1,1,DHFUVVTYPXJZAP-UHFFFAOYSA-N
1242,CC(C)Oc1ccccc1N1CCN(C2CCC(NS(=O)(=O)c3cc(Cl)ccc3F)CC2)CC1,1,0,1,NSNRTJGFOUKUCV-UHFFFAOYSA-N
1243,CC(C)Oc1ccccc1N1CCN([C@H]2CC[C@@H](NS(=O)(=O)c3cc(Cl)ccc3F)CC2)CC1,1,NaN,1,NSNRTJGFOUKUCV-OYRHEFFESA-N
1244,c1ccc(-c2ncco2)c(NCC2=NCCN2)c1,1,1,1,PBLOKLHEMAJIKI-UHFFFAOYSA-N
1245,Clc1cccc(N2CCN(CCCCNc3ccc4ccccc4n3)CC2)c1Cl,1,1,NaN,KFOXMHFDNRTETJ-UHFFFAOYSA-N
1246,COc1ccccc1OCCNCC1(F)CCN(C(=O)c2ccc(Cl)c(Cl)c2)CC1,1,1,NaN,WWQYGUPGPQFXAD-UHFFFAOYSA-N
1247,O=C1CCc2ccc(CC3C4CCC3CN(C[C@@H]3COc5c(ccc6c5CC(=O)N6)O3)C4)cc2N1,1,1,1,OTEFKTISRAMNKM-WTLQVUHWSA-N
1248,CS(=O)(=O)c1ccccc1N1CCN(CCc2ccc(CN3C(=O)c4ccccc4C3=O)cc2)CC1,1,1,1,NQUFQSJEIIVCFR-UHFFFAOYSA-N
1249,CC(C)Oc1ccccc1N1CCN(C2CCC(NC(=O)NCc3cccc(F)c3)CC2)CC1,1,NaN,1,QJFXDZVKRFQGQF-UHFFFAOYSA-N
1250,O=C(NCCCCN1CCN(c2ccccc2O)CC1)c1ccc2ccccc2c1,1,1,NaN,UGRYVQVSCSWCQH-UHFFFAOYSA-N
1251,COc1ccccc1N1CCN(CCCN2C(=O)CC(c3ccccc3)CC2=O)CC1,1,NaN,1,LVTVPXIZHDLZMO-UHFFFAOYSA-N
1252,c1ccc(-c2ccccc2OCC2=NCCN2)cc1,1,NaN,1,BPRZPBVOIULUSI-UHFFFAOYSA-N
1253,c1ccc(N2CCC(CNCC3COc4ccccc4O3)CC2)cc1,1,1,1,DXFCGSGBNDZTRJ-UHFFFAOYSA-N
1254,COC(=O)C1(c2ccccc2)CCN(CCCNC(=O)C(C)c2ccc([N+](=O)[O-])cc2)CC1,1,0,0,HPZXFJLEWNDGNJ-UHFFFAOYSA-N
1255,O=C1CC(c2ccccc2)CC(=O)N1CCCN1CCN(c2ccccc2Cl)CC1,1,NaN,1,ODTONMYKXOZWKB-UHFFFAOYSA-N
1256,COc1ccccc1N1CCN(CCCCNC(=O)c2cnn3ccccc23)CC1,1,1,1,MPDFDNDIHGRXBJ-UHFFFAOYSA-N
1257,CCOc1ccc2cccc(N3CCN(CCCCn4ncc(=O)n(C)c4=O)CC3)c2c1,1,1,1,FGJBRAWTNDYRGZ-UHFFFAOYSA-N
1258,N#CCc1ccc(N2CCN(CCn3c(=O)[nH]c4c([nH]c5ccccc54)c3=O)CC2)cc1,1,1,0,WLWSNVBUVBRFDK-UHFFFAOYSA-N
1259,CN(C)C1C=CC2(CC1)c1ccccc1C=Cc1ccc(Cl)cc12,1,1,NaN,FZXSXMYFIZKXPT-UHFFFAOYSA-N
1260,COc1ccccc1N1CCN(CC2COC3(CCNCC3)O2)CC1,1,1,1,BQGYIRQTWGRQRL-UHFFFAOYSA-N
1261,COc1ccccc1CCCNCC1COC(c2ccccc2)(c2ccccc2)O1,1,1,1,YKCXYNCLHSMBJV-UHFFFAOYSA-N
1262,O=C1CC(c2ccc(Cl)cc2)CC(=O)N1CCCN1CCN(c2ccccc2Cl)CC1,1,NaN,1,MYXXXOJPIMPYFF-UHFFFAOYSA-N
1263,COc1cc2nc(N3CCN(C(=O)c4ccccn4)[C@H]4CCCC[C@H]43)nc(N)c2cc1OC,1,1,1,WORVXKSIJZQWMH-RBUKOAKNSA-N
1264,COc1ccccc1N1CCN(CCCSc2nnc(-c3ccccc3)n2C)CC1,1,1,NaN,RRTCFJGKAMKAIY-UHFFFAOYSA-N
1265,O=C(NCCCCN1CCN(c2cccc(Cl)c2Cl)CC1)c1cc2cc(I)ccc2s1,1,1,1,PKBFRDZADXJQRC-UHFFFAOYSA-N
1266,O=C1c2ccccc2C(=O)N1Cc1ccc(CCN2CCN(c3ccccn3)CC2)cc1,1,1,1,UBOIPDLRIIBNGN-UHFFFAOYSA-N
1267,CS(=O)(=O)c1ccccc1CCCNCCOc1cc(F)ccc1Cl,1,1,1,UUUZVUUYCUVGRF-UHFFFAOYSA-N
1268,O=C(NCCCCN1CCN(c2ccccc2)CC1)c1ccc2ncccc2c1,1,1,1,OURPZJJZFFKVJH-UHFFFAOYSA-N
1269,N#CC1(c2ccccc2)CCN(CCCNC(=O)C(c2ccccc2)C2CCCC2)CC1,1,0,0,CYPCIJWPPPMXEY-UHFFFAOYSA-N
1270,c1cncc(-c2ccccc2OCC2=NCCN2)c1,1,NaN,1,VARULOWOKPYQRB-UHFFFAOYSA-N
1271,CN1CCC[C@@H]1Cn1nc(Cc2cccc(F)c2)c2ccccc2c1=O,1,NaN,NaN,CJMVJEMHSLDPMO-QGZVFWFLSA-N
1272,CCCCN1CCC[C@@H]1Cn1nc(Cc2ccc(Cl)cc2)c2ncccc2c1=O,1,1,NaN,FNEORDYLRZOEEP-LJQANCHMSA-N
1273,COc1ccccc1OCCNCC[C@@H]1CO[C@H](C(c2ccccc2)c2ccccc2)O1,1,1,1,MOASQPGFCMBGLO-KCWPFWIISA-N
1274,COCC(=O)NCCN1CCC[C@@H]1Cn1nc(Cc2ccc(Cl)cc2)c2ccccc2c1=O,1,1,NaN,CEJBRQBGHDEPNJ-HXUWFJFHSA-N
1275,COCCCC(=O)NCCN1CCC[C@@H]1Cn1nc(Cc2ccc(Cl)cc2)c2ccccc2c1=O,1,1,NaN,JJKMOFKIYHXREY-JOCHJYFZSA-N
1276,O=C(O)CCc1ccc2cc(Cc3ccccc3)cc(N3CCN(CCc4ccc(OCCCN5CCCCCC5)cc4)CC3)c2n1,1,NaN,NaN,FZTMDWIJTHPEMP-UHFFFAOYSA-N
1277,O=C(NCCCCN1CCN(c2cccc(Cl)c2)CC1)c1ccc2ccccc2c1,1,1,NaN,FHBMSKSIPMUQOG-UHFFFAOYSA-N
1278,CCN(CC)c1ccc2cc(-n3cc(CN4CCN(c5nc(N)c6cc(OC)c(OC)cc6n5)CC4)nn3)c(=O)oc2c1,1,1,1,KDSUSJUAJOGNPC-UHFFFAOYSA-N
1279,Cc1cc2c(s1)CCC(CN[C@H]1CC[C@@H](Oc3ccccc3)[C@H]1O)C2=O,1,1,1,IMKMRGOTDDUQHF-FVOQVOFTSA-N
1280,O=C1CC2(CCN(CCc3cccc4ccccc34)CC2)Oc2ccccc21,1,1,1,CIBARXUQAXSAER-UHFFFAOYSA-N
1281,CC(C)Oc1ccccc1N1CCN(CCN(C)C(=O)CN2CCCCC2=O)CC1,1,0,NaN,SGJZRVNMCHXQCC-UHFFFAOYSA-N
1282,CC1(C)CN(c2ccc(C(=O)N3CCC(N4CCc5ccccc5C4)CC3)cn2)CCO1,1,1,NaN,PPIZZIWJUGVTDQ-UHFFFAOYSA-N
1283,O=C(c1ccc(N2CC3(C2)CS(=O)(=O)C3)nc1)N1CCC(N2CCc3ccccc3C2)CC1,1,1,NaN,UEOJBOPMLDRVIX-UHFFFAOYSA-N
1284,O=C1CCc2ccccc2N1CCCN1CCN(c2ccccc2)CC1,1,1,1,ABOBMBIQQPJTMJ-UHFFFAOYSA-N
1285,c1ccc(OCCNCC2CCC(c3ccccc3)(c3ccccc3)O2)cc1,1,NaN,1,STDDNPFGFREFHT-UHFFFAOYSA-N
1286,COc1ccc(Cl)cc1N1CCN(CCn2c(=O)[nH]c3c(sc4ccccc43)c2=O)CC1,1,1,1,CQVOUGAYKKUSBQ-UHFFFAOYSA-N
1287,CC(C)C1=C(C(N)=O)C(c2ccc([N+](=O)[O-])cc2)C(C(=O)NCCCN2CCC(c3ccccc3)(c3ccccc3)CC2)=C(C(C)C)N1,1,NaN,NaN,OXDMFICMRHFYME-UHFFFAOYSA-N
1288,C[C@@H]1CCCN(C2CCN(C(=O)c3cnc(N4CCOCC4)nc3)CC2)C1,1,1,NaN,MEMMQXNTFHSPPW-MRXNPFEDSA-N
1289,COc1ccc(S(=O)(=O)N[C@H]2CC[C@H](N3CCN(c4ccccc4OCC(F)(F)F)CC3)CC2)cc1OC,1,1,1,KBDQCTAMVLZQJL-MXVIHJGJSA-N
1290,O=C1CC2(CCCC2)C(=O)N1CCN1CCN(c2cc(Cl)ccc2Cl)CC1,1,1,NaN,PBOALASTYPPBPW-UHFFFAOYSA-N
1291,CC(C)(C)[C@]1(O)CCN2C[C@H]3c4ccccc4CCc4cccc(c43)[C@@H]2C1,1,1,NaN,ZZJYIKPMDIWRSN-HWBMXIPRSA-N
1292,c1ccc2c(c1)CCC1(CCN(CCc3cccc4ccccc34)CC1)O2,1,1,1,MRGNBQGTIXPNTD-UHFFFAOYSA-N
1293,COc1cc2nc(N3CCC(CC(=O)NCC4CC4)CC3)nc(N)c2cc1OC,1,1,1,OHRDRIOXKSBXGK-UHFFFAOYSA-N
1294,Oc1ccc(C[C@H]2CCCN2CCCCCCN2CCC[C@@H]2Cc2ccc(O)c(O)c2)cc1O,1,1,1,VQJOREUOQIWUDM-DNQXCXABSA-N
1295,CC1=C(C#N)C(c2ccc([N+](=O)[O-])cc2)C(C(=O)NCCCN2CCC(c3ccccc3)(c3ccccc3)CC2)=C(C)N1,1,NaN,NaN,JAXIKFIDJJLTAT-UHFFFAOYSA-N
1296,CC(Nc1nccc(NCCOc2ccc(F)cc2)n1)c1ccccc1,1,1,1,NBZYCPZRCDIPCI-UHFFFAOYSA-N
1297,CCc1ccc(OCCNC(C)Cc2cc3c(c(C(N)=O)c2)N(CCCO)CC3)c(OC)c1,1,NaN,1,PFIXDWMGJBBKLT-UHFFFAOYSA-N
1298,c1ccc2c3c([nH]c2c1)CN1CCc2cc4c(cc2[C@@H]1C3)OCO4,1,1,0,KROMIZUJAJKGLD-SFHVURJKSA-N
1299,CC(C)Sc1ccccc1NCC1=NCCN1,1,NaN,NaN,RREJZKOLYMUBNO-UHFFFAOYSA-N
1300,COc1ccccc1N1CCN(CC2CSC3(CCCCC3)O2)CC1,1,NaN,1,WUVBTJSZUBJCFT-UHFFFAOYSA-N
1301,COc1ccc(N2CCN(CCc3ccc(COc4ccc5c(c4)CCCC5)cc3)CC2)cc1,1,1,1,KNZACKLUUGWEFQ-UHFFFAOYSA-N
1302,CCc1sc2ccc(Cl)c3c2c1CN(C)CC3,1,1,1,BAAUEDJUTZLMAN-UHFFFAOYSA-N
1303,Clc1cccc(N2CCN(CCCCNc3cc(-c4ccccc4)ccn3)CC2)c1Cl,1,1,NaN,SDZGFAGZLJLJSV-UHFFFAOYSA-N
1304,COC1CCN(c2ccc(C(=O)N3CCC(N4CCc5cc(F)ccc5C4)CC3)cn2)C1,1,1,NaN,WZBKDSQTJLKAOF-UHFFFAOYSA-N
1305,Cc1cc(C)c(OCCNC(C)Cc2cc3c(c(C(N)=O)c2)N(CCCO)CC3)c(C)c1,1,NaN,NaN,GEJDAWYRSPAFCX-UHFFFAOYSA-N
1306,CC(C)Oc1ccccc1N1CCN(C2CCC(NS(=O)(=O)c3ccc(OC(F)(F)F)cc3)CC2)CC1,1,NaN,1,STAISUAHBRKLLH-UHFFFAOYSA-N
1307,c1ccc(OCCNCCC2COC(c3ccccc3)(c3ccccc3)O2)cc1,1,1,1,YTSPXKNHGROQEX-UHFFFAOYSA-N
1308,CC1=C(C(=O)NCCCN2CCC(c3ccccc3)(c3ccccc3)CC2)C(c2ccc([N+](=O)[O-])cc2)C(C(=O)N(C)C)=C(C)N1,1,0,0,SNLNBLRAKFOCGE-UHFFFAOYSA-N
1309,COC(=O)C1(c2ccccc2)CCN(CCCNC(=O)C2=C(C)NC(C)=C(C(=O)O)C2c2ccc([N+](=O)[O-])cc2)CC1,1,0,NaN,YSNYWXWAQFVCJP-UHFFFAOYSA-N
1310,COc1cccnc1OCCNCC1(F)CCN(C(=O)c2ccc(F)c(Cl)c2)CC1,1,1,NaN,WOMMHANJCVMKAZ-UHFFFAOYSA-N
1311,CCOC(=O)C1CCC(=O)N1CC(=O)CCN1CCN(c2ccccc2OC(C)C)CC1,1,1,NaN,WOLMQTMNCPQASG-UHFFFAOYSA-N
1312,Cn1c(=O)c2c(ncn2CCCN2CCN(C(c3ccc(F)cc3)c3ccc(F)cc3)CC2)n(C)c1=O,1,1,1,VOEUXHROHLFPEE-UHFFFAOYSA-N
1313,COC(=O)C1(c2ccccc2)CCN(CCCNC(=O)C2=C(C)N=C(C)C(C(=O)O)C2c2ccc([N+](=O)[O-])cc2)CC1,1,1,NaN,LKPWIPQTSCWMKP-UHFFFAOYSA-N
1314,Clc1ccc(N2CCN(Cc3cn4ccccc4n3)CC2)cc1,1,1,1,NSWRCNIUQFRZFO-UHFFFAOYSA-N
1315,Clc1cccc(N2CCN(CCCCNc3nccc4ccccc34)CC2)c1Cl,1,1,NaN,DPAGUJADGMJVKD-UHFFFAOYSA-N
1316,COc1ccccc1N1CCN(CC2COC3(CCN(C(C)=O)CC3)O2)CC1,1,0,1,ZPEUIKDDMPOHBF-UHFFFAOYSA-N
1317,COc1ccccc1OCCNCC[C@H]1CO[C@H](C(c2ccccc2)c2ccccc2)O1,1,1,1,MOASQPGFCMBGLO-HOFKKMOUSA-N
1318,Clc1ccc(N2CCN(Cc3cn4ccccc4n3)CC2)cc1Cl,1,1,1,CVPLGARGNFQLNC-UHFFFAOYSA-N
1319,N#CC1(c2ccccc2)CCN(CCCNC(=O)C(c2ccccc2)C2CCCCC2)CC1,1,0,0,ZZLUJXKQWVKZFY-UHFFFAOYSA-N
1320,Cc1ccccc1N1CCN(CC(O)c2ccc(O)c(C(=O)NCC(C)(C)C)c2)CC1,1,1,1,MTCMWLZKYJYVBZ-UHFFFAOYSA-N
1321,CCC(CO)Nc1ccc(C(=O)N2CCC(N3CCC[C@@H](C)C3)CC2)cn1,1,1,NaN,AANPPHBCLOSKSY-PYUWXLGESA-N
1322,COC(=O)C1(c2ccccc2)CCN(CCNC(=O)N2C(=O)NC3=C(C(=O)OC3)C2c2ccc(F)c(F)c2)CC1,1,0,0,CEBCZNYBCKWKKI-UHFFFAOYSA-N
1323,CC1=NC(C)=C(C(=O)NCCCN2CCC(C)(c3ccccc3)CC2)C(c2ccc([N+](=O)[O-])cc2)C1C(N)=O,1,1,NaN,XPOSJBPBIXCKQH-UHFFFAOYSA-N
1324,CC1=C(C(N)=O)C(c2ccc([N+](=O)[O-])cc2)C(C(=O)NCCCN2CCC(C)(c3ccccc3)CC2)=C(C)N1,1,NaN,NaN,GUAVMGVSYJRNOX-UHFFFAOYSA-N
1325,Clc1ccc2nc(-n3ccnc3)nc(NCc3ccccc3)c2c1,1,1,NaN,QKBNARIQGVGSGH-UHFFFAOYSA-N
1326,CN1CCC[C@@H]1Cn1nc(Cc2ccc(F)cc2)c2ccccc2c1=O,1,1,NaN,DCGYGKIBQOAKTB-QGZVFWFLSA-N
1327,COc1ccccc1N1CCN(CCCN2C(=O)CC3(CCc4ccccc43)CC2=O)CC1,1,NaN,1,DIHJKGKNVGCNHJ-UHFFFAOYSA-N
1328,O=C(O)/C=C/c1ccc2cccc(N3CCN(CCc4ccc(OCCCN5CCCCCC5)cc4)CC3)c2n1,1,1,NaN,NFCYQBPNSWBYEF-DTQAZKPQSA-N
1329,C[C@@H](Cc1cc2c(c(C(N)=O)c1)N(CCCO)CC2)NCCOc1cc(Cl)ccc1OCC(F)(F)F,1,NaN,1,QJLFFFPWEZNFJB-INIZCTEOSA-N
1330,COc1ccc(Cc2nn(C[C@H]3CCCN3CCCCc3ccc(OCCCN4CCCCCC4)cc3)c(=O)c3ccccc23)cc1,1,1,NaN,AWKFJGDSZGEFRY-UUWRZZSWSA-N
1331,COc1ccccc1N1CCN(Cc2cn3nc(Cl)ccc3n2)CC1,1,1,1,GSYFEKZSWFXBAB-UHFFFAOYSA-N
1332,Cn1c(=O)cnn(CCCCN2CCN(c3ccccc3)CC2)c1=O,1,1,1,ZIUFXZSHAGEVLS-UHFFFAOYSA-N
1333,Cc1cc(C(C)C)cc(C)c1CC1=NCCN1,1,1,1,NTSMKZTVZAMTDB-UHFFFAOYSA-N
1334,COC[C@H]1CCCN1c1ccc(C(=O)N2CCC(N3CCc4ccccc4C3)CC2)cn1,1,1,NaN,SVNIAJXDWZRBTM-XMMPIXPASA-N
1335,COc1ccccc1N1CCN(CCCCNC(=O)CC2CCCCC2)CC1,1,1,NaN,SNYSIUBLSUQYMK-UHFFFAOYSA-N
1336,COc1cccc(OC)c1OCCNC[C@@H]1COc2cccc(O)c2O1,1,NaN,NaN,CQDKZYPQPMHYAR-CYBMUJFWSA-N
1337,COc1ccc2ccccc2c1OCCNC[C@H]1COc2cc3c(cc2O1)CCCC3,1,NaN,NaN,YCHPAWYLSNTMMD-NRFANRHFSA-N
1338,O=C1c2ccccc2C(=O)N1Cc1ccc(CCN2CCN(c3ccc(C(F)(F)F)cc3)CC2)cc1,1,1,1,OENKYNMAQZLTSZ-UHFFFAOYSA-N
1339,COc1ccc(Cl)cc1NC(=O)NC1CCC(N2CCN(c3ccccc3OC(C)C)CC2)CC1,1,NaN,1,AVIOZEGAUFSOTR-UHFFFAOYSA-N
1340,Cc1cccc(N2CCN(CCc3ccc4n[nH]nc4c3)CC2)c1C,1,1,1,IOUSMYRYFCYRJU-UHFFFAOYSA-N
1341,COc1ccccc1N1CCN(CCCCN2C(=O)CC(c3ccc(Cl)cc3)CC2=O)CC1,1,NaN,1,QVYDXRNGKJCBFU-UHFFFAOYSA-N
1342,FC(F)(F)c1cccc(N2CCN(CCCCNc3nccc4ccccc34)CC2)c1,1,1,NaN,KFWSEMIBLPIBOC-UHFFFAOYSA-N
1343,COc1ccc(S(=O)(=O)N[C@H]2CC[C@H](N3CCC(c4ccccc4OCCF)CC3)CC2)cc1OC,1,0,1,NZOIFXLLVJGITJ-HZCBDIJESA-N
1344,COc1ccc2c(NCCNc3ccnc4cc(OC)ccc34)ccnc2c1,1,1,NaN,YUGFJKZNDFXBRF-UHFFFAOYSA-N
1345,COC(=O)C1=C(C)NC(C)=C(C(=O)NCCCN2CCC(c3ccccc3)(c3ccccc3)CC2)C1c1ccc(OC(C)C)cc1,1,NaN,NaN,AEFRWRMPWKDOFP-UHFFFAOYSA-N
1346,CO/C(O)=C1\C(C)=NC(C)=C(C(=O)NCCCN2CCC(c3ccccc3)(c3ccccc3)CC2)C1c1ccc(OC(C)C)cc1,1,NaN,NaN,ZUFDUHYRGVUXON-OBEQGSJMSA-N
1347,Cc1cc2c(s1)=Nc1ccccc1NC=2N1CCN(C)CC1,1,1,NaN,WXPNDRBBWZMPQG-UHFFFAOYSA-N
1348,COc1ccccc1OCCNCC1(F)CCN(C(=O)c2ccc(F)c(Cl)c2)CC1,1,1,NaN,YOAVLBDWCVGCKZ-UHFFFAOYSA-N
1349,O=C1CC2(CCCC2)CCN1CCN1CCN(c2ccccc2Cl)CC1,1,1,NaN,BYHQOSOPNSLUAD-UHFFFAOYSA-N
1350,O=C(CCCN1CCC(n2c(=O)[nH]c3ccccc32)CC1)c1ccc(F)cc1,1,NaN,NaN,FEBOTPHFXYHVPL-UHFFFAOYSA-N
1351,CC(Cc1cc2c(c(C(N)=O)c1)N(CCCO)CC2)NCCOc1ccc(F)cc1Br,1,NaN,1,QJJQUQTVHNLXRY-UHFFFAOYSA-N
1352,C1=CC2(CCN(CCc3cccc4ccccc34)CC2)Oc2ccccc21,1,1,NaN,KFOQZPZUMXHKTJ-UHFFFAOYSA-N
1353,CNC(=O)c1cc(OCCCCN2CCN(c3nsc4ccccc34)CC2)ccn1,1,1,NaN,ILCIQMQWVOJQBG-UHFFFAOYSA-N
1354,C[C@@H]1CCCN(C2CCN(C(=O)c3cnc(N4CCS(=O)(=O)CC4)cn3)CC2)C1,1,1,NaN,JEBSOYGMCTXVIA-MRXNPFEDSA-N
1355,CCC1(CCCCN2CCN(c3ccc(Cl)cc3)CC2)C(=O)Nc2cc(F)ccc21,1,1,NaN,QFHWIGIQQPTXBG-UHFFFAOYSA-N
1356,CC(C)C(C(=O)NCCCN1CCC(C#N)(c2ccccc2)CC1)c1ccccc1,1,0,0,XAMUVRYPQULOBI-UHFFFAOYSA-N
1357,FC(F)(F)c1cccc(N2CCN(CCCCNc3nc(-c4ccccc4)cs3)CC2)c1,1,1,NaN,ZZWMQJQCXDWUTD-UHFFFAOYSA-N
1358,Cc1cccc2c1CCC2c1cnc[nH]1,1,1,1,XXQLSAWUSXSJTK-UHFFFAOYSA-N
1359,CN1CCN2c3c(cccc31)[C@@H]1C[NH+](CCCC(=O)c3ccc(F)cc3)CC[C@@H]12,1,1,NaN,HOIIHACBCFLJET-SFTDATJTSA-O
1360,COc1ccccc1N1CCC(CNC[C@@H]2COc3ccccc3O2)CC1,1,1,1,XYBADQIMVGSILK-GOSISDBHSA-N
1361,COC(=O)C1(c2ccccc2)CCN(CCCNC(=O)Cc2ccc(C)cc2)CC1,1,1,0,RLWVXIUJPCHTSK-UHFFFAOYSA-N
1362,COc1ccccc1N1CCN(CCN(C(=O)C23CCC(CF)(CC2)CC3)c2ccccn2)CC1,1,NaN,1,WAEVDDXBNJUJNE-UHFFFAOYSA-N
1363,COc1cccc2c(NCCCCCCCNc3ccnc4c(OC)cccc34)ccnc12,1,NaN,NaN,XGRRECSBDVKHCC-UHFFFAOYSA-N
1364,O=C1CCCN1CCN1CCN(c2ccccc2Cl)CC1,1,1,1,FGKBXCDUKUAWBA-UHFFFAOYSA-N
1365,CCCN1CCC(COc2nc3scc(C)c3n3cccc23)CC1,1,1,1,FZGWDCDUMFWUEO-UHFFFAOYSA-N
1366,COc1ccccc1OCCNC1COC(c2ccccc2)(c2ccccc2)CO1,1,1,NaN,OBHJTUAGGFZJNL-UHFFFAOYSA-N
1367,COc1ccccc1OCCNC[C@@H]1COC(c2ccccc2)(c2ccccc2)CO1,1,1,NaN,DSZAPUPSEUYRJU-HSZRJFAPSA-N
1369,CSc1ccccc1OCCNCC1(F)CCN(C(=O)c2ccc(Cl)c(Cl)c2)CC1,1,1,NaN,BJVNWTOKTUJQCC-UHFFFAOYSA-N
1370,COC(=O)C1(c2ccccc2)CCN(CCCNC(=O)Cc2ccc([N+](=O)[O-])cc2)CC1,1,0,0,CWPRAFYRGKYFIO-UHFFFAOYSA-N
1371,COc1cccc(F)c1OC1CN(Cc2cnn(-c3ccccc3)c2C)C1,1,1,NaN,GDTMZQXBYNLZHY-UHFFFAOYSA-N
1372,c1ccc2c3c([nH]c2c1)C1c2[nH]c4ccccc4c2CCN1CC3,1,1,1,CBYUPEUUWZKYGF-UHFFFAOYSA-N
1373,Cc1ccc(C2(c3ccc(C)cc3)OC(=O)N(CCCN3CCC(C#N)(c4ccccc4C)CC3)C2=O)cc1,1,1,0,PSJOYKASTCTBMB-UHFFFAOYSA-N
1374,CCCNC(=O)c1ccccc1NCc1c[nH]cn1,1,NaN,1,JFEAROLAZKGICP-UHFFFAOYSA-N
1375,O[C@@H]1[C@H](NC[C@@H]2COc3ccccc3O2)CC[C@H]1Oc1ccccc1,1,1,1,STBHTUOPFMOXDX-XNFNUYLZSA-N
1376,O=C1C(=Nc2cccc(C(F)(F)F)c2)c2ccccc2N1c1cccc(OCCN2CCCC2)c1,1,NaN,NaN,HXCJZIBJTFITNI-UHFFFAOYSA-N
1377,COc1ccccc1N1CCN(CCN(C(=O)C23C4C5C2C2C3C4C52I)c2ccccn2)CC1,1,NaN,1,YTOGOMGUCNEXIR-UHFFFAOYSA-N
1378,O=C1/C(=N/c2cccc(C(F)(F)F)c2)c2ccccc2N1c1cccc(OCCN2CCCC2)c1,1,1,NaN,HXCJZIBJTFITNI-QCKNELIISA-N
1379,c1ccc2c(c1)CCN1CCc3c([nH]c4ccccc34)C21,1,1,1,QMFZCDNIHZUHSQ-UHFFFAOYSA-N
1380,CC(C)Oc1ccccc1N1CCN(Cc2cc(CN3CCCCC3=O)nc(N)n2)CC1,1,1,0,BFLQALILHDTZOK-UHFFFAOYSA-N
1381,COc1ccccc1OCCNCCCCCCN[C@H]1CCc2c(ccc(O)c2O)C1,1,1,1,MYSRHFYWUJLKER-FQEVSTJZSA-N
1382,COc1ccccc1NC(=O)c1ccc(OCCCN2CCN(c3ccccc3OC)CC2)cc1,1,1,1,GTPPOFBCTHCHPX-UHFFFAOYSA-N
1383,c1cnc2c(N3CCN(CCCCc4ccc(OCCCN5CCCCCC5)cc4)CC3)cccc2c1,1,1,NaN,HKPKDTNLXGOYIC-UHFFFAOYSA-N
1384,O=C(NCCN1CCC[C@@H]1Cn1nc(Cc2ccc(Cl)cc2)c2ccccc2c1=O)C1CCCC1,1,1,NaN,PTVITZRFRXZZEA-HSZRJFAPSA-N
1385,COc1ccccc1N1CCN(CCCCOc2ccc(C(=O)Nc3ccccc3OCCCC(=O)O)cc2)CC1,1,1,1,WLSFNAXEYCGJIJ-UHFFFAOYSA-N
1386,COc1ccccc1N1CCN(CCC(Oc2ccc(NC(=O)c3ccccc3OCCCC(=O)O)cc2)c2ccccc2)CC1,1,1,1,PDHKIALHJPYYOB-UHFFFAOYSA-N
1387,COc1ccccc1N1CCN(CCC(Oc2ccc(NC(=O)c3ccccc3OCCCC(=O)O)cc2)c2ccc(C)cc2)CC1,1,1,1,FLNMMUJYTWBGSI-UHFFFAOYSA-N
1388,Cc1cc2c(s1)Nc1ccccc1N=C2N1CCNCC1,1,1,1,FHPIXVHJEIZKJW-UHFFFAOYSA-N
1389,O=C(Cc1ccc(OC2CCNCC2)cc1OCCF)N1CCC(N2C(=O)CCc3ccccc32)CC1,1,NaN,NaN,YLEJYQFWEATDSD-UHFFFAOYSA-N
1390,COc1c(Cl)cccc1N1CCN(CCCCNC(=O)c2cc3ccc2CCc2ccc(cc2)CC3)CC1,1,1,1,OWMILJDHSTVDQS-UHFFFAOYSA-N
1391,COc1ccccc1N1CCN(CCCCNC(=O)N2CCOCC2)CC1,1,1,NaN,VOCJQDHVNNMIHT-UHFFFAOYSA-N
1392,CCC1=C(C(N)=O)C(c2ccc(F)cc2F)N(C(=O)N2CCC(N3CCC(C(=O)OC)(c4ccccc4)CC3)CC2)C(=O)N1,1,0,0,KKSBBZJXYCLTSE-UHFFFAOYSA-N
1393,COc1ccccc1N1CCN(CCN(C(=O)C2CCCCC2)c2ccccc2[N+](=O)[O-])CC1,1,1,1,HVMKWKIPLGPYAR-UHFFFAOYSA-N
1394,c1ccc(-c2ccccc2NCC2=NCCN2)nc1,1,1,1,GXGVZZFPDOETFM-UHFFFAOYSA-N
1395,COc1cc2nc(N3CCN(C(=O)C4COc5ccccc5O4)[C@H]4CCCC[C@@H]43)nc(N)c2cc1OC,1,1,1,RZKGYUBITDXCBT-QHEXFSSWSA-N
1396,CC(C)Oc1ccccc1N1CCN(Cc2nc(CN3C(=O)CC4(CCCC4)CC3=O)co2)CC1,1,1,0,TXCOHHYQPMKABG-UHFFFAOYSA-N
1397,COCc1c(Cl)ccc2c1CC[C@H]2c1ncc[nH]1,1,1,NaN,CMNAOKMSNCWOHS-LLVKDONJSA-N
1398,CC(C)Oc1cc(F)ccc1N1CCN(CCNC(=O)CN2CCCCC2=O)CC1,1,0,0,PQRGVSYFNXKMPS-UHFFFAOYSA-N
1399,COc1ccccc1OCCNCC(CO)OC(c1ccccc1)c1ccccc1,1,1,1,VBVAHKVUCCAHNR-UHFFFAOYSA-N
1400,COc1cccc(OCCNCC2COC(c3ccccc3)(c3ccccc3)O2)c1OC,1,NaN,NaN,JFRSZDORAGVQRA-UHFFFAOYSA-N
1401,COc1cc2nc3c(c(N)c2cc1OC)CCC(CNC(=O)c1ccc(C(F)(F)F)cc1)C3,1,1,1,FTEVEABUGCVYPW-UHFFFAOYSA-N
1402,COC(=O)[C@H]1[C@H]2C[C@H]3c4[nH]c5ccccc5c4CCN3C[C@@H]2CC[C@@H]1O,1,NaN,NaN,BLGXFZZNTVWLAY-DKJBZYCGSA-N
1403,O=C1CCCCCN1Cc1cc(CN2CCN(c3ccccc3Oc3ccccc3)CC2)on1,1,1,NaN,ZJEHREFWDSGYHV-UHFFFAOYSA-N
1404,O=C1CC2(CCCC2)CC(=O)N1CCN1CCN(c2cc(F)ccc2Cl)CC1,1,1,NaN,BQIVUTQNTYCGLI-UHFFFAOYSA-N
1405,COc1ccccc1OCCNC[C@@H]1COC[C@@H](c2ccccc2)O1,1,NaN,1,QZFPTSHPKIDPDG-XLIONFOSSA-N
1406,COc1cc(-c2ccccc2)ccc1OCCNC[C@H]1COc2ccccc2O1,1,NaN,NaN,NTTBWNFZOZWLDB-FQEVSTJZSA-N
1407,CCCCN1CCC(COC(=O)c2cc(F)c(N)c3c2OCCO3)CC1,1,0,0,WLHFUBIRAHRPHA-UHFFFAOYSA-N
1408,N#Cc1ccc2nn(CCCCN3CCN(c4cccc5sccc45)CC3)c(=O)n2c1,1,1,NaN,LDAHGSIPSNYPMF-UHFFFAOYSA-N
1409,O=C(CN1CCN(Cc2ccc(Cl)cc2)CC1)N1CCc2ccccc21,1,1,1,UHEJJZNLPMHGJA-UHFFFAOYSA-N
1410,CC(C)Oc1ccccc1N1CCN(CC2=NOC(CN3CCCCC3=O)C2)CC1,1,1,0,JAUBBRVLQJATCN-UHFFFAOYSA-N
1411,Cc1ccccc1N1CCN(CCN2CCCC2=O)CC1,1,1,1,BMZSTQHRTYXJDN-UHFFFAOYSA-N
1412,c1ccc(OCCNCC[C@H]2CO[C@H](C(c3ccccc3)c3ccccc3)O2)cc1,1,NaN,1,MPFRLKLVOGUERN-AHWVRZQESA-N
1413,COc1cccc(OC)c1OCCNC[C@@H]1COC(c2ccccc2)(c2ccccc2)CO1,1,NaN,NaN,XDMUHNCCYHIUIM-HSZRJFAPSA-N
1414,N#Cc1ccc(N2CCN(CCc3ccc(CN4C(=O)c5ccccc5C4=O)cc3)CC2)cc1,1,1,1,OBYXFXNCOIIFBC-UHFFFAOYSA-N
1415,O=C1c2ccccc2C(=O)N1Cc1ccc(CCN2CCN(c3ccc(F)cc3F)CC2)cc1,1,1,1,SXPAAVSWDFOSCI-UHFFFAOYSA-N
1416,O=C1c2ccccc2S(=O)(=O)N1CCCCN1CCC(n2c(=O)oc3cc4c(cc32)CCCC4)CC1,1,NaN,NaN,MMSKDIBKZJETID-UHFFFAOYSA-N
1417,CC(C)(C)c1ccc(C2=NCCN2)cc1,1,1,NaN,JRUYKUSXUFPDNO-UHFFFAOYSA-N
1419,CS(=O)(=O)Nc1cccc(OCCN2CCC(Oc3ccc4c(c3)NC(=O)CC4)CC2)c1,1,1,1,RJGPBFPTKNFYQH-UHFFFAOYSA-N
1420,COc1ccccc1N1CCN(CC2COC3(CCCCC3)O2)CC1,1,NaN,NaN,PQIXPACOBOVXFY-UHFFFAOYSA-N
1421,NC(=O)c1cc(C(O)CN2CCN(c3ccccc3)CC2)ccc1O,1,1,1,BZQWJLKCGAAPAT-UHFFFAOYSA-N
1422,COc1cccc(OCCNCC2COC(c3ccccc3)(c3ccccc3)O2)c1,1,1,1,WNJWFQHRCYRXOC-UHFFFAOYSA-N
1423,Cc1cc2c(s1)CCC(CN[C@H]1CC[C@@H](Oc3ccccc3)[C@@H]1O)C2=O,1,1,1,IMKMRGOTDDUQHF-UAHIPKGNSA-N
1424,CC(Cc1ccc(O)cc1)CN1CCC(Cc2ccccc2)CC1,1,1,1,YYBDAEQAUAHLFC-UHFFFAOYSA-N
1425,COc1ccc(NC(=O)NC2CCC(N3CCN(c4ccccc4OC(C)C)CC3)CC2)c(OC)c1,1,NaN,1,HZACYYQCKLSFDB-UHFFFAOYSA-N
1426,Cc1cc(OCCCN2CCN(c3ccccc3)CC2)ccc1Cl,1,1,NaN,NCKUXAJTZOKPEP-UHFFFAOYSA-N
1427,Fc1ccc([Si]2(c3ccc(F)cc3)CCC(N3CCN(c4ccccc4)CC3)C2)cc1,1,1,1,SUBRNIMHHUWIJU-UHFFFAOYSA-N
1428,c1ccc2c(N3CCN(CCc4ccc5c(c4)NCN5)CC3)cccc2c1,1,1,1,XCKMSIBEVNAANY-UHFFFAOYSA-N
1429,Clc1ccccc1N1CCC(CNCC2COc3ccccc3O2)CC1,1,1,1,CSWPZFOPVQMWKT-UHFFFAOYSA-N
1430,Cc1ccc(C)c(N2CCN(CCN3C(=O)CC4(CCCC4)CC3=O)CC2)c1,1,NaN,NaN,JBWGJAYPUVCZHV-UHFFFAOYSA-N
1431,N=CCC(O)CC1CCN(c2ccccc2Oc2ccccc2)CC1,1,1,NaN,MOVYLDZUBGRMTA-UHFFFAOYSA-N
1432,COc1cc2nc3c(c(N)c2cc1OC)CCC(CNC(=O)c1ccco1)C3,1,1,1,SGZPGIWGYCHZFH-UHFFFAOYSA-N
1433,COc1ccc(Cl)cc1N1CCN(CCCCN2C(=O)CC(C)(c3ccccc3)CC2=O)CC1,1,NaN,1,SMDCOYCKERWTAT-UHFFFAOYSA-N
1434,O=C1c2ccccc2C(=O)N1Cc1ccc(CCN2CCN(c3ccccc3F)CC2)cc1,1,NaN,0,OCMQJVXGJONRAZ-UHFFFAOYSA-N
1435,COc1ccccc1NC(=O)NC1CCC(N2CCN(c3ccccc3OC(C)C)CC2)CC1,1,NaN,1,MVVUJPWQKLPZEE-UHFFFAOYSA-N
1436,Clc1cccc(N2CCNCC2)c1,1,1,NaN,VHFVKMTVMIZMIK-UHFFFAOYSA-N
1437,COc1ccccc1N1CCN(Cc2cn3ccccc3n2)CC1,1,1,1,QGLGNPCWSBQHAU-UHFFFAOYSA-N
1438,COc1ccccc1N1CCN(CCCNC(=O)CN2CCCCC2=O)CC1,1,0,0,KEQNBNIXVZSUDE-UHFFFAOYSA-N
1439,CCOC(=O)[C@H]1CN(CCCCN2C(=O)c3cc(Cl)ccc3S2(=O)=O)CC[C@H]1c1ccccc1,1,1,0,IPBOROXXRHATRV-UNMCSNQZSA-N
1440,CN1CCC(Cn2nc(Cc3ccc(Cl)cc3)c3ccccc3c2=O)C1,1,1,NaN,OIZYYUJMNZAXNN-UHFFFAOYSA-N
1441,O=C1OC2(CCN(c3nc4ccccc4[nH]3)CC2)CN1c1ccccc1,1,1,NaN,KCXFGPNQDBKDQK-UHFFFAOYSA-N
1442,CC(=O)CC(=O)NCCCN1CCC(c2ccccc2)(c2ccccc2)CC1,1,1,NaN,MZEHCTSKFFQDIJ-UHFFFAOYSA-N
1443,COC(=O)c1cc(C(O)CN2CCN(c3ccccc3OC)CC2)ccc1OC,1,1,1,UVISADKXDPWACV-UHFFFAOYSA-N
1444,COc1cccc(OC)c1OCCNC[C@@H]1COc2cc3c(cc2O1)CCCC3,1,NaN,NaN,OTIFDGAFLVKAPS-GOSISDBHSA-N
1445,CN(CCCN1c2ccccc2CCc2ccccc21)CC(=O)c1ccc(Cl)cc1,1,1,NaN,SAPNXPWPAUFAJU-UHFFFAOYSA-N
1446,COc1cccc(OC)c1OCCNCC1COC(c2ccccc2)(c2ccccc2)O1,1,1,NaN,XRTCZMPGERZCKE-UHFFFAOYSA-N
1447,O=C1OC2(CCN(c3nc4cc(F)ccc4[nH]3)CC2)CN1c1ccccc1,1,1,NaN,KIWCYIQJEGJEPP-UHFFFAOYSA-N
1448,C[C@H]([C@@H](O)c1ccc(O)cc1)N1CCC(Cc2ccccc2)CC1,1,1,NaN,UYNVMODNBIQBMV-IIBYNOLFSA-N
1449,C[C@H](Nc1nc(N)nc(NCCOc2ccc(F)cc2)n1)c1ccc(F)cc1,1,1,1,UNUSDSJWMRJMCT-LBPRGKRZSA-N
1450,CCCCN1CCC[C@@H]1Cn1nc(Cc2ccc(Cl)cc2)c2cccnc2c1=O,1,1,NaN,UXQVMDVKHFQOEU-LJQANCHMSA-N
1451,NC(=O)c1ccc2[nH]cc(CCCCN3CCN(c4ccc5c(c4)OCO5)CC3)c2c1,1,1,1,CINVAGCQZHMSDL-UHFFFAOYSA-N
1452,O=C1OC2(CCN(c3nc4cc(C(F)(F)F)ccc4[nH]3)CC2)CN1c1ccccc1,1,1,NaN,GXIILLSKJUTIOQ-UHFFFAOYSA-N
1453,COc1ccccc1N1CCN(CCCOc2ccc(C(=O)Nc3ccccc3OCCCC(=O)O)cc2)CC1,1,1,1,LXAUKCJMLZTEBM-UHFFFAOYSA-N
1454,COc1ccccc1N1CCN(CCCCCCOc2ccc(C(=O)Nc3ccccc3OCCCC(=O)O)cc2)CC1,1,1,1,OONATLPUZFLUCK-UHFFFAOYSA-N
1455,CCOC(=O)[C@H]1CN(CCCCN2C(=O)c3cc(Cl)ccc3S2(=O)=O)CC[C@@H]1c1ccccc1,1,0,NaN,IPBOROXXRHATRV-IRLDBZIGSA-N
1456,O=c1c2ccccc2c(Cc2ccc(Cl)cc2)nn1C1CCCN(Cc2ccc(OCCCN3CCCCCC3)cc2)CC1,1,NaN,NaN,QYAXGGUCDQSHIT-UHFFFAOYSA-N
1457,O=c1c2ccccc2c(Cc2ccc(O)cc2)nn1C[C@H]1CCCN1CCCCc1ccc(OCCCN2CCCCCC2)cc1,1,NaN,NaN,IMKMPTLRTHMERW-MGBGTMOVSA-N
1458,CC(C)Oc1ccccc1N1CCN([C@H]2CC[C@H](NS(=O)(=O)c3ccc(OC(F)(F)F)cc3)CC2)CC1,1,NaN,NaN,STAISUAHBRKLLH-MEMLXQNLSA-N
1459,COc1ccccc1N1CCN(CCC(Oc2ccc(C(=O)Nc3ccccc3OCCCC(=O)O)cc2)c2ccc(Br)cc2)CC1,1,1,1,JGSWBYKSTZJTPD-UHFFFAOYSA-N
1460,CSc1ccccc1NCC1=NCCN1,1,1,1,YGIWTZGEYHABOR-UHFFFAOYSA-N
1461,Cc1ccn2c(=O)c(CCN3CCc4oc5ccccc5c4C3)c(C)nc2c1,1,1,NaN,FGTWZUQEDNXLLZ-UHFFFAOYSA-N
1462,c1ccc(-c2ccccc2OCC2=NCCN2)nc1,1,NaN,NaN,FVHLKYRSFYIRKU-UHFFFAOYSA-N
1463,COc1cccn2c(=O)c(CCN3CCc4oc5ccccc5c4C3)c(C)nc12,1,1,NaN,HPNSJGWCFMHOJX-UHFFFAOYSA-N
1464,CNC(=O)c1cc(OCCCCN2CCC(c3noc4cc(F)ccc34)CC2)ccc1F,1,1,NaN,KHQGQEHXELFETD-UHFFFAOYSA-N
1465,Cc1nc2n(c(=O)c1CCN1CCN(c3cccc4sccc34)CC1)CCCC2F,1,1,NaN,VKNIGNGTZIYLFI-UHFFFAOYSA-N
1466,O=C1[C@@H]2[C@H]3CC[C@H](C3)[C@@H]2C(=O)N1CCCCN1CCN(c2cccc3sccc23)CC1,1,1,NaN,QTDHTTNBIMOVCI-BRNYJPRKSA-N
1467,COc1ccc2[nH]c3c(c2c1)CC1c2cc(OCc4ccccc4)c(OC)cc2CCN1C3,1,NaN,1,BBCCPQCCAUUIFQ-UHFFFAOYSA-N
1468,c1ccc2c3c([nH]c2c1)CN1CCc2cc4c(cc2C1C3)OCO4,1,0,0,KROMIZUJAJKGLD-UHFFFAOYSA-N
1469,N#Cc1ccc(N2CCN(CCc3ccc(CN4C(=O)c5ccccc5C4=O)cc3)CC2)c(F)c1,1,1,1,IFZLFGIBQMPJFC-UHFFFAOYSA-N
1470,O=C1CCCN1CCCCN1CCN(c2ccccc2Cl)CC1,1,1,NaN,VGZHNYADXPCICR-UHFFFAOYSA-N
1471,CC(=O)c1ccc2c(c1)N(CCCN1CCC(CCO)CC1)c1ccccc1S2,1,NaN,NaN,BTFMCMVEUCGQDX-UHFFFAOYSA-N
1472,Cc1nc2n(c(=O)c1CCN1CCN(c3cccc4sccc34)CC1)CCCC2O,1,NaN,NaN,FPVHORFNDSKMPV-UHFFFAOYSA-N
1473,O=C1c2ccccc2C(=O)N1Cc1ccc(CCN2CCN(c3ccccc3)CC2)cc1,1,1,NaN,HFPBNLDGUPJQFH-UHFFFAOYSA-N
1474,Cc1nc2n(c(=O)c1CCN1CCN(c3cccc4sccc34)CC1)CCCC2,1,NaN,NaN,XMFRRROSDAWYLB-UHFFFAOYSA-N
1475,CN(C)CC1CC2c3cc(F)ccc3Cc3ccc(F)cc3N2O1,1,NaN,NaN,GEDGEGJCGBTAON-UHFFFAOYSA-N
1476,CNC(=O)c1cc(OCCCCN2CCN(c3cccc4sccc34)CC2)ccn1,1,NaN,NaN,AOSUTZCGNCJEJR-UHFFFAOYSA-N
1477,CSc1ccccc1NCc1c[nH]cn1,1,1,1,HHQOMPROOBMQGY-UHFFFAOYSA-N
1478,O=c1[nH]c2ccccc2n1CCCNCc1cc2c(cc1Cl)OCO2,1,1,1,PXWAOPCHLIOXQZ-UHFFFAOYSA-N
1479,Cc1nc2n(c(=O)c1CCN1CCN(c3cccc4sccc34)CC1)CCCC2(F)F,1,NaN,NaN,CFGLHQSIGAVKRU-UHFFFAOYSA-N
1480,O=C1[C@@H]2[C@H](C(=O)N1CCCCN1CCN(c3cccc4sccc34)CC1)[C@H]1C=C[C@@H]2C1,1,NaN,NaN,KVJXXDNXTCGJKY-BRNYJPRKSA-N
1481,O=C(c1ccc(F)cc1)C1CCN(CCn2c(=O)[nH]c3ccccc3c2=O)CC1,1,NaN,NaN,FPCCSQOGAWCVBH-UHFFFAOYSA-N
1482,CC(C)(C)c1ccc(C(=O)CCCN2CCC(OC(c3ccccc3)c3ccccc3)CC2)cc1,1,1,NaN,MJJALKDDGIKVBE-UHFFFAOYSA-N
1483,Cc1ncoc1-c1ccccc1NCC1=NCCN1,1,1,1,KUBADPQAWRUMPM-UHFFFAOYSA-N
1484,c1cnc(-c2ccccc2NCC2=NCCN2)nc1,1,NaN,1,CMDSTJSCXRZEFV-UHFFFAOYSA-N
1485,CNCC1CC2c3ccccc3Cc3ccccc3N2O1,1,NaN,NaN,LCKBEOTXTNWYRG-UHFFFAOYSA-N
1486,Cn1nccc1-c1ccccc1NCC1=NCCN1,1,1,1,QBNMURIWVMBLCJ-UHFFFAOYSA-N
1487,COc1cccc2[nH]c3c(c12)CC1c2cc4c(cc2CCN1C3)OCO4,1,0,0,BUYJSSDFOQMYKS-UHFFFAOYSA-N
1488,O=c1c(CCN2CCc3oc4ccccc4c3C2)c(Cc2ccccc2)nc2ccccn12,1,NaN,NaN,WGLYZLZIIJTKAG-UHFFFAOYSA-N
1489,COc1cccc(C(=O)CCN[C@@H](C)[C@H](O)c2ccccc2)c1,1,NaN,NaN,GDYUVHBMFVMBAF-LIRRHRJNSA-N
1490,CNC(=O)c1ccccc1NCC1=NCCN1,1,1,1,SPDFYEGKQZMPHC-UHFFFAOYSA-N
1491,Cc1nc2ccccn2c(=O)c1CCN1CCc2sc3ccccc3c2C1,1,NaN,NaN,JMXRRARDLWHYJN-UHFFFAOYSA-N
1492,CC(C)OC(=O)c1ccccc1NCC1=NCCN1,1,NaN,NaN,OZXBSTCCARQDBM-UHFFFAOYSA-N
1493,CCCOc1cc2c(cc1OC)CCN1Cc3[nH]c4ccc(OC)cc4c3CC21,1,0,0,GVCJJVSREOMICJ-UHFFFAOYSA-N
1494,Cc1ccccc1N1CCN(CCc2ccc(CN3C(=O)c4ccccc4C3=O)cc2)CC1,1,1,0,PZZHXSPTMWFQIB-UHFFFAOYSA-N
1495,O=C1c2ccccc2C(=O)N1Cc1ccc(CCN2CCN(c3ccc(F)cc3)CC2)cc1,1,1,1,SDAGKTXJTKVERH-UHFFFAOYSA-N
1496,Cc1ccc(N(C(=O)N(C)CCCN2CCC3(CCc4ccccc43)CC2)c2ccc(F)c(F)c2)cc1,1,NaN,NaN,PVFBWXXUVZTKAZ-UHFFFAOYSA-N
1497,CN1CCC2=C(C1)c1ccccc1Cc1ccccc12,1,NaN,NaN,GVPIXRLYKVFFMK-UHFFFAOYSA-N
1498,Cc1cc(C)n2c(=O)c(CCN3CCc4oc5ccccc5c4C3)c(C)nc2c1,1,NaN,NaN,GICQFAWDMCTLDM-UHFFFAOYSA-N
1499,COc1ccccc1OCCNCC(O)c1ccc(C)c(S(N)(=O)=O)c1,1,NaN,NaN,LVEXHFZHOIWIIP-UHFFFAOYSA-N
1500,Cc1nc2c(O)cccn2c(=O)c1CCN1CCc2oc3ccccc3c2C1,1,NaN,NaN,UDURNHDRCUMUOV-UHFFFAOYSA-N
1501,Fc1ccc2[nH]c3c(c2c1)CC1c2cc4c(cc2CCN1C3)OCO4,1,0,NaN,FIVIWEWQNXBTHT-UHFFFAOYSA-N
1502,O=C(CCCN1CCC(O)(c2ccc(Br)cc2)CC1)c1ccc(F)cc1,1,NaN,NaN,RKLNONIVDFXQRX-UHFFFAOYSA-N
1503,CO/N=C/c1ccccc1NCC1=NCCN1,1,1,1,PTJZNEIRBPOVRN-LZYBPNLTSA-N
1504,CCCNC(=O)c1ccccc1NCC1=NCCN1,1,NaN,1,CGRLAWJJBVDUOY-UHFFFAOYSA-N
1505,Cc1nc2ccccn2c(=O)c1CCN1CCc2oc3c(Cl)cccc3c2C1,1,NaN,NaN,HNRZWHPQDGUUSO-UHFFFAOYSA-N
1506,Cc1ccc2nc(C)c(CCN3CCc4oc5ccccc5c4C3)c(=O)n2c1,1,NaN,NaN,FPQNWBCHCMEAKI-UHFFFAOYSA-N
1507,Cc1cc(Br)c(NC2=NCCN2)c2ccccc12,1,NaN,NaN,UYAOIRISFNRFCT-UHFFFAOYSA-N
1508,CN(C)c1nc(NC2CCC(NC(=O)c3ccc(F)c(F)c3)CC2)nc2ccccc12,1,NaN,NaN,FAIMGWSOSCFGRU-UHFFFAOYSA-N
1509,CN(C)c1nc(N[C@H]2CC[C@@H](NC(=O)c3ccc(F)c(F)c3)CC2)nc2ccccc12,1,NaN,NaN,FAIMGWSOSCFGRU-IYBDPMFKSA-N
1510,c1ccc(-c2ccccc2OCc2c[nH]cn2)cc1,1,NaN,1,MKCFTZDMTGUFFC-UHFFFAOYSA-N
1511,Cc1ccc(C)c(OCCNC(C)Cc2cc3c(c(C(N)=O)c2)N(CCCO)CC3)c1C,1,NaN,1,DUOWUNJYYPBDOW-UHFFFAOYSA-N
1512,O=C1CCCN1CCCCN1CCN(C(c2ccc(F)cc2)c2ccc(F)cc2)CC1,1,1,NaN,UFVVYUAOUBLBJK-UHFFFAOYSA-N
1513,Cc1ccc(N(C(=O)NCCCN2CCC3(CCc4ccccc43)CC2)c2ccc(F)cc2)cc1,1,NaN,NaN,SPPVYRMMRKTURF-UHFFFAOYSA-N
1514,Cc1nc2ccccn2c(=O)c1CCN1CCc2oc3ccccc3c2C1,1,NaN,NaN,ZYXHQIPQIKTEDI-UHFFFAOYSA-N
1515,c1ccc2c(c1)Sc1ccccc1N2CC1CN2CCC1CC2,1,NaN,NaN,HOKDBMAJZXIPGC-UHFFFAOYSA-N
1516,Cc1ccc(N(C(=O)NCCCN2CCC3(CCc4ccccc43)CC2)c2ccc(F)c(F)c2)cc1,1,NaN,NaN,DDSVEFMFCAHZEM-UHFFFAOYSA-N
1517,COc1ccc(CCN2CCC(Nc3nc4ccccc4n3Cc3ccc(F)cc3)CC2)cc1,1,NaN,1,GXDALQBWZGODGZ-UHFFFAOYSA-N
1518,O=C1CC2(CCCC2)CC(=O)N1CCCCN1CCN(c2cccc3sccc23)CC1,1,NaN,NaN,PAZJLCGVFVMKKH-UHFFFAOYSA-N
1519,CCC1(C)CC(=O)N(CCCCN2CCN(c3cccc4sccc34)CC2)C(=O)C1,1,NaN,NaN,MCWADYMQWQHSRA-UHFFFAOYSA-N
1520,O=C1c2ccccc2C(=O)N1Cc1ccc(CCN2CCN(c3ccccc3C(F)(F)F)CC2)cc1,1,1,1,LDFHFOCUZZWSGE-UHFFFAOYSA-N
1521,CN1CCCC(CN2c3ccccc3Sc3ccccc32)C1,1,NaN,1,CBHCDHNUZWWAPP-UHFFFAOYSA-N
1523,CN(C)CC1CC2c3ccccc3Cc3ccncc3N2O1,1,NaN,NaN,QQWLSTBNUSPPGV-UHFFFAOYSA-N
1524,Cc1nc2cccc(C)n2c(=O)c1CCN1CCc2oc3ccccc3c2C1,1,NaN,NaN,PUJAGVRPJZNJPF-UHFFFAOYSA-N
1525,Oc1ccc2[nH]c3c(c2c1)CC1c2cc4c(cc2CCN1C3)OCO4,1,NaN,NaN,USUKAJGRONDNTQ-UHFFFAOYSA-N
1527,N#Cc1ccc(CCOC(=O)NC2CCN(CCCC(c3ccc(F)cc3)c3ccc(F)cc3)CC2)cc1,1,1,1,GALCSZPFCCZIBC-UHFFFAOYSA-N
1528,Cn1c(N2CCN(CCCN3c4ccccc4Sc4ccc(CC(=O)O)cc43)CC2)cc(=O)n(C)c1=O,1,1,1,BACLISNXCXJOMR-UHFFFAOYSA-N
1529,O=C(/C=C/N1C[C@H]2C[C@@H]1CN2c1ccccn1)c1ccccc1O,1,NaN,NaN,INAICWLVUAKEPB-QSTFCLMHSA-N
1530,CC(C(O)c1ccc(O)cc1)N1CCC(Cc2ccccc2)CC1,1,NaN,NaN,UYNVMODNBIQBMV-UHFFFAOYSA-N
1531,Cc1ccc(OCC(F)(F)F)c(OCCN[C@@H](C)Cc2cc(C(N)=O)c3c(ccn3CCCO)c2)c1,1,0,NaN,KYFDMTNYQFXNHE-SFHVURJKSA-N
1532,c1ccc(-c2cnco2)c(NCC2=NCCN2)c1,1,1,1,HKSACLQULUKEGB-UHFFFAOYSA-N
1533,c1c2c(cc3c1OCO3)CN1CCc3cc4c(cc3C1C2)OCO4,1,NaN,NaN,DEXCWVBNPJKCOQ-UHFFFAOYSA-N
1534,CCCCNC(=O)c1ccccc1NCC1=NCCN1,1,NaN,NaN,PIZWZQQKQFIBPD-UHFFFAOYSA-N
1535,Cc1ccc(N(C(=O)N(C)CCCN2CCC3(CC2)OCc2ccccc23)c2ccc(F)c(F)c2)cc1,1,NaN,NaN,KVXGDBDRJBDLPL-UHFFFAOYSA-N
1536,Cc1nc2ccc(I)cn2c(=O)c1CCN1CCc2oc3ccccc3c2C1,1,NaN,NaN,RTXNZOCMRSFEID-UHFFFAOYSA-N
1537,Cc1ccc(N(C(=O)NCCCN2CCC3(CCc4ccccc43)CC2)c2cccc(F)c2)cc1,1,NaN,NaN,PYGPEGZKDLTLHJ-UHFFFAOYSA-N
1538,O=C1c2ccccc2S(=O)(=O)N1CCCCN1CCN(c2ncccn2)CC1,1,1,1,TZJUVVIWVWFLCD-UHFFFAOYSA-N
1539,COCCCOc1cc(C(=O)N(C[C@@H]2CNC[C@H]2OC(=O)NCc2ccccc2)C(C)C)ccc1OC,1,NaN,NaN,WGHJKYWWSVIRLL-JYFHCDHNSA-N
1540,Cc1cccc(N2CCN(CCc3ccc(COc4ccc5c(c4)CCCC5)cc3)CC2)c1,1,1,1,TTXUJVWJQVRHBX-UHFFFAOYSA-N
1541,CN(C)C[C@@H]1C[C@@H]2c3ccccc3Cc3ccccc3N2O1,1,NaN,NaN,BTSCZNWXJQSJIE-QFBILLFUSA-N
1542,O=C(O[C@H]1CCOC1)[C@@H]1[C@H]2C[C@H]3c4[nH]c5ccccc5c4CCN3C[C@@H]2CC[C@@H]1O,1,NaN,NaN,DUAUSOWIOWMCSB-MYIZJDFTSA-N
1543,CN(C)CC1CC2c3ccccc3Cc3ccccc3N2O1,1,NaN,NaN,BTSCZNWXJQSJIE-UHFFFAOYSA-N
1544,Cc1ccc(N(C(=O)NCCCN2CCC3(CCc4ccccc43)CC2)c2ccc(C)cc2)cc1,1,NaN,NaN,KWMMLXRVWDEIDY-UHFFFAOYSA-N
1545,O=C1c2ccccc2C(=O)N1Cc1ccc(CCN2CCN(c3ccc(Cl)cc3)CC2)cc1,1,1,1,HXCCEUPPAFZYCP-UHFFFAOYSA-N
1546,COc1ccc2c(c1)CCN1Cc3[nH]c4ccccc4c3CC21,1,NaN,NaN,PPHXAWMEWGQMQD-UHFFFAOYSA-N
1548,c1ccc(C2CCN(CCc3ccc(COc4ccc5c(c4)CCCC5)cc3)CC2)cc1,1,1,1,SQQATRLUTSHOBL-UHFFFAOYSA-N
1549,COc1ccccc1N1CCN(CCCNc2cc(=O)n(C)c(=O)n2C)CC1,1,NaN,NaN,ICMGLRUYEQNHPF-UHFFFAOYSA-N
1550,CN(C)CCc1c[nH]c2ccccc12,1,1,NaN,DMULVCHRPCFFGV-UHFFFAOYSA-N
1551,COc1cc2nc(N3CCN(C(=O)OCc4ccccc4)[C@H](C(=O)NC(C)(C)C)C3)nc(N)c2cc1OC,1,NaN,1,CGWOIDCAGBKOQL-FQEVSTJZSA-N
1552,COc1ccc2c3c([nH]c2c1)CN1CCc2cc4c(cc2C1C3)OCO4,1,0,0,JCWOYZLADPGGTP-UHFFFAOYSA-N
1553,N=C(NCCCCCCNC(=N)NC(=N)Nc1ccc(Cl)cc1)NC(=N)Nc1ccc(Cl)cc1,1,NaN,NaN,GHXZTYHSJHQHIJ-UHFFFAOYSA-N
1554,CN(CCCN1CCC2(CC1)OCc1ccccc12)C(=O)C(c1ccccc1)c1ccc(F)c(F)c1,1,NaN,NaN,IOVSXXYNGKBAID-UHFFFAOYSA-N
1555,CCCOc1ccc(CCc2nc3cc(-c4c(C)noc4C)ccc3n2CCN2CCOCC2)cc1,1,NaN,NaN,CGWBJJZOKGZCSJ-UHFFFAOYSA-N
1556,CN(C)CCC=C1c2ccccc2C(C)(C)c2ccccc21,1,NaN,NaN,GWWLWDURRGNSRS-UHFFFAOYSA-N
1557,Cc1nc2c(C)cccn2c(=O)c1CCN1CCc2oc3ccccc3c2C1,1,NaN,NaN,WLWNODXEXGTHDO-UHFFFAOYSA-N
1558,COc1ccc(N2CCN(CCCCc3c[nH]c4ccc(C(N)=O)cc34)CC2)cc1,1,1,1,QTDOPNDTFBPKHU-UHFFFAOYSA-N
1559,Oc1c(Cl)cc(Cl)c(Cl)c1Cc1c(O)c(Cl)cc(Cl)c1Cl,1,NaN,0,ACGUYXCXAPNIKK-UHFFFAOYSA-N
1560,Cc1nc2ccc(Cl)cn2c(=O)c1CCN1CCc2oc3ccccc3c2C1,1,NaN,NaN,GZFYZEHGCPEJAC-UHFFFAOYSA-N
1561,Cc1nc2ccccn2c(=O)c1CCCN1CCc2oc3ccccc3c2C1,1,NaN,NaN,KKLYBLFGKSXYJZ-UHFFFAOYSA-N
1562,CN(C)c1ccc(C(=C2C=CC(=[N+](C)C)C=C2)c2ccc(N(C)C)cc2)cc1,1,NaN,NaN,LGLFFNDHMLKUMI-UHFFFAOYSA-N
1563,CCN(CC)C(=O)c1ccccc1NCC1=NCCN1,1,NaN,NaN,JQBLEBHNQPKFKG-UHFFFAOYSA-N
1565,COc1ccc(N2CCN(CCc3ccc(CN4C(=O)c5ccccc5C4=O)cc3)CC2)cc1,1,1,NaN,ISPCNZUBOFRBCL-UHFFFAOYSA-N
1566,Cc1nc2ccc(Br)cn2c(=O)c1CCN1CCc2oc3ccccc3c2C1,1,NaN,NaN,BRKWIMBSEICBCU-UHFFFAOYSA-N
1567,C[C@@H]1CCNC(=O)c2cc3ccc(C(=O)Nc4nc5ccccc5n4CCCN(C)C)cc3n21,1,1,NaN,ZHMXXVNQAFCXKK-QGZVFWFLSA-N
1568,CN(CCCN1CCC2(CC1)OCc1ccccc12)C(=O)N(c1ccccc1)c1ccc(F)c(F)c1,1,NaN,NaN,SQORIUUNRIGPKO-UHFFFAOYSA-N
1569,CN1[C@@H]2CC[C@H]1CC(OC(c1ccccc1)c1ccccc1)C2,1,NaN,1,GIJXKZJWITVLHI-YOFSQIOKSA-N
1570,CCN(CCCc1ccccc1)CCCc1ccccc1,1,NaN,NaN,ZPFXAOWNKLFJDN-UHFFFAOYSA-N
1571,N#Cc1ccc(N2CCN(Cc3ccc(COc4cccc5c4CN(C4CCC(=O)NC4=O)C5=O)cc3)CC2)c(F)c1,1,1,1,YTINZZFBHWSAGL-UHFFFAOYSA-N
1572,[2H]C([2H])(Cc1c[nH]c2ccccc12)N(C)C,1,1,NaN,DMULVCHRPCFFGV-MGVXTIMCSA-N
1573,CCOc1ccc(CCNC(=O)N2CCN(CCCC(c3ccc(F)cc3)c3ccc(F)cc3)CC2)cc1,1,1,1,NFBNIRNKYJTDIE-UHFFFAOYSA-N
1574,Cc1cnc(N2CCc3ccccc3C2)cc1N,0,0,0,AWSWSDJGJTXACL-UHFFFAOYSA-N
1575,Fc1ccc2c(c1)CC(CC1CN=CN1)C2,0,0,0,HBMJQYDGBNSZMC-UHFFFAOYSA-N
1576,Oc1cccc(N2CCN(Cc3ccccc3)CC2)c1,0,0,0,BISVFNHMXVNVMG-UHFFFAOYSA-N
1577,CN(C)CC1CC2c3cccnc3Cc3ccccc3N2O1,1,NaN,NaN,VPZDYZMLWKUTOB-UHFFFAOYSA-N
1578,NC(N)=NC(=O)c1ccc2c(c1)C(O)c1ccccc1-2,0,0,0,SLYGOZCZHBERQR-UHFFFAOYSA-N
1579,CC1(O)c2ccccc2-c2ccc(C(=O)N=C(N)N)cc21,0,0,0,LQEQARKBTXPYAA-UHFFFAOYSA-N
1580,CC(Nc1nc(N)nc(NCCc2cccs2)n1)c1ccc(F)cc1,0,0,0,CWQTXKTYLNBFFC-UHFFFAOYSA-N
1581,C[C@@H]1CNC[C@H]2Cc3ccc(COCC4CC4)nc3N21,0,0,0,LJRLAJVWAFFRLV-IAQYHMDHSA-N
1582,COc1cccc2c1CCC[C@H]2CN(C)CCc1ccc2ccoc2c1,0,0,0,MHPMXTGKTXJIDI-IBGZPJMESA-N
1583,NC(N)=NC(=O)c1ccc2c(c1)C1(CCCO1)c1ccccc1-2,0,0,0,AWJQWLYQYNSCDJ-UHFFFAOYSA-N
1584,c1ccc(OCCNC[C@@H]2CO[C@H](c3ccccc3)CO2)cc1,0,0,NaN,MBDYMQCXLMADKW-MOPGFXCFSA-N
1585,O=C1C(CNCCOc2ccccc2)CCC1(c1ccccc1)c1ccccc1,0,0,NaN,MHQPBUWHSSMQHF-UHFFFAOYSA-N
1586,c1ccc(OCCNC[C@@H]2COC[C@H](c3ccccc3)O2)cc1,0,0,1,ZUVHIOFWBBSJDZ-RTBURBONSA-N
1587,COc1ccccc1OCCNCC1CCC(c2ccccc2)(c2ccccc2)C1=O,0,0,NaN,QLQDGQGXEOZRKZ-UHFFFAOYSA-N
1588,C[C@H](Nc1nc(N)nc(NCCc2ccccn2)n1)c1ccc(F)cc1,0,0,0,VMCXNZCTQSEQQQ-LBPRGKRZSA-N
1589,O=C(c1ccc(F)c(Cl)c1)N1CCC(F)(CNCCNc2ccccc2)CC1,0,NaN,NaN,BZPOPHHMWUCUHD-UHFFFAOYSA-N
1590,O=C(c1ccc(F)c(Cl)c1)N1CCC(F)(CNCCSc2ccccn2)CC1,0,NaN,NaN,CJIJWFWCMIPCCS-UHFFFAOYSA-N
1591,COc1ccc(N2CCN(CCCCc3c[nH]c4ccc(OC)cc34)CC2)cc1,1,1,1,MOFQVDOYTSRLKU-UHFFFAOYSA-N
1592,O=C(c1ccc(F)c(Cl)c1)N1CCC(F)(CNCCCc2ccccc2)CC1,0,NaN,NaN,MXCJGJFHRSTAIG-UHFFFAOYSA-N
1593,COc1ccc(OCCNCC2COC(c3ccccc3)(c3ccccc3)O2)cc1OC,0,NaN,0,NTHBZKNEJJJYGF-UHFFFAOYSA-N
1594,O=C1CC2(CCCC2)CC(=O)N1CCN1CCN(c2cc(F)ccc2F)CC1,0,1,1,NWSVOKGXCYCZTI-UHFFFAOYSA-N
1595,O=C(c1ccc(F)c(Cl)c1)N1CCC(F)(CNCCOc2ncccn2)CC1,0,NaN,NaN,PBTAWANUDJJHDQ-UHFFFAOYSA-N
1596,O=C(c1ccc(F)c(Cl)c1)N1CCC(F)(CNCCOc2cnccn2)CC1,0,NaN,NaN,PCQQITDIAVWGLB-UHFFFAOYSA-N
1597,COc1cccc(OC)c1OCCNC[C@@H]1CO[C@H](c2ccccc2)CO1,0,0,0,UWNHCVXSZHPSOC-XLIONFOSSA-N
1598,O=C(c1ccc(F)c(Cl)c1)N1CCC(F)(CNCCOc2cccnc2)CC1,0,NaN,NaN,XGRYGIWQWQUCIB-UHFFFAOYSA-N
1599,O=C(c1ccc(F)c(Cl)c1)N1CCC(F)(CNCCOc2ccccc2F)CC1,0,NaN,NaN,FRPYDYUBDGOHLI-UHFFFAOYSA-N
1600,COc1cccc(OC)c1OCCNC[C@@H]1COC[C@@H](c2ccccc2)O1,0,0,0,GEQVVCLGCINCDF-XLIONFOSSA-N
1601,Cc1ccc(CNCC2(F)CCN(C(=O)c3ccc(F)c(Cl)c3)CC2)nc1,0,NaN,NaN,PKZXLMVXBZICTF-UHFFFAOYSA-N
1602,O=C(c1ccc(F)c(Cl)c1)N1CCC(F)(CNCCOc2ccccc2Cl)CC1,0,NaN,NaN,FYASYGQIQFXRDM-UHFFFAOYSA-N
1603,Cc1cnc(OCCNCC2(F)CCN(C(=O)c3ccc(F)c(Cl)c3)CC2)nc1,0,NaN,NaN,BLJZKXJVIGQCID-UHFFFAOYSA-N
1604,O=C(c1cccc(CN2CCN3c4ccccc4OCC3C2)c1)N1CCc2ccccc21,0,0,0,DDOCOMAAXSLYLB-UHFFFAOYSA-N
1605,Cc1cccc(OCCNCC2(F)CCN(C(=O)c3ccc(F)c(Cl)c3)CC2)c1,0,NaN,NaN,JGPDBMBAXJTZAM-UHFFFAOYSA-N
1606,Cc1ccc(OCCNCC2(F)CCN(C(=O)c3ccc(F)c(Cl)c3)CC2)nc1,0,NaN,NaN,LMUCVWASWOAHCM-UHFFFAOYSA-N
1607,O=C(c1ccc(F)c(Cl)c1)N1CCC(F)(CNCCOc2cccc(F)c2)CC1,0,NaN,NaN,NFYQCOMGMFYPLZ-UHFFFAOYSA-N
1608,O=C(c1ccc(F)c(Cl)c1)N1CCC(F)(CNCCOc2ccc(F)cn2)CC1,0,NaN,NaN,PLFNGABQIGYFNB-UHFFFAOYSA-N
1609,O=C(c1ccc(F)c(Cl)c1)N1CCC(F)(CNCCOc2ccc(F)cc2)CC1,0,NaN,NaN,UVGOPVMDNYVNOI-UHFFFAOYSA-N
1610,O=C(c1ccc(F)c(Cl)c1)N1CCC(F)(CNCCOc2ccc(Cl)cn2)CC1,0,NaN,NaN,AGPCTQYHDWRNGN-UHFFFAOYSA-N
1611,COc1cccc(OCCNCC2(F)CCN(C(=O)c3ccc(F)c(Cl)c3)CC2)n1,0,NaN,NaN,CPHQONPXXQJSEU-UHFFFAOYSA-N
1612,O[C@@H]1[C@H](CNCCOc2ccccc2)CCC1(c1ccccc1)c1ccccc1,0,0,0,DNAVFAFMJIQKJV-SQJMNOBHSA-N
1613,O=C(NCCCCN1CCN(c2cccc(Cl)c2Cl)CC1)c1cc2ccccc2[te]1,0,0,0,FCQJWZQRHJCJSA-UHFFFAOYSA-N
1614,O=C(c1ccc(F)c(Cl)c1)N1CCC(F)(CNCCOc2ccc(Cl)cc2)CC1,0,NaN,NaN,HDFGGNSQPFXQRL-UHFFFAOYSA-N
1615,O=C(c1ccc(F)c(Cl)c1)N1CCC(F)(CNCCOc2cccc(Cl)c2)CC1,0,NaN,NaN,NPVINTHTFSBGKQ-UHFFFAOYSA-N
1616,CNc1cccc(OCCNCC2(F)CCN(C(=O)c3ccc(F)c(Cl)c3)CC2)c1,0,NaN,NaN,PHEGDBVVFIATGX-UHFFFAOYSA-N
1617,COc1cccc(OCCNCC2(F)CCN(C(=O)c3ccc(F)c(Cl)c3)CC2)c1,0,NaN,NaN,QLLXKLMQMYRBID-UHFFFAOYSA-N
1618,COc1ccc(OCCNCC2(F)CCN(C(=O)c3ccc(F)c(Cl)c3)CC2)cc1,0,NaN,NaN,RPMCBOIGGLBGEL-UHFFFAOYSA-N
1620,O[C@@H]1[C@@H](CNCCOc2ccccc2)CCC1(c1ccccc1)c1ccccc1,0,NaN,1,DNAVFAFMJIQKJV-PXDATVDWSA-N
1621,COc1ccc(OCCNCC2(F)CCN(C(=O)c3ccc(Cl)c(Cl)c3)CC2)cc1,0,NaN,NaN,GCGYVRDXSGMVJW-UHFFFAOYSA-N
1622,COc1cccc(OCCNCC2(F)CCN(C(=O)c3ccc(Cl)c(Cl)c3)CC2)c1,0,NaN,NaN,NHWLXSUOSUTBMY-UHFFFAOYSA-N
1623,NC(=O)c1ccccc1OCCNCC1(F)CCN(C(=O)c2ccc(F)c(Cl)c2)CC1,0,NaN,NaN,PFQWJWAFVWGWKC-UHFFFAOYSA-N
1624,c1ccc(-c2ccc(OCCNCC3COC(c4ccccc4)(c4ccccc4)O3)cc2)cc1,0,0,0,FBYVWPPEENYVFP-UHFFFAOYSA-N
1625,CN(C)c1cccc(OCCNCC2(F)CCN(C(=O)c3ccc(F)c(Cl)c3)CC2)c1,0,NaN,NaN,UMTUAIYAQNJXDJ-UHFFFAOYSA-N
1626,c1ccc(-c2cccc(OCCNCC3COC(c4ccccc4)(c4ccccc4)O3)c2)cc1,0,0,0,YMKDCAYLGKAORC-UHFFFAOYSA-N
1627,NC(=O)c1cccc(OCCNCC2(F)CCN(C(=O)c3ccc(F)c(Cl)c3)CC2)c1,0,NaN,NaN,OODAUUFBIANTSD-UHFFFAOYSA-N
1628,CCc1c(C(=O)NN2CCCCC2)nn(-c2ccc(Cl)cc2Cl)c1-c1ccc(Br)cc1,0,NaN,NaN,HMXDWDSNPRNUKI-UHFFFAOYSA-N
1629,CC(=O)Nc1cccc(OCCNCC2(F)CCN(C(=O)c3ccc(F)c(Cl)c3)CC2)n1,0,NaN,NaN,YKPPYFOYDVMTKO-UHFFFAOYSA-N
1630,CC(=O)Nc1cccc(OCCNCC2(F)CCN(C(=O)c3ccc(F)c(Cl)c3)CC2)c1,0,NaN,NaN,YNHCYBQECNBQLO-UHFFFAOYSA-N
1631,O=C(c1ccc(F)c(Cl)c1)N1CCC(F)(CNCCOc2cccc(C(F)(F)F)c2)CC1,0,NaN,NaN,BMEHLDKQUOMXTR-UHFFFAOYSA-N
1632,O=C(c1ccc(F)c(Cl)c1)N1CCC(F)(CNCCOc2cc(C(F)(F)F)ccn2)CC1,0,NaN,NaN,JKMPOCIHFLMQKZ-UHFFFAOYSA-N
1633,CC(=O)Nc1cccc(OCCNCC2(F)CCN(C(=O)c3ccc(Cl)c(Cl)c3)CC2)c1,0,NaN,NaN,UCWSDAHSOCIBPK-UHFFFAOYSA-N
1634,O=C(c1ccc(F)c(Cl)c1)N1CCC(F)(CNCCOc2cccc(C(F)(F)F)n2)CC1,0,NaN,NaN,ULCXIFDZAIBRCY-UHFFFAOYSA-N
1635,COc1cc2c(cc1OC)C[C@H](O)[C@@H](NCCC(c1ccccc1)c1ccccc1)C2,0,0,0,ZDDQYDGPVSLKGX-DQEYMECFSA-N
1636,COCCCOc1cc(C(=O)N(C[C@@H]2CNC[C@H]2Cc2ccccc2)C(C)C)ccc1OC,1,1,1,PHCCFIGNVNPMML-RPWUZVMVSA-N
1637,CN(CCCN1CCC2(CC1)OCc1ccccc12)C(=O)C(c1ccc(F)c(F)c1)N1CCCC1=O,1,NaN,NaN,XFNDMVROQNGSOY-UHFFFAOYSA-N
1638,O=[N+]([O-])c1cc(O)c2c(c1)S(=O)(=O)N=C(Nc1ccccc1Oc1ccccc1)N2,1,1,1,YRQLRCRBEYSAIN-UHFFFAOYSA-N
1639,COc1cc2c(cc1OC)C1=NO[C@@H](CN3CCN(C/C=C/c4ccccc4)CC3)[C@@H]1CO2,0,0,0,WZOMJNATDSYQHS-ZPWQMVEJSA-N
1640,COc1cc2c(cc1OC)C1=NO[C@@H](CN3CCN(Cc4ccc5ccccc5c4)CC3)[C@@H]1CO2,0,0,0,XHLHZPFSBCZVEA-HOFKKMOUSA-N
1641,COc1cc2c(cc1OC)C1=NO[C@@H](CN3CCN(C/C=C(\C)c4ccccc4)CC3)[C@@H]1CO2,0,0,0,YMYZKGIHGMHZDL-WDAWEKNVSA-N
1642,Cc1ccc(C2CCN(Cc3ccc(Oc4ccc(F)c(F)c4)cc3)CC2)cc1NC(=O)C(C)C,0,NaN,NaN,ZYUVYNFTIYISBW-UHFFFAOYSA-N
1643,CCOC(=O)Nc1cccc(N2CCN(CCCCNC(=O)c3ccc4ccccc4c3)CC2)c1,0,NaN,NaN,GTNQPSDMJWWWGY-UHFFFAOYSA-N
1644,COC(=O)c1ccc2c(c1)oc(=O)n2C1CCN(CCCCN2C(=O)c3ccccc3S2(=O)=O)CC1,0,0,0,JWKSOUFQGFGEKE-UHFFFAOYSA-N
1645,NCCc1cn(S(=O)(=O)c2c(Cl)nc3sccn23)c2ccccc12,0,0,NaN,RYBOXBBYCVOYNO-UHFFFAOYSA-N
1646,O=C1c2ccccc2C(Cc2ccnc(F)c2)(Cc2ccnc(F)c2)c2ccccc21,0,0,0,MUJBUUDUXGDXLW-UHFFFAOYSA-N
1647,CS(=O)(=O)Nc1cc(OCCN2CC3CCC(C2)C3Cc2ccc3c(c2)NC(=O)CC3)ccc1F,0,0,0,HEKVAXCQMOFXKK-UHFFFAOYSA-N
1648,COc1cc2nc(N3CCN(C(=O)C(C)Oc4c(OC)cccc4C(C)C)CC3)nc(N)c2cc1OC,0,1,NaN,XLJAXHKXAQXROY-UHFFFAOYSA-N
1649,CNc1ccnc(N2CCc3ccccc3C2)c1,0,0,0,BHXPHZOOSSXCHR-UHFFFAOYSA-N
1650,Brc1c(NC2=NCCN2)ccc2c1NCCN2,0,0,0,CETMNKCDAHCKRC-UHFFFAOYSA-N
1651,CS(=O)(=O)Nc1ccc(F)c([C@@H](O)CN)c1,0,0,NaN,XYLJNMCMDOOJRW-VIFPVBQESA-N
1652,CCN(CC)C(=O)[C@@H]1C=C2c3cccc4[nH]cc(c34)C[C@H]2N(C)C1,0,0,NaN,VAYOSLLFUXYJDT-RDTXWAMCSA-N
1653,CN(C)CC1OCc2c1ccc(O)c2O,0,0,0,UIMQDIGDCIXDIY-UHFFFAOYSA-N
1654,Nc1ccnc(N2CCc3ccccc3C2)c1,0,0,0,AZKCYSCBPAJCPT-UHFFFAOYSA-N
1655,N[C@H]1CC[C@@H](c2ccc(Cl)c(Cl)c2)c2ccccc21,0,NaN,NaN,SRPXSILJHWNFMK-ZBEGNZNMSA-N
1656,CNc1ccc2c(c1)[C@H](NCCOc1cc(F)ccc1F)CCS2(=O)=O,0,0,1,SYFDHJWBGXAUQK-MRXNPFEDSA-N
1657,CCS(=O)(=O)c1ccccc1NCC1=NCCN1,0,NaN,0,ZZCOHDYKTIEHEF-UHFFFAOYSA-N
1658,C=CCN(CC=C)CCc1c[nH]c2ccc(F)cc12,0,NaN,NaN,ALTKABGEMCJWJH-UHFFFAOYSA-N
1659,C=CCN(CC=C)CCc1c[nH]c2ccc(C)cc12,0,0,NaN,HTDIOUCPOHFDQH-UHFFFAOYSA-N
1660,CNC(=O)c1cc(C(O)CNC(C)CCc2ccc3c(c2)OCO3)ccc1O,0,0,0,ZUISJROWNZWYHH-UHFFFAOYSA-N
1661,O=C1OC2(CCC(c3nc4ccc(C(F)(F)F)cc4[nH]3)CC2)CN1c1ccccn1,0,NaN,NaN,GUXLIRBXKZUWHG-UHFFFAOYSA-N
1662,O=C1OC2(CCC(c3nc4ccc(OC(F)(F)F)cc4[nH]3)CC2)CN1c1ccccc1,0,NaN,NaN,KDNNOONPIUSODK-UHFFFAOYSA-N
1663,O=C1O[C@]2(CC[C@H](c3nc4cc(C(F)(F)F)ccc4[nH]3)CC2)CN1c1ccccn1,0,NaN,NaN,GUXLIRBXKZUWHG-UWELNFAVSA-N
1664,O=C1O[C@]2(CC[C@H](c3nc4cc(OC(F)(F)F)ccc4[nH]3)CC2)CN1c1ccccc1,0,NaN,NaN,KDNNOONPIUSODK-HNSKJHPRSA-N
1665,C[S+]([O-])c1ccccc1NCC1=NCCN1,0,NaN,0,ISEQCXURNCTUCR-UHFFFAOYSA-N
1666,CC(C)Oc1ccccc1N1CCN(Cc2nc(CN3CCCC3=O)co2)CC1,0,0,0,OMSACAZYELQJHO-UHFFFAOYSA-N
1667,c1ccc2c(Nc3ccncc3)cncc2c1,0,NaN,NaN,FLAHEXULHVZYHT-UHFFFAOYSA-N
1668,CC[C@@H]1CN2CCc3c([nH]c4cccc(OC)c34)[C@@H]2C[C@@H]1/C(=C\OC)C(=O)OC,0,0,0,LELBFTMXCIIKKX-QVRQZEMUSA-N
1669,CCNC(=O)c1cc(C(O)CNC(C)CCc2ccc3c(c2)OCO3)ccc1O,0,0,0,YACSDLMXVJCBGL-UHFFFAOYSA-N
1670,COc1cc(-c2cn([C@H]3CCc4ccccc4N(CC(F)(F)F)C3=O)nn2)ccc1-n1ccc(C)n1,0,0,NaN,LMWVEVSLAFDIRE-QFIPXVFZSA-N
1671,CN1CCN(C(=O)C(C)(C)c2ccc(C(=O)Nc3cn4cc(-c5cc(C(C)(C)C)cc(C(C)(C)C)c5)ccc4n3)cc2)CC1,0,0,0,BNTGVINQADRYBE-UHFFFAOYSA-N
1672,CC(C)NC(=O)c1cc(C(O)CNC(C)CCc2ccc3c(c2)OCO3)ccc1O,0,0,0,SJJYEXTXIRCXTN-UHFFFAOYSA-N
1673,Cc1c(NC2=NCCN2)ccc2nccnc12,0,0,NaN,QZUXRMOPAGPTIY-UHFFFAOYSA-N
1674,CN1CCc2cc(Br)c(O)cc2C(c2ccccc2)C1,0,NaN,NaN,XFTVOHWWEQGXLS-UHFFFAOYSA-N
1675,NCC(O)c1cc(O)c(O)cc1F,0,NaN,NaN,SBUQBFTXTZSRMH-UHFFFAOYSA-N
1676,COc1ccc(NC2=NCCN2)c(C)c1OC,0,0,0,FAFGGANFZMERDR-UHFFFAOYSA-N
1677,O=C1c2ccccc2S(=O)(=O)N1CCCCN1CCN(c2cccc(C(F)(F)F)c2)CC1,0,0,0,BFNRVMJMTPNWFK-UHFFFAOYSA-N
1678,OCc1cc(CN2CCN(c3ccccc3Oc3ccccc3)CC2)on1,0,0,0,NHBSUQDVNVOGGK-UHFFFAOYSA-N
1679,O=C(NCCCCN1CCN(c2cccc(O)c2)CC1)c1ccc2ccccc2c1,0,NaN,NaN,UYSUVIPTEFGQSA-UHFFFAOYSA-N
1680,O=S(=O)(NC1CCN(CCOc2ccccc2C2CCCC2)CC1)c1cccc(F)c1,0,0,0,RSWWPJYGMGBREQ-UHFFFAOYSA-N
1681,CN1CCN(c2ccc(Nc3c4ccccc4nc4ccccc34)cc2)CC1,0,0,0,QZKGUNQLVFEEBA-UHFFFAOYSA-N
1682,CC[C@H]1c2ccccc2N(c2ccccc2)C[C@@]1(C)N,0,0,NaN,WJDLKMWEXVEBMK-FUHWJXTLSA-N
1683,COc1cccc(Cc2nn(C[C@H]3CCCN3C)c(=O)c3ccccc23)c1,0,0,NaN,JWDZDXFXHWMSGR-QGZVFWFLSA-N
1684,Cc1cccc(N2CC3(CCC(c4nc5ccc(OC(F)(F)F)cc5[nH]4)CC3)OC2=O)n1,0,NaN,NaN,LAPTUSDQWPEELF-UHFFFAOYSA-N
1685,CN(CCCCc1ccc(OCCCN2CCCCCC2)cc1)CCn1nc(Cc2ccc(Cl)cc2)c2ccccc2c1=O,0,0,NaN,QQERDUJEEYWVED-UHFFFAOYSA-N
1686,Cc1cccc(N2C[C@]3(CC[C@@H](c4nc5cc(OC(F)(F)F)ccc5[nH]4)CC3)OC2=O)n1,0,NaN,NaN,LAPTUSDQWPEELF-HNSKJHPRSA-N
1687,COc1ccc(S(C)(=O)=O)c(NCC2=NCCN2)c1,0,0,0,WURKOHONKFWQNR-UHFFFAOYSA-N
1688,CCCCCNC(=N)N/N=C/c1c[nH]c2ccc(OC)cc12,0,0,0,IKBKZGMPCYNSLU-RGVLZGJSSA-N
1689,C=CCN(CC=C)CCc1c[nH]c2ccccc12,0,0,NaN,LQEATNFJCMVKAC-UHFFFAOYSA-N
1690,CS(=O)(=O)Nc1ccc2c(c1)OC1(CCN(CCc3ccccn3)CC1)CC2=O,0,0,0,SPDFHNLNFIMTBW-UHFFFAOYSA-N
1691,COc1cc2nc3c(c(N)c2cc1OC)CCC(CNCOc1c(OC)cccc1OC)C3,0,NaN,NaN,ZKSFHGKLWAUISW-UHFFFAOYSA-N
1692,COc1ccccc1N1CCN(CCN2C(=O)CC(c3ccc(Cl)cc3)CC2=O)CC1,0,NaN,NaN,MMECQTDYKMGZFE-UHFFFAOYSA-N
1693,COc1cc2nc3c(c(O)c2cc1OC)CCC(CNCCOc1c(OC)cccc1OC)C3,0,NaN,NaN,VPMYQPYOAXNVFL-UHFFFAOYSA-N
1694,Nc1cc(CO)nc(N2CCc3ccccc3C2)c1,0,0,0,BCHRZZNYEZLETK-UHFFFAOYSA-N
1695,NCCCCCCn1cc(CCCCN2CCC(c3ccc(-c4cc(C(=O)O)cc5cc(-c6ccc(C(F)(F)F)cc6)ccc45)cc3)CC2)nn1,0,0,0,UFIMBHYPDHTMKA-UHFFFAOYSA-N
1696,CS(=O)(=O)c1ccc(Cl)cc1CNCCOc1cc(F)ccc1Cl,0,0,1,VZJAMRDAQYOFKV-UHFFFAOYSA-N
1697,O=C1c2ccccc2C(Cc2c(F)cncc2F)(Cc2c(F)cncc2F)c2ccccc21,0,0,0,MUMHZFHRQBJIKQ-UHFFFAOYSA-N
1698,COc1ccc(N2CC=C(c3ccc(Cl)c(Cl)c3)C2=O)cc1OCCN1CCCCC1,0,0,0,WRBLMUFLYRGRPQ-UHFFFAOYSA-N
1699,NC[C@@H]1O[C@H](c2ccccc2)Cc2c1ccc(Br)c2O,0,0,0,SIPQEKQXLUBVAY-GJZGRUSLSA-N
1700,CCCCN1CCC(COC(=O)c2cc(Cl)c(N)c3c2OCCO3)CC1,0,NaN,NaN,AOOSJYIINXVNHV-UHFFFAOYSA-N
1701,COC(=O)c1cc(C(O)CNC(C)CCc2ccc3c(c2)OCO3)ccc1O,0,0,0,YJEDQPSGANOHKM-UHFFFAOYSA-N
1702,OC(c1ccccc1)C1CCN(CCc2ccccc2)CC1,0,NaN,NaN,AXNGJCOYCMDPQG-UHFFFAOYSA-N
1703,CC(CF)NCC(O)COc1cccc2[nH]c3ccccc3c12,0,NaN,NaN,QHLGXPUIUKSADT-UHFFFAOYSA-N
1704,COc1cc2nc3c(c(N)c2cc1OC)CCC(CNC(=O)c1ccoc1)C3,0,NaN,NaN,URFTYZWWYGFIIW-UHFFFAOYSA-N
1705,CNCC1OCc2c1ccc(O)c2O,0,0,0,BUFNZFOZGNITQB-UHFFFAOYSA-N
1706,CCCN(CCC)CCc1ccc(O)c(O)c1,0,0,0,LMYSNFBROWBKMB-UHFFFAOYSA-N
1707,CN1CCC[C@@H]1Cn1nc(CC2CCCCC2)c2ccccc2c1=O,0,0,NaN,IGZMIXBCHNOMPG-QGZVFWFLSA-N
1708,COc1ccc(Cc2nn(C[C@H]3CCCN3C)c(=O)c3ccccc23)cc1OC,0,0,NaN,YVEQOJSJKIAGFC-QGZVFWFLSA-N
1709,CN1CCC[C@@H]1Cn1nc(Cc2ccc(C(=O)O)cc2)c2ccccc2c1=O,0,0,NaN,AIQKTJZHRRQKTE-QGZVFWFLSA-N
1710,CN1CCC[C@@H]1Cn1nc(Cc2ccc(C(C)(C)C)cc2)c2ccccc2c1=O,0,0,NaN,DXZJJDOMGLPHDI-HXUWFJFHSA-N
1711,COC(=O)c1ccc(Cc2nn(C[C@H]3CCCN3C)c(=O)c3ccccc23)cc1,0,0,NaN,SHXAAVWRLZPGKQ-GOSISDBHSA-N
1712,O=C1OC2(CCC(c3nc4ccc(C(F)(F)F)cc4[nH]3)CC2)CN1c1ccccc1,0,NaN,NaN,PCHSBHFUNRPEPB-UHFFFAOYSA-N
1713,O=C1OC2(CCC(c3nc4ccc(OC(F)(F)F)cc4[nH]3)CC2)CN1c1ccccn1,0,NaN,NaN,HLMMAUXFZLRZEP-UHFFFAOYSA-N
1714,O=C1O[C@]2(CC[C@H](c3nc4cc(C(F)(F)F)ccc4[nH]3)CC2)CN1c1ccccc1,0,NaN,NaN,PCHSBHFUNRPEPB-HNSKJHPRSA-N
1715,O=C1O[C@]2(CC[C@H](c3nc4cc(OC(F)(F)F)ccc4[nH]3)CC2)CN1c1ccccn1,0,NaN,NaN,HLMMAUXFZLRZEP-UWELNFAVSA-N
1716,COc1ccccc1N1CCN(CCC(Oc2ccc(C(=O)Nc3ccccc3OCCCC(=O)O)cc2)c2ccc(CC(C)C)cc2)CC1,0,0,0,LDECKVLKZQDZPJ-UHFFFAOYSA-N
1717,CNCC1CCc2c1ccc(O)c2O,0,0,0,YOQZSZXAEUVQAT-UHFFFAOYSA-N
1718,CS(=O)(=O)Nc1ccc2c(c1)C(=O)CC1(CCN(CCc3ccccn3)CC1)O2,0,0,0,XKYLWRMBNQDHDM-UHFFFAOYSA-N
1719,CN1C(=O)C(N2CCN(Cc3ccc(Cl)cc3)CC2)Cc2ccccc21,0,0,0,UFFVYLYYQFBQCZ-UHFFFAOYSA-N
1720,c1ccc2c(c1)CCCC2NC1=NCCCO1,0,0,NaN,LAMFPOWZDAOQTK-UHFFFAOYSA-N
1721,Cc1c(Nc2ncc[nH]2)ccc2c1OCCO2,0,0,0,NDFYRGCPDAFQDG-UHFFFAOYSA-N
1722,COc1ccc(N2CCN(CCCOc3c(C)cc(C)cc3C)CC2)cc1,0,NaN,NaN,MGOVFKYGYIQOQX-UHFFFAOYSA-N
1723,Brc1ccc2c(-c3c[nH]c(-c4c[nH]c5cc(Br)ccc45)n3)c[nH]c2c1,0,NaN,NaN,BIGUXWQKCPFOAH-UHFFFAOYSA-N
1724,COc1ccccc1N1CCC2(CCN(CCCSc3nnc(-c4ccccc4)n3C)CC2)CC1,0,0,NaN,KVHHUZUNLIGTBY-UHFFFAOYSA-N
1725,CCCS(=O)(=O)c1ccccc1NCC1=NCCN1,0,NaN,0,DURATMICCIEKQS-UHFFFAOYSA-N
1726,Clc1ccc(N2CCN(Cc3c[nH]c4ncccc34)CC2)cc1,0,0,NaN,OGJGQVFWEPNYSB-UHFFFAOYSA-N
1727,NCC1CCc2c1ccc(O)c2O,0,0,0,MSELERFZQGXIMH-UHFFFAOYSA-N
1728,c1ccc(CCN[C@H]2C3C4CC5C6C4CC3C6C52)nc1,0,0,NaN,DUZKXKAAUHDBQA-CAUKCHDASA-N
1729,OCCNc1ccnc(N2CCc3ccccc3C2)c1,0,0,0,BWIGAKMTCNFCFE-UHFFFAOYSA-N
1730,CC(C)Oc1ccccc1N1CCN(Cc2nc(CN3CCCCC3=O)co2)CC1,0,0,0,XPNNGWDHSSEEOO-UHFFFAOYSA-N
1731,CCOC(=O)C1=C(COCCN)N=C(C)C(C(=O)OC)C1c1ccccc1Cl,0,NaN,0,YMDXSGBNCBQYGC-UHFFFAOYSA-N
1732,CNCC[C@@H](Oc1ccc(C(F)(F)F)cc1)c1ccccc1,0,NaN,NaN,RTHCYVBBDHJXIQ-MRXNPFEDSA-N
1733,CCCN1CCN(c2ccc3c(c2)C(N(C)C(=O)OCc2ccccc2)CCC3)CC1,0,0,0,PBFDUYRSNDQIDN-UHFFFAOYSA-N
1734,CN1CCc2c(c3cccc4c3n2-c2ccccc2CC4)C1,0,0,NaN,DVSMVUMYJDOPJQ-UHFFFAOYSA-N
1735,c1cc2c(cc1NC1=NCCN1)OCCO2,0,0,0,CARQBUHFBAORAB-UHFFFAOYSA-N
1736,Oc1ccc(CC(O)CN2CCC(O)(Cc3ccc(Br)cc3)CC2)cc1,0,0,0,LOQMCKKNAOVTIT-UHFFFAOYSA-N
1737,Cc1ccccc1NC1=NCCN1,0,0,0,WLQWOUULTDRZTQ-UHFFFAOYSA-N
1738,N=C(CC(O)COc1ccccc1-c1ccccc1)N1CCCCC1,0,NaN,NaN,HSVZQQYIMKLNLN-UHFFFAOYSA-N
1739,N#Cc1ccc2nc(C3CCC4(CC3)CN(c3ccccn3)C(=O)O4)[nH]c2c1,0,NaN,NaN,IKTHKTKJDNSGAQ-UHFFFAOYSA-N
1740,N#Cc1ccc2nc(C3CCC4(CC3)CN(c3ccccc3)C(=O)O4)[nH]c2c1,0,NaN,NaN,VJDPCRVAZYFIDE-UHFFFAOYSA-N
1741,N#Cc1ccc2nc(C3CCC4(CC3)CN(c3ccc(F)cc3)C(=O)O4)[nH]c2c1,0,NaN,NaN,UXCIUAMOIHCLOR-UHFFFAOYSA-N
1742,O=C1OC2(CCC(c3nc4ccc(OC(F)(F)F)cc4[nH]3)CC2)CN1c1cccnc1,0,NaN,NaN,VKKRSBRUGQJKFS-UHFFFAOYSA-N
1743,Cc1ncccc1N1CC2(CCC(c3nc4ccc(OC(F)(F)F)cc4[nH]3)CC2)OC1=O,0,NaN,NaN,BXUWIRFXQNUOEB-UHFFFAOYSA-N
1744,N#Cc1ccc2[nH]c([C@H]3CC[C@]4(CC3)CN(c3ccccn3)C(=O)O4)nc2c1,0,NaN,NaN,IKTHKTKJDNSGAQ-WEHONNDLSA-N
1745,N#Cc1ccc2[nH]c([C@H]3CC[C@]4(CC3)CN(c3ccccc3)C(=O)O4)nc2c1,0,NaN,NaN,VJDPCRVAZYFIDE-CIEDQVTBSA-N
1746,N#Cc1ccc2[nH]c([C@H]3CC[C@]4(CC3)CN(c3ccc(F)cc3)C(=O)O4)nc2c1,0,NaN,NaN,UXCIUAMOIHCLOR-VVONHTQRSA-N
1747,O=C1O[C@]2(CC[C@H](c3nc4cc(OC(F)(F)F)ccc4[nH]3)CC2)CN1c1cccnc1,0,NaN,NaN,VKKRSBRUGQJKFS-UWELNFAVSA-N
1748,Cc1ncccc1N1C[C@]2(CC[C@@H](c3nc4cc(OC(F)(F)F)ccc4[nH]3)CC2)OC1=O,0,NaN,NaN,BXUWIRFXQNUOEB-HNSKJHPRSA-N
1749,CCOC(=O)C1CCN(CCCNC(=O)C2=C(C)NC(C)=C(C(=O)NC)C2c2ccc([N+](=O)[O-])cc2)CC1,0,0,NaN,KDLIJZLPUSNICY-UHFFFAOYSA-N
1750,CCOC(=O)C1CCN(CCCNC(=O)C2=C(C)N=C(C)C(C(=O)NC)C2c2ccc([N+](=O)[O-])cc2)CC1,0,NaN,NaN,XZUMKPXXORJZDG-UHFFFAOYSA-N
1751,COC(=O)[C@H]1[C@H]2C[C@H]3c4[nH]c5ccccc5c4CCN3C[C@H]2CC[C@@H]1O,0,0,NaN,BLGXFZZNTVWLAY-DIRVCLHFSA-N
1752,Cc1cc(=O)oc2c(Cl)c(OCCCCN3CCC(c4noc5cc(F)ccc45)CC3)ccc12,0,NaN,NaN,QBXXUIOGPPBTJN-UHFFFAOYSA-N
1753,COc1cc2nc3c(c(O)c2cc1OC)CCC(CNC(=O)c1ccco1)C3,0,NaN,0,OOWAZNPOGJVTHK-UHFFFAOYSA-N
1754,CC(C)(C)c1ccc(CC2=NCCN2)cc1,0,0,0,MKJFTLHXEJLBOC-UHFFFAOYSA-N
1755,C=CC(=O)Nc1ccc2[nH]c(=O)n(C3CCN(Cc4ccc(-c5nc6cc[nH]c(=O)c6cc5-c5ccccc5)cc4)CC3)c2c1,0,0,NaN,HXBRBOYWXDLHDC-UHFFFAOYSA-N
1756,O=C1CC2(CCCC2)CC(=O)N1CCN1CCN(c2ccccc2)CC1,0,NaN,NaN,UWNYSEQNXHRAOC-UHFFFAOYSA-N
1757,CC(C)S(=O)(=O)c1ccccc1NCC1=NCCN1,0,0,0,XDUYFOWMTMCCEI-UHFFFAOYSA-N
1758,N=c1c(C(N)=O)cc(Cl)cn1Cc1ccccc1,0,0,1,QAAPGSLXWSJEEX-UHFFFAOYSA-N
1759,C[C@@H](c1cccc(CN)c1)n1cc(Cl)cc(C(N)=O)c1=N,0,0,1,PGQAXHXNUSWIGX-VIFPVBQESA-N
1760,COC(=O)c1cc(C(O)CNC(C)CCc2ccc3c(c2)OCO3)ccc1OC,0,0,0,PVRHUQYRYRENEG-UHFFFAOYSA-N
1761,C1CCCC(NC2=NCCO2)CC1,0,0,NaN,DAIRUBYTBODIKT-UHFFFAOYSA-N
1762,FC(F)(F)c1cc(Oc2nccc3ccsc23)ccc1-c1cccc2nccn12,0,0,NaN,BWXKKFQODXKNLQ-UHFFFAOYSA-N
1763,C[C@@H]1C[C@@H](C)N1C(=O)C1C=C2c3cccc4[nH]cc(c34)C[C@H]2N(C)C1,0,0,NaN,DUKNIHFTDAXJON-LXGTXKHPSA-N
1764,COc1cccc2c1CCOC2C1=NCCN1,0,NaN,0,GHIKYGQWBRHEGU-UHFFFAOYSA-N
1765,COc1cccc(-c2ccc3c(c2)CCN(Cc2ccccc2)C3)c1,0,0,0,BDECJFBHDUVJRU-UHFFFAOYSA-N
1766,CC(=O)N1CCC(c2ccc(-c3cc(C(=O)O)cc4cc(-c5ccc(C(F)(F)F)cc5)ccc34)cc2)CC1,0,NaN,NaN,AFRXCTUPOJKNDG-UHFFFAOYSA-N
1768,Cc1cnc(N2CCc3ccccc3C2)cc1NCCO,0,0,0,CLOBRFOJYSYUJF-UHFFFAOYSA-N
1769,COc1cc(CC(C)N)c(OC)cc1C,0,0,NaN,NTJQREUGJKIARY-UHFFFAOYSA-N
1770,O=C1CC(c2ccccc2)CC(=O)N1CCN1CCN(c2ccccc2Cl)CC1,0,0,NaN,BNIMVTLJBJEXOC-UHFFFAOYSA-N
1771,CC(=O)Nc1ccc(OCCCN2CCC(c3noc4cc(F)ccc34)CC2)cc1,0,0,0,TVTNBOZUNDIPJR-UHFFFAOYSA-N
1772,CN1CCc2c(Cl)ccc3oc(Br)c(c23)C1,0,NaN,1,NYGANYRUZQPPGP-UHFFFAOYSA-N
1773,Cc1cc(NCCO)cc(N2CCc3ccccc3C2)n1,0,0,0,MLZJNABNOIALND-UHFFFAOYSA-N
1774,CS(=O)(=O)Nc1cccc(OCCN2CC3CCC(C2)C3Cc2ccc3c(c2)NC(=O)CC3)c1,0,0,0,YOOMBGFSQWGFNO-UHFFFAOYSA-N
1775,CNC(=O)c1cc(C(O)CN2CCN(c3ccc(OC)cc3)CC2)ccc1O,0,0,0,MRDLOHXKKOGJSY-UHFFFAOYSA-N
1776,COc1ccccc1N1CCN(CCN2C(=O)CC3(CCc4ccccc43)CC2=O)CC1,0,0,NaN,RTQLJFPZJBGGOG-UHFFFAOYSA-N
1777,Cc1cc(Oc2nccc3occc23)ccc1-c1c(C)ncc2nccn12,0,0,NaN,HWAIAGZSWHOLLK-UHFFFAOYSA-N
1778,CC(C)Oc1ccccc1N1CCN(Cc2nc(CN3CCCCCC3=O)co2)CC1,0,0,0,LNUAEDPBKADXTB-UHFFFAOYSA-N
1779,COc1ccccc1N1CCN(CCN2C(=O)CC(c3ccccc3)CC2=O)CC1,0,0,0,LBMXVPSFRAYJDL-UHFFFAOYSA-N
1780,CC(CCc1ccc2c(c1)OCO2)NCC(O)c1ccc(O)c(C(=O)N(C)C)c1,0,0,0,VGHUGWWPTIFURX-UHFFFAOYSA-N
1781,O=C(OCc1ccccc1)N1CCc2ccc(N3CCN(C4CCCC4)CC3)cc2C1,0,0,0,UQSVESYMRYILGP-UHFFFAOYSA-N
1782,CNC(=O)C1C(C)=NC(C)=C(C(=O)NCCCN2CCC(CN(C)C)(c3ccccc3)CC2)C1c1ccc([N+](=O)[O-])cc1,0,NaN,NaN,FLMNWZVJMDRXAF-UHFFFAOYSA-N
1783,CNC(=O)C1=C(C)NC(C)=C(C(=O)NCCCN2CCC(CN(C)C)(c3ccccc3)CC2)C1c1ccc([N+](=O)[O-])cc1,0,0,NaN,ZHIOWBPYEDMEAK-UHFFFAOYSA-N
1784,CNCCC(Oc1ccccc1C)c1ccccc1,0,NaN,NaN,VHGCDTVCOLNTBX-UHFFFAOYSA-N
1785,O=C1CC2(CCCC2)CC(=O)N1CCN1CCN(c2ccc(F)cc2F)CC1,0,0,1,NQYDFNJSOIGZSU-UHFFFAOYSA-N
1786,NCC[C@H](Oc1ccc(C(F)(F)F)cc1)c1ccccc1,0,NaN,NaN,WIQRCHMSJFFONW-HNNXBMFYSA-N
1787,O[C@H]1CCC2CN3CCc4cc5c(cc4[C@@H]3C[C@@H]2C1)OCO5,0,0,0,UEZSUAXJWCMWEK-YIGWGJNQSA-N
1788,O=C1CC2(CCCC2)CC(=O)N1CCN1CCN(c2ccc(F)c(F)c2)CC1,0,0,1,RZWIBVNDYKVOQZ-UHFFFAOYSA-N
1789,COc1c(C(C)(C)C)cc(C)c(Nc2ncc[nH]2)c1C,0,0,0,AZADEQYOIWOMER-UHFFFAOYSA-N
1790,O=c1[nH]c2c(sc3ccccc32)c(=O)n1CCN1CCN(c2ccc(Cl)c(Cl)c2)CC1,0,0,NaN,CLMAYMICDQACRV-UHFFFAOYSA-N
1791,CC1=NC(C)=C(C(=O)NCCCN2CCCCC2)C(c2ccc([N+](=O)[O-])cc2)C1C(N)=O,0,NaN,NaN,WCRVPBFEPZVSRH-UHFFFAOYSA-N
1792,CC1=C(C(N)=O)C(c2ccc([N+](=O)[O-])cc2)C(C(=O)NCCCN2CCCCC2)=C(C)N1,0,0,NaN,QWRDGJNWAMEFDT-UHFFFAOYSA-N
1793,O=C1CC2(CCCC2)CC(=O)N1CCN1CCN(c2cc(F)c(F)cc2F)CC1,0,NaN,1,AUQZROKGNYIFMG-UHFFFAOYSA-N
1794,Oc1ccc(CC(O)CN2CCC(O)(Cc3ccccc3)CC2)cc1,0,0,0,QBGJXSOFTRVLIT-UHFFFAOYSA-N
1795,O=C(c1nc(-c2c[nH]c3ccccc23)c[nH]1)c1c[nH]c2cc(O)ccc12,0,0,NaN,TVPNFKRGOFJQOO-UHFFFAOYSA-N
1796,CC(C)(CCc1ccc2c(c1)OCO2)NCC(O)c1ccc(O)c(C(N)=O)c1,0,0,0,HRQHLBYFQNPMAQ-UHFFFAOYSA-N
1797,c1cc2c(cc1NC1=NCCN1)NCCN2,0,0,0,RWDJYHMGMOOTRK-UHFFFAOYSA-N
1798,Clc1c(NC2=NCCN2)ccc2nccnc12,0,0,0,VJQWCCBDYLTRPZ-UHFFFAOYSA-N
1799,Oc1cccc(OCCNCc2ccccc2)c1,0,0,0,VBTFJGYCISLKEQ-UHFFFAOYSA-N
1800,Oc1ccc(CC(O)CN2CCC(O)(Cc3ccc(Cl)cc3)CC2)cc1,0,0,0,CQFDLBOEYHMIAO-UHFFFAOYSA-N
1801,NCC(O)c1ccc(O)c(O)c1,0,NaN,0,SFLSHLFXELFNJZ-UHFFFAOYSA-N
1802,Cc1ccc(CC2(O)CCN(CC(O)Cc3ccc(O)cc3)CC2)cc1,0,0,0,MAQRRFANFOCRSD-UHFFFAOYSA-N
1803,Clc1cccc(Cl)c1Nc1ncc[nH]1,0,0,0,JMIQFISPBOHMQG-UHFFFAOYSA-N
1804,c1ccc(CCN[C@H]2C3C4CC5C6C4CC3C6C52)cc1,0,NaN,NaN,KBAKPEFQDPCCTP-RAOGCBAWSA-N
1805,CC(CCc1ccc2c(c1)OCO2)NCC(O)c1ccc(O)c(C(=O)O)c1,0,0,0,BQQSUMYMDNUMIW-UHFFFAOYSA-N
1806,COc1ccccc1N1CCN(CCC(Oc2ccc(NC(=O)c3ccccc3OCCCC(=O)O)cc2)c2ccc(CC(C)C)cc2)CC1,0,0,0,UGTTXMJFJCQFGL-UHFFFAOYSA-N
1807,COc1ccc(Nc2ncc[nH]2)c(C)c1OC,0,0,0,AMBHHYSUKMHFDB-UHFFFAOYSA-N
1808,CN1CCc2c(sc3ncn(CCN4CCN(c5ncnc6ccccc56)CC4)c(=O)c23)C1,0,0,0,BNIIEOMYFXARQU-UHFFFAOYSA-N
1809,CN(C)CC1CCc2c1ccc(O)c2O,0,0,0,AYTFWINRWVAOKT-UHFFFAOYSA-N
1810,O=C1CC(c2ccc(Cl)cc2)CC(=O)N1CCN1CCN(c2ccccc2Cl)CC1,0,0,0,OCLXFGLODKGRRE-UHFFFAOYSA-N
1811,FC(F)(F)c1cc(Oc2nccc3occc23)ccc1-c1cccc2nccn12,0,0,NaN,ZKXUDWLJTFYOAN-UHFFFAOYSA-N
1812,C[C@H](CN1CCN(c2cc(F)c(F)cc2F)CC1)N1C(=O)CC2(CCCC2)CC1=O,0,NaN,1,WCWNYVYNQAPOOX-OAHLLOKOSA-N
1813,COc1ccc(C(O)CNC(C)CCc2ccc3c(c2)OCO3)cc1C(N)=O,0,0,0,XYORPFAZUCCVPS-UHFFFAOYSA-N
1814,Cc1ccc(CC2(O)CCN(C[C@H](O)Cc3ccc(O)cc3)CC2)cc1,0,NaN,NaN,MAQRRFANFOCRSD-OAQYLSRUSA-N
1815,Cc1ccc(CC2(O)CCN(C[C@@H](O)Cc3ccc(O)cc3)CC2)cc1,0,NaN,NaN,MAQRRFANFOCRSD-NRFANRHFSA-N
1816,CCCN(CCC)CC1CCc2c1ccc(O)c2O,0,0,0,VFMWRAMNGHDSBN-UHFFFAOYSA-N
1817,NC(=O)c1cc(C(O)CN2CCN(Cc3ccccc3)CC2)ccc1O,0,0,0,AJOIFXUOERGNLU-UHFFFAOYSA-N
1818,C1COC(NC(C2CC2)C2CC2)=N1,0,0,NaN,CQXADFVORZEARL-UHFFFAOYSA-N
1819,COc1ccc(Nc2ncc[nH]2)c(C)c1,0,0,0,BEAKKNUWBXQLLR-UHFFFAOYSA-N
1820,Cc1c(NC2=NCCN2)ccc2c1NCCN2,0,0,0,PGOVKWAJCVAZNG-UHFFFAOYSA-N
1821,Cc1ncc2nccn2c1-c1ccc(Oc2nccc3occc23)cc1C(F)(F)F,0,0,NaN,GEPUWJGKAOGNRH-UHFFFAOYSA-N
1822,NCC1OCc2c1ccc(O)c2O,0,0,0,WKBXDYPKIPBECR-UHFFFAOYSA-N
1823,C[C@@H]1CCCN1CCCOc1ccc(-c2ccc(=O)[nH]n2)cc1,0,NaN,NaN,XUKROCVZGZNGSI-CQSZACIVSA-N
1824,N[C@H]1CCSC1=O,0,NaN,NaN,KIWQWJKWBHZMDT-VKHMYHEASA-N
1825,N[C@@H]1CCSC1=O,0,NaN,NaN,KIWQWJKWBHZMDT-GSVOUGTGSA-N
1826,NC(CS(=O)O)C(=O)O,0,NaN,NaN,ADVPTQAUNPRNPO-UHFFFAOYSA-N
1827,N[C@@H](CS)C(=O)O,0,NaN,NaN,XUJNEKJLAYXESH-REOHCLBHSA-N
1828,N[C@@H](CCS)C(=O)O,0,NaN,NaN,FFFHZYDWPBMWHY-VKHMYHEASA-N
1829,CSCC[C@@H](N)C(=O)O,0,NaN,NaN,FFEARJCKVFRZRR-SCSAIBSYSA-N
1830,CCCNC1CCc2nc(N)sc2C1,0,NaN,0,FASDKYOPVNHBLU-UHFFFAOYSA-N
1831,CCN(C)C1CCCc2ccncc21,0,0,0,GPCVUHGDQJVKPL-UHFFFAOYSA-N
1832,NC1=NCc2cc(Cl)ccc2N1,0,0,0,XXJMPUMRHCNWPW-UHFFFAOYSA-N
1833,C=CCN1CCc2nc(N)sc2CC1,0,NaN,0,DHSSDEDRBUKTQY-UHFFFAOYSA-N
1834,CC(N)Cc1ccc2c(c1)OCO2,0,0,NaN,NGBBVGZWCFBOGO-UHFFFAOYSA-N
1835,COc1cc(CCN)cc(OC)c1OC,0,0,NaN,RHCSKNNOAZULRK-UHFFFAOYSA-N
1836,CCc1cc(OC)c(CCN)cc1OC,0,0,NaN,VDRGNAMREYBIHA-UHFFFAOYSA-N
1837,COc1cc(CCN)c(OC)cc1Br,0,0,NaN,YMHOBZXQZVXHBM-UHFFFAOYSA-N
1838,CCSc1cc(OC)c(CCN)cc1OC,0,0,NaN,HCWQGDLBIKOJPM-UHFFFAOYSA-N
1839,N[C@H](CCS(=O)O)C(=O)O,0,NaN,NaN,PDNJLMZEGXHSCU-GSVOUGTGSA-N
1840,CC(N)Cc1c[nH]c2ccccc12,0,0,0,QSQQQURBVYWZKJ-UHFFFAOYSA-N
1841,CNC(C)Cc1ccc2c(c1)OCO2,0,0,NaN,SHXWCVYOXRDMCX-UHFFFAOYSA-N
1842,COc1cc(CC(C)N)c(OC)cc1I,0,0,NaN,BGMZUEKZENQUJY-UHFFFAOYSA-N
1843,N[C@@H](CCS(=O)O)C(=O)O,0,NaN,NaN,PDNJLMZEGXHSCU-VKHMYHEASA-N
1844,COc1cc(CC(C)N)c(OC)cc1Br,0,0,NaN,FXMWUTGUCAKGQL-UHFFFAOYSA-N
1845,CCc1cc(OC)c(CC(C)N)cc1OC,0,0,NaN,HXJKWPGVENNMCC-UHFFFAOYSA-N
1846,NC(CSSCC(N)C(=O)O)C(=O)O,0,NaN,NaN,LEVWYRKDKASIDU-UHFFFAOYSA-N
1847,COc1cc(OC)c(OC)cc1CC(C)N,0,0,NaN,TVSIMAWGATVNGK-UHFFFAOYSA-N
1848,COc1cc(CC(C)N)cc(OC)c1OC,0,0,NaN,WGTASENVNYJZBK-UHFFFAOYSA-N
1849,CCOc1cc(OC)c(CC(C)N)cc1OC,0,0,NaN,ITZLAXJQDMGDEO-UHFFFAOYSA-N
1850,CCSc1cc(OC)c(CC(C)N)cc1OC,0,0,NaN,MCYCODJKXUJSAT-UHFFFAOYSA-N
1851,CN=C(NC)Nc1ccc2nccnc2c1Br,0,0,0,MZLQKXKPXXZRGY-UHFFFAOYSA-N
1852,N[C@H](CS(=O)(=O)O)C(=O)O,0,NaN,NaN,XVOYSCVBGLVSOL-UWTATZPHSA-N
1853,CN(C)CCN(Cc1cccs1)c1ccccn1,0,NaN,0,HNJJXZKZRAWDPF-UHFFFAOYSA-N
1854,CCSc1cc(OC)c(CC(N)CC)cc1OC,0,0,NaN,KLAWPCIXPDTGCZ-UHFFFAOYSA-N
1855,COc1ccc2c3c([nH]c2c1)CNCC3,0,0,NaN,SCIRNASYBOGBOO-UHFFFAOYSA-N
1856,CN(C)CCc1c[nH]c2cccc(O)c12,0,0,NaN,SPCIYGNTAMCTRO-UHFFFAOYSA-N
1857,N[C@H](CCS(=O)(=O)O)C(=O)O,0,NaN,NaN,VBOQYPQEPHKASR-GSVOUGTGSA-N
1858,CN[C@@H](C)Cc1ccc2c(c1)OCO2,0,NaN,NaN,SHXWCVYOXRDMCX-QMMMGPOBSA-N
1859,N[C@@H](CCS(=O)(=O)O)C(=O)O,0,NaN,NaN,VBOQYPQEPHKASR-VKHMYHEASA-N
1860,NCCc1c2c(c(Br)c3c1OCC3)OCC2,0,0,NaN,YZDFADGMVOSVIX-UHFFFAOYSA-N
1861,Cc1sc(C)c2c1CCCc1cn[nH]c1-2,0,0,0,YZKGQHRABFMYLD-UHFFFAOYSA-N
1862,COc1ccc2[nH]cc(CCN(C)C)c2c1,0,0,NaN,ZSTKHSQDNIGFLM-UHFFFAOYSA-N
1863,c1ccc(C2COC(C3=NCCN3)CO2)cc1,0,NaN,NaN,MPFNVJVLRBBPHX-UHFFFAOYSA-N
1864,COc1ccc2c(c1)[nH]c1c(C)nccc12,0,0,NaN,BXNJHAXVSOCGBA-UHFFFAOYSA-N
1865,C[NH+](C)C1CCc2cc(O)c(O)cc2C1,0,NaN,0,JWLJBTDXCBIGBW-UHFFFAOYSA-O
1866,N#Cc1cc(F)cc(C#Cc2csc(F)n2)c1,0,0,0,LVXAMCKZCLWWTF-UHFFFAOYSA-N
1867,Fc1cccc(CN2C3CC4CC(C3)CC2C4)c1,0,NaN,NaN,HTDIUQCBNGOYTP-UHFFFAOYSA-N
1868,N#Cc1cc(F)cc(C#Cc2csc(CF)n2)c1,0,0,NaN,WTLBLIGPXACYET-UHFFFAOYSA-N
1869,COc1ccc2[nH]cc(CCN(C)C(C)C)c2c1,0,0,NaN,HEDOODBJFVUQMS-UHFFFAOYSA-N
1870,CCCN1CCOC2c3cc(C(N)=O)ccc3CCC21,0,NaN,0,XKTRZPQOQOCNJU-UHFFFAOYSA-N
1871,CC(C)N(CCc1c[nH]c2ccccc12)C(C)C,0,0,NaN,ZRVAAGAZUWXRIP-UHFFFAOYSA-N
1872,Cc1nccc2c1C(C)(C)Nc1cc(Br)ccc1-2,0,0,NaN,YBGLIPYAJPOYAD-UHFFFAOYSA-N
1873,Cc1cc(C(C)(C)C)cc(C)c1CC1=NCCN1C,0,0,0,YWMWOFSCNNTOND-UHFFFAOYSA-N
1874,CCCN1CCC[C@@H]2Cc3[nH]ncc3C[C@H]21,0,NaN,0,FTSUPYGMFAPCFZ-ZWNOBZJWSA-N
1875,CN1CCc2c(c3cccc4c3n2Cc2ccccc2C4)C1,0,0,0,RQBRUGMHSQYCNU-UHFFFAOYSA-N
1876,COc1ccc2[nH]cc(CCN(C(C)C)C(C)C)c2c1,0,0,NaN,DNBPMBJFRRVTSJ-UHFFFAOYSA-N
1877,CCCN1CCC[C@@H]2Cc3nc(N)ncc3C[C@H]21,0,NaN,0,TUFADSGTJUOBEH-ZWNOBZJWSA-N
1878,CCCCN1CCC(COC(=O)c2ccc(N)c(OC)c2)CC1,0,0,0,DZZIAERGLDKTBT-UHFFFAOYSA-N
1879,COc1ccc2c(c1)C(CN(C)C)(C1(O)CCCCC1)C2,0,NaN,NaN,UBIQMAFTTDZGEX-UHFFFAOYSA-N
1880,c1ccc(CN[C@H]2C3C4CC5C6C4CC3C6C52)cc1,0,0,NaN,ZWCQZHOWEDKJBN-CAUKCHDASA-N
1881,Cn1c(=O)cnn(CCCN2CCN(c3ccccc3)CC2)c1=O,0,0,0,DCOBFACBOMVJRP-UHFFFAOYSA-N
1882,COc1ccccc1CN1C2C3C4CC5C6C4C2C6C1(O)C53,0,NaN,NaN,WWXCWTRLUXMAHX-UHFFFAOYSA-N
1883,Cn1c(=O)cnn(CCCN2CCN(c3ccccc3F)CC2)c1=O,0,0,0,MWXYMGWHEZTVQG-UHFFFAOYSA-N
1884,Cn1c(=O)cnn(CCCCN2CCN(c3ncccn3)CC2)c1=O,0,0,0,NMYAHEULKSYAPP-UHFFFAOYSA-N
1885,Clc1cccc(Nc2nc(Cc3ccccc3)nc3c2CCNCC3)c1,0,NaN,NaN,RANUNRLHJXMVHG-UHFFFAOYSA-N
1886,COc1ccccc1N1CCN(CCn2ncc(=O)n(C)c2=O)CC1,0,0,0,YGKBDVBBEKOXCY-UHFFFAOYSA-N
1887,COc1cccc(CN2C3C4C5CC6C7C5C3C7C2(O)C64)c1,0,NaN,NaN,LIKZWSUAMNZHAE-UHFFFAOYSA-N
1888,Cn1c(=O)cnn(CCCCN2CCN(c3ncccc3F)CC2)c1=O,0,0,0,LSHNFGIERRVFBN-UHFFFAOYSA-N
1889,COc1ccccc1N1CCN(CCCn2ncc(=O)n(C)c2=O)CC1,0,0,0,USGMMSANZXJYHJ-UHFFFAOYSA-N
1890,Cn1c(=O)cnn(CCCCN2CCN(c3ccccc3O)CC2)c1=O,0,0,0,VFFKDKDNXHSXLX-UHFFFAOYSA-N
1891,Cn1c(=O)cnn(CCCCN2CCN(c3ccccc3S)CC2)c1=O,0,0,0,ZIOYTCNZJKIXGC-UHFFFAOYSA-N
1892,CCOc1ccccc1O[C@@H](c1ccccc1)[C@@H]1CNCCO1,0,NaN,NaN,CBQGYUDMJHNJBX-OALUTQOASA-N
1893,COc1cc(N)c(Cl)cc1C(=O)NC1C2CC3CC1CN(C3)C2,0,0,0,LBXVOPLYLDLZEV-UHFFFAOYSA-N
1894,CN(C(=O)CN1CCN(Cc2ccc(Cl)cc2)CC1)c1ccccc1,0,0,0,RLORJJLBLKRNBL-UHFFFAOYSA-N
1895,Cn1c(=O)cnn(CCCCN2CCN(c3cccc(O)c3)CC2)c1=O,0,0,0,DUEKXOTYEGSGSH-UHFFFAOYSA-N
1896,CN(C)Cc1nnc2n1-c1ccc(Cl)cc1C(c1ccccc1)=NC2,0,NaN,NaN,GJSLOMWRLALDCT-UHFFFAOYSA-N
1897,COc1ccc(CN2C3C4C5CC6C7C5C3C7C2(O)C64)cc1OC,0,0,NaN,MGYAQEPRQTVZOM-UHFFFAOYSA-N
1898,COc1cc(N)c(Cl)cc1C(=O)NCC1C2CC3CC1CN(C3)C2,0,0,0,NXFATKJPSQMNCO-UHFFFAOYSA-N
1899,CCCCCCCCCCCCCCCCOP(=O)([O-])OCC[N+](C)(C)C,0,NaN,NaN,PQLXHQMOHUQAKB-UHFFFAOYSA-N
1900,Cc1coc2ccc(N3C[C@@]4(CN5CCC4CC5)OC3=O)cc12,0,0,0,QENBLMVKRYFDIR-GOSISDBHSA-N
1901,O=c1c(O)c(-c2ccc(O)c(O)c2)oc2cc(O)cc(O)c12,0,NaN,NaN,REFJWTPEDVJJIY-UHFFFAOYSA-N
1902,NC(=O)c1cccc(-c2cccc(OC(=O)NC3CCCCC3)c2)c1,0,NaN,NaN,ROFVXGGUISEHAM-UHFFFAOYSA-N
1903,CNc1cc(-c2csc(N(C)C(=O)c3ccc(F)cc3)n2)ncn1,0,0,0,UTPGRZGMQVAYAA-UHFFFAOYSA-N
1904,Cn1c(=O)cnn(CCCCN2CCN(c3ccc(F)cn3)CC2)c1=O,0,0,0,VJYSCGAKOVUCJZ-UHFFFAOYSA-N
1905,Cn1c(=O)cnn(CCCCN2CCN(c3cccc(F)n3)CC2)c1=O,0,0,0,WLMOZTMDNWZSCV-UHFFFAOYSA-N
1906,COc1ccccc1N1CCN(CCCCCn2ncc(=O)n(C)c2=O)CC1,0,0,0,YEJKTKYCAOZNLH-UHFFFAOYSA-N
1907,OC12C3C4CC5C6C4C1C6C(C53)N2Cc1ccc2c(c1)OCO2,0,NaN,NaN,AVNYJOIRGGOFFW-UHFFFAOYSA-N
1908,COc1ccc(N2CCN(CCCCn3ncc(=O)n(C)c3=O)CC2)cc1,0,0,0,JUMNVQSOWQLVGD-UHFFFAOYSA-N
1909,COc1ccc(CCN2C3C4C5CC6C7C5C3C7C2(O)C64)cc1OC,0,NaN,NaN,KULMFBVVFDTVNX-UHFFFAOYSA-N
1910,CCC1c2[nH]c3ccccc3c2CC2c3cc4c(cc3CCN21)OCO4,0,NaN,NaN,UVNQEDWYOAVTJM-UHFFFAOYSA-N
1911,Cn1c(=O)cnn(CCCCN2CCN(c3cccc(Br)n3)CC2)c1=O,0,0,0,VZGYMMOPAWNKDV-UHFFFAOYSA-N
1912,NC(=O)c1cc(C(O)CN2CCN(C(=O)c3ccco3)CC2)ccc1O,0,0,0,JMWHAMWFHARECC-UHFFFAOYSA-N
1913,CCOc1ccc(/C=C2\NCCc3cc(OCC)c(OCC)cc32)cc1OCC,0,NaN,NaN,OMFNSKIUKYOYRG-MOSHPQCFSA-N
1914,O=C(OC[C@@H]1CCN2CCC[C@@H]12)c1n[nH]c2ccccc12,0,0,0,DJPQWKJCTULKTC-FZMZJTMJSA-N
1915,O=C(OC[C@@H]1CCN2CCC[C@@H]12)c1c[nH]c2ccccc12,0,0,0,FQUPQQRFDMPEMK-LRDDRELGSA-N
1916,Cn1nc(C(=O)OC[C@@H]2CCN3CCC[C@@H]23)c2ccccc21,0,0,0,HSJJCSVABNNXON-JSGCOSHPSA-N
1917,COc1cc(N)c(Cl)cc1C(=O)N[C@@H]1C2CC3CN(C2)CC31,0,0,0,MRKYTIJPEALHEE-YFCKSMKJSA-N
1918,Cn1c(=O)cnn(CCCCN2CCN(c3c(F)cccc3C#N)CC2)c1=O,0,0,0,NWECVFKCGNEJJN-UHFFFAOYSA-N
1919,COC(=O)c1cc(C(O)CN2CCN(C(=O)c3ccco3)CC2)ccc1O,0,0,0,OXPKVQPWUVGQIX-UHFFFAOYSA-N
1920,Cc1cnc(NC2CCC(NC(=O)c3ccc(Cl)cc3)CC2)nc1N(C)C,0,NaN,NaN,XEOSDWIUBUJPES-UHFFFAOYSA-N
1921,COc1cc(N)c(Cl)cc1C(=O)NC[C@@H]1CCN2CCC[C@@H]12,0,0,0,GAYSOZKZPOVDSB-HZMBPMFUSA-N
1922,Cc1ccc(C(=O)NC2CCC(Nc3ncc(C)c(N(C)C)n3)CC2)cc1,0,NaN,NaN,NDWXGJDJKXDMOV-UHFFFAOYSA-N
1923,O=C(NC[C@@H]1CCN2CCC[C@@H]12)c1cc(Cl)cn2ccnc12,0,0,0,SKYGATVDBNOBSE-FZMZJTMJSA-N
1924,C[C@@H]1CCCN1CCc1cc2cc(C(=O)c3ccc(F)cc3)ccc2o1,0,0,0,VGSYEFOBFMUWGO-OAHLLOKOSA-N
1925,Cc1ccccc1N1CCN(C(=O)COc2ccc3[nH]cc(CCN)c3c2)CC1,0,0,0,DWSOZYFSYVOVOC-UHFFFAOYSA-N
1926,CCCN(CCC)C(=O)Cc1c(-c2ccc(Cl)cc2)nc2ccc(Cl)cn12,0,NaN,NaN,JRTIDHTUMYMPRU-UHFFFAOYSA-N
1927,COc1ccc(N2CCN(CCCCn3ncc(=O)n(C)c3=O)CC2)c(OC)c1,0,0,0,MZRJFLMQUPZISJ-UHFFFAOYSA-N
1928,O=C(NCCCCN1CCN(c2cccc(Cl)c2Cl)CC1)c1cc2ccccc2o1,0,0,0,YJYMXCFUNVLJOC-UHFFFAOYSA-N
1929,COc1ccc2cccc(N3CCN(CCCn4ncc(=O)n(C)c4=O)CC3)c2c1,0,0,0,CDTHWHXZHXKGQZ-UHFFFAOYSA-N
1930,CN(C)Cc1nc(-c2ccc(C(C)(C)C)cc2)n(-c2cccc(O)c2)n1,0,0,NaN,ILPANLYEJQKXKY-UHFFFAOYSA-N
1931,CC1(C)CCC(C)(C)c2cc(NC(=O)c3ccc(C(=O)O)cc3)ccc21,0,NaN,NaN,MUTNCGKQJGXKEM-UHFFFAOYSA-N
1932,O=C1c2ccccc2C(Cc2ccnnc2)(Cc2c(F)cncc2F)c2ccccc21,0,0,0,TULGAOOGTOFKPH-UHFFFAOYSA-N
1933,COC(=O)c1cc(C(O)CNC(C)(C)CCc2ccc3c(c2)OCO3)ccc1O,0,0,0,UZNXVTZGQUKWBI-UHFFFAOYSA-N
1934,COc1ccc(C2c3[nH]c4ccccc4c3CC3c4ccc(OC)cc4CCN32)cc1,0,NaN,NaN,KMEGVCFAXDEADV-UHFFFAOYSA-N
1935,COc1ccc2cccc(N3CCN(CCCCCn4ncc(=O)n(C)c4=O)CC3)c2c1,0,0,0,XIVOWWIPEMPSCW-UHFFFAOYSA-N
1936,Cc1cn([C@H](C)CC#N)c(=O)c2cc(Cn3nc(C(F)F)cc3Cl)nn12,0,NaN,NaN,BEBDKSYNJJVZSO-SECBINFHSA-N
1937,Cc1cc(N(C)C)nc(NC2CCC(NC(=O)c3ccc(Cl)c(Cl)c3)CC2)n1,0,NaN,NaN,HZPGVFKYDDQWIZ-UHFFFAOYSA-N
1938,Cc1cccc2c(=O)n(C)c(-c3ccc(OC4CCN(C5CCC5)CC4)cc3)nc12,0,NaN,NaN,FZAFEIPWODBIGS-UHFFFAOYSA-N
1939,CCCN1CCc2cccc3c2[C@H]1Cc1cccc(OC(=O)CCCCC2CCSS2)c1-3,0,0,0,JCKSBFDVTFRZJP-JFGZAKSSSA-N
1940,COc1nccc2c(=O)n(C)c(-c3ccc(OC4CCN(C5CCC5)CC4)cc3)nc12,0,NaN,NaN,FJPDUNSHNPHJFS-UHFFFAOYSA-N
1941,COc1ccc2c(=O)n(C)c(-c3ccc(OC4CCN(C5CCC5)CC4)cc3)nc2c1,0,NaN,NaN,JHXXTCCXWRAEMQ-UHFFFAOYSA-N
1942,COc1cccc2c(=O)n(C)c(-c3ccc(OC4CCN(C5CCC5)CC4)cc3)nc12,0,NaN,NaN,MUZZBBKURZZINE-UHFFFAOYSA-N
1943,CCCN(CCCCCCN(C)CCOc1ccccc1OC)[C@H]1CCc2c(ccc(O)c2O)C1,0,0,0,UYJBUIDTYOFWIU-DEOSSOPVSA-N
1944,COc1ccc(-n2cnc3ccc(-c4nnc(SCc5cccc(C#N)c5)o4)cc32)cc1,0,NaN,NaN,XUEHEOHRTKKVET-UHFFFAOYSA-N
1945,COc1ccc2[nH]c3c(c2c1)CC1c2cc(OC)c(OCc4ccccc4)cc2CCN1C3,0,NaN,NaN,QFBYSKYBQKJNBV-UHFFFAOYSA-N
1946,Cc1noc(C)c1-c1cnc2cc(C(=O)NCCC[n+]3ccc(N(C)C)cc3)ccn12,0,NaN,NaN,XDFIFODOMFKVRF-UHFFFAOYSA-O
1947,Cc1cnc(N[C@H]2CC[C@@H](NC(=O)c3ccc(Cl)cc3)CC2)nc1N(C)C,0,NaN,NaN,XEOSDWIUBUJPES-CALCHBBNSA-N
1948,Cc1ccc(C(=O)N[C@H]2CC[C@@H](Nc3ncc(C)c(N(C)C)n3)CC2)cc1,0,NaN,NaN,NDWXGJDJKXDMOV-HDICACEKSA-N
1949,CCCN(CCCCCCN(CCC)[C@H]1CCc2c(ccc(O)c2O)C1)CCOc1ccccc1OC,0,0,0,OMQFHIBADXAGRQ-SANMLTNESA-N
1950,CCCCCCCCCCCCNC(=O)c1cc(C(O)CNC(C)CCc2ccc3c(c2)OCO3)ccc1O,0,0,0,FEDPBPJAPYPAOE-UHFFFAOYSA-N
1951,CN1CC[C@H]2CC(=O)[C@H](Cc3ccccc3)[C@H]3CCC[C@@H]1[C@H]23,0,0,0,HWGSTWOVRDYFSO-VAVNGKDRSA-N
1952,C[C@@H]1CCCN1CCc1cc2cc(C(=O)c3ccc([N+](=O)[O-])cc3)ccc2o1,0,0,0,GPZMWOXSIRVXQW-OAHLLOKOSA-N
1953,CC(C)(O)c1ccc(N2Cc3c(ccnc3-c3ccc(F)cc3OCC(F)(F)F)C2=O)cc1,0,NaN,NaN,OAZAPIKYVGRNCO-UHFFFAOYSA-N
1954,Cn1c(-c2ccc(OC3CCN(C4CCC4)CC3)cc2)nc2c(C(F)(F)F)cccc2c1=O,0,NaN,NaN,RDPSEAZFXPEZMP-UHFFFAOYSA-N
1955,Cc1nc2cnccc2n1-c1ccc(OCc2cccc(/C=C/c3nc4cc(F)ccc4s3)c2)cc1,0,0,0,DXTYGLAQRALLEG-LFYBBSHMSA-N
1956,Cc1cc(N(C)C)nc(N[C@H]2CC[C@@H](NC(=O)c3ccc(Cl)c(Cl)c3)CC2)n1,0,NaN,NaN,HZPGVFKYDDQWIZ-GASCZTMLSA-N
1957,Cc1nc2cnccc2n1-c1ccc(OCc2cccc(/C=C/c3ccc4ccc(Cl)cc4n3)c2)cc1,0,0,0,ZKHUZIGQNHJVGZ-WEVVVXLNSA-N
1958,CN(CCCN1CCC2(CC1)OCc1cc(F)ncc12)C(=O)C(c1ccc(F)c(F)c1)n1cccn1,0,NaN,NaN,AIRCJEQVEFTOIQ-UHFFFAOYSA-N
1959,C[C@H]1Cc2c([nH]c3cc(Cl)c(F)cc23)[C@@]2(N1)C(=O)Nc1ccc(Cl)cc12,0,NaN,NaN,CKLPLPZSUQEDRT-WPCRTTGESA-N
1960,CCN(CCCN1CCC2(CC1)OCc1cc(F)ncc12)C(=O)C(c1ccc(F)c(F)c1)n1cccn1,0,NaN,NaN,CMNZKLJBUSCMMX-UHFFFAOYSA-N
1961,O=c1cc(O)cc2oc(-c3ccc(O)c(O)c3)c(OC3OC(CO)C(O)C(O)C3O)c(O)c1-2,0,NaN,NaN,DPFYPHSPTUZJJT-UHFFFAOYSA-N
1962,Cn1c(N2CCN(CCCN3c4ccccc4COc4ccc(C(=O)O)cc43)CC2)cc(=O)n(C)c1=O,0,0,0,FEHNLVPCVHLEHQ-UHFFFAOYSA-N
1963,O=c1cc(O)cc2oc(-c3ccc(O)c(O)c3)c(OC3C(O)OC(CO)C(O)C3O)c(O)c1-2,0,NaN,NaN,JDCKEYDYTNBCCS-UHFFFAOYSA-N
1964,CS(=O)(=O)c1cc(F)cc2c3c(n(Cc4ccc(Cl)cc4)c12)[C@@H](CC(=O)O)CC3,0,NaN,NaN,NXFFJDQHYLNEJK-CYBMUJFWSA-N
1965,O=C(C(c1ccc(F)c(F)c1)n1cccn1)N(CCF)CCCN1CCC2(CC1)OCc1cc(F)ncc12,0,NaN,NaN,RIBRPOBHPDSMOR-UHFFFAOYSA-N
1966,Cc1ccc(Cn2nc(C(=O)NC3C(C)(C)C4CC[C@@]3(C)C4)cc2-c2ccc(Cl)c(C)c2)cc1,0,NaN,NaN,SUGVYNSRNKFXQM-ACSDJOOWSA-N
1967,CNCCOC(=O)[C@@H]1[C@H]2C[C@H]3c4[nH]c5ccccc5c4CCN3C[C@@H]2CC[C@@H]1O,0,NaN,NaN,TWMCQRQBDJOIKS-BTSRZBPPSA-N
1968,CNc1nc(C#Cc2ccc(Cl)s2)nc2c1ncn2[C@@H]1O[C@H](C(=O)OC)[C@@H](O)[C@H]1O,0,0,0,QHRWVXZCSCFZGP-QDEZUTFSSA-N
1969,CCCN1CC[C@H]2c3cc4ccc(C(F)(F)F)cc4nc3[C@H](CC)[C@H]3CCC[C@@H]1[C@@H]32,0,0,0,LILDBTJYRFAMFE-VCSLONGPSA-N
1970,O=C(OC1CNC1)[C@@H]1[C@H]2C[C@H]3c4[nH]c5ccccc5c4CCN3C[C@@H]2CC[C@@H]1O,0,NaN,NaN,SPORLXJQFWKHJH-XEUUEJNQSA-N
1971,O=C(NC1CNC1)[C@@H]1[C@H]2C[C@H]3c4[nH]c5ccccc5c4CCN3C[C@@H]2CC[C@@H]1O,0,NaN,NaN,ZZGUXKVYHYPOAE-XEUUEJNQSA-N
1972,O=C(OCC1CNC1)[C@@H]1[C@H]2C[C@H]3c4[nH]c5ccccc5c4CCN3C[C@@H]2CC[C@@H]1O,0,NaN,NaN,MKICINZEIMZFJT-KCJGJZAOSA-N
1973,CNC(=O)[C@H]1O[C@@H](n2cnc3c(NC)nc(C#Cc4ccc(Cl)s4)nc32)[C@H](O)[C@@H]1O,0,0,0,MTSSGMWKEDEGAV-MOROJQBDSA-N
1974,CCCNc1nc(C#Cc2ccc(Cl)s2)nc2c1ncn2[C@@H]1O[C@H](C(=O)NC)[C@@H](O)[C@H]1O,0,0,0,VVAIUXGEZUTKDN-KSVNGYGVSA-N
1975,O=C(OC1CCCNC1)[C@@H]1[C@H]2C[C@H]3c4[nH]c5ccccc5c4CCN3C[C@@H]2CC[C@@H]1O,0,NaN,NaN,JAZSDMLXXIDKIJ-VPQXEIKNSA-N
1976,O=C(Nc1ccc(OC(F)F)nc1)NC1CCN(c2ncnc3c2nc(-c2ccccc2Cl)n3-c2ccc(Cl)cc2)CC1,0,NaN,NaN,LTNOPYMLPTUXSM-UHFFFAOYSA-N
1977,O=C(OC1CCNCC1)[C@@H]1[C@H]2C[C@H]3c4[nH]c5ccccc5c4CCN3C[C@@H]2CC[C@@H]1O,0,NaN,NaN,MFYQCUFZRATSFI-AZNLDMJXSA-N
1978,NC1CC(OC(=O)[C@@H]2[C@H]3C[C@H]4c5[nH]c6ccccc6c5CCN4C[C@@H]3CC[C@@H]2O)C1,0,NaN,NaN,YLDUEWVEKPTTKB-BMBVQGKESA-N
1979,O=C(O[C@H]1CCNC1)[C@@H]1[C@H]2C[C@H]3c4[nH]c5ccccc5c4CCN3C[C@@H]2CC[C@@H]1O,0,NaN,NaN,BTHKGPGOSQHWIW-MYIZJDFTSA-N
1980,O=C(OC[C@H]1CCN1)[C@@H]1[C@H]2C[C@H]3c4[nH]c5ccccc5c4CCN3C[C@@H]2CC[C@@H]1O,0,NaN,NaN,FRPSIASNKOJOII-KMLKFPRHSA-N
1981,O=C(N[C@H]1CCNC1)[C@@H]1[C@H]2C[C@H]3c4[nH]c5ccccc5c4CCN3C[C@@H]2CC[C@@H]1O,0,NaN,NaN,NILZNRRUAHKEDI-MYIZJDFTSA-N
1982,O=C(O[C@@H]1CCNC1)[C@@H]1[C@H]2C[C@H]3c4[nH]c5ccccc5c4CCN3C[C@@H]2CC[C@@H]1O,0,NaN,NaN,BTHKGPGOSQHWIW-KMLKFPRHSA-N
1983,O=C(OC[C@@H]1CCN1)[C@@H]1[C@H]2C[C@H]3c4[nH]c5ccccc5c4CCN3C[C@@H]2CC[C@@H]1O,0,NaN,NaN,FRPSIASNKOJOII-MYIZJDFTSA-N
1984,O=C(OC[C@H]1CCCN1)[C@@H]1[C@H]2C[C@H]3c4[nH]c5ccccc5c4CCN3C[C@@H]2CC[C@@H]1O,0,NaN,NaN,MMYALSIAPXGPPF-UASZRJAKSA-N
1985,O=C(OC[C@H]1CCNC1)[C@@H]1[C@H]2C[C@H]3c4[nH]c5ccccc5c4CCN3C[C@@H]2CC[C@@H]1O,0,NaN,NaN,TYQHGVIOSQMKLI-MLBFCADUSA-N
1986,O=C(OC[C@@H]1CCCN1)[C@@H]1[C@H]2C[C@H]3c4[nH]c5ccccc5c4CCN3C[C@@H]2CC[C@@H]1O,0,NaN,NaN,MMYALSIAPXGPPF-MLBFCADUSA-N
1987,O=C(OC[C@@H]1CCNC1)[C@@H]1[C@H]2C[C@H]3c4[nH]c5ccccc5c4CCN3C[C@@H]2CC[C@@H]1O,0,NaN,NaN,TYQHGVIOSQMKLI-RXMWSQQWSA-N
1988,O=c1cc(O)cc2oc(-c3ccc(O)c(-c4c(O)cc(O)c5c(=O)cc(-c6ccc(O)cc6)oc45)c3)cc(O)c1-2,0,NaN,NaN,QYDURWHTEIUTEI-UHFFFAOYSA-N
1989,Cc1cc(O)c2c(=O)c3c(O)cc(O)c4c5c(O)cc(O)c6c(=O)c7c(O)cc(CO)c8c1c2c(c34)c(c65)c78,0,NaN,NaN,YXBUQQDFTYOHQI-UHFFFAOYSA-N
1990,C[C@@H]1O[C@@H](Oc2c(-c3ccc(O)c(O)c3)oc3cc(O)cc(=O)c-3c2O)[C@H](O)[C@H](O)[C@H]1O,0,NaN,NaN,XHIUPRGKXRAZCR-HQBVPOQASA-N
1991,N[C@H]1C[C@H](OC(=O)[C@@H]2[C@H]3C[C@H]4c5[nH]c6ccccc6c5CCN4C[C@@H]3CC[C@@H]2O)C1,0,NaN,NaN,YLDUEWVEKPTTKB-ZPMKUQPVSA-N
1992,N[C@H]1C[C@@H](OC(=O)[C@@H]2[C@H]3C[C@H]4c5[nH]c6ccccc6c5CCN4C[C@@H]3CC[C@@H]2O)C1,0,NaN,NaN,YLDUEWVEKPTTKB-VGXMWFALSA-N
1993,COC(=O)[C@@H]1C[C@H](OC(C)=O)C(=O)[C@H]2[C@@]1(C)CC[C@H]1C(=O)O[C@H](c3ccoc3)C[C@]21C,0,0,NaN,OBSYBRPAKCASQB-AGQYDFLVSA-N
1994,COc1cccc2c1C(=O)c1c(O)c3c(c(O)c1C2=O)C[C@@](O)(C(=O)CO)C[C@@H]3O[C@H]1C[C@H](N)[C@H](O[C@@H]2CCCCO2)[C@H](C)O1,0,NaN,NaN,KMSKQZKKOZQFFG-YXRRJAAWSA-N
1995,C[C@@H]1O[C@@H](OC[C@H]2O[C@@H](Oc3c(-c4ccc(O)c(O)c4)oc4cc(O)cc(O)c4c3=O)[C@H](O)[C@@H](O)[C@@H]2O)[C@H](O)[C@H](O)[C@H]1O,0,NaN,NaN,IKGXIBQEEMLURG-NVPNHPEKSA-N
1996,Cc1ccc2c(c1)Oc1sc(Cl)cc1C(N1CCN(CC(C)(C)C(=O)O)CC1)=N2,0,0,NaN,PSYAJOBNPBYKRW-UHFFFAOYSA-N
1997,CCCN(CCC)CC1OCc2c1ccc(O)c2O,0,0,0,AHORNFLGOWOREH-UHFFFAOYSA-N
1998,O[C@@H]1CCC2CN3CCc4cc5c(cc4[C@@H]3C[C@@H]2C1)OCO5,0,0,0,UEZSUAXJWCMWEK-HUORLRHWSA-N
1999,CC(C)(C)OC(=O)[C@@H]1[C@H]2C[C@H]3c4[nH]c5ccccc5c4CCN3C[C@@H]2CC[C@@H]1O,0,NaN,NaN,OGULKVOFUHVGAX-BTSRZBPPSA-N
2000,N=C(N)NCc1cccc([123I])c1,0,NaN,NaN,PDWUPXJEEYOOTR-IUAIQHPESA-N
2001,Cc1c(C(=O)NN2CCCCC2)nn(-c2ccc(Cl)cc2Cl)c1-c1ccc(Cl)cc1,0,NaN,NaN,JZCPYUJPEARBJL-UHFFFAOYSA-N
2002,Brc1ccccc1Nc1ncc[nH]1,0,0,0,KHNAVCNEASQADL-UHFFFAOYSA-N
2003,CC(CC(c1ccccc1)c1ccccc1)NC(C)(C)C,0,NaN,NaN,UISARWKNNNHPGI-UHFFFAOYSA-N
2004,CC(C)NC(=N)NC(=N)Nc1ccc(Cl)c(Cl)c1,0,NaN,NaN,ISZNZKHCRKXXAU-UHFFFAOYSA-N
2006,Oc1ccc2c(c1)CC[C@H](c1ccccc1)[C@@H]2c1ccc(OCCN2CCCC2)cc1,0,NaN,NaN,GXESHMAMLJKROZ-IAPPQJPRSA-N
2007,CC(C)CN(C[C@@H](O)[C@H](Cc1ccccc1)NC(=O)O[C@H]1CCOC1)S(=O)(=O)c1ccc(N)cc1,0,NaN,0,YMARZQAQMVYCKC-OEMFJLHTSA-N
2008,O=C1CN=C(c2ccccc2)c2c(sc3c2CCCC3)N1,0,NaN,NaN,AIZFEOPQVZBNGH-UHFFFAOYSA-N
2009,O=C(c1nc(-c2c[nH]c3cc(Br)ccc23)c[nH]1)c1c[nH]c2cc(O)ccc12,0,NaN,NaN,YHGQVXFIJGWOFP-UHFFFAOYSA-N
2010,CN1Cc2c(N)cccc2C(c2ccccc2)C1,0,NaN,NaN,XXPANQJNYNUNES-UHFFFAOYSA-N
2011,Clc1ccc(Cn2c(CN3CCCC3)nc3ccccc32)cc1,0,NaN,NaN,CJXAEXPPLWQRFR-UHFFFAOYSA-N
2012,CC(=O)Oc1cccc2c1C(=O)c1c(OC(C)=O)cc(C(=O)O)cc1C2=O,0,NaN,NaN,TYNLGDBUJLVSMA-UHFFFAOYSA-N
2013,CCCCOC(=O)C(=O)[C@H]1[C@H](C)C[C@H]2[C@@H]3C[C@H](F)C4=CC(=O)C=C[C@]4(C)[C@H]3[C@@H](O)C[C@@]21C,0,NaN,NaN,XWTIDFOGTCVGQB-FHIVUSPVSA-N
2014,CCC(=O)O[C@]1(C(=O)CCl)[C@@H](C)C[C@H]2[C@@H]3C[C@H](F)C4=CC(=O)C=C[C@]4(C)[C@@]3(F)[C@@H](O)C[C@@]21C,0,NaN,NaN,BDSYKGHYMJNPAB-LICBFIPMSA-N
2015,Cn1c(O)c(N=NC(N)=S)c2ccccc21,0,NaN,NaN,TTZUCVNWOZLIGL-UHFFFAOYSA-N
2016,CN1C(=O)/C(=N\NC(N)=S)c2ccccc21,0,NaN,NaN,DLGSOJOOYHWROO-WQLSENKSSA-N
2017,O=C(COc1ccc(Cl)cc1)N1CCN(Cc2ccc3c(c2)OCO3)CC1,0,NaN,NaN,BFUJHVVEMMWLHC-UHFFFAOYSA-N
2018,CCCCCCCCCCCCCCCCCC(=O)NCCCC[C@H](NC(=O)CC[C@@H](NC(=O)[C@H](C)NC(=O)[C@@H](C)O[C@H]1[C@H](O)[C@@H](CO)OC(O)[C@@H]1NC(C)=O)C(N)=O)C(=O)O,0,NaN,NaN,FKHUGQZRBPETJR-FZKCHLSLSA-N
2019,O=C(OCC(O)CO)c1ccccc1Nc1ccnc2cc(Cl)ccc12,0,NaN,NaN,GWOFUCIGLDBNKM-UHFFFAOYSA-N
2020,CN(C)C/C=C(/c1ccc(Br)cc1)c1cccnc1,0,NaN,NaN,OYPPVKRFBIWMSX-SXGWCWSVSA-N
2021,CCN(CC)CCCN(c1ccccc1)C1Cc2ccccc2C1,0,NaN,NaN,NZLBHDRPUJLHCE-UHFFFAOYSA-N
2022,CC(Cc1cccc(C(F)(F)F)c1)NCCOC(=O)c1ccccc1,0,NaN,NaN,CJAVTWRYCDNHSM-UHFFFAOYSA-N
2023,COc1cc(N)c(Cl)cc1C(=O)NC1CCN(Cc2ccccc2)CC1,0,NaN,NaN,BVPWJMCABCPUQY-UHFFFAOYSA-N
2024,Brc1c(NC2=N[C@@H]3CCCC[C@@H]3N2)ccc2nccnc12,0,0,0,MIYQUCZRQJRHHG-AOOOYVTPSA-N
2025,Cc1cc(O)cc(C)c1Cl,0,NaN,0,OSDLLIBGSJNGJE-UHFFFAOYSA-N
2026,CC(CC1c2ccccc2CCc2ccccc21)CN(C)C,0,NaN,NaN,ALELTFCQZDXAMQ-UHFFFAOYSA-N
2027,CC(C)COCC(CN(Cc1ccccc1)c1ccccc1)N1CCCC1,0,NaN,NaN,UIEATEWHFDRYRU-UHFFFAOYSA-N
2028,N=C(N)Nc1ccc(C(=O)Oc2ccc3cc(C(=N)N)ccc3c2)cc1,0,NaN,NaN,MQQNFDZXWVTQEH-UHFFFAOYSA-N
2029,CCOC1O[C@H]([C@@H](COCc2ccccc2)OCc2ccccc2)[C@H](OCc2ccccc2)[C@H]1O,0,NaN,NaN,ULLNJSBQMBKOJH-VIVFLBMVSA-N
2030,COC(=O)[C@@H]1[C@H]2C[C@H]3c4cc5c(cc4CCN3C[C@@H]2CC[C@H]1O)OCO5,0,0,0,VNSOQQZNVNIEMP-VHWJNRFISA-N
2031,CC(=O)[C@H]1CC[C@H]2[C@@H]3CCC4=CC(=O)CC[C@]4(C)[C@H]3CC[C@]12C,0,NaN,0,RJKFOVLPORLFTN-LEKSSAKUSA-N
2032,CC(C)N1CCN(c2ccc(OCC3COC(Cn4cncn4)(c4ccc(Cl)cc4Cl)O3)cc2)CC1,0,NaN,0,BLSQLHNBWJLIBQ-UHFFFAOYSA-N
2033,Cc1c(Nc2ncc[nH]2)ccc2c1NCCO2,0,0,0,JDFLCCTUDMVCCS-UHFFFAOYSA-N
2034,COc1cc(C)c(Nc2ncc[nH]2)cc1C(C)(C)C,0,0,0,QELYRGGNEIAOKD-UHFFFAOYSA-N
2035,CNCC(O)c1ccc(O)c(O)c1F,0,NaN,NaN,HGZKLMFEVVYGMO-UHFFFAOYSA-N
2036,CC/C(=C(/CC)c1ccc(O)cc1)c1ccc(O)cc1,0,NaN,0,RGLYKWWBQGJZGM-ISLYRVAYSA-N
2037,NC(N)=Nc1ccc2nccnc2c1Br,0,0,0,WBGSURPVIDDDHF-UHFFFAOYSA-N
2038,CC(=O)O[C@]1(C(C)=O)CC[C@H]2[C@@H]3C=C(Cl)C4=CC(=O)CC[C@]4(C)[C@H]3CC[C@@]21C,0,NaN,0,QMBJSIBWORFWQT-DFXBJWIESA-N
2039,CC(O)(CC(=O)O)CC(=O)O,0,NaN,NaN,NPOAOTPXWNWTSH-UHFFFAOYSA-N
2040,c1cnc2cc(NC3=NCCN3)ccc2n1,0,0,0,PVKUNRLEOHFACD-UHFFFAOYSA-N
2041,Cc1ccccc1C(=O)Nc1ccc(C(=O)N2CCCC(N(C)C)c3ccccc32)cc1,0,NaN,NaN,WRNXUQJJCIZICJ-UHFFFAOYSA-N
2042,CN1CCN=C(c2ccccc2)c2cc(Cl)ccc21,0,NaN,NaN,YLCXGBZIZBEVPZ-UHFFFAOYSA-N
2043,CCCC(CCC)C(=O)OC1C[C@H]2CC[C@@H](C1)[N+]2(C)C,0,NaN,NaN,XGGHHHBGPSNXFE-XYPWUTKMSA-N
2044,CCCC(CCC)C(=O)O[C@H]1C[C@H]2CC[C@@H](C1)[N+]2(C)C,0,NaN,NaN,XGGHHHBGPSNXFE-ZSHCYNCHSA-N
2045,OC[C@H]1O[C@@H](Oc2cc(O)cc(/C=C/c3ccc(O)cc3)c2)[C@H](O)[C@@H](O)[C@@H]1O,0,NaN,NaN,HSTZMXCBWJGKHG-CUYWLFDKSA-N
2046,C[C@H](CCC(=O)O)[C@H]1CC[C@H]2[C@@H]3[C@H](O)C[C@@H]4C[C@H](O)CC[C@]4(C)[C@H]3CC[C@]12C,0,NaN,NaN,RUDATBOHQWOJDD-BSWAIDMHSA-N
2047,COc1ccc(C(=O)c2ccccc2O)c(O)c1,0,NaN,NaN,MEZZCSHVIGVWFI-UHFFFAOYSA-N
2048,COc1ccc(C(=O)c2ccccc2)c(O)c1,0,NaN,NaN,DXGLGDHPHMLXJC-UHFFFAOYSA-N
2049,O=C(Cc1ccc(-c2ccccc2)cc1)Nc1ccccn1,0,NaN,NaN,PWHROYKAGRUWDQ-UHFFFAOYSA-N
2050,COc1ccc(CCC(C)NCC(O)c2ccc(O)c([S+](C)[O-])c2)cc1,0,NaN,NaN,PAQZZCOZHPGCFW-UHFFFAOYSA-N
2051,Oc1cccc2cccnc12,0,NaN,0,MCJGNVYPOGVAJF-UHFFFAOYSA-N
2052,C=C(c1ccccc1OCc1cccc(Cl)c1)n1ccnc1,0,NaN,NaN,WHPAGCJNPTUGGD-UHFFFAOYSA-N
2053,COc1ccc(C(Cl)=C(c2ccc(OC)cc2)c2ccc(OC)cc2)cc1,0,NaN,NaN,BFPSDSIWYFKGBC-UHFFFAOYSA-N
2054,O=C(NCC1CCCCN1)c1cc(OCC(F)(F)F)ccc1OCC(F)(F)F,0,NaN,NaN,DJBNUMBKLMJRSA-UHFFFAOYSA-N
2055,Brc1c(NC2=NCCS2)ccc2nccnc12,0,0,0,KSVHJUZGYJOCLG-UHFFFAOYSA-N
2056,COc1cc2/c(=N/c3ccc(Br)cc3F)nc[nH]c2cc1OCC1CCN(C)CC1,0,NaN,NaN,UHTHHESEBZOYNR-UHFFFAOYSA-N
2057,OC[C@H]1O[C@@H](c2ccc(F)c(Cc3cc4ccccc4s3)c2)[C@H](O)[C@@H](O)[C@@H]1O,0,NaN,NaN,AHFWIQIYAXSLBA-RQXATKFSSA-N
2058,CC(C(=O)O)c1ccc2oc(-c3ccc(Cl)cc3)nc2c1,0,NaN,0,MITFXPHMIHQXPI-UHFFFAOYSA-N
2059,C=C1/C(=C\C=C2/CCC[C@]3(C)[C@@H]([C@H](C)CCCC(C)(C)O)CC[C@@H]23)C[C@@H](O)C[C@@H]1O,0,NaN,NaN,GMRQFYUYWCNGIN-NKMMMXOESA-N
2060,C[C@@H]1C[C@H]2[C@@H]3C[C@H](F)C4=CC(=O)C(Cl)=C[C@]4(C)[C@@]3(F)[C@@H](O)C[C@]2(C)[C@@]1(O)C(=O)CO,0,NaN,NaN,GGXMRPUKBWXVHE-MIHLVHIWSA-N
2061,CN1CCC(N(Cc2cccs2)c2ccccc2)CC1,0,NaN,NaN,KLOHYVOVXOUKQI-UHFFFAOYSA-N
2062,c1c[nH]c(Nc2ccc3nc[nH]c3c2)n1,0,0,0,NFSIDEIKDWWMOX-UHFFFAOYSA-N
2063,CCC(Cc1c(I)cc(I)c(N)c1I)C(=O)O,0,NaN,NaN,OIRFJRBSRORBCM-UHFFFAOYSA-N
2064,Cc1oc(=O)oc1COC(=O)[C@@H]1N2C(=O)[C@@H](NC(=O)[C@H](N)c3ccccc3)[C@H]2SC1(C)C,0,NaN,NaN,ZKUKMWMSYCIYRD-ZXFNITATSA-N
2065,O=C(Oc1ccc2c(c1)CCCN2C(=O)C(Cl)Cl)c1ccco1,0,NaN,NaN,SBJGFIXQRZOVTO-UHFFFAOYSA-N
2066,COc1cc(N)cn[n+]1-c1ccccc1,0,NaN,NaN,VXROHTDSRBRJLN-UHFFFAOYSA-O
2067,CN(C)CCCn1c2c(c3ccccc31)CCCCCC2,0,NaN,NaN,PLIGPBGDXASWPX-UHFFFAOYSA-N
2068,CC(/C=C1\SC(=S)N(CC(=O)O)C1=O)=C\c1ccccc1,0,NaN,0,CHNUOJQWGUIOLD-NFZZJPOKSA-N
2069,CC(C)=CCOc1ccc(/C=C/C(=O)c2ccc(OCC=C(C)C)cc2OCC(=O)O)cc1,0,NaN,NaN,GFWRVVCDTLRWPK-KPKJPENVSA-N
2070,Cn1cc(C(=O)C(=O)N[C@@H]2CN3CCC2CC3)c2ccccc21,0,0,NaN,ZNAPADWWBWFMCQ-OAHLLOKOSA-N
2071,COCc1c(C(C)C)nc(C(C)C)c(/C=C/[C@@H](O)C[C@@H](O)CC(=O)O)c1-c1ccc(F)cc1,0,NaN,0,SEERZIQQUAZTOL-ANMDKAQQSA-N
2072,CC(C)(C)C(=O)C(Oc1ccc(Cl)cc1)n1ccnc1,0,NaN,NaN,OWEGWHBOCFMBLP-UHFFFAOYSA-N
2073,Cc1ccc(C(C)C)c(O)c1,0,NaN,NaN,MGSRCZKZVOBKFT-UHFFFAOYSA-N
2074,CC1=C(C(=O)OC(C)C)C(c2cccc([N+](=O)[O-])c2)C(C(=O)OC2CN(C(c3ccccc3)c3ccccc3)C2)=C(N)N1,0,NaN,NaN,ZKFQEACEUNWPMT-UHFFFAOYSA-N
2075,NCC1CCc2cc(O)c(O)cc21,0,0,0,FCMNXOWRHIGEBP-UHFFFAOYSA-N
2076,CC(Cc1ccc(O)cc1)NCC(O)c1cc(O)cc(O)c1,0,NaN,NaN,LSLYOANBFKQKPT-UHFFFAOYSA-N
2077,CN(C)CCN(C)c1nc2ccc(NC(=O)COc3ccc(C(F)(F)F)cc3)cc2n1C,0,0,0,KMPCTCXLXOJTGD-UHFFFAOYSA-N
2078,Cc1c(Nc2ncc[nH]2)ccc2nccnc12,0,0,0,AEWIKTWIKIWVNJ-UHFFFAOYSA-N
2079,CC(C)OC(=O)C(C(=O)OC(C)C)=C1SC=CS1,0,NaN,NaN,YPIQVCUJEKAZCP-UHFFFAOYSA-N
2080,CC(=O)[C@H]1CC[C@H]2[C@@H]3C=CC4=CC(=O)CC[C@@]4(C)[C@@H]3CC[C@]12C,0,NaN,NaN,JGMOKGBVKVMRFX-HQZYFCCVSA-N
2081,CN1C(CCl)Nc2cc(Cl)c(S(N)(=O)=O)cc2S1(=O)=O,0,NaN,NaN,CESYKOGBSMNBPD-UHFFFAOYSA-N
2082,CO/N=C(\C(=O)N[C@@H]1C(=O)N2C(C(=O)[O-])=C(C[n+]3ccc(N)n3CCO)CS[C@H]12)c1csc(N)n1,0,NaN,NaN,BHXLLRXDAYEMPP-SBGRAJFYSA-N
2083,CC(O)CO,0,NaN,0,DNIAPMSPPWPWGF-UHFFFAOYSA-N
2084,NCC(=O)O,0,NaN,0,DHMQDGOQFOQNFH-UHFFFAOYSA-N
2085,C1CNCCN1,0,NaN,NaN,GLUUGHFHXGJENI-UHFFFAOYSA-N
2086,OCC(O)CO,0,NaN,NaN,PEDCQBHIVMGVHV-UHFFFAOYSA-N
2087,Oc1ccccc1,0,NaN,0,ISWSIDIOOBJBQZ-UHFFFAOYSA-N
2088,NCCNCCNCCN,0,NaN,NaN,VILCJCGEZXAXTO-UHFFFAOYSA-N
2089,OCc1ccccc1,0,NaN,0,WVDDGKGOMKODPV-UHFFFAOYSA-N
2090,NCCc1c[nH]cn1,0,NaN,NaN,NTYJJOPFIAHURM-UHFFFAOYSA-N
2091,O=S(=O)(O)CCS,0,NaN,NaN,ZNEWHQLOPFWXOF-UHFFFAOYSA-N
2092,NC(=O)c1cccnc1,0,NaN,0,DFPAKSUCGFBDDF-UHFFFAOYSA-N
2093,NCCc1ccc(O)cc1,0,NaN,NaN,DZGWFCGJZKJUFP-UHFFFAOYSA-N
2094,CC(C)Nc1ncccn1,0,NaN,NaN,FTCYIGBVOHNHCD-UHFFFAOYSA-N
2095,O=C(O)CCC(=O)O,0,NaN,NaN,KDYFGRWQOYBRFD-UHFFFAOYSA-N
2096,C[N+](C)(C)CCO,0,NaN,0,OEYIOHPDSNJKLS-UHFFFAOYSA-N
2097,O=C(O)c1cccnc1,0,NaN,0,PVNIIMVLHYAWGP-UHFFFAOYSA-N
2098,O=C(O)c1ccccc1,0,NaN,0,WPYMKLBDIGXBTP-UHFFFAOYSA-N
2099,CCCC(CCC)C(N)=O,0,NaN,NaN,OMOMUFTZPTXCHP-UHFFFAOYSA-N
2100,C[C@H](N)C(=O)O,0,NaN,NaN,QNAYBMKLOCPYGJ-REOHCLBHSA-N
2101,NC(=O)CN1CCCC1=O,0,NaN,0,GMZVRMREEHBGGF-UHFFFAOYSA-N
2102,CC(N)CCCC(C)(C)O,0,NaN,NaN,LREQLEBVOXIEOM-UHFFFAOYSA-N
2103,CC(COc1ccccc1)NN,0,NaN,NaN,QNEXFJFTGQBXBJ-UHFFFAOYSA-N
2104,O=C(O)CCCCC1CCSS1,0,NaN,NaN,AGBQKNBQESQNJD-UHFFFAOYSA-N
2105,Nc1ccc(C(=O)O)cc1,0,NaN,NaN,ALYNCZNDIQEVRV-UHFFFAOYSA-N
2106,CN(CC(=O)O)C(=N)N,0,NaN,NaN,CVSVTCORWBXHQV-UHFFFAOYSA-N
2107,CC(C)(N)Cc1ccccc1,0,NaN,NaN,DHHVAGZRUROJKS-UHFFFAOYSA-N
2108,CC(N)C(O)c1ccccc1,0,NaN,NaN,DLNKOYKMWOXYQA-UHFFFAOYSA-N
2109,Cc1ccccc1OCC(O)CO,0,NaN,NaN,JWDYCNIAQWPBHD-UHFFFAOYSA-N
2110,N[C@@H](CO)C(=O)O,0,NaN,NaN,MTCFGRXMJLQNBG-REOHCLBHSA-N
2111,CCC(C)C(CC)C(N)=O,0,NaN,NaN,QRCJOCOSPZMDJY-UHFFFAOYSA-N
2112,CCOc1ccccc1C(N)=O,0,NaN,NaN,SBNKFTQSBPKMBZ-UHFFFAOYSA-N
2113,CCCCNC(=N)NC(=N)N,0,NaN,NaN,XSEUMFJMFFMCIU-UHFFFAOYSA-N
2114,NCCC[C@H](N)C(=O)O,0,NaN,NaN,AHLPHDHHMVZTML-BYPYZUCNSA-N
2115,C[N+](C)(C)CC(=O)O,0,NaN,NaN,KWIUHFFTVRNATP-UHFFFAOYSA-O
2116,COC(=O)c1ccc(O)cc1,0,NaN,0,LXCFILQKKLGQFO-UHFFFAOYSA-N
2117,Cc1ncc(CO)c(CO)c1O,0,NaN,NaN,LXNHXLLTXMVWPM-UHFFFAOYSA-N
2118,O=C(O)[C@@H]1CCCN1,0,NaN,NaN,ONIBWKKTOPOVIA-BYPYZUCNSA-N
2119,Cc1ccc(O)c2ncccc12,0,NaN,NaN,RPVGLMKJGQMQSN-UHFFFAOYSA-N
2120,O=C(O)c1cc(O)ccc1O,0,NaN,NaN,WXTMDXOMEHJXQO-UHFFFAOYSA-N
2121,N=C(N)NCCN1CCCCCCC1,0,NaN,0,ACGDKVXYNVEAGU-UHFFFAOYSA-N
2122,NC(=O)CN1CC(O)CC1=O,0,NaN,NaN,IHLAQQPQKRMGSS-UHFFFAOYSA-N
2123,CCOC(=O)c1ccc(O)cc1,0,NaN,NaN,NUVBSKCKDOMJSU-UHFFFAOYSA-N
2124,CCOc1ccc(NC(C)=O)cc1,0,NaN,0,CPJSUEIXXCENMM-UHFFFAOYSA-N
2125,NCC(CC(=O)O)c1ccccc1,0,NaN,NaN,DAFOCGYVTAOKAJ-UHFFFAOYSA-N
2126,CC(C)OP(=O)(F)OC(C)C,0,NaN,NaN,MUCZHBLJLSDCSD-UHFFFAOYSA-N
2127,CCN(CC)C(=O)c1cccnc1,0,NaN,NaN,NCYVXEGFNDZQCU-UHFFFAOYSA-N
2128,CC(C)NNC(=O)c1ccncc1,0,NaN,0,NYMGNSNKLVNMIA-UHFFFAOYSA-N
2129,CC(=O)OCC[N+](C)(C)C,0,NaN,NaN,OIPILFWXSMYKGL-UHFFFAOYSA-N
2130,CCCOC(=O)c1ccc(O)cc1,0,NaN,NaN,QELSKZZBTMNZEB-UHFFFAOYSA-N
2131,CCCCCCOc1ccccc1C(N)=O,0,NaN,NaN,CKSJXOVLXUMMFF-UHFFFAOYSA-N
2132,NC(=O)C[C@H](N)C(=O)O,0,NaN,NaN,DCXYFEDJOCDNAF-REOHCLBHSA-N
2133,Nc1ccc(S(N)(=O)=O)cc1,0,NaN,0,FDDDEECHVMSUSB-UHFFFAOYSA-N
2134,CCCCOC(=O)c1ccc(N)cc1,0,NaN,0,IUWVALYLNVXWKX-UHFFFAOYSA-N
2135,CC1=CCC(C(C)(C)O)CC1O,0,NaN,NaN,OMDMTHRBGUBUCO-UHFFFAOYSA-N
2136,C[Se]CC[C@H](N)C(=O)O,0,NaN,NaN,RJFAYQIBOAGBLC-BYPYZUCNSA-N
2137,NCCCC(N)(C(=O)O)C(F)F,0,NaN,NaN,VLCYCQAOQCDTCN-UHFFFAOYSA-N
2138,Oc1ccc(OCc2ccccc2)cc1,0,NaN,0,VYQNWZOUAUKGHI-UHFFFAOYSA-N
2139,CC1OC2(CS1)CN1CCC2CC1,0,NaN,NaN,WUTYZMFRCNBCHQ-UHFFFAOYSA-N
2141,CC(C)(N)Cc1ccc(Cl)cc1,0,NaN,NaN,ZCKAMNXUHHNZLN-UHFFFAOYSA-N
2142,OC1C(O)C(O)C(O)C(O)C1O,0,NaN,NaN,CDAISMWEOUEBRE-UHFFFAOYSA-N
2143,N[C@@H](CC(=O)O)C(=O)O,0,NaN,NaN,CKLJMWTZIZZHCS-REOHCLBHSA-N
2144,CNC(=O)Oc1cccc2ccccc12,0,NaN,NaN,CVXBEEMKQHEXEN-UHFFFAOYSA-N
2145,O=C(O)CCNC(=O)c1ccccc1,0,NaN,0,CWXYHOHYCJXYFQ-UHFFFAOYSA-N
2146,Cc1cc(=O)oc2cc(O)ccc12,0,NaN,NaN,HSHNITRMYYLLCV-UHFFFAOYSA-N
2147,CCC(=O)c1c(O)cc(O)cc1O,0,NaN,NaN,PTHLEKANMPKYDB-UHFFFAOYSA-N
2148,Oc1c(I)cc(Cl)c2cccnc12,0,NaN,NaN,QCDFBFJGMNKBDO-UHFFFAOYSA-N
2149,NCc1ccc(S(N)(=O)=O)cc1,0,NaN,NaN,TYMRLRRVMHJFTF-UHFFFAOYSA-N
2150,Cc1cccc(C)c1NC(=O)C(C)N,0,NaN,0,BUJAGSGYPOAWEI-UHFFFAOYSA-N
2151,CC(C)Cc1ccc(CC(=O)O)cc1,0,NaN,NaN,CYWFCPPBTWOZSF-UHFFFAOYSA-N
2152,CCN(CC)c1cc(C)nc2ncnn12,0,NaN,NaN,GSNOZLZNQMLSKJ-UHFFFAOYSA-N
2153,Cc1cc(=O)[nH]c(=S)[nH]1,0,NaN,NaN,HWGBHCRJGXAGEU-UHFFFAOYSA-N
2154,CCCCOc1ccc(CC(=O)NO)cc1,0,NaN,NaN,MXJWRABVEGLYDG-UHFFFAOYSA-N
2155,CCCCCCCCCCCCCCCCCC(=O)O,0,NaN,NaN,QIQXTHQIDYTFRH-UHFFFAOYSA-N
2156,CCN(CC)C(=O)N1CCN(C)CC1,0,NaN,NaN,RCKMWOKWVGPNJF-UHFFFAOYSA-N
2157,O=C(OCc1ccccc1)c1ccccc1,0,NaN,NaN,SESFRYSPDFLNCH-UHFFFAOYSA-N
2158,CC(C)(C)C(=O)NCCCC(=O)O,0,NaN,NaN,SRPNQDXRVRCTNK-UHFFFAOYSA-N
2159,Oc1c(Cl)cc(Cl)c2cccnc12,0,NaN,NaN,WDFKMLRRRCGAKS-UHFFFAOYSA-N
2160,N[C@@H](CCC(=O)O)C(=O)O,0,NaN,NaN,WHUUTDBJXJRKMK-VKHMYHEASA-N
2161,Nc1c2c(nc3ccccc13)CCCC2,0,NaN,0,YLJREFDVOIBQDA-UHFFFAOYSA-N
2162,C=CCOc1ccc(CC(=O)O)cc1Cl,0,NaN,NaN,ARHWPKZXBHOEEE-UHFFFAOYSA-N
2163,C[C@@H](O)[C@H](N)C(=O)O,0,NaN,NaN,AYFVYJQAPQTCCC-GBXIJSLDSA-N
2164,N[C@@H](Cc1ccccc1)C(=O)O,0,NaN,NaN,COLNVLDHVKWLRT-QMMMGPOBSA-N
2165,Clc1cc(Cl)c(OCC#CI)cc1Cl,0,NaN,0,CTETYYAZBPJBHE-UHFFFAOYSA-N
2166,O=C(O)c1ccccc1OP(=O)(O)O,0,NaN,NaN,FFKUDWZICMJVPA-UHFFFAOYSA-N
2167,Nc1c2c(nc3ccccc13)CCCC2O,0,NaN,NaN,HLVVITIHAZBPKB-UHFFFAOYSA-N
2168,Nc1ccc(C(=O)NCC(=O)O)cc1,0,NaN,NaN,HSMNQINEKMPTIC-UHFFFAOYSA-N
2169,CCCCCCCCCCCCCCCC(=O)NCCO,0,NaN,NaN,HXYVTAGFYLMHSO-UHFFFAOYSA-N
2170,CC(=O)Nc1ccc(CC(=O)O)cc1,0,NaN,NaN,MROJXXOCABQVEF-UHFFFAOYSA-N
2171,Cc1cccc(N2CC(CO)OC2=O)c1,0,NaN,NaN,MXUNKHLAEDCYJL-UHFFFAOYSA-N
2172,N=C(N)NCCC[C@H](N)C(=O)O,0,NaN,NaN,ODKSFYDXXFIFQN-BYPYZUCNSA-N
2173,NC(=O)NCCC[C@H](N)C(=O)O,0,NaN,NaN,RHGKLRLOHDJJDR-BYPYZUCNSA-N
2174,O=C(O)c1cc(=O)c2ccccc2o1,0,NaN,NaN,RVMGXWBCQGAWBR-UHFFFAOYSA-N
2175,C[C@H]1CNCCc2ccc(Cl)cc21,0,NaN,NaN,XTTZERNUQAFMOF-QMMMGPOBSA-N
2176,CCN(CC)C(C)C(=O)c1ccccc1,0,NaN,NaN,XXEPPPIWZFICOJ-UHFFFAOYSA-N
2177,O=C(O)CCc1nc2ccccc2[nH]1,0,NaN,NaN,XYWJNTOURDMTPI-UHFFFAOYSA-N
2178,CC(C)(C)NCC(O)c1ccccc1Cl,0,NaN,NaN,YREYLAVBNPACJM-UHFFFAOYSA-N
2179,Nc1ncnc(Nc2ccc(Cl)cc2)n1,0,NaN,NaN,YRZQHIVOIFJEEE-UHFFFAOYSA-N
2180,N=c1nc(N2CCCCC2)cc(N)n1O,0,NaN,NaN,ZIMGGGWCDYVHOY-UHFFFAOYSA-N
2181,COc1c2ccoc2cc2oc(=O)ccc12,0,NaN,NaN,BGEBZHIAGXMEMV-UHFFFAOYSA-N
2182,O=S(=O)([O-])c1cc(O)ccc1O,0,NaN,NaN,IKQCSJBQLWJEPU-UHFFFAOYSA-M
2183,O=C([O-])[C@@H]1CCC(O)=N1,0,NaN,NaN,ODHCTXKNWHHXJC-VKHMYHEASA-M
2184,Nc1ccc(N=Nc2ccccc2)c(N)n1,0,NaN,NaN,QPFYXYFORQJZEC-UHFFFAOYSA-N
2185,Nc1cc(-c2ccncc2)c[nH]c1=O,0,NaN,0,RNLQIBCLLYYYFJ-UHFFFAOYSA-N
2186,CCOC(=O)N1CSC[C@H]1C(=O)O,0,NaN,NaN,XBJWOGLKABXFJE-YFKPBYRVSA-N
2187,CCNC(C)Cc1cccc(C(F)(F)F)c1,0,NaN,NaN,DBGIVFWFUFKIQN-UHFFFAOYSA-N
2188,O=C(NNCS(=O)(=O)O)c1ccncc1,0,NaN,NaN,GQZQCROBCYNTMU-UHFFFAOYSA-N
2189,OC[C@@H](O)C(O)[C@@H](O)CO,0,NaN,NaN,HEBKCHPVOIAQTA-NGQZWQHPSA-N
2190,CCC1(c2ccccc2)CCC(=O)NC1=O,0,NaN,NaN,JMBQKKAJIKAWKF-UHFFFAOYSA-N
2191,O=C(O)CC(O)(CC(=O)O)C(=O)O,0,NaN,0,KRKNYBCHXYNGOX-UHFFFAOYSA-N
2192,C1=Cc2cccc(OCC3CNCCO3)c2C1,0,NaN,NaN,MADRVGBADLFHMO-UHFFFAOYSA-N
2193,O=C(O)[C@@H]1C[C@@H](O)CN1,0,NaN,NaN,PMMYEEVYMWASQN-DMTCNVIQSA-N
2194,O=C(O)Cc1ccc(-c2ccccc2)cc1,0,NaN,0,QRZAKQDHEVVFRX-UHFFFAOYSA-N
2195,CN=C(N)NC(=O)Nc1c(C)cccc1C,0,NaN,NaN,RRHJHSBDJDZUGL-UHFFFAOYSA-N
2196,Cn1c(=O)c2c(ncn2C)n(C)c1=O,0,NaN,0,RYYVLZVUVIJVGH-UHFFFAOYSA-N
2197,NC(=O)OCC(O)COc1ccc(Cl)cc1,0,NaN,NaN,SKPLBLUECSEIFO-UHFFFAOYSA-N
2198,CCCCC1(CC)C(=O)NC(=O)NC1=O,0,NaN,NaN,STDBAQMTJLUMFW-UHFFFAOYSA-N
2199,CC(C)(Oc1ccc(Cl)cc1)C(=O)O,0,NaN,0,TXCGAZHTZHNUAI-UHFFFAOYSA-N
2200,CN1CCCN=C1/C=C/c1cccc(O)c1,0,NaN,NaN,VRYKTHBAWRESFI-VOTSOKGWSA-N
2201,CCCNC(C)(C)COC(=O)c1ccccc1,0,NaN,NaN,VXJABHHJLXLNMP-UHFFFAOYSA-N
2202,C[C@H](N)Cn1ncc2ccc(O)cc21,0,0,NaN,WBYHTZYHAFNBKW-ZETCQYMHSA-N
2203,c1ccc2[nH]c(-c3cscn3)nc2c1,0,NaN,0,WJCNZQLZVWNLKY-UHFFFAOYSA-N
2204,COc1nc(C)nc(Cl)c1NC1=NCCN1,0,0,0,WPNJAUFVNXKLIM-UHFFFAOYSA-N
2205,CCCCCCCC/C=C\CCCCCCCC(=O)O,0,NaN,NaN,ZQPPMHVWECSIRJ-KTKRTIGZSA-N
2206,COc1ccc(C(=O)N2CCCC2=O)cc1,0,NaN,0,ZXNRTKGTQJPIJK-UHFFFAOYSA-N
2207,N=C(N)NS(=O)(=O)c1ccc(N)cc1,0,NaN,NaN,BRBKOPJOKNSWSG-UHFFFAOYSA-N
2208,CC(C)Cc1ccc(C(C)C(=O)NO)cc1,0,NaN,NaN,BYPIURIATSUHDW-UHFFFAOYSA-N
2209,c1ccc([C@H]2CN3CCSC3=N2)cc1,0,NaN,0,HLFSDGLLUJUHTE-SNVBAGLBSA-N
2210,Cc1ccc2c(c1)c1c3n2CCNC3CCC1,0,NaN,NaN,IWVRVEIKCBFZNF-UHFFFAOYSA-N
2211,CCC1(c2cccc(O)c2)CCCCN(C)C1,0,NaN,NaN,JLICHNCFTLFZJN-UHFFFAOYSA-N
2212,CC(c1cc2ccccc2s1)N(O)C(N)=O,0,NaN,0,MWLSOWXNZPKENC-UHFFFAOYSA-N
2213,N[C@@H](Cc1ccc(O)cc1)C(=O)O,0,NaN,NaN,OUYCCCASQSFEME-QMMMGPOBSA-N
2214,c1coc(CNc2ncnc3[nH]cnc23)c1,0,NaN,NaN,QANMHLXAZMSUEX-UHFFFAOYSA-N
2215,CCC(C(=O)O)c1ccc(CC(C)C)cc1,0,NaN,NaN,UULSXYSSHHRCQK-UHFFFAOYSA-N
2216,CN(C)c1nc(N(C)C)nc(N(C)C)n1,0,NaN,0,UUVWYPNAQBNQJQ-UHFFFAOYSA-N
2217,CC(C)(C)NCC(O)COc1ccccc1C#N,0,NaN,NaN,VCVQSRCYSKKPBA-UHFFFAOYSA-N
2218,NC(=O)NS(=O)(=O)c1ccc(N)cc1,0,NaN,NaN,WVAKABMNNSMCDK-UHFFFAOYSA-N
2219,CC(C)NC[C@H](O)COc1ccc(O)cc1,0,NaN,NaN,ADUKCCWBEDSMEB-NSHDSACASA-N
2220,CC(=O)N=c1sc(S(N)(=O)=O)nn1C,0,NaN,NaN,FLOSMHQXBMRNHR-UHFFFAOYSA-N
2221,C=C(C)CNc1ccc(C(C)C(=O)O)cc1,0,NaN,NaN,FPHLBGOJWPEVME-UHFFFAOYSA-N
2222,CCC1(c2ccccc2)NC(=O)N(C)C1=O,0,NaN,NaN,GMHKMTDVRCWUDX-UHFFFAOYSA-N
2223,Nc1ccc(S(=O)(=O)Nc2nccs2)cc1,0,NaN,0,JNMRHUJNCSQMMB-UHFFFAOYSA-N
2224,c1ccc(C2(N3CCCCC3)CCCCC2)cc1,0,NaN,NaN,JTJMJGYZQZDUJJ-UHFFFAOYSA-N
2225,CCOC(=O)C(C)(C)Oc1ccc(Cl)cc1,0,NaN,0,KNHUKKLJHYUCFP-UHFFFAOYSA-N
2226,Cc1ncc(COP(=O)(O)O)c(C=O)c1O,0,NaN,NaN,NGVDGCNFYWLIFO-UHFFFAOYSA-N
2227,CCOc1ccc2nc(S(N)(=O)=O)sc2c1,0,NaN,NaN,OUZWUKMCLIBBOG-UHFFFAOYSA-N
2228,COc1cc(C)nc(-n2nc(C)cc2OC)n1,0,NaN,NaN,RHAXSHUQNIEUEY-UHFFFAOYSA-N
2229,CC(C)(CO)[C@@H](O)C(=O)NCCCO,0,NaN,NaN,SNPLKNRPJHDVJA-ZETCQYMHSA-N
2230,CN(C1=NCCN1)c1ccc2c(c1)OCCO2,0,0,0,VSEIJSADDBOANG-UHFFFAOYSA-N
2231,Oc1cc(Cl)ccc1Oc1ccc(Cl)cc1Cl,0,NaN,NaN,XEFQLINVKFYRCS-UHFFFAOYSA-N
2232,CN1C(=O)N(C)C2C1N(C)C(=O)N2C,0,NaN,NaN,XIUUSFJTJXFNGH-UHFFFAOYSA-N
2233,CCC(C)C1(CC)C(=O)NC(=O)NC1=O,0,NaN,NaN,ZRIHAIZYIMGOAB-UHFFFAOYSA-N
2234,Nc1nc(N)nc(-c2cc(Cl)ccc2Cl)n1,0,NaN,0,ATCGGEJZONJOCL-UHFFFAOYSA-N
2235,Cc1ncc2c(c1O)COC2c1ccc(Cl)cc1,0,NaN,NaN,CVKNDPRBJVBDSS-UHFFFAOYSA-N
2236,COc1ccc2[nH]cc(CCNC(C)=O)c2c1,0,NaN,0,DRLFMBDRBRZALE-UHFFFAOYSA-N
2237,Cc1ccc(C(=O)C(C)CN2CCCCC2)cc1,0,NaN,0,FSKFPVLPFLJRQB-UHFFFAOYSA-N
2238,O=C(NCCO[N+](=O)[O-])c1cccnc1,0,NaN,NaN,LBHIOVVIQHSOQN-UHFFFAOYSA-N
2239,O=[N+]([O-])c1cncn1CCN1CCOCC1,0,NaN,NaN,MDJFHRLTPRPZLY-UHFFFAOYSA-N
2240,O=[N+]([O-])c1ccc(O)c2ncccc12,0,NaN,NaN,RJIWZDNTCBHXAL-UHFFFAOYSA-N
2241,CCC1(c2ccc(N)cc2)CCC(=O)NC1=O,0,NaN,0,ROBVIMPUHSLWNV-UHFFFAOYSA-N
2242,O=C1NCC2(CCN(CCc3ccccc3)CC2)O1,0,NaN,NaN,FVNFBBAOMBJTST-UHFFFAOYSA-N
2243,OC[C@@H](O)[C@H](O)[C@@H](O)CO,0,NaN,NaN,HEBKCHPVOIAQTA-SCDXWVJYSA-N
2244,CC(C)Cc1ccc([C@H](C)C(=O)O)cc1,0,NaN,0,HEFNNWSXXWATRW-JTQLQIEISA-N
2245,CC(C)(C)NCC(O)COc1cccc2c1SCCC2,0,NaN,NaN,HTWFXPCUFWKXOP-UHFFFAOYSA-N
2246,O=C(O)Cc1ccccc1Oc1ccc(Cl)cc1Cl,0,NaN,NaN,IDKAXRLETRCXKS-UHFFFAOYSA-N
2247,Cc1ncc([N+](=O)[O-])n1CC(O)CCl,0,NaN,NaN,IPWKIXLWTCNBKN-UHFFFAOYSA-N
2248,Nc1c(Br)cc(Br)cc1CNC1CCC(O)CC1,0,NaN,NaN,JBDGDEWWOUBZPM-UHFFFAOYSA-N
2249,Nc1ccc(S(=O)(=O)c2cnc(N)s2)cc1,0,NaN,NaN,KVEZIRCKNOTGKY-UHFFFAOYSA-N
2250,CC(CN(C)C)C(C)(O)Cc1ccc(Cl)cc1,0,NaN,NaN,KVHHQGIIZCJATJ-UHFFFAOYSA-N
2251,OC[C@@H](O)CN1CCN(c2ccccc2)CC1,0,NaN,NaN,PTVWPYVOOKLBCG-ZDUSSCGKSA-N
2252,O=C1NCCN1c1ncc([N+](=O)[O-])s1,0,NaN,NaN,RDXLYGJSWZYTFJ-UHFFFAOYSA-N
2253,CCCn1c(=O)[nH]c(=O)c2nc[nH]c21,0,NaN,NaN,SIQPXVQCUCHWDI-UHFFFAOYSA-N
2254,CCc1ccc(C(=O)C(C)CN2CCCCC2)cc1,0,NaN,0,SQUNAWUMZGQQJD-UHFFFAOYSA-N
2255,CN1CCN(C(c2ccccc2)c2ccccc2)CC1,0,NaN,NaN,UVKZSORBKUEBAZ-UHFFFAOYSA-N
2256,C=CCC1(CC(C)C)C(=O)NC(=O)NC1=O,0,NaN,NaN,UZVHFVZFNXBMQJ-UHFFFAOYSA-N
2257,CC(C)C(=O)c1c(C(C)C)nn2ccccc12,0,NaN,NaN,ZJVFLBOZORBYFE-UHFFFAOYSA-N
2258,Cc1cccc(C)c1NC(=O)CC12CCCN1CCC2,0,NaN,NaN,BCQTVJKBTWGHCX-UHFFFAOYSA-N
2259,CCOc1ccccc1OC(c1ccccc1)C1CNCCO1,0,NaN,NaN,CBQGYUDMJHNJBX-UHFFFAOYSA-N
2260,O=C1O[C@H]([C@@H](O)CO)C(O)=C1O,0,NaN,0,CIWBSHSKHKDKBQ-JLAZNSOCSA-N
2261,CCCCN(CCCC)CCCOC(=O)c1ccc(N)cc1,0,NaN,NaN,HQFWVSGBVLEQGA-UHFFFAOYSA-N
2262,Cc1ncc(C[n+]2csc(CCO)c2C)c(N)n1,0,NaN,NaN,JZRWCGZRTZMZEH-UHFFFAOYSA-N
2263,COc1nccnc1NS(=O)(=O)c1ccc(N)cc1,0,NaN,NaN,KXRZBTAEDBELFD-UHFFFAOYSA-N
2264,CC(O)Cn1cnc2c1c(=O)n(C)c(=O)n2C,0,NaN,NaN,KYHQZNGJUGFTGR-UHFFFAOYSA-N
2265,CCn1cc(C(=O)O)c(=O)c2ccc(C)nc21,0,NaN,NaN,MHWLWQUZZRMNGJ-UHFFFAOYSA-N
2266,CC(C)[C@@H]1CC[C@@H](C)C[C@H]1O,0,NaN,NaN,NOOLISFMXDJSKH-KXUCPTDWSA-N
2267,Cc1c(C(C)C)c(=O)n(-c2ccccc2)n1C,0,NaN,NaN,PXWLVJLKJGVOKE-UHFFFAOYSA-N
2268,CCOC(=O)NNc1ccc(N(CC)CC(C)O)nn1,0,NaN,NaN,QLTVVOATEHFXLT-UHFFFAOYSA-N
2269,CCN(CC)CC(=O)Oc1ccc(NC(C)=O)cc1,0,NaN,NaN,QTGAJCQTLIRCFL-UHFFFAOYSA-N
2270,CCCNC(=O)NS(=O)(=O)c1ccc(Cl)cc1,0,NaN,0,RKWGIWYCVPQPMF-UHFFFAOYSA-N
2271,Cc1c(N(C)C)c(=O)n(-c2ccccc2)n1C,0,NaN,NaN,RMMXTBMQSGEXHJ-UHFFFAOYSA-N
2272,CC(=O)Oc1cc(C(F)(F)F)ccc1C(=O)O,0,NaN,NaN,RMWVZGDJPAKBDE-UHFFFAOYSA-N
2273,CC1(CCN2CCCCC2)C(=O)CCc2ccccc21,0,NaN,NaN,RVXGRCNWGOHSDE-UHFFFAOYSA-N
2274,COC(=O)[C@@H](N)Cc1ccc(O)c(O)c1,0,NaN,NaN,XBBDACCLCFWBSI-ZETCQYMHSA-N
2275,O=C(O)c1cc(-c2ccccc2)nc2ccccc12,0,NaN,NaN,YTRMTPPVNRALON-UHFFFAOYSA-N
2276,COC(=O)CCc1ccc(OCC(O)CNC(C)C)cc1,0,NaN,0,AQNDDEOPVVGCPG-UHFFFAOYSA-N
2277,O=C(O)COc1nn(Cc2ccccc2)c2ccccc12,0,NaN,NaN,BYFMCKSPFYVMOU-UHFFFAOYSA-N
2278,CC/C=C\C/C=C\C/C=C\CCCCCCCC(=O)O,0,NaN,NaN,DTOSIQBPPRVQHS-PDBXOOCHSA-N
2279,CCN(CC)CCNC(=O)c1cc(Br)c(N)cc1OC,0,NaN,NaN,GIYAQDDTCWHPPL-UHFFFAOYSA-N
2280,Cc1cccn2c(=O)c(-c3nnn[nH]3)cnc12,0,NaN,NaN,HIANJWSAHKJQTH-UHFFFAOYSA-N
2281,COc1c2occc2c(OC)c2c(=O)cc(C)oc12,0,NaN,NaN,HSMPDPBYAYSOBC-UHFFFAOYSA-N
2282,Cn1c(=O)c2c(ncn2CC(O)CO)n(C)c1=O,0,NaN,0,KSCFJBIXMNOVSH-UHFFFAOYSA-N
2283,O=S(=O)(c1cccc2cnccc12)N1CCCNCC1,0,NaN,NaN,NGOGFTYYXHNFQH-UHFFFAOYSA-N
2284,O=C(CCNNC(=O)c1ccncc1)NCc1ccccc1,0,NaN,NaN,NOIIUHRQUVNIDD-UHFFFAOYSA-N
2285,Cc1cc2c(OCC(O)CNC(C)C)cccc2[nH]1,0,NaN,NaN,NXWGWUVGUSFQJC-UHFFFAOYSA-N
2286,CCC1(C2=CCCCCC2)C(=O)NC(=O)NC1=O,0,NaN,NaN,PAZQYDJGLKSCSI-UHFFFAOYSA-N
2287,CC(C(=O)O)c1ccc(N2CC=CC2)c(Cl)c1,0,NaN,NaN,PIDSZXPFGCURGN-UHFFFAOYSA-N
2288,COc1ccccc1OC1(C)OC(=O)c2ccccc2O1,0,NaN,NaN,PSVDIHULUCLEJE-UHFFFAOYSA-N
2289,Cc1ccnc(NS(=O)(=O)c2ccc(N)cc2)n1,0,NaN,0,QPPBRPIAZZHUNT-UHFFFAOYSA-N
2290,OC(CCN1CCCCC1)(c1ccccc1)c1ccccc1,0,NaN,NaN,RQXCLMGKHJWMOA-UHFFFAOYSA-N
2291,CC(C(=O)O)c1ccc2c(c1)Cc1cccnc1O2,0,NaN,NaN,TVQZAMVBTVNYLA-UHFFFAOYSA-N
2292,N/N=c1\[nH][nH]/c(=N\N)c2ccccc12,0,NaN,NaN,VQKLRVZQQYVIJW-UHFFFAOYSA-N
2293,CCCCC/C=C\C/C=C\C/C=C\CCCCC(=O)O,0,NaN,NaN,VZCCETWTMQHEPK-QNEBEIHSSA-N
2294,CCOC(=O)[N-]c1c[n+](N2CCOCC2)no1,0,NaN,NaN,XLFWDASMENKTKL-UHFFFAOYSA-N
2295,COc1cc(C(=O)NC2CCCNC2)cc(OC)c1OC,0,NaN,0,YSIITVVESCNIPR-UHFFFAOYSA-N
2296,CC(C)N1CCOC(c2cccc(C(F)(F)F)c2)C1,0,NaN,NaN,FVYUQFQCEOZYHZ-UHFFFAOYSA-N
2297,Cn1c(=O)c2c(ncn2CC2OCCO2)n(C)c1=O,0,NaN,0,HWXIGFIVGWUZAO-UHFFFAOYSA-N
2298,NC(=O)N/N=C/c1ccc([N+](=O)[O-])o1,0,NaN,NaN,IAIWVQXQOWNYOU-FPYGCLRLSA-N
2299,c1ccc(C2(c3ccccc3)CC2C2=NCCN2)cc1,0,NaN,NaN,IPOBOOXFSRWSHL-UHFFFAOYSA-N
2300,N[C@@H](CSSC[C@H](N)C(=O)O)C(=O)O,0,NaN,NaN,LEVWYRKDKASIDU-IMJSIDKUSA-N
2301,OC(CCCN1CCCCC1)(c1ccccc1)c1ccccc1,0,NaN,0,OGAKLTJNUQRZJU-UHFFFAOYSA-N
2302,CN(C/C=C/c1ccccc1)Cc1cccc2ccccc12,0,NaN,NaN,OZGNYLLQHRPOBR-DHZHZOJOSA-N
2303,CC(c1ccc(Cl)c(Cl)c1)N1N=C(N)CC1=O,0,NaN,NaN,RLWRMIYXDPXIEX-UHFFFAOYSA-N
2304,CN1CCC(=C2c3ccccc3CCc3cccnc32)CC1,0,NaN,NaN,SEBMTIQKRHYNIT-UHFFFAOYSA-N
2305,O=C(O)c1ccccc1Nc1cc(Cl)ccc1C(=O)O,0,NaN,NaN,UGDPYGKWIHHBMB-UHFFFAOYSA-N
2306,COc1ccc(NS(=O)(=O)c2ccc(N)cc2)nn1,0,NaN,NaN,VLYWMPOKSSWJAL-UHFFFAOYSA-N
2307,O=C(CO)[C@@H](O)[C@H](O)[C@H](O)CO,0,NaN,NaN,BJHIKXHVCXFQLS-UYFOZJQFSA-N
2308,Cc1ccc(Nc2c(F)cccc2Cl)c(CC(=O)O)c1,0,NaN,NaN,KHPKQFYUPIUARC-UHFFFAOYSA-N
2309,O=C(O)CCCCCCNC1c2ccccc2CCc2ccccc21,0,NaN,NaN,ONNOFKFOZAJDHT-UHFFFAOYSA-N
2310,CC(C)CC(N(C)C)C1(c2ccc(Cl)cc2)CCC1,0,NaN,0,UNAANXDKBXWMLN-UHFFFAOYSA-N
2311,CCOC(=O)/C=C1\SC(N2CCCCC2)C(=O)N1C,0,NaN,NaN,ZCKKHYXUQFTBIK-KTKRTIGZSA-N
2312,CN1C(=O)CN=C(c2ccccc2)c2cc(Cl)ccc21,0,NaN,0,AAOVKJBEBIDNHE-UHFFFAOYSA-N
2313,CC(C)Cc1ccc(C(C)C(=O)OCc2ccccn2)cc1,0,NaN,NaN,ACEWLPOYLGNNHV-UHFFFAOYSA-N
2314,CC1CCc2cc(F)cc3c(=O)c(C(=O)O)cn1c23,0,NaN,NaN,DPSPPJIUMHPXMA-UHFFFAOYSA-N
2315,CC(C)(CO)[C@@H](O)C(=O)NCCC(=O)[O-],0,NaN,NaN,GHOKWGTUZJEAQD-ZETCQYMHSA-M
2316,CC(Cc1ccccc1)NCCC(c1ccccc1)c1ccccc1,0,NaN,NaN,IFFPICMESYHZPQ-UHFFFAOYSA-N
2317,Cc1[nH]c(=O)c(C#N)cc1-c1ccc2nccn2c1,0,NaN,NaN,JPAWFIIYTJQOKW-UHFFFAOYSA-N
2318,c1cnc2cc3c(cc2n1)[C@@H]1CNC[C@H]3C1,0,NaN,NaN,JQSHBVHOMNKWFT-DTORHVGOSA-N
2319,CC(C)(Oc1ccc(C2CC2(Cl)Cl)cc1)C(=O)O,0,NaN,0,KPSRODZRAIWAKH-UHFFFAOYSA-N
2320,CCn1cc(C(=O)O)c(=O)c2cc3c(cc21)OCO3,0,NaN,NaN,KYGZCKSPAKDVKC-UHFFFAOYSA-N
2321,N[C@@H](Cc1c[nH]c2ccc(O)cc12)C(=O)O,0,NaN,NaN,LDCYZAJDBXYCGN-VIFPVBQESA-N
2322,COc1cc(OC)c(C(=O)CCCN2CCCC2)c(OC)c1,0,NaN,0,OWYLAEYXIQKAOL-UHFFFAOYSA-N
2323,COc1ncnc(NS(=O)(=O)c2ccc(N)cc2)c1OC,0,NaN,0,PJSFRIWCGOHTNF-UHFFFAOYSA-N
2324,Cc1ccc(S(=O)(=O)NC(=O)NC2CCCCC2)cc1,0,NaN,NaN,RIGBPMDIGYBTBJ-UHFFFAOYSA-N
2325,CC(C(=O)O)c1ccc(N2Cc3ccccc3C2=O)cc1,0,NaN,NaN,RJMIEHBSYVWVIN-UHFFFAOYSA-N
2326,CC(C)Oc1ccc2c(=O)c(-c3ccccc3)coc2c1,0,NaN,0,SFBODOKJTYAUCM-UHFFFAOYSA-N
2327,O=C1CCC(N2C(=O)c3ccccc3C2=O)C(=O)N1,0,NaN,0,UEJJHQNACJXSKW-UHFFFAOYSA-N
2328,Nc1ccn([C@H]2CC[C@@H](CO)O2)c(=O)n1,0,NaN,NaN,WREGKURFCTUGRC-POYBYMJQSA-N
2329,Cc1cc(NS(=O)(=O)c2ccc(N)cc2)nc(C)n1,0,NaN,NaN,YZMCKZRAOLZXAZ-UHFFFAOYSA-N
2330,Nc1c(CC(=O)O)cccc1C(=O)c1ccc(Br)cc1,0,NaN,0,ZBPLOVFIXSTCRZ-UHFFFAOYSA-N
2331,CSc1ccc(C(=O)c2[nH]c(=O)[nH]c2C)cc1,0,NaN,NaN,ZJKNESGOIKRXQY-UHFFFAOYSA-N
2332,O=C(O)COc1ccc(C(=O)c2cccs2)c(Cl)c1Cl,0,NaN,0,AGHANLSBXUWXTB-UHFFFAOYSA-N
2333,Clc1ccc2c(c1)C(c1ccccc1)=NCc1nncn1-2,0,NaN,NaN,CDCHDCWJMGXXRH-UHFFFAOYSA-N
2334,Cc1cccc(C)c1NC(=O)CN(CC(=O)O)CC(=O)O,0,NaN,NaN,DJQJFMSHHYAZJD-UHFFFAOYSA-N
2335,CCCCC(CC)CN1CN(CC(CC)CCCC)CC(C)(N)C1,0,NaN,NaN,DTOUUUZOYKYHEP-UHFFFAOYSA-N
2336,CCOCC(O)COc1ccc(NC(=O)CC[S+](C)C)cc1,0,NaN,NaN,DYZJXZOQQRXDLE-UHFFFAOYSA-O
2337,NCC1CCC(C(=O)Oc2ccc(CCC(=O)O)cc2)CC1,0,NaN,NaN,FHRSHSOEWXUORL-UHFFFAOYSA-N
2338,O=C(O)CN(CCN(CC(=O)O)CC(=O)O)CC(=O)O,0,NaN,NaN,KCXVZYZYPLLWCC-UHFFFAOYSA-N
2339,O=C(O)c1cccc(-c2noc(-c3ccccc3F)n2)c1,0,NaN,NaN,OOUGLTULBSNHNF-UHFFFAOYSA-N
2340,CC(C)(C)N1CCC(c2ccccc2)(c2ccccc2)CC1,0,NaN,NaN,QIHLUZAFSSMXHQ-UHFFFAOYSA-N
2341,CC(=O)O[C@H](CC(=O)[O-])C[N+](C)(C)C,0,NaN,NaN,RDHQFKQIGNGIED-MRVPVSSYSA-N
2342,C[C@H](Cn1cnc2c(N)ncnc21)OCP(=O)(O)O,0,NaN,NaN,SGOIRFVFHAKUTI-ZCFIWIBFSA-N
2343,O=C(O)c1nn(Cc2ccc(Cl)cc2Cl)c2ccccc12,0,NaN,NaN,WDRYRZXSPDWGEB-UHFFFAOYSA-N
2344,CCOC(=O)c1ccc(OC(=O)CCCCCNC(=N)N)cc1,0,NaN,NaN,YKGYIDJEEQRWQH-UHFFFAOYSA-N
2345,OC(CCN1CCCCC1)(c1ccccc1)C1CC2C=CC1C2,0,NaN,NaN,YSXKPIUOCJLQIE-UHFFFAOYSA-N
2346,CC(CN1CC(=O)NC(=O)C1)N1CC(=O)NC(=O)C1,0,NaN,NaN,BMKDZUISNHGIBY-UHFFFAOYSA-N
2347,CC(=O)Oc1c(C)cc(OCC(O)CNC(C)C)c(C)c1C,0,NaN,NaN,BQIPXWYNLPYNHW-UHFFFAOYSA-N
2348,CN=C1CN(O)C(c2ccccc2)=c2cc(Cl)ccc2=N1,0,NaN,NaN,BUCORZSTKDOEKQ-UHFFFAOYSA-N
2349,O=C(C[S+]([O-])C(c1ccccc1)c1ccccc1)NO,0,NaN,NaN,CGNMLOKEMNBUAI-UHFFFAOYSA-N
2350,C[C@H](C(=O)O)c1cccc(C(=O)c2ccccc2)c1,0,NaN,0,DKYWVDODHFEZIM-NSHDSACASA-N
2351,C[C@H](N)C(=O)N[C@@H](CCC(N)=O)C(=O)O,0,NaN,NaN,HJCMDXDYPOUFDY-WHFBIAKZSA-N
2352,Cc1ccc2c(-c3ccccc3)nc(=O)n(C(C)C)c2c1,0,NaN,NaN,JTIGKVIOEQASGT-UHFFFAOYSA-N
2354,CC(C(=O)O)c1ccc2c(c1)CC(=O)c1ccccc1S2,0,NaN,NaN,MUXFZBHBYYYLTH-UHFFFAOYSA-N
2355,COc1ccc(C(=O)Nc2ccccc2CCC2CCCCN2C)cc1,0,NaN,NaN,PJWPNDMDCLXCOM-UHFFFAOYSA-N
2356,CCCn1cnc2c1c(=O)n(CCCCC(C)=O)c(=O)n2C,0,NaN,NaN,RBQOQRRFDPXAGN-UHFFFAOYSA-N
2357,CC(=O)OCC(=O)NCCCOc1cccc(CN2CCCCC2)c1,0,NaN,NaN,SMTZFNFIKUPEJC-UHFFFAOYSA-N
2358,C[N+](C)(C)CCOP(=O)([O-])OC[C@H](O)CO,0,NaN,0,SUHOQUVVVLNYQR-MRVPVSSYSA-N
2359,COc1ccc(CCNC[C@H](O)c2ccc(O)cc2)cc1OC,0,NaN,NaN,VHSBBVZJABQOSG-INIZCTEOSA-N
2360,Cc1nnc2n1-c1ccc(Cl)cc1C(c1ccccc1)=NC2,0,NaN,0,VREFGVBLTWBCJP-UHFFFAOYSA-N
2361,CCCCOC(=O)C(=O)Nc1cccc(-c2nnn[nH]2)c1,0,NaN,NaN,XQTARQNQIVVBRX-UHFFFAOYSA-N
2362,Cc1cc(CC(=O)O)n(C)c1C(=O)c1ccc(Cl)cc1,0,NaN,NaN,ZXVNMYWKKDOREA-UHFFFAOYSA-N
2363,COc1cc(NS(=O)(=O)c2ccc(N)cc2)nc(OC)n1,0,NaN,0,ZZORFUFYDOWNEF-UHFFFAOYSA-N
2364,CCN1CCCC1CNC(=O)c1cc(S(N)(=O)=O)ccc1OC,0,NaN,0,BGRJTUBHPOOWDU-UHFFFAOYSA-N
2365,Cc1ncc2n1-c1ccc(Cl)cc1C(c1ccccc1F)=NC2,0,NaN,NaN,DDLIGBOFAVUZHB-UHFFFAOYSA-N
2366,OC[C@@H](O)[C@@H](O)[C@H](O)[C@H](O)CO,0,NaN,0,FBPFZTCFMRRESA-KVTDHHQDSA-N
2367,CCN1CCC[C@H]1CNC(=O)c1c(OC)ccc(Br)c1OC,0,NaN,NaN,GUJRSXAPGDDABA-NSHDSACASA-N
2368,C/C=C/C/C=C/CCC(=O)[C@H]1O[C@H]1C(N)=O,0,NaN,NaN,GVEZIHKRYBHEFX-NQQPLRFYSA-N
2369,NC(=O)CCCN=C(c1ccc(Cl)cc1)c1cc(F)ccc1O,0,NaN,NaN,IBALRBWGSVJPAP-UHFFFAOYSA-N
2370,N=C(N)NCCCCCCC(=O)NC(O)C(=O)NCCCCNCCCN,0,NaN,NaN,IDINUJSAMVOPCM-UHFFFAOYSA-N
2371,COC1=C(OC)C(=O)C(CCCCCCCCCCO)=C(C)C1=O,0,NaN,0,JGPMMRGNQUBGND-UHFFFAOYSA-N
2372,CN1C2CCCC1CC(NC(=O)c1nn(C)c3ccccc13)C2,0,NaN,0,MFWNKCLOYSRHCJ-UHFFFAOYSA-N
2373,N[C@H]1C(O)O[C@H](CO)[C@@H](O)[C@@H]1O,0,NaN,NaN,MSWZFWKMSRAUBD-IVMDWMLBSA-N
2374,CC[N+](CC)(CC)CCC(O)(c1ccccc1)C1CCCCC1,0,NaN,NaN,NPRHVSBSZMAEIN-UHFFFAOYSA-N
2375,O=C1CC[C@@H](C(=O)N2CSC[C@H]2C(=O)O)N1,0,NaN,NaN,UUTKICFRNVKFRG-WDSKDSINSA-N
2376,CCc1cc2c(s1)-n1c(C)nnc1CN=C2c1ccccc1Cl,0,NaN,NaN,VMZUTJCNQWMAGF-UHFFFAOYSA-N
2377,COc1cccc(N(C)C(=S)Oc2ccc3c(c2)CCCC3)n1,0,NaN,NaN,VPHPQNGOVQYUMG-UHFFFAOYSA-N
2378,O=C(O)Cc1cn(-c2ccccc2)nc1-c1ccc(Cl)cc1,0,NaN,NaN,XVUQHFRQHBLHQD-UHFFFAOYSA-N
2379,N/N=c1/cc2c(n[nH]1)CCN(C(=O)c1ccccc1)C2,0,NaN,NaN,ALAXZYHFVBSJKZ-UHFFFAOYSA-N
2380,CCC(NC(C)C)C(O)c1ccc(O)c2[nH]c(=O)ccc12,0,NaN,NaN,FKNXQNWAXFXVNW-UHFFFAOYSA-N
2381,Cc1ccc2c(c1O)C[C@@H](C1CCCCC1)O[C@H]2CN,0,0,0,HSJYTPFWWPUYDT-HOTGVXAUSA-N
2382,Nc1nc(N)nc(Nc2ccc([As]3SCC(CO)S3)cc2)n1,0,NaN,NaN,JCYZMTMYPZHVBF-UHFFFAOYSA-N
2383,CCCC1C(=O)N2C(N(C)C)=Nc3ccc(C)cc3N2C1=O,0,NaN,NaN,MPHPHYZQRGLTBO-UHFFFAOYSA-N
2384,O=C(O)c1cc(N=Nc2ccc(O)c(C(=O)O)c2)ccc1O,0,NaN,NaN,QQBDLJCYGRGAKP-UHFFFAOYSA-N
2385,COc1ccc(C(=O)NCc2ccc(OCCN(C)C)cc2)cc1OC,0,NaN,NaN,QQQIECGTIMUVDS-UHFFFAOYSA-N
2386,CN(C(=O)c1c(O)c2ccccc2n(C)c1=O)c1ccccc1,0,NaN,NaN,SGOOQMRIPALTEL-UHFFFAOYSA-N
2387,O=C1Nc2ccccc2C1(c1ccc(O)cc1)c1ccc(O)cc1,0,NaN,NaN,SJDACOMXKWHBOW-UHFFFAOYSA-N
2388,CC(=O)Nc1c(I)c(NC(C)=O)c(I)c(C(=O)O)c1I,0,NaN,0,YVPYQUNUQOZFHG-UHFFFAOYSA-N
2389,Cc1c(NC(=O)c2cccnc2)c(=O)n(-c2ccccc2)n1C,0,NaN,NaN,BRZANEXCSZCZCI-UHFFFAOYSA-N
2390,CCCCC1C(=O)N(c2ccccc2)N(c2ccc(O)cc2)C1=O,0,NaN,NaN,HFHZKZSRXITVMK-UHFFFAOYSA-N
2391,CCN(C(C)=O)c1cccc(-c2ccnc3c(C#N)cnn23)c1,0,NaN,0,HUNXMJYCHXQEGX-UHFFFAOYSA-N
2392,NC(=O)CCC/N=C(\c1ccc(Cl)cc1)c1cc(F)ccc1O,0,NaN,NaN,IBALRBWGSVJPAP-HEHNFIMWSA-N
2393,CC/C=C\C/C=C\C/C=C\C/C=C\C/C=C\CCCC(=O)O,0,NaN,NaN,JAZBEHYOTPTENJ-JLNKQSITSA-N
2394,Cc1onc(-c2ccccc2)c1-c1ccc(S(N)(=O)=O)cc1,0,NaN,0,LNPDTQAFDNKSHK-UHFFFAOYSA-N
2395,O=C(O)c1cc(O)c2c3nc4ccccc4oc-3cc(=O)c2n1,0,NaN,NaN,OKPNYGAWTYOBFZ-UHFFFAOYSA-N
2396,Fc1ccc(C(c2ccccc2)(c2ccccc2F)n2ccnc2)cc1,0,NaN,NaN,QHMWCHQXCUNUAK-UHFFFAOYSA-N
2397,CC(=O)c1ccc(S(=O)(=O)NC(=O)NC2CCCCC2)cc1,0,NaN,NaN,VGZSUPCWNCWDAN-UHFFFAOYSA-N
2398,CCOC(=O)C(C)(CC)Oc1ccc(Cc2ccc(Cl)cc2)cc1,0,NaN,NaN,YWQGBCXVCXMSLJ-UHFFFAOYSA-N
2399,CC(C)(Oc1ccc(Cl)cc1)C(=O)NC(=O)NCN1CCOCC1,0,NaN,NaN,DDDQVDIPBFGVIG-UHFFFAOYSA-N
2400,CCN(CC)CCOC(=O)C(Cc1cccc2ccccc12)CC1CCCO1,0,NaN,NaN,KBAFPSLPKGSANY-UHFFFAOYSA-N
2401,Cc1c(N(C)CS(=O)(=O)O)c(=O)n(-c2ccccc2)n1C,0,NaN,NaN,LVWZTYCIRDMTEY-UHFFFAOYSA-N
2402,O=C(O)[C@H](O)[C@@H](O)[C@H](O)[C@H](O)CO,0,NaN,NaN,RGHNJXZEOKUKBD-SQOUGZDYSA-N
2403,CN(C)[C@@H](c1cccc(O)c1)[C@H]1CCCC[C@H]1O,0,NaN,NaN,UVTLONZTPXCUPU-ZNMIVQPWSA-N
2404,O=C1CN=C(c2ccccc2)c2cc(Cl)ccc2N1CC(F)(F)F,0,NaN,NaN,WYCLKVQLVUQKNZ-UHFFFAOYSA-N
2405,CNC1=Nc2ccc(Cl)cc2C(c2ccccc2)=[N+]([O-])C1,0,NaN,0,ANTSCNMPPGJYLG-UHFFFAOYSA-N
2406,CCN1CCC[C@H]1CNC(=O)c1cc(S(N)(=O)=O)ccc1OC,0,NaN,0,BGRJTUBHPOOWDU-NSHDSACASA-N
2407,C[C@@H](CN1CC(=O)NC(=O)C1)N1CC(=O)NC(=O)C1,0,NaN,NaN,BMKDZUISNHGIBY-ZETCQYMHSA-N
2408,COC(=O)Nc1nc2cc(C(=O)c3ccc(F)cc3)ccc2[nH]1,0,NaN,0,CPEUVMUXAHMANV-UHFFFAOYSA-N
2409,COc1ccc(-c2noc(CC(=O)O)c2-c2ccc(OC)cc2)cc1,0,NaN,NaN,DJEIHHYCDCTAAH-UHFFFAOYSA-N
2410,CS(=O)(=O)Nc1ccc([N+](=O)[O-])cc1Oc1ccccc1,0,NaN,0,HYWYRSMBCFDLJT-UHFFFAOYSA-N
2411,C/C(=C(/CCO)SSCC1CCCO1)N(C=O)Cc1cnc(C)nc1N,0,NaN,NaN,JTLXCMOFVBXEKD-FOWTUZBSSA-N
2412,COc1ccc(C(=O)NCc2cccnc2)cc1C(=O)NCc1cccnc1,0,NaN,NaN,KYWCWBXGRWWINE-UHFFFAOYSA-N
2413,CCN(CC)CCn1c(=O)c(Cc2ccc(OC)cc2)nc2ccccc21,0,NaN,NaN,MSPRUJDUTKRMLM-UHFFFAOYSA-N
2414,Cn1cc(C(=O)[C@@H]2CCc3[nH]cnc3C2)c2ccccc21,0,NaN,NaN,NTHPAPBPFQJABD-LLVKDONJSA-N
2416,CN1CCN(CC(=O)N2c3ccccc3C(=O)Nc3cccnc32)CC1,0,NaN,NaN,RMHMFHUVIITRHF-UHFFFAOYSA-N
2417,CS(=O)(=O)c1ccc(C2=C(c3ccccc3)C(=O)OC2)cc1,0,NaN,0,RZJQGNCSTQAWON-UHFFFAOYSA-N
2418,CC/C=C\C/C=C\C/C=C\C/C=C\C/C=C\CCCC(=O)OCC,0,NaN,NaN,SSQPWTVBQMWLSZ-AAQCHOMXSA-N
2419,CC(C)(Oc1ccc(Cl)cc1)C(=O)OCCOC(=O)c1cccnc1,0,NaN,NaN,XXRVYAFBUDSLJX-UHFFFAOYSA-N
2420,CC(=O)OC(C)OC(=O)C(C)c1ccc(-c2ccccc2)c(F)c1,0,NaN,NaN,ALIVXCSEERJYHU-UHFFFAOYSA-N
2421,O=C(OCCN1CCOCC1)c1cccnc1Nc1cccc(C(F)(F)F)c1,0,NaN,NaN,LDXSPUSKBDTEKA-UHFFFAOYSA-N
2422,Cc1cc(C)c(NC(=O)CN(CC(=O)O)CC(=O)O)c(C)c1Br,0,NaN,NaN,MHPZZZZLAQGTHT-UHFFFAOYSA-N
2423,Cc1cccc(C)c1NC(=O)c1cc(S(N)(=O)=O)c(Cl)cc1O,0,NaN,NaN,MTZBBNMLMNBNJL-UHFFFAOYSA-N
2424,CN1[C@@H]2CC[C@H]1CC(OC(=O)C(CO)c1ccccc1)C2,0,NaN,NaN,RKUNBYITZUJHSG-PJPHBNEVSA-N
2425,CN1C(=O)COc2c(C(=O)NC3CN4CCC3CC4)cc(Cl)cc21,0,NaN,0,WUKZPHOXUVCQOR-UHFFFAOYSA-N
2426,O=C(Nc1ccccc1)OCC(CN1CCCCC1)OC(=O)Nc1ccccc1,0,NaN,NaN,YUGZHQHSNYIFLG-UHFFFAOYSA-N
2427,Cc1cc(NC(=O)C2=C(O)c3ccccc3S(=O)(=O)N2C)no1,0,NaN,NaN,YYUAYBYLJSNDCX-UHFFFAOYSA-N
2428,CS(=O)(=O)Nc1cc2occ(NC=O)c(=O)c2cc1Oc1ccccc1,0,NaN,NaN,ANMATWQYLIFGOK-UHFFFAOYSA-N
2429,O=C1CN=C(c2ccccc2Cl)c2cc([N+](=O)[O-])ccc2N1,0,NaN,0,DGBIGWXXNGSACT-UHFFFAOYSA-N
2430,NC[C@H]1CC[C@H](C(=O)Oc2ccc(CCC(=O)O)cc2)CC1,0,NaN,0,FHRSHSOEWXUORL-HDJSIYSDSA-N
2431,NS(=O)(=O)c1cc(-c2nnn[nH]2)c(NCc2cccs2)cc1Cl,0,NaN,NaN,HMEDEBAJARCKCT-UHFFFAOYSA-N
2432,CC(C)(C)CC(C)(C)c1ccc(O)c(Cc2ccc(Cl)cc2Cl)c1,0,NaN,NaN,HQVZOORKDNCGCK-UHFFFAOYSA-N
2433,COc1cc(C[C@@H]2NCCc3cc(O)c(O)cc32)cc(OC)c1OC,0,NaN,NaN,RGVPOXRFEPSFGH-AWEZNQCLSA-N
2434,C=CCN1CCCC1CNC(=O)c1cc(S(N)(=O)=O)cc(OC)c1OC,0,NaN,NaN,RYJXBGGBZJGVQF-UHFFFAOYSA-N
2435,CCN(CC)CCN1C(=O)CN=C(c2ccccc2F)c2cc(Cl)ccc21,0,NaN,NaN,SAADBVWGJQAEFS-UHFFFAOYSA-N
2436,C=CCSCC1Nc2cc(Cl)c(S(N)(=O)=O)cc2S(=O)(=O)N1,0,NaN,NaN,VGLGVJVUHYTIIU-UHFFFAOYSA-N
2437,CS(=O)(=O)c1ccc(-c2cnc(NCc3ccco3)n3cnnc23)cc1,0,NaN,NaN,DYIRSNMPIZZNBK-UHFFFAOYSA-N
2438,C[N+]1(C)CCCC(OC(=O)C(O)(c2ccccc2)c2ccccc2)C1,0,NaN,NaN,GKNPSSNBBWDAGH-UHFFFAOYSA-N
2439,COc1ccc(-c2nc3cc(C4=NNC(=O)CC4C)ccc3[nH]2)cc1,0,NaN,NaN,GLBJJMFZWDBELO-UHFFFAOYSA-N
2440,CCOC(=O)Nc1ccc2c(c1)N(C(=O)CN(C)C)c1ccccc1CC2,0,NaN,NaN,KJAMZCVTJDTESW-UHFFFAOYSA-N
2441,Cc1ccc(-c2ncc(Cl)cc2-c2ccc(S(C)(=O)=O)cc2)cn1,0,NaN,NaN,MNJVRJDLRVPLFE-UHFFFAOYSA-N
2442,CN1CCN(c2c(F)cc3c(=O)c(C(=O)O)cn4c3c2SCC4)CC1,0,NaN,NaN,NJCJBUHJQLFDSW-UHFFFAOYSA-N
2443,Cc1nc([N+](=O)[O-])cn1-c1ccc([N+](=O)[O-])cc1,0,NaN,NaN,NMTBSNPBIGRZBL-UHFFFAOYSA-N
2444,Cc1cc(C)c2[nH]ccc2c1CN1CCCCC1c1ccc(C(=O)O)cc1,0,NaN,NaN,OTSLYLLOBTYVLP-UHFFFAOYSA-N
2445,N=c1ccn2c(n1)O[C@H]1[C@H](O)[C@@H](CO)O[C@H]12,0,NaN,NaN,BBDAGFIXKZCXAH-CCXZUQQUSA-N
2446,O=C1C(=O)c2ccccc2C(O)=C1C1CCC(c2ccc(Cl)cc2)CC1,0,NaN,NaN,BSJMWHQBCZFXBR-UHFFFAOYSA-N
2447,CC(=O)Oc1ccc(C(=C2CCCCC2)c2ccc(OC(C)=O)cc2)cc1,0,NaN,NaN,GVOUFPWUYJWQSK-UHFFFAOYSA-N
2448,CN1C(=O)CN=C(c2ccccc2F)c2cc([N+](=O)[O-])ccc21,0,NaN,NaN,PPTYJKAXVCCBDU-UHFFFAOYSA-N
2449,CN(C)C(=O)OC1N=C(c2ccccc2)c2cc(Cl)ccc2N(C)C1=O,0,NaN,NaN,PXBVEXGRHZFEOF-UHFFFAOYSA-N
2450,N[C@@H](CCC(=O)N[C@@H](CS)C(=O)NCC(=O)O)C(=O)O,0,NaN,NaN,RWSXRVCMGQZWBV-WDSKDSINSA-N
2451,CN1CCN(c2c(F)cc3c(=O)c(C(=O)O)cn(CCF)c3c2F)CC1,0,NaN,0,XBJBPGROQZJDOJ-UHFFFAOYSA-N
2452,CN1[C@@H]2CC[C@H]1CC(OC(=O)c1c[nH]c3ccccc13)C2,0,NaN,NaN,ZNRGQMMCGHDTEI-FUNVUKJBSA-N
2453,CN(C)CCCN1C(=O)c2cc([N+](=O)[O-])ccc2Oc2ccccc21,0,NaN,NaN,CGYWLLGTCBIGSR-UHFFFAOYSA-N
2454,CCN(CC)C(=O)Nc1ccc(OCC(O)CNC(C)(C)C)c(C(C)=O)c1,0,NaN,NaN,JOATXPAWOHTVSZ-UHFFFAOYSA-N
2455,CCN(CC)C(=O)C1CN2CCc3cc(OC)c(OC)cc3C2CC1OC(C)=O,0,NaN,NaN,JSZILQVIPPROJI-UHFFFAOYSA-N
2456,CO[C@H]1CCN(Cc2c(C)cc(C)c3[nH]ccc23)[C@H](CO)C1,0,NaN,NaN,MBNDMTBONUNJAQ-GJZGRUSLSA-N
2457,CN1[C@@H]2CC[C@H]1CC(OC(=O)[C@H](CO)c1ccccc1)C2,0,NaN,NaN,RKUNBYITZUJHSG-VFSICIBPSA-N
2458,CCC(=O)O[C@](Cc1ccccc1)(c1ccccc1)[C@H](C)CN(C)C,0,NaN,NaN,XLMALTXPSGQGBX-GCJKJVERSA-N
2459,O=c1[nH]c(=O)n([C@H]2C[C@H](O)[C@@H](CO)O2)cc1I,0,NaN,0,XQFRJNBWHJMXHO-RRKCRQDMSA-N
2460,CCOc1cc(N)c(Cl)cc1C(=O)NCC1CN(Cc2ccc(F)cc2)CCO1,0,NaN,0,YPELFRMCRYSPKZ-UHFFFAOYSA-N
2461,CC1=C(C)C(=O)C(C(CCCCCC(=O)O)c2ccccc2)=C(C)C1=O,0,NaN,NaN,ZBVKEHDGYSLCCC-UHFFFAOYSA-N
2462,Cc1c(F)c(N2CCNC(C)C2)cc2c1c(=O)c(C(=O)O)cn2C1CC1,0,NaN,0,AIJTTZAVMXIJGM-UHFFFAOYSA-N
2463,O[C@H]1[C@H](O)[C@@H](O)[C@H](O)[C@@H](O)[C@H]1O,0,NaN,NaN,CDAISMWEOUEBRE-GPIVLXJGSA-N
2464,CCCCCCC(C)(C)c1cc(O)c2c(c1)OC(C)(C)C1CCC(=O)CC21,0,NaN,NaN,GECBBEABIDMGGL-UHFFFAOYSA-N
2465,C[N+]12CCC(CC1)C(OC(=O)C(O)(c1ccccc1)c1ccccc1)C2,0,NaN,NaN,HOOSGZJRQIVJSZ-UHFFFAOYSA-N
2466,CC1CCc2c(N3CCC(O)CC3)c(F)cc3c(=O)c(C(=O)O)cn1c23,0,NaN,NaN,JYJTVFIEFKZWCJ-UHFFFAOYSA-N
2467,Oc1cc(O)c2c(c1)O[C@H](c1ccc(O)c(O)c1)[C@@H](O)C2,0,NaN,NaN,PFTAWBLQPZVEMU-DZGCQCFKSA-N
2468,NC1CCN(c2c(F)cc3c(=O)c(C(=O)O)cn(C4CC4)c3c2Cl)C1,0,NaN,NaN,QGPKADBNRMWEQR-UHFFFAOYSA-N
2469,CCC1C(C)=NN=C(c2ccc(OC)c(OC)c2)c2cc(OC)c(OC)cc21,0,NaN,NaN,RUJBDQSFYCKFAA-UHFFFAOYSA-N
2470,CN(CC1(C)CCCO1)S(=O)(=O)c1ccc(Cl)c(S(N)(=O)=O)c1,0,NaN,NaN,SMNOERSLNYGGOU-UHFFFAOYSA-N
2471,Cc1cc2c(OCC(CNC(C)(C)C)OC(=O)c3ccccc3)cccc2[nH]1,0,NaN,0,UUOJIACWOAYWEZ-UHFFFAOYSA-N
2472,CCN(CCCCOC(=O)c1ccc(OC)c(OC)c1)C(C)Cc1ccc(OC)cc1,0,NaN,NaN,VYVKHNNGDFVQGA-UHFFFAOYSA-N
2473,C[N+]1(C)[C@@H]2CC[C@H]1CC(OC(=O)C(O)c1ccccc1)C2,0,NaN,NaN,WKWOJBUWWZTUQV-PJPHBNEVSA-N
2474,O=C(O)CCCN1CCC(O[C@@H](c2ccc(Cl)cc2)c2ccccn2)CC1,0,NaN,NaN,YWGDOWXRIALTES-NRFANRHFSA-N
2475,Clc1ccc(C(Cn2ccnc2)OCc2ccc(Sc3ccccc3)cc2)c(Cl)c1,0,NaN,NaN,ZCJYUTQZBAIHBS-UHFFFAOYSA-N
2476,NC(=O)c1ncn([C@@H]2O[C@H](CO)[C@@H](O)[C@H]2O)c1O,0,NaN,NaN,HZQDCMWJEBCWBR-UUOKFMHZSA-N
2477,CCOC(=O)C(c1c(O)c2ccccc2oc1=O)c1c(O)c2ccccc2oc1=O,0,NaN,NaN,JCLHQFUTFHUXNN-UHFFFAOYSA-N
2478,CCC(C)(C)c1ccc(CC(C)CN2C[C@@H](C)O[C@@H](C)C2)cc1,0,NaN,NaN,MQHLMHIZUIDKOO-AYHJJNSGSA-N
2479,CC(=O)N[C@@H]1[C@@H](O)[C@H](O)[C@@H](CO)O[C@H]1O,0,NaN,NaN,OVRNDRQMDRJTHS-FMDGEEDCSA-N
2480,N[C@H](Cc1cc(I)c(Oc2cc(I)c(O)c(I)c2)c(I)c1)C(=O)O,0,NaN,NaN,XUIIKFGFIJCVMT-GFCCVEGCSA-N
2481,COc1ccc(C(=O)N2CCN(c3ccc4c(c3)CCC(=O)N4)CC2)cc1OC,0,NaN,NaN,ZVNYJIZDIRKMBF-UHFFFAOYSA-N
2482,OCC(CO)N[C@H]1C[C@](O)(CO)[C@@H](O)[C@H](O)[C@H]1O,0,NaN,NaN,FZNCGRZWXLXZSZ-CIQUZCHMSA-N
2483,CCNC(=O)/C=C(C)/C=C/C=C(C)/C=C/c1c(C)cc(OC)c(C)c1C,0,NaN,NaN,IYIYMCASGKQOCZ-DJRRULDNSA-N
2484,Cc1ccc2c([nH]c(=O)c3c(=O)cc(C(=O)OCCC(C)C)oc32)c1C,0,NaN,NaN,NFQIAEMCQGTTIR-UHFFFAOYSA-N
2485,CC(C)N(CCCCOCC(=O)O)c1cnc(-c2ccccc2)c(-c2ccccc2)n1,0,NaN,NaN,OJQMKCBWYCWFPU-UHFFFAOYSA-N
2486,C[C@@H]1CCC[C@H](C)N1NC(=O)c1ccc(Cl)c(S(N)(=O)=O)c1,0,NaN,NaN,LBXHRAWDUMTPSE-AOOOYVTPSA-N
2487,CC(C)C[C@H](NC(=O)[C@@H](O)[C@H](N)Cc1ccccc1)C(=O)O,0,NaN,0,VGGGPCQERPFHOB-RDBSUJKOSA-N
2488,CN(C)C(=O)COC(=O)Cc1ccc(OC(=O)c2ccc(NC(=N)N)cc2)cc1,0,NaN,NaN,XASIMHXSUQUHLV-UHFFFAOYSA-N
2489,CN1[C@@H]2CC[C@H]1C[C@@H](OC(=O)c1c[nH]c3ccccc13)C2,0,NaN,0,ZNRGQMMCGHDTEI-ITGUQSILSA-N
2490,CC1(C)S[C@@H]2[C@H](N=CN3CCCCCC3)C(=O)N2[C@H]1C(=O)O,0,NaN,NaN,BWWVAEOLVKTZFQ-NTZNESFSSA-N
2491,CCOC(=O)C1=C[C@]2(CC)CCCN3CCc4c(n1c1ccccc41)[C@@H]32,0,NaN,NaN,DDNCQMVWWZOMLN-IRLDBZIGSA-N
2492,Cc1cn([C@H]2O[C@@H](CO)[C@H](O)[C@H]2F)c(=O)[nH]c1=O,0,NaN,NaN,GBBJCSTXCAQSSJ-XQXXSGGOSA-N
2493,O=C(C[S+]([O-])Cc1ccco1)NC/C=C\COc1cc(CN2CCCCC2)ccn1,0,NaN,NaN,KMZQAVXSMUKBPD-DJWKRKHSSA-N
2494,CC[C@H]1CN2CC[C@H]1C[C@H]2[C@H](O)c1ccnc2ccc(OC)cc12,0,NaN,NaN,LJOQGZACKSYWCH-WZBLMQSHSA-N
2495,CS(=O)(=O)c1ccc([C@@H](O)[C@@H](CO)NC(=O)C(Cl)Cl)cc1,0,NaN,0,OTVAEFIXJLOWRX-NXEZZACHSA-N
2496,Cc1cc(/C=C/c2ccc3cc(N(C)C)ccc3[n+]2C)c(C)n1-c1ccccc1,0,NaN,NaN,QMHSXPLYMTVAMK-UHFFFAOYSA-N
2497,O=C(OC1C[C@@H]2CC3C[C@H](C1)N2CC3=O)c1c[nH]c2ccccc12,0,NaN,NaN,UKTAZPQNNNJVKR-AKJUYKBHSA-N
2498,O=C(N[C@H](CO)[C@H](O)c1ccc([N+](=O)[O-])cc1)C(Cl)Cl,0,NaN,0,WIIZWVCIJKGZOK-RKDXNWHRSA-N
2499,NC1CCN(c2nc3c(cc2F)c(=O)c(C(=O)O)cn3-c2ccc(F)cc2F)C1,0,NaN,0,WUWFMDMBOJLQIV-UHFFFAOYSA-N
2500,C[C@H]1O[C@@H](n2cc(F)c(=O)[nH]c2=O)[C@H](O)[C@@H]1O,0,NaN,0,ZWAOHEXOSAUJHY-ZIYNGMLESA-N
2501,Cn1c(=O)c2c(ncn2CCOC(=O)C(C)(C)Oc2ccc(Cl)cc2)n(C)c1=O,0,NaN,NaN,KYAKGJDISSNVPZ-UHFFFAOYSA-N
2502,CC(C)[N+]1(C)[C@@H]2CC[C@H]1CC(OC(=O)C(CO)c1ccccc1)C2,0,NaN,NaN,OEXHQOGQTVQTAT-BZQJJPTISA-N
2503,C[N+]1(C)[C@@H]2CC[C@H]1C[C@@H](OC(=O)C(O)c1ccccc1)C2,0,NaN,NaN,WKWOJBUWWZTUQV-SPUOUPEWSA-N
2504,CCN(CC)Cc1nccn1-c1ccc([N+](=O)[O-])cc1C(=O)c1ccccc1Cl,0,NaN,NaN,WZGBZLHGOVJDET-UHFFFAOYSA-N
2505,CC1(C)S[C@@H]2[C@H](/N=C/N3CCCCCC3)C(=O)N2[C@H]1C(=O)O,0,NaN,NaN,BWWVAEOLVKTZFQ-ISVUSNJMSA-N
2506,Cn1c(NCCN(CCO)CCCc2ccc([N+](=O)[O-])cc2)cc(=O)n(C)c1=O,0,NaN,NaN,OEBPANQZQGQPHF-UHFFFAOYSA-N
2507,CCCCC1(COC(=O)CCC(=O)O)C(=O)N(c2ccccc2)N(c2ccccc2)C1=O,0,NaN,NaN,ONWXNHPOAGOMTG-UHFFFAOYSA-N
2508,CC(=O)OCC1=C(C(=O)O)N2C(=O)[C@@H](NC(=O)CC#N)[C@H]2SC1,0,NaN,NaN,RRYMAQUWDLIUPV-BXKDBHETSA-N
2509,CCOc1cc(N)c([N+](=O)[O-])cc1C(=O)NC1CCN(CC2CC=CCC2)CC1,0,NaN,NaN,ZDLBNXXKDMLZMF-UHFFFAOYSA-N
2510,CCOC(=O)Oc1ccc(CCNC(=O)[C@H](CCSC)NC(C)=O)cc1OC(=O)OCC,0,NaN,NaN,ZLVMAMIPILWYHQ-INIZCTEOSA-N
2511,COC(=O)[C@H]1[C@@H](OC(=O)c2ccccc2)C[C@@H]2CC[C@H]1N2C,0,NaN,NaN,ZPUCINDJVBIVPJ-LJISPDSOSA-N
2512,CC(=O)c1c(C)c2cnc(Nc3ccc(N4CCNCC4)cn3)nc2n(C2CCCC2)c1=O,0,NaN,NaN,AHJRHEGDXFFMBM-UHFFFAOYSA-N
2513,C/C(=C(\CCOP(=O)(O)O)SC(=O)c1ccccc1)N(C=O)Cc1cnc(C)nc1N,0,NaN,NaN,BTNNPSLJPBRMLZ-LGMDPLHJSA-N
2514,Cc1ccccc1C(=O)Nc1ccc(C(=O)N2CCCC(O)c3cc(Cl)ccc32)c(C)c1,0,NaN,NaN,GYHCTFXIZSNGJT-UHFFFAOYSA-N
2515,C[C@@H](O)[C@H]1C(=O)N2C(C(=O)O)=C([C@H]3CCCO3)S[C@H]12,0,NaN,NaN,HGGAKXAHAYOLDJ-FHZUQPTBSA-N
2516,CCOc1nc2cccc(C(=O)O)c2n1Cc1ccc(-c2ccccc2-c2nnn[nH]2)cc1,0,NaN,0,HTQMVQVXFRQIKW-UHFFFAOYSA-N
2517,Oc1ccc2c(c1)[C@@]13CCCC[C@@]1(O)[C@@H](C2)N(CC1CCC1)CC3,0,NaN,NaN,IFKLAQQSCNILHL-QHAWAJNXSA-N
2518,COc1ccc2c3c1O[C@H]1C(=O)CC[C@H]4[C@@H](C2)N(C)CC[C@]314,0,NaN,NaN,LLPOLZWFYMWNKH-CMKMFDCUSA-N
2519,CCOC(=O)C1=C(C)NC(C)=C(C(=O)OC)C1c1cccc([N+](=O)[O-])c1,0,NaN,0,PVHUJELLJLJGLN-UHFFFAOYSA-N
2520,O=C(O)CCn1c2c(c3ccccc31)C[C@H](NS(=O)(=O)c1ccc(F)cc1)CC2,0,NaN,NaN,LDXDSHIEDAPSSA-OAHLLOKOSA-N
2521,CCOC(=O)OC(C)OC1=C(C(=O)Nc2ccccn2)N(C)S(=O)(=O)c2ccccc21,0,NaN,0,LSNWBKACGXCGAJ-UHFFFAOYSA-N
2522,Nc1ncnc2c1ncn2[C@@H]1O[C@H](COP(=O)(O)O)[C@@H](O)[C@H]1O,0,NaN,NaN,UDMBCSSLTHHNCD-KQYNXXCUSA-N
2523,CC(C)N=c1cc2n(-c3ccc(Cl)cc3)c3ccccc3nc-2cc1Nc1ccc(Cl)cc1,0,NaN,NaN,WDQPAMHFFCXSNU-UHFFFAOYSA-N
2524,COc1ccc(CCN(C)CCCC(C#N)(c2cc(OC)c(OC)c(OC)c2)C(C)C)cc1OC,0,NaN,NaN,XQLWNAFCTODIRK-UHFFFAOYSA-N
2525,COc1c(OCCCN2CCOCC2)ccc2c3n(c(=NC(=O)c4cnc(N)nc4)nc12)CCN3,0,NaN,NaN,MWYDSXOGIBMAET-UHFFFAOYSA-N
2526,COc1ccc2c3c1O[C@H]1C(=O)CC[C@@]4(O)[C@@H](C2)N(C)CC[C@]314,0,NaN,NaN,BRUQQQPBMZOVGD-XFKAJCMBSA-N
2527,CN(C)C(=O)c1nc(CNC(=O)CN)n(-c2ccc(Cl)cc2C(=O)c2ccccc2Cl)n1,0,NaN,NaN,KYHFRCPLIGODFH-UHFFFAOYSA-N
2528,CC(C)/N=c1\cc2n(-c3ccc(Cl)cc3)c3ccccc3nc-2cc1Nc1ccc(Cl)cc1,0,NaN,NaN,WDQPAMHFFCXSNU-BGABXYSRSA-N
2529,CC(C)Nc1cccnc1N1CCN(C(=O)c2cc3cc(NS(C)(=O)=O)ccc3[nH]2)CC1,0,NaN,NaN,WHBIGIKBNXZKFE-UHFFFAOYSA-N
2530,CC(=O)OCC1=C(C(=O)O)N2C(=O)[C@@H](NC(=O)Cc3cccs3)[C@H]2SC1,0,NaN,NaN,XIURVHNZVLADCM-IUODEOHRSA-N
2531,C#C[C@]1(O)CC[C@H]2[C@@H]3CCC4=CCCC[C@@H]4[C@H]3CC[C@@]21C,0,NaN,NaN,YNVGQYHLRCDXFQ-XGXHKTLJSA-N
2532,C=CC[C@]1(O)CC[C@H]2[C@@H]3CCC4=CCCC[C@@H]4[C@H]3CC[C@@]21C,0,NaN,NaN,ATXHVCQZZJYMCF-XUDSTZEESA-N
2534,CN1C(C(=O)Nc2ccccn2)=C(OC(=O)/C=C/c2ccccc2)c2ccccc2S1(=O)=O,0,NaN,NaN,GPUVGQIASQNZET-CCEZHUSRSA-N
2535,O=C1C(c2[nH]c3ccc(S(=O)(=O)O)cc3c2O)=Nc2ccc(S(=O)(=O)O)cc21,0,NaN,NaN,JMEVHYCNAPFOAB-UHFFFAOYSA-N
2536,CO/N=C(\C(=O)N[C@@H]1C(=O)N2C(C(=O)O)=CCS[C@H]12)c1csc(N)n1,0,NaN,NaN,NNULBSISHYWZJU-LLKWHZGFSA-N
2537,Cc1oc(=O)oc1CN1CCN(c2cc3c(cc2F)c(=O)c(C(=O)O)c2n3C(C)S2)CC1,0,NaN,NaN,PWNMXPDKBYZCOO-UHFFFAOYSA-N
2538,CC[C@]12CCCN3CCc4c(n(c5ccccc45)[C@@](O)(C(=O)OC)C1)[C@@H]32,0,NaN,NaN,RXPRRQLKFXBCSJ-GIVPXCGWSA-N
2539,CCC(C)(Oc1ccc(C2(c3ccc(OC(C)(CC)C(=O)O)cc3)CCCCC2)cc1)C(=O)O,0,NaN,NaN,BMOVQUBVGICXQN-UHFFFAOYSA-N
2540,COc1ccc2nc3cc(Cl)ccc3c(Nc3cc(CN4CCCC4)c(O)c(CN4CCCC4)c3)c2n1,0,NaN,NaN,DJUFPMUQJKWIJB-UHFFFAOYSA-N
2541,Nc1nc(F)nc2c1ncn2[C@@H]1O[C@H](COP(=O)(O)O)[C@@H](O)[C@@H]1O,0,NaN,NaN,GIUYCYHIANZCFB-FJFJXFQQSA-N
2542,O=C(Nc1cccc2c(=O)cc(-c3nnn[nH]3)oc12)c1ccc(OCCCCc2ccccc2)cc1,0,NaN,NaN,NBQKINXMPLXUET-UHFFFAOYSA-N
2543,C[N+]1(CCF)[C@@H]2CC[C@H]1CC(OC(=O)C(O)(c1ccccc1)c1ccccc1)C2,0,NaN,NaN,OATDVDIMNNZTEY-MYWYYWIJSA-N
2544,O=C(OC1C[C@H]2CC[C@@H](C1)[N+]21CCCC1)C(O)(c1ccccc1)c1ccccc1,0,NaN,NaN,OYYDSUSKLWTMMQ-AIZNXBIQSA-N
2545,COc1ccc2c3c1O[C@H]1[C@@H](O)CC[C@H]4[C@@H](C2)N(C)CC[C@@]341,0,NaN,NaN,RBOXVHNMENFORY-DNJOTXNNSA-N
2546,CN1[C@@H]2CC(OC(=O)[C@H](CO)c3ccccc3)C[C@H]1[C@@H]1O[C@@H]12,0,NaN,NaN,STECJAGHUSJQJN-USLFZFAMSA-N
2547,C[C@]12C=CC(=O)C=C1CC[C@@H]1[C@@H]2CC[C@]2(C)OC(=O)CC[C@@H]12,0,NaN,NaN,BPEWUONYVDABNZ-DZBHQSCQSA-N
2548,N[C@@H](C(=O)N[C@@H]1C(=O)N2C(C(=O)O)=C(Cl)CC[C@H]12)c1ccccc1,0,NaN,NaN,JAPHQRWPEGVNBT-UTUOFQBUSA-N
2549,CC(=O)N(CC(O)CO)c1c(I)c(C(=O)NCC(O)CO)c(I)c(C(=O)NCC(O)CO)c1I,0,NaN,NaN,NTHXOOBQLCIOLC-UHFFFAOYSA-N
2550,COc1ccc2c3c1O[C@H]1[C@@H](O)C=C[C@H]4[C@@H](C2)N(C)CC[C@@]341,0,NaN,NaN,OROGSEYTTFOCAN-DNJOTXNNSA-N
2551,CC[N+](CC)(CC)CCOc1cccc(OCC[N+](CC)(CC)CC)c1OCC[N+](CC)(CC)CC,0,NaN,0,OZLPUNFFCJDMJD-UHFFFAOYSA-N
2552,CCCCCCCC(=O)CC[C@@H]1[C@@H](C/C=C\CCCC(=O)O)[C@@H](O)C[C@H]1O,0,NaN,NaN,TVHAZVBUYQMHBC-SNHXEXRGSA-N
2553,CCCCCCCCCCCCCCCC(=O)OC/C=C(C)/C=C/C=C(C)/C=C/C1=C(C)CCCC1(C)C,0,NaN,NaN,VYGQUTWHTHXGQB-FFHKNEKCSA-N
2554,Cc1cc(N2CCN([C@@H]3CN[C@H](C(=O)N4CCSC4)C3)CC2)n(-c2ccccc2)n1,0,NaN,NaN,WGRQANOPCQRCME-PMACEKPBSA-N
2555,CC1=C(C(=O)O)N2C(=O)[C@@H](NC(=O)[C@H](N)c3ccc(O)cc3)[C@H]2SC1,0,NaN,NaN,BOEGTKLJZSQCCD-UEKVPHQBSA-N
2556,CC(C)=CCC/C(C)=C/CC/C(C)=C/CC/C(C)=C/CC1=C(C)C(=O)c2ccccc2C1=O,0,NaN,NaN,DKHGMERMDICWDU-GHDNBGIDSA-N
2557,CC(=O)SC[C@@H](C)C(=O)N1CCC[C@H]1C(=O)N[C@@H](Cc1ccccc1)C(=O)O,0,NaN,NaN,FHHHOYXPRDYHEZ-COXVUDFISA-N
2558,C[C@H](N[C@@H](CCc1ccccc1)C(=O)O)C(=O)N1Cc2ccccc2C[C@H]1C(=O)O,0,NaN,NaN,FLSLEGPOVLMJMN-YSSFQJQWSA-N
2559,C[C@]12CCC(=O)C(O)=C1CC[C@@H]1[C@@H]2CC[C@]2(C)C(=O)CC[C@@H]12,0,NaN,NaN,OSVMTWJCGUFAOD-KZQROQTASA-N
2560,COC1=C(C(=O)O)N2C(=O)[C@@H](NC(=O)[C@H](N)C3=CCC=CC3)[C@H]2SC1,0,NaN,NaN,RDMOROXKXONCAL-UEKVPHQBSA-N
2561,CCC1=C(C)CN(C(=O)NCCc2ccc(S(=O)(=O)NC(=O)NC3CCC(C)CC3)cc2)C1=O,0,NaN,NaN,WIGIZIANZCJQQY-UHFFFAOYSA-N
2562,C#C[C@]1(O)CC[C@H]2[C@@H]3CCC4=CC(=O)CC[C@]4(C)[C@H]3CC[C@@]21C,0,NaN,0,CHNXZKVNWQUJIB-CEGNMAFCSA-N
2563,C[C@@H]1CN(c2c(F)c(N)c3c(=O)c(C(=O)O)cn(C4CC4)c3c2F)C[C@H](C)N1,0,NaN,0,DZZWHBIBMUVIIW-DTORHVGOSA-N
2564,CCOC(=O)[C@H](CCc1ccccc1)N[C@H]1CS[C@H](c2cccs2)CN(CC(=O)O)C1=O,0,NaN,NaN,FIQOFIRCTOWDOW-BJLQDIEVSA-N
2565,CC1=C(C/C=C(\C)CCC[C@H](C)CCC[C@H](C)CCCC(C)C)C(=O)c2ccccc2C1=O,0,NaN,NaN,MBWXNTAXLNYFJB-NKFFZRIASA-N
2566,CCOC(=O)[C@H](CCc1ccccc1)N[C@@H](C)C(=O)N(CC(=O)O)C1Cc2ccccc2C1,0,NaN,NaN,WOUOLAUOZXOLJQ-MBSDFSHPSA-N
2567,CC[C@]12CCCN3CCc4c(n(c5cc(Br)ccc45)[C@@](O)(C(=O)OC)C1)[C@@H]32,0,NaN,NaN,WYIJGAVIVKPUGJ-GIVPXCGWSA-N
2568,CC(C)c1cc2c(cc1S(=O)(=O)O)[C@@]1(C)CCC[C@@](C)(C(=O)O)[C@@H]1CC2,0,NaN,NaN,IWCWQNVIUXZOMJ-MISYRCLQSA-N
2569,CCOC(=O)[C@H](CCc1ccccc1)N[C@@H](C)C(=O)N1C(=O)N(C)C[C@H]1C(=O)O,0,NaN,NaN,KLZWOWYOHUKJIG-BPUTZDHNSA-N
2570,CC(C)COC(=O)OCN1C(=O)CN(CCN2CC(=O)N(COC(=O)OCC(C)C)C(=O)C2)CC1=O,0,NaN,NaN,OCOKWVBYZHBHLU-UHFFFAOYSA-N
2571,Nc1nc(=O)c2nc(CNc3ccc(C(=O)N[C@@H](CCC(=O)O)C(=O)O)cc3)cnc2[nH]1,0,NaN,NaN,OVBPIULPVIDEAO-LBPRGKRZSA-N
2572,Cc1ccc(S(=O)(=O)NC(=O)N[C@H]2[C@H]3CC[C@@](C)([C@H]2O)C3(C)C)cc1,0,NaN,NaN,RMTYNAPTNBJHQI-LLDVTBCESA-N
2573,CCN1CCN(Cc2ccc(Nc3ncc(F)c(-c4cc(F)c5nc(C)n(C(C)C)c5c4)n3)nc2)CC1,0,NaN,NaN,UZWDCWONPYILKI-UHFFFAOYSA-N
2574,NC1[C@H]2CN(c3nc4c(cc3F)c(=O)c(C(=O)O)cn4-c3ccc(F)cc3F)C[C@@H]12,0,NaN,NaN,WVPSKSLAZQPAKQ-SOSAQKQKSA-N
2575,O=C(Cc1cccs1)N[C@@H]1C(=O)N2C(C(=O)[O-])=C(C[n+]3ccccc3)CS[C@H]12,0,NaN,NaN,CZTQZXZIADLWOZ-CRAIPNDOSA-N
2576,CCC(=O)O[C@H]1CC[C@H]2[C@@H]3CCC4=CC(=O)CC[C@]4(C)[C@H]3CC[C@]12C,0,NaN,NaN,PDMMFKSKQVNJMI-BLQWBTBKSA-N
2577,C[C@@H]1CC[C@H]2[C@@H](C)C(=O)O[C@@H]3O[C@@]4(C)CC[C@@H]1[C@]32OO4,0,NaN,0,BLUAFEHZUWYNDE-NNWCWBAJSA-N
2578,O=C1c2c(O)c(=O)ccn2N([C@@H]2c3ccccc3SCc3c2ccc(F)c3F)[C@@H]2COCCN12,0,NaN,NaN,FIDLLEYNNRGVFR-CTNGQTDRSA-N
2579,C[N+]1(C)[C@@H]2CC(OC(=O)[C@H](CO)c3ccccc3)C[C@H]1[C@@H]1O[C@@H]12,0,NaN,NaN,LZCOQTDXKCNBEE-XJMZPCNVSA-N
2580,C[N@+]1(CCF)[C@@H]2CC[C@H]1C[C@@H](OC(=O)C(O)(c1ccccc1)c1ccccc1)C2,0,NaN,NaN,OATDVDIMNNZTEY-DAXLTYESSA-N
2581,CC1(C)S[C@@H]2[C@H](NC(=O)[C@H](C(=O)O)c3ccsc3)C(=O)N2[C@H]1C(=O)O,0,NaN,NaN,OHKOGUYZJXTSFX-KZFFXBSXSA-N
2582,C=N[C@@H](C(=O)N[C@@H]1C(=O)N2[C@@H]1SC(C)(C)[C@@H]2C(=O)O)c1ccccc1,0,NaN,NaN,FZECHKJQHUVANE-MCYUEQNJSA-N
2583,C[C@]12CCC(=O)C[C@@H]1CC[C@@H]1[C@@H]2CC[C@]2(C)[C@@H](O)CC[C@@H]12,0,NaN,0,NVKAWKQGWWIWPM-ABEVXSGRSA-N
2584,CC[N+]1(C)[C@@H]2CC(OC(=O)[C@H](CO)c3ccccc3)C[C@H]1[C@@H]1O[C@@H]12,0,NaN,NaN,NVOYVOBDTVTBDX-AGUVMIOSSA-N
2585,COc1cc(C(=O)OCCCN2CCCN(CCCOC(=O)c3cc(OC)c(OC)c(OC)c3)CC2)cc(OC)c1OC,0,NaN,NaN,QVZCXCJXTMIDME-UHFFFAOYSA-N
2586,CCCC[C@H](C)C[C@H](O)/C=C/[C@H]1[C@H](O)CC(=O)[C@@H]1CCCC/C=C/C(=O)O,0,NaN,NaN,OJZYRQPMEIEQFC-UAWLTFRCSA-N
2587,Cn1nnnc1SCC1=C(C(=O)O)N2C(=O)[C@@H](NC(=O)[C@H](O)c3ccccc3)[C@H]2SC1,0,NaN,NaN,OLVCFLKTBJRLHI-AXAPSJFSSA-N
2588,CC(=O)OC[C@H]1O[C@@H](n2ncc(=O)[nH]c2=O)[C@H](OC(C)=O)[C@@H]1OC(C)=O,0,NaN,0,QQOBRRFOVWGIMD-OJAKKHQRSA-N
2589,CCCC(=O)Nc1ncnc2c1ncn2[C@@H]1O[C@@H]2COP(=O)(O)O[C@H]2[C@H]1OC(=O)CCC,0,NaN,NaN,CJGYSWNGNKCJSB-YVLZZHOMSA-N
2590,CC(C)(CO)[C@@H](O)C(=O)NCCC(=O)NCCSSCCNC(=O)CCNC(=O)[C@H](O)C(C)(C)CO,0,NaN,NaN,DJWYOLJPSHDSAL-ROUUACIJSA-N
2591,C[N+]1(C)[C@@H]2CC(OC(=O)C(O)(c3cccs3)c3cccs3)C[C@H]1[C@@H]1O[C@@H]12,0,NaN,NaN,LERNTVKEWCAPOY-FPISHFTHSA-N
2592,N[C@@H]1[C@H]2CN(c3nc4c(cc3F)c(=O)c(C(=O)O)cn4-c3ccc(F)cc3F)C[C@@H]12,0,NaN,0,WVPSKSLAZQPAKQ-CDMJZVDBSA-N
2593,CCCC[N+]1(C)[C@@H]2CC(OC(=O)[C@H](CO)c3ccccc3)C[C@H]1[C@@H]1O[C@@H]12,0,NaN,NaN,YBCNXCRZPWQOBR-MWGADRMYSA-N
2594,CC(=O)Oc1c(C)c(C)c2c(c1C)CC[C@@](C)(CCC[C@H](C)CCC[C@H](C)CCCC(C)C)O2,0,NaN,NaN,ZAKOWWREFLAJOT-CEFNRUSXSA-N
2595,Cc1cn(-c2cc(NC(=O)c3ccc(C)c(Nc4nccc(-c5cnccn5)n4)c3)cc(C(F)(F)F)c2)cn1,0,NaN,NaN,DUPWHXBITIZIKZ-UHFFFAOYSA-N
2596,C[C@@H](O)[C@H]1C(=O)N2C(C(=O)[O-])=C(SC3Cn4cnc[n+]4C3)[C@H](C)[C@H]12,0,NaN,NaN,MRMBZHPJVKCOMA-YJFSRANCSA-N
2597,CC(C)(C)C(=O)OCOC(=O)[C@@H]1N2C(=O)[C@@H](/N=C/N3CCCCCC3)[C@H]2SC1(C)C,0,NaN,NaN,NPGNOVNWUSPMDP-UTEPHESZSA-N
2598,C[C@]12CCC(=O)C=C1C=C[C@@H]1[C@@H]2CC[C@@]2(C)[C@H]1CC[C@@]21CCC(=O)O1,0,NaN,NaN,UJVLDDZCTMKXJK-WNHSNXHDSA-N
2599,CCCO[C@H]1[C@@H]([C@@H](COCc2ccc(Cl)cc2)OCc2ccc(Cl)cc2)OC(OCC)[C@@H]1O,0,NaN,NaN,UOYOWSGCMGEQHC-MSEXXDKFSA-N
2600,CC[C@H]1CN2CCc3cc(OC)c(OC)cc3[C@@H]2C[C@@H]1C[C@H]1NCCc2cc(OC)c(OC)cc21,0,NaN,0,AUVVAXYIELKVAI-CKBKHPSWSA-N
2601,CC(C)(Sc1cc(C(C)(C)C)c(O)c(C(C)(C)C)c1)Sc1cc(C(C)(C)C)c(O)c(C(C)(C)C)c1,0,NaN,0,FYPMFJGVHOHGLL-UHFFFAOYSA-N
2602,C=C1CC[C@H](O)C/C1=C/C=C1\CCC[C@]2(C)[C@@H]([C@H](C)CCCC(C)C)CC[C@@H]12,0,NaN,0,QYSXJUFSXHHAJI-YRZJJWOYSA-N
2603,CC(=O)OCC(=O)[C@@]1(O)CC[C@H]2[C@@H]3CCC4=CC(=O)CC[C@]4(C)C3=CC[C@@]21C,0,NaN,NaN,YUWPMEXLKGOSBF-GACAOOTBSA-N
2604,COC(=O)c1ccc2c(C(=Nc3ccc(N(C)C(=O)CN4CCN(C)CC4)cc3)c3ccccc3)c(O)[nH]c2c1,0,NaN,NaN,CPMDPSXJELVGJG-UHFFFAOYSA-N
2605,Cc1onc(-c2c(F)cccc2Cl)c1C(=O)N[C@@H]1C(=O)N2[C@@H]1SC(C)(C)[C@@H]2C(=O)O,0,NaN,NaN,UIOFUWFRIANQPC-JKIFEVAISA-N
2606,CCCc1nc(C(C)(C)O)c(C(=O)OCc2oc(=O)oc2C)n1Cc1ccc(-c2ccccc2-c2nnn[nH]2)cc1,0,NaN,NaN,UQGKUQLKSCSZGY-UHFFFAOYSA-N
2607,COC(=O)c1ccc2c(c1)NC(=O)/C2=C(\Nc1ccc(N(C)C(=O)CN2CCN(C)CC2)cc1)c1ccccc1,0,NaN,NaN,XZXHXSATPCNXJR-ZIADKAODSA-N
2608,C[C@]12C/C(=C/O)C(=O)C[C@@H]1CC[C@@H]1[C@@H]2CC[C@@]2(C)[C@H]1CC[C@]2(C)O,0,NaN,0,ICMWWNHDUZJFDW-DHODBPELSA-N
2609,CO[C@@]1(NC(=O)CSC[C@@H](N)C(=O)O)C(=O)N2C(C(=O)O)=C(CSc3nnnn3C)CS[C@@H]21,0,NaN,NaN,JSDXOWVAHXDYCU-VXSYNFHWSA-N
2610,C[C@]12CCC(=O)C=C1C=C[C@@H]1[C@@H]2CC[C@@]2(C)[C@H]1CC[C@@]2(O)CCC(=O)[O-],0,NaN,NaN,PBKZPPIHUVSDNM-WNHSNXHDSA-M
2611,Nc1ncnc2c1ncn2[C@@H]1O[C@H](COP(=O)(O)OP(=O)(O)OP(=O)(O)O)[C@@H](O)[C@H]1O,0,NaN,NaN,ZKHQWZAMYRWXGA-KQYNXXCUSA-N
2612,Cc1nnc(C(C)C)n1C1C[C@H]2CC[C@@H](C1)N2CC[C@H](NC(=O)C1CCC(F)(F)CC1)c1ccccc1,0,NaN,NaN,GSNHKUDZZFZSJB-HLMSNRGBSA-N
2613,CCCCCCCCCCCCCCCCCCCCCC(=O)Nc1ccn([C@@H]2O[C@H](CO)[C@@H](O)[C@@H]2O)c(=O)n1,0,NaN,NaN,SAMRUMKYXPVKPA-VFKOLLTISA-N
2614,Cc1nnc(SCC2=C(C(=O)O)N3C(=O)[C@@H](NC(=O)Cn4cc(Cl)c(=O)c(Cl)c4)[C@H]3SC2)s1,0,NaN,NaN,VTLCNEGVSVJLDN-MLGOLLRUSA-N
2615,C[C@]12CC[C@H]3[C@@H](CC[C@@]45O[C@@H]4C(O)=C(C#N)C[C@]35C)[C@@H]1CC[C@@H]2O,0,NaN,NaN,KVJXBPDAXMEYOA-CXANFOAXSA-N
2616,CCOC(=O)OC(C)OC(=O)[C@@H]1N2C(=O)[C@@H](NC(=O)[C@H](N)c3ccccc3)[C@H]2SC1(C)C,0,NaN,NaN,PFOLLRNADZZWEX-FFGRCDKISA-N
2617,CO/N=C(\C(=O)N[C@@H]1C(=O)N2C(C(=O)OCOC(=O)C(C)(C)C)=C(C)CS[C@H]12)c1csc(N)n1,0,NaN,NaN,DASYMCLQENWCJG-XUKDPADISA-N
2618,CO/N=C(\C(=O)N[C@@H]1C(=O)N2C(C(=O)OC(C)OC(C)=O)=C(COC(N)=O)CS[C@H]12)c1ccco1,0,NaN,NaN,KEJCWVGMRLCZQQ-YJBYXUATSA-N
2619,CCCCCCCCCCCCCCCC(=O)OC[C@H](COP(=O)([O-])OCC[N+](C)(C)C)OC(=O)CCCCCCCCCCCCCCC,0,NaN,NaN,KILNVBDSWZSGLL-KXQOOQHDSA-N
2620,CS(=O)(=O)NC(=O)CCC/C=C\C[C@H]1C(=O)C[C@@H](O)[C@@H]1/C=C/[C@@H](O)COc1ccccc1,0,NaN,NaN,UQZVCDCIMBLVNR-TWYODKAFSA-N
2621,CC(C)(C)C(=O)OCC(=O)[C@H]1CC[C@H]2[C@@H]3CCC4=CC(=O)CC[C@]4(C)[C@H]3CC[C@]12C,0,NaN,NaN,VVOIQBFMTVCINR-WWMZEODYSA-N
2622,OC[C@H]1O[C@@](CO)(O[C@H]2O[C@H](CO)[C@@H](O)[C@H](O)[C@H]2O)[C@@H](O)[C@@H]1O,0,NaN,NaN,CZMRCDWAGMRECN-UGDNZRGBSA-N
2623,OC[C@H]1O[C@@H](O[C@@H]2[C@@H](CO)O[C@](O)(CO)[C@H]2O)[C@H](O)[C@@H](O)[C@H]1O,0,NaN,NaN,JCQLYHFGKNRPGE-FCVZTGTOSA-N
2624,CC(=O)O[C@H]1CC[C@@]2(C)C(=CC[C@@H]3[C@@H]2CC[C@]2(C)C(c4cccnc4)=CC[C@@H]32)C1,0,NaN,NaN,UVIQSJCZCSLXRZ-UBUQANBQSA-N
2625,CC(C)(C)C(=O)OCOC(=O)[C@@H]1N2C(=O)[C@@H](NC(=O)[C@H](N)c3ccccc3)[C@H]2SC1(C)C,0,NaN,NaN,ZEMIJUDPLILVNQ-ZXFNITATSA-N
2626,CC(=O)Nc1c(I)c(C(=O)N[C@H]2C(O)O[C@H](CO)[C@@H](O)[C@@H]2O)c(I)c(N(C)C(C)=O)c1I,0,NaN,NaN,BAQCROVBDNBEEB-UBYUBLNFSA-N
2627,Cc1nnc(C(C)C)n1[C@H]1C[C@H]2CC[C@@H](C1)N2CC[C@H](NC(=O)C1CCC(F)(F)CC1)c1ccccc1,0,NaN,NaN,GSNHKUDZZFZSJB-QUMGSSFMSA-N
2628,Cc1ccn(-c2cc(Cl)ccc2[C@@H](Oc2cc(-c3ccc(C[C@H](N)C(=O)O)cc3)nc(N)n2)C(F)(F)F)n1,0,NaN,NaN,NCLGDOBQAWBXRA-PGRDOPGGSA-N
2629,CC1(C)S[C@@H]2[C@H](NC(=O)[C@H](N)c3ccccc3)C(=O)N2[C@H]1C(=O)OC1OC(=O)c2ccccc21,0,NaN,NaN,SOROUYSPFADXSN-SUWVAFIASA-N
2630,OC[C@@H](O)[C@@H](O[C@@H]1O[C@H](CO)[C@H](O)[C@H](O)[C@H]1O)[C@H](O)[C@@H](O)CO,0,NaN,NaN,VQHSOMBJVWLPSR-JVCRWLNRSA-N
2631,COCC1=C(C(=O)OC(C)OC(=O)OC(C)C)N2C(=O)[C@@H](NC(=O)/C(=N\OC)c3csc(N)n3)[C@H]2SC1,0,NaN,NaN,LTINZAODLRIQIX-FBXRGJNPSA-N
2632,C=C1/C(=C\C=C2/CCC[C@]3(C)[C@@H]([C@H](C)CCCC(C)C)CC[C@@H]23)C[C@@H](O)C[C@@H]1O,0,NaN,0,OFHCOWSQAMBJIW-AVJTYSNKSA-N
2633,C[N+](C)(C)CCOP(=O)(O)OP(=O)([O-])OC[C@H]1O[C@@H](n2ccc(N)nc2=O)[C@H](O)[C@@H]1O,0,NaN,NaN,RZZPDXZPRHQOCG-OJAKKHQRSA-N
2634,CCC(=O)O[C@@H](O[P@](=O)(CCCCc1ccccc1)CC(=O)N1C[C@H](C2CCCCC2)C[C@H]1C(=O)O)C(C)C,0,NaN,NaN,BIDNLKIUORFRQP-XYGFDPSESA-N
2635,CC(C)=CCC/C(C)=C/C=C/C(C)=C/C=C/C(C)=C/C=C/C=C(C)/C=C/C=C(C)/C=C/C=C(\C)CCC=C(C)C,0,NaN,NaN,OAIJSZIZWZSQBC-GYZMGTAESA-N
2636,CO/N=C(\C(=O)N[C@@H]1C(=O)N2C(C(=O)[O-])=C(C[n+]3ccn4ncccc43)CS[C@H]12)c1nsc(N)n1,0,NaN,NaN,QDUIJCOKQCCXQY-WHJQOFBOSA-N
2637,CN(C)c1ccc(O)c2c1C[C@H]1C[C@H]3[C@H](N(C)C)C(=O)C(C(N)=O)=C(O)[C@@]3(O)C(=O)C1=C2O,0,NaN,NaN,FFTVPQUHLQBXQZ-KVUCHLLUSA-N
2638,CO/N=C(\C(=O)N[C@@H]1C(=O)N2C(C(=O)O)=C(CSc3nc(C)c(CC(=O)O)s3)CS[C@H]12)c1csc(N)n1,0,NaN,NaN,XDZKBRJLTGRPSS-BGZQYGJUSA-N
2639,CC1(C)S[C@@H]2[C@H](NC(=O)[C@H](NC(=O)c3cnc4cccnc4c3O)c3ccccc3)C(=O)N2[C@H]1C(=O)O,0,NaN,NaN,XMQVYNAURODYCQ-SLFBBCNNSA-N
2640,COC(=O)C[C@](O)(CCCC(C)(C)O)C(=O)O[C@@H]1C(OC)=C[C@]23CCCN2CCc2cc4c(cc2[C@H]13)OCO4,0,NaN,NaN,HYFHYPWGAURHIV-JFIAXGOJSA-N
2641,CC1=C(/C=C/C(C)=C/C=C/C(C)=C/C=C/C=C(C)/C=C/C=C(C)/C=C/C2=C(C)CCCC2(C)C)C(C)(C)CCC1,0,NaN,NaN,OENHQHLEOONYIE-JLTXGRSLSA-N
2642,CNC(=O)c1c(I)c(C(=O)NCC(=O)Nc2c(I)c(C(=O)O)c(I)c(C(=O)NCCO)c2I)c(I)c(N(C)C(C)=O)c1I,0,NaN,NaN,TYYBFXNZMFNZJT-UHFFFAOYSA-N
2643,CCC(C)n1ncn(-c2ccc(N3CCN(c4ccc(OCC5COC(Cn6cncn6)(c6ccc(Cl)cc6Cl)O5)cc4)CC3)cc2)c1=O,0,NaN,0,VHVPQPYKVGDNFY-UHFFFAOYSA-N
2644,COC(=O)C1=C(C)NC(C)=C(C(=O)OCCN2CCN(C(c3ccccc3)c3ccccc3)CC2)C1c1cccc([N+](=O)[O-])c1,0,NaN,NaN,ANEBWFXPVPTEET-UHFFFAOYSA-N
2645,CC(=O)O[C@]1(C(C)=O)CC[C@H]2[C@@H]3CCC4=CC(=O)CCC4=C3[C@@H](c3ccc(N(C)C)cc3)C[C@@]21C,0,NaN,NaN,OOLLAFOLCSJHRE-ZHAKMVSLSA-N
2646,CC(=O)OCC(=O)[C@@]1(O)CC[C@H]2[C@@H]3CCC4=CC(=O)CC[C@]4(C)[C@@]3(F)[C@@H](O)C[C@@]21C,0,NaN,0,SYWHXTATXSMDSB-GSLJADNHSA-N
2647,COc1cc2c3cc1Oc1cc(ccc1O)C[C@@H]1c4c(cc(OC)c(O)c4Oc4ccc(cc4)C[C@@H]3N(C)CC2)CC[N+]1(C)C,0,NaN,0,JFJZZMVDLULRGK-URLMMPGGSA-O
2648,CCC(=O)O[C@]1(C(=O)COC(C)=O)CC[C@H]2[C@@H]3CCC4=CC(=O)CC[C@]4(C)[C@H]3[C@@H](O)C[C@@]21C,0,NaN,NaN,MFBMYAOAMQLLPK-FZNHGJLXSA-N
2649,C[C@H](CCC(=O)O)[C@H]1CC[C@H]2[C@@H]3[C@@H](O)C[C@@H]4C[C@H](O)CC[C@]4(C)[C@H]3CC[C@]12C,0,NaN,NaN,RUDATBOHQWOJDD-UZVSRGJWSA-N
2650,CC(=O)OCC(=O)[C@@]1(O)CC[C@H]2[C@@H]3CCC4=CC(=O)C=C[C@]4(C)[C@@]3(Cl)[C@@H](Cl)C[C@@]21C,0,NaN,NaN,YNNURTVKPVJVEI-GSLJADNHSA-N
2651,CNC(=O)C[C@@H](N)C(=O)N[C@@H](C(=O)N[C@@H]1C(=O)N2[C@@H]1SC(C)(C)[C@@H]2C(=O)O)c1ccc(O)cc1,0,NaN,NaN,BHELIUBJHYAEDK-OAIUPTLZSA-N
2652,CC(=O)OCC(=O)[C@@]1(O)CC[C@H]2[C@@H]3C[C@H](C)C4=CC(=O)C=C[C@]4(C)[C@H]3[C@@H](O)C[C@@]21C,0,NaN,NaN,PLBHSZGDDKCEHR-LFYFAGGJSA-N
2653,CCO/N=C(\C(=O)N[C@@H]1C(=O)N2C(C(=O)[O-])=C(Sc3nc(-c4cc[n+](C)cc4)cs3)CS[C@H]12)c1nsc(N)n1,0,NaN,NaN,RGFBRLNVZCCMSV-BIRGHMBHSA-N
2654,CC(C)(C)NC(=O)N[C@H](C(=O)N1C[C@H]2[C@@H]([C@H]1C(=O)NC(CC1CCC1)C(=O)C(N)=O)C2(C)C)C(C)(C)C,0,NaN,NaN,LHHCSNFAOIFYRV-DOVBMPENSA-N
2655,C[C@@H]1C[C@H]2[C@@H]3C[C@H](F)C4=CC(=O)C=C[C@]4(C)[C@H]3[C@@H](O)C[C@]2(C)[C@@]1(O)C(=O)CO,0,NaN,NaN,MKPDWECBUAZOHP-AFYJWTTESA-N
2656,CN(C)[C@@H]1C(O)=C(C(N)=O)C(=O)[C@@]2(O)C(O)=C3C(=O)c4c(O)ccc(Cl)c4[C@@](C)(O)[C@H]3C[C@@H]12,0,NaN,0,CYDMQBQPVICBEU-XRNKAMNCSA-N
2657,CN(C)[C@@H]1C(=O)C(C(N)=O)=C(O)[C@@]2(O)C(=O)C3=C(O)c4c(O)ccc(Cl)c4[C@@](C)(O)[C@H]3C[C@@H]12,0,NaN,NaN,DHPRQBPJLMKORJ-XRNKAMNCSA-N
2658,CC1(C)O[C@@H]2C[C@H]3[C@@H]4CCC5=CC(=O)CC[C@]5(C)[C@@]4(F)[C@@H](O)C[C@]3(C)[C@]2(C(=O)CCl)O1,0,NaN,0,MUQNGPZZQDCDFT-JNQJZLCISA-N
2659,C[C@H](CCC(=O)O)[C@H]1CC[C@H]2[C@@H]3[C@H](O)C[C@@H]4C[C@H](O)CC[C@]4(C)[C@H]3C[C@H](O)[C@]12C,0,NaN,0,BHQCQFFYRZLCQQ-OELDTZBJSA-N
2660,C=C1c2c(Cl)ccc(O)c2C(=O)C2=C(O)[C@]3(O)C(=O)C(C(N)=O)=C(O)[C@@H](N(C)C)[C@@H]3[C@@H](O)[C@H]12,0,NaN,NaN,GGQJXCQBBONZFX-IWVLMIASSA-N
2661,C=C1c2c(Cl)ccc(O)c2C(O)=C2C(=O)[C@]3(O)C(O)=C(C(N)=O)C(=O)[C@@H](N(C)C)[C@@H]3[C@@H](O)[C@H]12,0,NaN,NaN,RNIADBXQDMCFEN-IWVLMIASSA-N
2662,C[C@H]1c2cccc(O)c2C(O)=C2C(=O)[C@]3(O)C(O)=C(C(N)=O)C(=O)[C@@H](N(C)C)[C@@H]3[C@@H](O)[C@@H]21,0,NaN,NaN,SGKRLCUYIXIAHR-AKNGSSGZSA-N
2663,COc1c(O[C@@H]2O[C@H](CO)[C@@H](O)[C@H](O)[C@H]2O)cc2c(c1OC)-c1ccc(SC)c(=O)cc1[C@@H](NC(C)=O)CC2,0,NaN,NaN,LEQAKWQJCITZNK-AXHKHJLKSA-N
2664,CN(C)c1cc(CNCC(C)(C)C)c(O)c2c1C[C@H]1C[C@H]3[C@H](N(C)C)C(=O)C(C(N)=O)=C(O)[C@@]3(O)C(=O)C1=C2O,0,NaN,NaN,VJYKVCURWJGLPG-IQZGDKDPSA-N
2665,CCCCC(=O)O[C@]1(C(=O)CO)[C@@H](C)C[C@H]2[C@@H]3CCC4=CC(=O)C=C[C@]4(C)[C@@]3(F)[C@@H](O)C[C@@]21C,0,NaN,NaN,SNHRLVCMMWUAJD-SUYDQAKGSA-N
2666,C[C@@H]1C[C@H]2[C@@H]3CCC4=CC(=O)C=C[C@]4(C)[C@@]3(F)[C@@H](O)C[C@]2(C)[C@@]1(O)C(=O)COP(=O)(O)O,0,NaN,NaN,VQODGRNSFPNSQE-CXSFZGCWSA-N
2667,CN(C)[C@@H]1C(O)=C(C(=O)NCN2CCCC2)C(=O)[C@@]2(O)C(O)=C3C(=O)c4c(O)cccc4[C@@](C)(O)[C@H]3C[C@@H]12,0,NaN,NaN,HMEYVGGHISAPJR-IAHYZSEUSA-N
2668,CN(C)[C@@H]1C(=O)C(C(=O)NCN2CCCC2)=C(O)[C@@]2(O)C(=O)C3=C(O)c4c(O)cccc4[C@@](C)(O)[C@H]3C[C@@H]12,0,NaN,NaN,IKQRPFTXKQQLJF-IAHYZSEUSA-N
2669,CC1=C(/C=C/C(C)=C/C=C/C(C)=C/C(=O)Oc2c(C)c(C)c3c(c2C)CCC(C)(CCCC(C)CCCC(C)CCCC(C)C)O3)C(C)(C)CCC1,0,NaN,NaN,RIQIJXOWVAHQES-BUXFCOQUSA-N
2670,CCC[C@@H]1C[C@@H](C(=O)N[C@@H]([C@H]2O[C@H](SC)[C@H](OP(=O)(O)O)[C@@H](O)[C@H]2O)[C@H](C)Cl)N(C)C1,0,NaN,NaN,UFUVLHLTWXBHGZ-MGZQPHGTSA-N
2671,CO[C@@H]1[C@@H](OC(N)=O)[C@@H](O)[C@H](Oc2ccc3c(O)c(NC(=O)c4ccc(O)c(CC=C(C)C)c4)c(=O)oc3c2C)OC1(C)C,0,NaN,NaN,YJQPYGGHQPGBLI-KGSXXDOSSA-N
2672,CCC(=O)OCC(=O)[C@@]1(OC(=O)CC)[C@@H](C)C[C@H]2[C@@H]3CCC4=CC(=O)C=C[C@]4(C)[C@@]3(F)[C@@H](O)C[C@@]21C,0,NaN,NaN,CIWBQSYVNNPZIQ-XYWKZLDCSA-N
2673,COC(=O)[C@H]1[C@H]2C[C@@H]3c4[nH]c5cc(OC)ccc5c4CCN3C[C@H]2C[C@@H](OC(=O)c2cc(OC)c(OC)c(OC)c2)[C@@H]1OC,0,NaN,0,QEVHRUUCFGRFIF-MDEJGZGSSA-N
2674,CC1(C)S[C@@H]2[C@H](NC(=O)[C@H](N)c3ccccc3)C(=O)N2[C@H]1C(=O)OCOC(=O)[C@@H]1N2C(=O)C[C@H]2S(=O)(=O)C1(C)C,0,NaN,NaN,OPYGFNJSCUDTBT-PMLPCWDUSA-N
2675,C[C@@H]1C[C@H]2[C@@H]3CCC4=CC(=O)C=C[C@]4(C)C3=CC[C@]2(C)[C@H]1C(=O)CN1CCN(c2cc(N3CCCC3)nc(N3CCCC3)n2)CC1,0,NaN,0,RBKASMJPSJDQKY-RBFSKHHSSA-N
2676,C[C@@H]1C[C@H]2[C@@H]3C[C@H](F)C4=CC(=O)C=C[C@]4(C)[C@@]3(Cl)[C@@H](O)C[C@]2(C)[C@H]1C(=O)COC(=O)C(C)(C)C,0,NaN,NaN,SXYZQZLHAIHKKY-GSTUPEFVSA-N
2677,CCC(=O)OCC(=O)[C@@]1(OC(=O)CC)[C@H](C)C[C@H]2[C@H]3[C@H]([C@@H](O)C[C@@]21C)[C@@]1(C)C=CC(=O)C=C1C[C@H]3Cl,0,NaN,NaN,DJHCCTTVDRAMEH-DUUJBDRPSA-N
2678,CC(=O)OCC(=O)[C@@]1(OC(C)=O)[C@@H](C)C[C@H]2[C@@H]3C[C@H](F)C4=CC(=O)C=C[C@]4(C)[C@@]3(F)[C@@H](O)C[C@@]21C,0,NaN,0,BOBLHFUVNSFZPJ-JOYXJVLSSA-N
2679,C[C@@H]1C[C@H]2[C@@H]3C[C@H](F)C4=CC(=O)C=C[C@]4(C)[C@@]3(F)[C@@H](O)C[C@]2(C)[C@@]1(O)C(=O)COC(=O)C(C)(C)C,0,NaN,NaN,JWRMHDSINXPDHB-OJAGFMMFSA-N
2680,CC(C)[C@H](NC(=O)[C@H](CC(=O)O)NC(=O)[C@H](CCCCN)NC(=O)[C@@H](N)CCCN=C(N)N)C(=O)N[C@@H](Cc1ccc(O)cc1)C(=O)O,0,NaN,NaN,PSWFFKRAVBDQEG-YGQNSOCVSA-N
2681,CC(CNC(=O)c1ccccc1)C(=O)OCC(=O)[C@@]12OC(C)(C)O[C@@H]1C[C@H]1[C@@H]3CCC4=CC(=O)C=C[C@]4(C)[C@@]3(F)[C@@H](O)C[C@@]12C,0,NaN,NaN,GUYPYYARYIIWJZ-CYEPYHPTSA-N
2682,C[C@@H]1O[C@@H](O[C@@H]2C=C3CC[C@@H]4[C@H](CC[C@]5(C)[C@@H](c6ccc(=O)oc6)CC[C@]45O)[C@@]3(C)CC2)[C@H](O)[C@H](O)[C@H]1O,0,NaN,0,MYEJFUXQJGHEQK-ALRJYLEOSA-N
2683,COC(=O)N[C@H](C(=O)N1CCC[C@H]1c1ncc(-c2ccc(-c3ccc(-c4cnc([C@@H]5CCCN5C(=O)[C@@H](NC(=O)OC)C(C)C)[nH]4)cc3)cc2)[nH]1)C(C)C,0,NaN,NaN,FKRSSPOQAMALKA-CUPIEXAXSA-N
2684,N=C(N)NCCCC[C@@H]1NC(=O)CCSSC[C@@H](C(N)=O)NC(=O)[C@@H]2CCCN2C(=O)[C@H](Cc2c[nH]c3ccccc23)NC(=O)[C@H](CC(=O)O)NC(=O)CNC1=O,0,NaN,NaN,CZKPOZZJODAYPZ-LROMGURASA-N
2685,NC[C@H]1O[C@H](O[C@H]2[C@H](O)[C@@H](O[C@H]3O[C@H](CO)[C@@H](O)[C@H](N)[C@H]3O)[C@H](N)C[C@@H]2N)[C@H](O)[C@@H](O)[C@@H]1O,0,NaN,0,SBUJHOSQTJFQJX-NOAMYHISSA-N
2686,CO[C@H]1C[C@H](O[C@H]2CC[C@@]3(C)[C@H](CC[C@@H]4[C@@H]3CC[C@]3(C)[C@@H](C5=CC(=O)OC5)[C@@H](OC(C)=O)C[C@]43O)C2)O[C@@H](C)[C@@H]1O,0,NaN,NaN,JLPDBLFIVFSOCC-XYXFTTADSA-N
2687,C[C@@H]1O[C@@H](OC[C@H]2O[C@@H](Oc3c(-c4ccc(OCCO)c(OCCO)c4)oc4cc(OCCO)cc(O)c4c3=O)[C@H](O)[C@@H](O)[C@@H]2O)[C@H](O)[C@H](O)[C@H]1O,0,NaN,NaN,IYVFNTXFRYQLRP-VVSTWUKXSA-N
2688,CC[C@]1(O)C[C@@H]2CN(CCc3c([nH]c4ccccc34)[C@@](C(=O)OC)(c3cc4c(cc3OC)N(C)[C@H]3[C@@](O)(C(N)=O)[C@H](O)[C@]5(CC)C=CCN6CC[C@]43[C@@H]65)C2)C1,0,NaN,0,HHJUWIANJFBDHT-ZVTSDNJWSA-N
2689,C=CC[N@@+]12CC[C@@]34c5ccccc5N5/C=C6/[C@H]7C[C@H]8[C@@]9(CC[N@@+]8(CC=C)C/C7=C/CO)c7ccccc7N(/C=C(/[C@@H](C[C@@H]31)/C(=C\CO)C2)[C@H]54)[C@@H]69,0,NaN,NaN,MUQUYTSLDVKIOF-CHJKCJHBSA-N
2690,CC[C@]1(O)C[C@H]2CN(CCc3c([nH]c4ccccc34)[C@@](C(=O)OC)(c3cc4c(cc3OC)N(C=O)[C@H]3[C@@](O)(C(=O)OC)[C@H](OC(C)=O)[C@]5(CC)C=CCN6CC[C@]43[C@@H]65)C2)C1,0,NaN,0,OGWKCGZFUXNPDA-XQKSVPLYSA-N
2691,CC(C)C(=O)Nc1cccc(C2CCN(Cc3ccc(Oc4ccc(Cl)c(Cl)c4)cc3)CC2)c1,0,NaN,NaN,TVUCFWYHYFWZFI-UHFFFAOYSA-N
2692,CC1(C)OC(=O)N(C2CCC(c3cnc(N)c(-c4ncccn4)c3)CC2)[C@H]1c1ccccc1,0,NaN,NaN,QTAONPFQLNZKSD-QVHXHXEWSA-N
2693,CC1(C)OC(=O)N([C@H]2CC[C@H](c3cnc(N)c(-c4ncccn4)c3)CC2)[C@H]1c1ccccc1,0,NaN,NaN,QTAONPFQLNZKSD-XJABCFGWSA-N
2694,NCC(O)c1ccc(O)c(O)c1F,0,NaN,NaN,FOTRTWXNJQSQJS-UHFFFAOYSA-N
2695,Brc1c(NC2=NCCO2)ccc2nccnc12,0,0,0,HBHGSUXQIQVLPX-UHFFFAOYSA-N
2696,NCC1OCc2cc(O)c(O)cc21,0,0,0,GGNUGQIIDYTDSW-UHFFFAOYSA-N
2697,CC(C)C1C2CCC(C2)C1N,0,0,0,SHXVJSFOJHMEEQ-UHFFFAOYSA-N
2698,c1c[nH]c(Nc2ccc3nccnc3c2)n1,0,0,0,CDFWKVORAWOKDO-UHFFFAOYSA-N
2699,Brc1c(Nc2ncc[nH]2)ccc2nccnc12,0,0,0,FJXZFBTUCZEINA-UHFFFAOYSA-N
2700,O=C(/C=C/c1ccc(O)cc1)NCCCCc1ccccc1,0,NaN,NaN,UPGWNMMNYKRQQH-SDNWHVSQSA-N
2701,O=C(/C=C/c1ccc(Cl)cc1Cl)NCCc1ccc(O)cc1,0,NaN,NaN,MNGSPIAPUCEEBN-XBXARRHUSA-N
2702,O=C(/C=C/c1ccc(O)cc1)N1CCC(Cc2ccccc2)CC1,0,NaN,NaN,FYGULVAWGIBPEL-DHZHZOJOSA-N
2703,N#C/C(=C\c1ccc(O)c(O)c1)C(=O)NCCCCc1ccccc1,0,NaN,NaN,GWCNJMUSWLTSCW-SFQUDFHCSA-N
2704,C1COC(N2CCOCC2)=N1,0,0,NaN,ICFHSWCDTICIIC-UHFFFAOYSA-N
2705,NC(=O)OC[C@@H]1[C@H](NC(=O)/C(=N\OCC(=O)O)c2csc(N)n2)C(=O)N1S(=O)(=O)O,0,NaN,NaN,UIMOJFJSJSIGLV-JNHMLNOCSA-N
2706,CC(=N)N1CC[C@H](SC2=C(C(=O)O)N3C(=O)[C@H]([C@@H](C)O)[C@H]3C2)C1,0,NaN,NaN,TYMABNNERDVXID-DLYFRVTGSA-N
2707,C[C@@H](O)[C@H]1C(=O)N2C(C(=O)O)=C(S[C@@H]3CN[C@H](CNS(N)(=O)=O)C3)[C@H](C)[C@H]12,0,NaN,NaN,AVAACINZEOAHHE-VFZPANTDSA-N
2708,Oc1ccc2c(c1O)C[C@@H](c1ccccc1)[C@@H]1CCNC[C@@H]21,0,NaN,NaN,FKYWSGYMKJUZEP-ZOBUZTSGSA-N
2709,Cc1ccc2nc(CNCCCOc3ccccc3)cc(O)c2c1,0,0,NaN,RPHDOVLXDYWDGF-UHFFFAOYSA-N
2710,Cc1c(O[C@@H](C)c2ccc(CC(C)C)cc2)ccc(C(=O)Nc2ccccc2OCCCC(=O)O)c1C,0,0,0,XWNSOVPLENXWNU-QHCPKHFHSA-N
2711,CC(C)c1ccc(N2CCN(CCn3c(=O)[nH]c4c([nH]c5ccccc54)c3=O)CC2)cc1,0,0,0,FXCQFMQQYXADPE-UHFFFAOYSA-N
2712,O=c1[nH]c2c([nH]c3ccccc32)c(=O)n1CCN1CCN2c3ccccc3OCC2C1,0,0,0,GZCGXJIAJHDKLC-UHFFFAOYSA-N
2713,Cc1nc2c3ccccc3nc-2c(O)n1CCN1CCN(c2ccc(C(C)C)cc2)CC1,0,0,0,SKNPJRMJANYTMK-UHFFFAOYSA-N
2714,Cc1nc2c([nH]c3ccccc32)c(=O)n1CCN1CCN(c2ccc(C(C)C)cc2)CC1,0,0,0,KFVJAFLWESXCBB-UHFFFAOYSA-N
2715,Cc1nc2c3ccccc3nc-2c(O)n1CCN1CCN(c2ccc(C(C)(C)C)cc2)CC1,0,0,0,PQUQESDZEDVJQI-UHFFFAOYSA-N
2716,Cc1nc2c([nH]c3ccccc32)c(=O)n1CCN1CCN(c2ccc(C(C)(C)C)cc2)CC1,0,0,0,FIAYTBRPUJKVNV-UHFFFAOYSA-N
2717,O=c1[nH]c2c([nH]c3ccccc32)c(=O)n1CCN1CCN(c2ccc(C3CCCCC3)cc2)CC1,0,0,0,LBAHCBYHXKEZKJ-UHFFFAOYSA-N
2718,CCc1nc2c3ccccc3nc-2c(O)n1CCN1CCN(c2ccccc2OC)CC1,0,NaN,0,LYDYJVWPPIHVMH-UHFFFAOYSA-N
2719,CCc1nc2c([nH]c3ccccc32)c(=O)n1CCN1CCN(c2ccccc2OC)CC1,0,NaN,0,UCFHSSVNLVEOLY-UHFFFAOYSA-N
2720,COc1ccccc1N1CCN(CCCn2cnc3c4ccccc4nc-3c2O)CC1,0,NaN,0,LFGYMZUBIQPQKO-UHFFFAOYSA-N
2721,COc1ccccc1N1CCN(CCCn2cnc3c([nH]c4ccccc43)c2=O)CC1,0,NaN,0,DUDUWKYWMCPMLT-UHFFFAOYSA-N
2722,CCc1nc2c3ccccc3nc-2c(O)n1CCCN1CCN(c2ccccc2OC)CC1,0,1,0,PFAQKUQPCOULOJ-UHFFFAOYSA-N
2723,CCc1nc2c([nH]c3ccccc32)c(=O)n1CCCN1CCN(c2ccccc2OC)CC1,0,1,0,CNIGISISEFSFGL-UHFFFAOYSA-N
2724,CC(C)(C)c1ccc(N2CCN(CCn3c(=O)[nH]c4c([nH]c5ccccc54)c3=O)CC2)cc1,0,0,0,HQVAUISTGQUBJI-UHFFFAOYSA-N
2725,CCOc1ccccc1N1CCN(CCn2cnc3c4ccccc4nc-3c2O)CC1,0,1,0,VFAAIQVGFDCSDY-UHFFFAOYSA-N
2726,CCOc1ccccc1N1CCN(CCn2cnc3c([nH]c4ccccc43)c2=O)CC1,0,1,0,NYGYOOSNFJFFKX-UHFFFAOYSA-N
2727,O=c1[nH]c2c([nH]c3ccccc32)c(=O)n1CCN1CCN(c2ccccc2O)CC1,0,1,0,GBFNGIUKBXQBKO-UHFFFAOYSA-N
2728,CCOc1ccccc1N1CCN(CCn2c(=O)[nH]c3c([nH]c4ccccc43)c2=O)CC1,0,1,0,KSEKFOIGJKOAJY-UHFFFAOYSA-N
2729,COc1ccccc1N1CCN(CCn2c(C)nc3c4ccccc4nc-3c2O)CC1,0,1,0,PTZPHMWEBRURCP-UHFFFAOYSA-N
2730,COc1ccccc1N1CCN(CCn2c(C)nc3c([nH]c4ccccc43)c2=O)CC1,0,1,0,DPZINESQNXMPIE-UHFFFAOYSA-N
2731,COc1ccccc1N1CCN(CCCn2c(C)nc3c4ccccc4nc-3c2O)CC1,0,1,0,RWUWDRWYNJXVCA-UHFFFAOYSA-N
2732,COc1ccccc1N1CCN(CCCn2c(C)nc3c([nH]c4ccccc43)c2=O)CC1,0,1,0,HKEJXWNWJCAGGO-UHFFFAOYSA-N
2733,O=c1[nH]c2c([nH]c3ccccc32)c(=O)n1CCN1CCN(c2ccccc2Cl)CC1,0,1,0,FKIGXRKDASCJOU-UHFFFAOYSA-N
2734,COc1ccccc1C1CCN(CCn2c(=O)[nH]c3c([nH]c4ccccc43)c2=O)CC1,0,1,0,NLRALOPNDFSYJZ-UHFFFAOYSA-N
2735,COc1ccccc1N1CCN(CCn2cnc3c4ccccc4nc-3c2O)CC1,0,1,0,LJYQENYAAXKGDW-UHFFFAOYSA-N
2736,COc1ccccc1N1CCN(CCn2cnc3c([nH]c4ccccc43)c2=O)CC1,0,1,0,UAEYORFBFBXLJJ-UHFFFAOYSA-N
2737,CC(C)c1ccc(N2CCN(CCn3c(=O)[nH]c4c(sc5ccccc54)c3=O)CC2)cc1,0,0,0,PDCJPFURXZYCSG-UHFFFAOYSA-N
2738,CCCCc1ccc(N2CCN(CCn3c(=O)[nH]c4c([nH]c5ccccc54)c3=O)CC2)cc1,0,0,0,KZBOJCCPPXNSRU-UHFFFAOYSA-N
2739,COc1cccc2c1CC[C@H]1CN(CCn3c(=O)[nH]c4c(-c5ccccc5)csc4c3=O)C[C@@H]21,NaN,1,NaN,VMZJRPSZTYTUEY-GHTZIAJQSA-N
2740,COc1cc2nc(N3CCN(C(=O)c4ccco4)C4CCCCC43)nc(N)c2cc1OC,NaN,1,NaN,XBRXTUGRUXGBPX-UHFFFAOYSA-N
2741,COc1ccc2c(=O)n(CCN3C[C@@H]4CCc5c(OC)cccc5[C@@H]4C3)c(=O)[nH]c2c1,NaN,1,NaN,GWTJWBBBBACSBB-MGPUTAFESA-N
2742,COc1cc2[nH]c(=O)n(CCN3C[C@@H]4CCc5c(OC)cccc5[C@@H]4C3)c(=O)c2s1,NaN,1,NaN,JARQYZBFRPHGBC-XJKSGUPXSA-N
2743,COc1cccc2c1CC[C@H]1CN(CCn3c(=O)[nH]c4cc(NC(C)=O)ccc4c3=O)C[C@@H]21,NaN,1,NaN,CDHRNZXTVNDRBC-HRAATJIYSA-N
2744,COc1cccc2c1CC[C@H]1CN(CCn3c(=O)[nH]c4cccc(Cl)c4c3=O)C[C@@H]21,NaN,1,NaN,KFPKZTLATJJXHG-WMLDXEAASA-N
2745,COc1cccc2c1CC[C@H]1CN(CCn3c(=O)[nH]c4cscc4c3=O)C[C@@H]21,NaN,1,NaN,QOFCJVQVURHXTF-XJKSGUPXSA-N
2746,COc1cccc2c1CC[C@H]1CN(CCn3c(=O)[nH]c4cccc(C)c4c3=O)C[C@@H]21,NaN,1,NaN,HZFDWJNIIKVQER-QFBILLFUSA-N
2747,COc1cccc2c1CC[C@H]1CN(CCn3c(=O)[nH]c4ccccc4c3=O)C[C@@H]21,NaN,1,NaN,QYTLWWWPYDZRAG-HNAYVOBHSA-N
2748,COc1cccc2c1CC[C@H]1CN(CCn3c(=O)[nH]c4c(C)csc4c3=O)C[C@@H]21,NaN,1,NaN,YJZIBDJFLKZMFA-WMLDXEAASA-N
2749,O=S(=O)(c1ccc2cc[nH]c2c1)N1CCC[C@@H]1CCN1CCC(c2c[nH]c3ccccc23)CC1,NaN,1,NaN,CKOGHPCHAYJBFY-JOCHJYFZSA-N
2750,c1ccc2c(c1)C[C@]1(c3c[nH]cn3)C[C@H]21,NaN,1,NaN,FIERHAFMRVRMDV-YPMHNXCESA-N
2751,COc1cccc2c1CC[C@H]1CN(CCn3c(=O)[nH]c4c(C)c(C)ccc4c3=O)C[C@@H]21,NaN,1,NaN,YWCSJTNACFIWMO-LAUBAEHRSA-N
2752,COc1ccc(C)cc1N1CCN(CCCNc2cc(=O)n(C)c(=O)n2C)CC1,NaN,1,NaN,RAWLZBUZFGOUJJ-UHFFFAOYSA-N
2753,COc1cccc2c1CCC1CN(CCn3c(=O)[nH]c4ccsc4c3=O)CC21,NaN,1,NaN,CAEZRWQRXPFXAO-UHFFFAOYSA-N
2754,COc1cccc2c1CC[C@H]1CN(CCn3c(=O)[nH]c4ccsc4c3=O)C[C@@H]21,NaN,1,NaN,CAEZRWQRXPFXAO-XJKSGUPXSA-N
2755,COC(=O)c1ccc2c(=O)n(CCN3C[C@@H]4CCc5c(OC)cccc5[C@@H]4C3)c(=O)[nH]c2c1,NaN,1,NaN,PDRJBDSCLNHWKG-OXJNMPFZSA-N
2756,COc1cc2c3c(c1OC)-c1cc4c(cc1C[C@@H]3N(C)CC2)OCO4,NaN,1,NaN,WSVWKHTVFGTTKJ-AWEZNQCLSA-N
2757,COc1cccc2c1CC[C@H]1CN(CCn3c(=O)[nH]c4sccc4c3=O)C[C@@H]21,NaN,1,NaN,YMBUQNAAUFTUND-SUMWQHHRSA-N
2758,COc1cccc2c1CC[C@H]1CN(CCn3c(=O)[nH]c4c(OC)cccc4c3=O)C[C@@H]21,NaN,1,NaN,KKPIEWMOXUDHDQ-HNAYVOBHSA-N
2759,COc1cccc2c1CC[C@H]1CN(CCn3c(=O)[nH]c4c(C(C)C)c(OC)sc4c3=O)C[C@@H]21,NaN,1,NaN,KHIULIFNYWCVQZ-MAUKXSAKSA-N
2760,COc1cccc2c1CC[C@H]1CN(CCn3c(=O)[nH]c4[nH]ccc4c3=O)C[C@@H]21,NaN,1,NaN,GGFLSBNZVPANMF-SUMWQHHRSA-N
2761,COc1cccc2c1CC[C@H]1CN(CCn3c(=O)[nH]c4cc(Cl)ccc4c3=O)C[C@@H]21,NaN,1,NaN,YBNNEESMGJJPKH-IFXJQAMLSA-N
2762,COc1cccc2c1CC[C@H]1CN(CCn3c(=O)[nH]c4cnccc4c3=O)C[C@@H]21,NaN,1,NaN,DQYOZIINFGPXBN-KBXCAEBGSA-N
2763,COc1cc2c(=O)n(CCN3C[C@@H]4CCc5c(OC)cccc5[C@@H]4C3)c(=O)n(C)c2cc1OC,NaN,1,NaN,UEDODQFERYKFQS-OXJNMPFZSA-N
2764,COc1cccc2c1CC[C@H]1CN(CCn3c(=O)[nH]c4ncccc4c3=O)C[C@@H]21,NaN,1,NaN,ZJHGMJHJDHEYNX-KBXCAEBGSA-N
2765,COc1cccc2c1CC[C@H]1CN(CCn3c(=O)[nH]c4cc([N+](=O)[O-])ccc4c3=O)C[C@@H]21,NaN,1,NaN,DQSYTGKEJVGVLB-IFXJQAMLSA-N
2766,COC(=O)c1cc2[nH]c(=O)n(CCN3C[C@@H]4CCc5c(OC)cccc5[C@@H]4C3)c(=O)c2s1,NaN,1,NaN,RXINGPJCQZSBIJ-XJKSGUPXSA-N
2767,Cc1ccccc1N1CCN(CCCCN2CCCC2=O)CC1,NaN,1,NaN,DHADLFMOLMZDRX-UHFFFAOYSA-N
2768,CCC[C@H]1[C@@H]2c3ccccc3C[C@]12c1c[nH]cn1,NaN,1,NaN,PRXCUMHAHRIDJF-CWRNSKLLSA-N
2769,COc1ccc2[nH]c(=O)n(CCN3C[C@@H]4CCc5c(OC)cccc5[C@@H]4C3)c(=O)c2c1,NaN,1,NaN,KPFQUAOOMMHSJZ-MGPUTAFESA-N
2770,COc1cccc2c1CC[C@H]1CN(CCn3c(=O)[nH]c4cc(C)c(C)cc4c3=O)C[C@@H]21,NaN,1,NaN,CLIPGTAXZKATAJ-LAUBAEHRSA-N
2771,C[C@H]1c2ccccc2[C@H]2C[C@]21c1c[nH]cn1,NaN,1,NaN,VDSXZDLUEYFJGH-MRCXROJRSA-N
2772,COC(=O)C1C(C)=NC(C)=C(C(=O)OCCCN2CCC(c3ccccc3)(c3ccccc3)CC2)C1c1cccc([N+](=O)[O-])c1,NaN,1,NaN,MFGFAKSTFYWAKE-UHFFFAOYSA-N
2773,COc1cccc2c1CC[C@H]1CN(CCn3c(=O)[nH]c4c(C)c(OC)sc4c3=O)C[C@@H]21,NaN,1,NaN,LKCYRIGBAXUBGO-WMLDXEAASA-N
2774,COc1cc2nc3c(c(N)c2cc1OC)CCC(CNC(=O)c1ccccc1C(F)(F)F)C3,NaN,1,1,QIOOWTWBRUIBKP-UHFFFAOYSA-N
2775,O=C1CC2(CCCC2)CC(=O)N1CCN1CCC(c2ccccc2Cl)CC1,NaN,1,NaN,QGNJCJCADQNVJR-UHFFFAOYSA-N
2776,COc1cccc2c1CC[C@H]1CN(CCn3c(=O)[nH]c4cccnc4c3=O)C[C@@H]21,NaN,1,NaN,UUWKLRJOWBMKIO-WMLDXEAASA-N
2777,COc1ccccc1OCCN(C)CCN1C(=O)CC2(CCCC2)CC1=O,NaN,1,NaN,VNNMLVMVVPXAQV-UHFFFAOYSA-N
2778,CCC[C@H]1c2ccccc2[C@H]2C[C@]21c1c[nH]cn1,NaN,1,NaN,LQKQCQKZRUYZOI-SQWLQELKSA-N
2779,COc1cc2nc(N3CCN(C(C)=O)[C@H]4CCCC[C@H]43)nc(N)c2cc1OC,NaN,1,NaN,MTCUHQIMOONOQK-JKSUJKDBSA-N
2780,COc1cc2[nH]c(=O)n(CCN3C[C@@H]4CCc5c(OC)cccc5[C@@H]4C3)c(=O)c2cc1Cl,NaN,1,NaN,CPYTXHMLULQLQU-KBXCAEBGSA-N
2781,CN(CC1CCCCC1)[C@H]1C2C3CC4C5C3CC2C5C41,NaN,1,NaN,BMHWWKPJPARTBN-RAOGCBAWSA-N
2782,COc1ccccc1N1CCN(CCCCCn2cc(CCCC(=O)O)c3ccccc32)CC1,NaN,1,1,COCNNTPCKDDPMD-UHFFFAOYSA-N
2783,O=C1CC2(CCCC2)CC(=O)N1CCN1CCN(c2cc(Cl)ccc2Cl)CC1,NaN,1,1,LAZUXKZZDKCHKK-UHFFFAOYSA-N
2784,COc1cccc2c1CC[C@H]1CN(CCn3c(=O)[nH]c4ccncc4c3=O)C[C@@H]21,NaN,1,NaN,KRBXRJXSCYGFMO-KBXCAEBGSA-N
2785,COc1cccc2c1CC[C@H]1CN(CCn3c(=O)[nH]c4cc(-c5ccccc5)sc4c3=O)C[C@@H]21,NaN,1,NaN,HKSUNNWTUBMNAB-GHTZIAJQSA-N
2786,CCCO[C@H]1c2ccccc2[C@H]2C[C@]21c1c[nH]cn1,NaN,1,NaN,IXRPDYSTGHYEBR-VNQPRFMTSA-N
2787,O=C1CC2(CCCC2)CC(=O)N1CCN1CCCN(c2ccccc2Cl)CC1,NaN,1,NaN,YSSOQZSAWAKBHU-UHFFFAOYSA-N
2788,CN(C)C1C=CC2(CC1)c1ccccc1CCc1ccc(Cl)cc12,NaN,1,NaN,QPNVVIACYJVUOX-UHFFFAOYSA-N
2789,COc1cccc2c1CC[C@H]1CN(CCn3c(=O)[nH]c4nccnc4c3=O)C[C@@H]21,NaN,1,NaN,HTYVDYLLKXEKSL-XJKSGUPXSA-N
2790,CC(CN1CCN(c2cc(Cl)ccc2Cl)CC1)N1C(=O)CC2(CCCC2)CC1=O,NaN,1,NaN,RPADCEVSPXUEKK-UHFFFAOYSA-N
2791,O=C1CC2(CCCC2)CC(=O)N1CCCN1CCN(c2cc(Cl)ccc2Cl)CC1,NaN,1,NaN,SYPZJTHVWQUCJS-UHFFFAOYSA-N
2793,O=C1CC2(C=CN1CCN1CCN(c3cc(Cl)ccc3Cl)CC1)CCCC2,NaN,1,NaN,QVAVHYHWALAFMY-UHFFFAOYSA-N
2794,COc1cccc2c1CC[C@H]1CN(CCn3c(=O)[nH]c4c(C)cc(C)cc4c3=O)C[C@@H]21,NaN,1,NaN,DZVKSRJUFFUHHJ-LAUBAEHRSA-N
2795,CC[C@H]1[C@@H]2c3ccccc3C[C@]12c1c[nH]cn1,NaN,1,NaN,ARHWJJBPLJIHQP-AEGPPILISA-N
2796,N#Cc1ccc(Cl)cc1N1CCN(CCN2C(=O)CC3(CCCC3)CC2=O)CC1,NaN,1,NaN,GUJILKGAXBCELS-UHFFFAOYSA-N
2797,c1ccc2c(c1)[C@H]1C[C@@]1(c1c[nH]cn1)C21CC1,NaN,1,NaN,FYLKUCQQWYKEOG-IUODEOHRSA-N
2798,Cc1ccc2nccc(NCCNc3ccnc4ccc(C)cc34)c2c1,NaN,1,NaN,YKNISNOKAVDJNX-UHFFFAOYSA-N
2799,O=C(c1ccc(F)cc1)C1CCN(CC[C@H]2CCCN2S(=O)(=O)c2ccc3cc[nH]c3c2)CC1,NaN,1,NaN,JFQVHBZRRZBJFS-HSZRJFAPSA-N
2800,O=C(N(CCN1CCN(c2ccccc2O)CC1)c1ccccn1)C12C3C4C1C1C2C3C41I,NaN,1,NaN,IUEHDTRLKKNLDW-UHFFFAOYSA-N
2801,COc1cc2nc(N3CCC[C@@H](NC4=CC(=O)c5ccccc5C4=O)C3)nc(N)c2cc1OC,NaN,1,1,ZLHMTVZLNSBOJW-CQSZACIVSA-N
2802,Cc1ccc(Cl)cc1N1CCN(CCN2C(=O)CC3(CCCC3)CC2=O)CC1,NaN,1,NaN,RURCUXSXKOFVNM-UHFFFAOYSA-N
2803,COc1cc(N)c(C(=O)NCCN2C[C@@H]3CCc4c(OC)cccc4[C@@H]3C2)cc1OC,NaN,1,NaN,RLJXOVFXQJQZMU-HNAYVOBHSA-N
2804,CS(=O)(=O)c1ccccc1CCNCCOc1cc(F)ccc1Cl,NaN,1,1,UXCFPMQSYGOBHB-UHFFFAOYSA-N
2805,O=S(=O)(c1ccc2cc[nH]c2c1)N1CCC[C@@H]1CCN1CCC(Oc2ccc(F)cc2)CC1,NaN,1,NaN,CCRVXKJAWVLEMD-OAQYLSRUSA-N
2806,COc1cc2nc(N3CCN[C@H](C(=O)NC(C)(C)C)C3)nc(N)c2cc1OC,NaN,1,NaN,FACJCZHMOYUSSW-ZDUSSCGKSA-N
2807,C[C@H]1[C@@H]2c3ccccc3C[C@]12c1c[nH]cn1,NaN,1,NaN,WYFCRYMMLDTJAM-CUOATXAZSA-N
2808,COc1ccc2c(NCCCCCCCNc3ccnc4cc(OC)ccc34)ccnc2c1,NaN,1,NaN,UZQGZSISQVAYCO-UHFFFAOYSA-N
2809,COc1cccc2c1CC[C@H]1CN(CCn3c(=O)[nH]c4c(sc5ncc(Cl)nc54)c3=O)C[C@@H]21,NaN,1,NaN,HEMYMELEKVSREK-SWLSCSKDSA-N
2810,O=C1CC2(CCCC2)CC(=O)N1CCN1CCN(c2ccccc2C2CC2)CC1,NaN,1,NaN,IXXRJDPEMQTXTR-UHFFFAOYSA-N
2811,CN[C@@H]1CC[C@@H](c2ccc(Cl)c(Cl)c2)c2ccccc21,NaN,1,NaN,VGKDLMBJGBXTGI-YVEFUNNKSA-N
2812,COc1ccccc1OCCNC[C@@H]1CO[C@H](C(c2ccccc2)c2ccccc2)O1,NaN,1,1,KJSZFXLLGTVRIA-GJZUVCINSA-N
2813,O=C1CC2(CCCC2)CC(=O)N1CCN1CCC(c2cc(Cl)ccc2Cl)CC1,NaN,1,NaN,OHZRADJFNIULBZ-UHFFFAOYSA-N
2814,CCO[C@H]1c2ccccc2[C@H]2C[C@]21c1c[nH]cn1,NaN,1,NaN,ASHFKBMVCDTQQO-VHDGCEQUSA-N
2815,C[C@]12C[C@@]1(c1c[nH]cn1)Cc1ccccc12,NaN,1,NaN,DLWKVBPPVYZEML-ZIAGYGMSSA-N
2816,COCCN1CCC[C@@H]1Cn1nc(Cc2ccc(Cl)cc2)c2ncccc2c1=O,NaN,1,NaN,SAMYTBZVLLYSKN-GOSISDBHSA-N
2817,COc1cc2nc3c(c(N)c2cc1OC)CCC(CNCCOc1c(OC)cccc1OC)C3,NaN,1,NaN,VVVAWPJJUKGKGT-UHFFFAOYSA-N
2818,CC[C@H]1c2ccccc2[C@H]2C[C@]21c1c[nH]cn1,NaN,1,NaN,AKBJKOBHDJQWMB-GZBFAFLISA-N
2819,COc1cc2nc(N3CCC[C@@H](NC(=O)c4ccco4)C3)nc(N)c2cc1OC,NaN,1,1,KUSUAKLXHXASTN-GFCCVEGCSA-N
2820,CCC1(C)CC(=O)N(CCN2CCN(c3cc(Cl)ccc3Cl)CC2)C(=O)C1,NaN,1,NaN,OPNJYTBFAIGRFB-UHFFFAOYSA-N
2821,O=S(=O)(c1ccc2cc[nH]c2c1)N1CCC[C@@H]1CCN1CCC(n2c(O)nc3ccccc32)CC1,NaN,1,NaN,UBSGPBQBBCDFAL-HXUWFJFHSA-N
2822,CCOc1ccccc1N1CCN(CC(O)CN2C(=O)NC(=O)C2(c2ccccc2)c2ccccc2)CC1,NaN,1,NaN,KRYMKJFSDYDRHS-UHFFFAOYSA-N
2823,N#Cc1ccccc1N1CCN(CCN2C(=O)CC3(CCCC3)CC2=O)CC1,NaN,1,NaN,FIKCUNQQOIUGKX-UHFFFAOYSA-N
2824,COc1cc2nc(N3CCC[C@@H](NC(=O)[C@H]4COc5ccccc5O4)C3)nc(N)c2cc1OC,NaN,1,NaN,LCYPGGDZOSRDEW-SPLOXXLWSA-N
2825,O=C1CCCN1CCCCN1CCN(c2ccc(F)cc2F)CC1,NaN,1,NaN,PILPOLVYZWONLU-UHFFFAOYSA-N
2826,O=C1CC2(CCCC2)CC(=O)N1CCN1CCN(c2cc(Br)ccc2Br)CC1,NaN,1,NaN,MQBZNVUMTSNRTI-UHFFFAOYSA-N
2827,Cc1ccc2c(NCCNc3ccnc4cc(C)ccc34)ccnc2c1,NaN,1,NaN,ZEJCAUGJSXGWIE-UHFFFAOYSA-N
2828,CN1CCC[C@@H]1Cn1nc(Cc2ccc(Cl)cc2)c2ncccc2c1=O,NaN,1,NaN,OUEZWZJJIKBFFV-MRXNPFEDSA-N
2829,Cc1ccc2c(NCCCCCCCNc3ccnc4cc(C)ccc34)ccnc2c1,NaN,1,NaN,LTACTAZJIYCENM-UHFFFAOYSA-N
2830,O=C1CC2(CCCCC2)CC(=O)N1CCN1CCN(c2cc(Cl)ccc2Cl)CC1,NaN,1,NaN,XLTTZOVFXUSDEW-UHFFFAOYSA-N
2831,COc1ccccc1N1CCN(CC(O)CN2C(=O)NC(=O)C2(c2ccccc2)c2ccccc2)CC1,NaN,1,NaN,HFWMUFQVQHUKDD-UHFFFAOYSA-N
2832,O=C1CCCC(=O)N1CCN1CCN(c2cc(Cl)ccc2Cl)CC1,NaN,1,NaN,OATZTRPAOPUZBS-UHFFFAOYSA-N
2833,COc1cc2nc(N3CCC[C@H](N)C3)nc(N)c2cc1OC,NaN,1,1,NZORUWSOGKMFNY-VIFPVBQESA-N
2834,COc1ccccc1N1CCN(CCN2CCC3(CCCC3)CC2=O)CC1,NaN,1,NaN,FEWRBUTUYATDFG-UHFFFAOYSA-N
2836,O=C1CC2(CCCCC2)CC(=O)N1CCN1CCN(c2ccccc2Cl)CC1,NaN,1,NaN,NEUNGUZCDMOARR-UHFFFAOYSA-N
2837,COc1cc2c(cc1OC)C(=O)N(CCN1C[C@@H]3CCc4c(OC)cccc4[C@@H]3C1)CC2,NaN,1,NaN,AVJFJYZQNQJPAE-PGRDOPGGSA-N
2838,COc1cc2c(cc1OC)NCN(CCN1C[C@@H]3CCc4c(OC)cccc4[C@@H]3C1)C2,NaN,1,NaN,CTAPRHUYCGFSKX-LAUBAEHRSA-N
2839,O=C1CC2(CCCC2)CC(=O)N1CCN1CCN(c2ccccc2F)CC1,NaN,1,1,CYDFRMLIERPUGG-UHFFFAOYSA-N
2840,CN1CCN2c3c(cccc31)[C@@H]1CN(CCCc3noc4cc(F)ccc34)CC[C@@H]12,NaN,1,NaN,ZJYUQATUAGWNGI-FPOVZHCZSA-N
2841,COc1ccccc1OCCNCC1OCCOC1(c1ccccc1)c1ccccc1,NaN,1,1,XPLYYMRQGCFSNB-UHFFFAOYSA-N
2842,Cc1ccccc1N1CCN(CCN2C(=O)CC3(CCCC3)CC2=O)CC1,NaN,1,NaN,GUUIENZLFCYGEL-UHFFFAOYSA-N
2843,COc1ccccc1OCCNC[C@H]1CCC(c2ccccc2)(c2ccccc2)[C@@H]1O,NaN,1,1,LGNZQRMYJQAMTQ-QFQXNSOFSA-N
2844,CN1C[C@H](c2c[nH]c3c(Br)c(Br)cc(O)c23)NC[C@H]1c1c[nH]c2cc(Br)ccc12,NaN,1,NaN,AUJKXAIGSXKZBR-SJORKVTESA-N
2845,O=c1c2ccccc2c(Cc2ccc(Cl)cc2)nn1C1CCCN(CCCc2ccc(OCCCN3CCCCCC3)cc2)CC1,NaN,1,NaN,REXVRCXDIWIKGL-UHFFFAOYSA-N
2846,COc1cc2nc3c(c(N)c2cc1OC)CC(CNC(=O)c1ccco1)C3,NaN,1,NaN,XFNOYNVDQOQPCY-UHFFFAOYSA-N
2847,O=C1CC2(CCC2)CC(=O)N1CCN1CCN(c2cc(Cl)ccc2Cl)CC1,NaN,1,NaN,VRQYVXIQZGEPQK-UHFFFAOYSA-N
2848,COC(=O)[C@@H]1[C@H]2C[C@H]3c4[nH]c5ccccc5c4CCN3C[C@@H]2CC[C@@H]1O,NaN,1,NaN,BLGXFZZNTVWLAY-SCYLSFHTSA-N
2849,Clc1ccccc1N1CCN(CCN2CCC3(CCCC3)CC2)CC1,NaN,1,NaN,RYACWLKZCHVEBC-UHFFFAOYSA-N
2850,O=C1CCC(=O)N1CCN1CCN(c2cc(Cl)ccc2Cl)CC1,NaN,1,NaN,GFKRSFHMVDZUAR-UHFFFAOYSA-N
2851,O=C1CC2(CCCC2)CC(=O)N1CCN1CCN(c2ccccc2Cl)CC1,NaN,1,NaN,DABSIMIABRDOKT-UHFFFAOYSA-N
2852,O=S(=O)(c1ccc2cc[nH]c2c1)N1CCC[C@@H]1CCN1CCC(c2cc3ccccc3[nH]2)CC1,NaN,1,NaN,LDBILOUYTWRBLS-HSZRJFAPSA-N
2853,O=C(CCCN1CCC(O)(c2ccc(Cl)cc2)C1)c1ccc(F)cc1,NaN,1,NaN,BETHXCLHMRGYBW-UHFFFAOYSA-N
2854,O=C(c1ccc(Cl)cc1)C1CCN(CC[C@H]2CCCN2S(=O)(=O)c2ccc3cc[nH]c3c2)CC1,NaN,1,NaN,UKCOOKOJJMPVCG-HSZRJFAPSA-N
2855,COc1cc2c(cc1OC)C(=O)N(CCN1C[C@@H]3CCc4c(OC)cccc4[C@@H]3C1)CN2,NaN,1,NaN,AXGQSWAGPJPUTJ-OXJNMPFZSA-N
2856,CNCc1ccccc1-c1csc([C@H](C)Nc2nc(C)nc3cc(OC)c(OC)cc23)c1,NaN,1,NaN,WEGLOYDTDILXDA-HNNXBMFYSA-N
2857,O=c1c2ccccc2c(Cc2ccc(Cl)cc2)nn1C1CCCN(CCCCc2ccc(OCCCN3CCCCCC3)cc2)CC1,NaN,1,NaN,QLOCEFPHCAKSLE-UHFFFAOYSA-N
2858,O=C1CCCN1CCCCN1CCN(c2ccccc2O)CC1,NaN,1,NaN,RODSFGAFHQHPSF-UHFFFAOYSA-N
2859,COc1ccc(CC2c3cc(OC)c(OC)cc3CCN2c2nc(N)c3cc(OC)c(OC)cc3n2)cc1OC,NaN,1,NaN,DNJKQYXTRBILHI-UHFFFAOYSA-N
2860,O=C1CCCN1CCCCN1CCN(C(c2ccccc2)c2ccccc2)CC1,NaN,1,NaN,PYQWCYJZAOTKAE-UHFFFAOYSA-N
2861,Fc1ccc2c(C3CCN(CCCN4CCc5ccccc5C4)CC3)c[nH]c2c1,NaN,1,1,IVAFCEYIMKCAJY-UHFFFAOYSA-N
2862,CC(C)Nc1ccc(-c2cccc(N)c2)c(CC(=O)NCc2ccc(C(=N)N)cc2)c1F,NaN,1,NaN,UIFFGJRELUIVDZ-UHFFFAOYSA-N
2863,Clc1cccc(N2CCN(CCc3ccc(COc4ccc5c(c4)CCCC5)cc3)CC2)c1,NaN,1,1,SPLDHXLSVMFZKD-UHFFFAOYSA-N
2864,COc1cccc(OC)c1OCCNCC1OCCOC1(c1ccccc1)c1ccccc1,NaN,0,NaN,CXYPQOXXOHFDSI-UHFFFAOYSA-N
2865,COc1ccc(NS(=O)(=O)c2sc3ccc(Cl)cc3c2C)cc1N1CCN2CCC[C@@H]2C1,NaN,0,NaN,DVALOPXWVWHIHY-GOSISDBHSA-N
2866,COc1ccccc1N1CCN(CCN2C(=O)CC3(CCNCC3)CC2=O)CC1,NaN,0,NaN,DYAIXJSMQOGHAZ-UHFFFAOYSA-N
2867,COc1cccc(OC)c1OCCNC[C@H]1OCCO[C@H]1c1ccccc1,NaN,0,NaN,FIDRRYSVIRIHOV-UXHICEINSA-N
2868,COc1cccc(OC)c1OCCNC[C@H]1OCCO[C@@H]1c1ccccc1,NaN,0,NaN,FIDRRYSVIRIHOV-WOJBJXKFSA-N
2869,COc1ccccc1N1CCN(CC2(c3ccccc3)COCCO2)CC1,NaN,0,NaN,FUAVCRFBSAKQCJ-UHFFFAOYSA-N
2870,COc1cccc(OC)c1OCCNC[C@@H]1COC[C@H](c2ccccc2)O1,NaN,0,0,GEQVVCLGCINCDF-YLJYHZDGSA-N
2871,c1ccc(OCCNCC2OCCOC2(c2ccccc2)c2ccccc2)cc1,NaN,0,NaN,GUNSNWQEXKKLDR-UHFFFAOYSA-N
2872,COc1ccccc1N1CCN(C[C@H]2OCCO[C@@H]2c2ccccc2)CC1,NaN,0,1,GWNABLDNNOYTMC-FGZHOGPDSA-N
2873,COc1ccccc1N1CCN(C[C@H]2OCCO[C@H]2c2ccccc2)CC1,NaN,0,NaN,GWNABLDNNOYTMC-YADHBBJMSA-N
2874,COc1cccc(OC)c1OCCNCC1(c2ccccc2)COCCO1,NaN,0,NaN,HMEASZSDPGDKQU-UHFFFAOYSA-N
2875,COc1cccc(OC)c1OCCNCC1COC2(CCCCC2)O1,NaN,0,0,HXMKXETZPYTSRY-UHFFFAOYSA-N
2876,COc1ccccc1OCCNCC1(c2ccccc2)COCCO1,NaN,0,1,JXXIGHWKBHOCHF-UHFFFAOYSA-N
2877,COc1ccc(S(=O)(=O)N2CCc3ccc(I)cc32)cc1N1CCNCC1,NaN,0,NaN,JZKXKHVOIUMWCS-UHFFFAOYSA-N
2878,c1ccc(OCCNC[C@@H]2CO[C@@H](c3ccccc3)CO2)cc1,NaN,0,0,MBDYMQCXLMADKW-RTBURBONSA-N
2879,COc1cccc(N2CCN(CCN3C(=O)CC4(CCCC4)CC3=O)CC2)c1,NaN,0,NaN,NJWNDAGSUKNZKV-UHFFFAOYSA-N
2880,c1ccc(-c2ccccc2OCCNCC2COC(c3ccccc3)(c3ccccc3)O2)cc1,NaN,0,NaN,QTXPSJZUMKDMGD-UHFFFAOYSA-N
2881,Cc1ccc2c(OCCN3CCN(Cc4cccc5cccnc45)CC3)cccc2n1,NaN,0,NaN,RMCSKUADBRROSI-UHFFFAOYSA-N
2882,COc1ccccc1N1CCN(CC2COC3(CCN(C(=O)C(F)(F)F)CC3)O2)CC1,NaN,0,NaN,RPHOENXERNUVOJ-UHFFFAOYSA-N
2883,COc1cccc(OC)c1OCCNC[C@@H]1CO[C@@H](c2ccccc2)CO1,NaN,0,0,UWNHCVXSZHPSOC-YLJYHZDGSA-N
2884,c1ccc(OCCNCC2(c3ccccc3)COCCO2)cc1,NaN,0,NaN,WCJZQKCKZHTYBG-UHFFFAOYSA-N
2885,COc1ccccc1OCCNC[C@H]1OCCO[C@H]1c1ccccc1,NaN,0,NaN,WGMAYNSCDQSFFQ-UXHICEINSA-N
2886,COc1ccccc1OCCNC[C@H]1OCCO[C@@H]1c1ccccc1,NaN,0,1,WGMAYNSCDQSFFQ-WOJBJXKFSA-N
2887,O=C1CC2(CCCC2)CC(=O)N1CCN1CCN(c2cc(C(F)(F)F)ccc2F)CC1,NaN,0,NaN,XKCZYCVTPRLLOI-UHFFFAOYSA-N
2888,COc1ccccc1N1CCN(CCN2C(=O)CC3(CCN(C(C)=O)CC3)CC2=O)CC1,NaN,0,NaN,YKHNMLLSJVJESN-UHFFFAOYSA-N
2889,CN1CCC2C(C1)c1cccc3c1N2c1ccccc1CS3,NaN,0,NaN,YVENIGOVHPMTDH-UHFFFAOYSA-N
2890,CCCCCc1nn(C[C@H]2CCCN2C)c(=O)c2ccccc12,NaN,0,NaN,ZAIFESHMEUUZQE-OAHLLOKOSA-N
2891,c1ccc(OCCNC[C@@H]2COC[C@@H](c3ccccc3)O2)cc1,NaN,0,NaN,ZUVHIOFWBBSJDZ-MOPGFXCFSA-N
2892,c1ccc(OCCNC[C@H]2OCCO[C@H]2c2ccccc2)cc1,NaN,0,NaN,ZVHRVSHMCKYIMH-MOPGFXCFSA-N
2893,c1ccc(OCCNC[C@H]2OCCO[C@@H]2c2ccccc2)cc1,NaN,0,NaN,ZVHRVSHMCKYIMH-RTBURBONSA-N
2894,O=C(C1CCCCC1)N(CCN1CCN(c2ccccc2)CC1)c1ccccn1,NaN,0,NaN,QJFWBEXGRNKZIY-UHFFFAOYSA-N
2895,COc1ccccc1N1CCN(Cc2ccc(CO)s2)CC1,NaN,0,NaN,DGESRLVPERSCQG-UHFFFAOYSA-N
2896,CCOC(=O)C(C)N1C(=O)N(CC(O)CN2CCN(c3ccccc3OC)CC2)C(c2ccccc2)(c2ccccc2)C1=O,NaN,0,NaN,AVGWWHGGUIZHBV-UHFFFAOYSA-N
2897,Cc1cccc2oc(=O)n(C3CCN(CCCCN4C(=O)c5ccccc5S4(=O)=O)CC3)c12,NaN,0,0,JOAYDGACBFIMIA-UHFFFAOYSA-N
2898,COC(=O)CN1C(=O)N(CC(O)CN2CCN(c3ccccc3OC)CC2)C(c2ccccc2)(c2ccccc2)C1=O,NaN,0,NaN,CLVNHGRETDEYIG-UHFFFAOYSA-N
2899,CS(=O)(=O)c1ccccc1NCC1=NCCN1,NaN,0,0,MCTRZCCYVQDHLM-UHFFFAOYSA-N
2900,O=C1CC2(CCN(CCc3ccccn3)CC2)Oc2ccccc21,NaN,0,0,YFZDJBNVNRXEMA-UHFFFAOYSA-N
2901,COC(=O)C1=C(C)NC(=O)N(C(=O)NCCCN2CCN(c3ccc(C(C)=O)cc3)CC2)C1c1ccc(F)c(F)c1,NaN,0,0,VOBJKTXVNRAUOO-UHFFFAOYSA-N
2902,Cc1ccc2c(c1)c1c(n2CCc2ccc(C)nc2)CCN(C)C1,NaN,0,NaN,JNODQFNWMXFMEV-UHFFFAOYSA-N
2903,CS(=O)(=O)c1ccc(F)cc1NCC1=NCCN1,NaN,0,0,YYHDOUOUAFMQDK-UHFFFAOYSA-N
2904,Cc1c(Cn2ncc(N3CCNCC3)c(Cl)c2=O)cccc1NC(=O)c1ccc(-c2ccccc2)cc1,NaN,0,NaN,OZAJLQLEAWUZSC-UHFFFAOYSA-N
2905,COc1ccc(NS(=O)(=O)c2sc3ccc(Cl)cc3c2C)cc1N1CCN2CCC[C@H]2C1,NaN,0,NaN,DVALOPXWVWHIHY-SFHVURJKSA-N
2906,COc1ccc2c(c1)oc(=O)n2C1CCN(CCCCN2C(=O)c3ccccc3S2(=O)=O)CC1,NaN,0,0,UPBBTGBTRMORRK-UHFFFAOYSA-N
2907,COc1cccc(OC)c1OCCNC[C@H]1COCC(c2ccccc2)(c2ccccc2)O1,NaN,0,NaN,MFUWMPKHVOQTMZ-QHCPKHFHSA-N
2908,O[C@H]1[C@@H](NC[C@H]2COc3ccccc3O2)CC[C@@H]1Oc1ccccc1,NaN,0,NaN,STBHTUOPFMOXDX-FVCZOJIISA-N
2909,CN1C(=O)N(CC(O)CN2CCN(c3ccccc3F)CC2)C(c2ccccc2)(c2ccccc2)C1=O,NaN,0,NaN,ZTMOGXXMLUCQMX-UHFFFAOYSA-N
2910,COc1ccccc1N1CCN(Cc2ccc(C=O)s2)CC1,NaN,0,NaN,NZGIGUXZZCUKJN-UHFFFAOYSA-N
2911,COc1ccc2cc[nH]c2c1OCCNC[C@@H]1COc2ccccc2O1,NaN,0,0,UOWWWPYFAPQMPE-OAHLLOKOSA-N
2912,Ic1c(NC2=NCCN2)ccc2nccnc12,NaN,0,NaN,YYTGOWDNUUXBGS-UHFFFAOYSA-N
2913,CCC1(c2c[nH]cn2)Cc2ccccc2C1,NaN,0,NaN,HSWPZIDYAHLZDD-UHFFFAOYSA-N
2914,CCOC(=O)CN1C(=O)N(CC(O)CN2CCN(c3ccccc3OC)CC2)C(c2ccccc2)(c2ccccc2)C1=O,NaN,0,NaN,ZKCCIZZQIDHSIW-UHFFFAOYSA-N
2916,CN(C)C(=O)NC1CCC(CCN2CCN(c3cccc(Cl)c3Cl)CC2)CC1,NaN,0,NaN,KPWSJANDNDDRMB-UHFFFAOYSA-N
2917,O=C(O)c1ccc2cccnc2c1N1CCN(CCc2ccc(OCCCN3CCCCCC3)cc2)CC1,NaN,0,NaN,AUJBUPBEDOLIFD-UHFFFAOYSA-N
2918,N#Cc1ccc(N2CCN(CCc3ccc(OCCCN4CCCCCC4)cc3)CC2)c2ncccc12,NaN,0,NaN,BQZCEWUNCDOHHN-UHFFFAOYSA-N
2919,O=C(O)c1ccnc2c(N3CCN(CCc4ccc(OCCCN5CCCCCC5)cc4)CC3)cccc12,NaN,0,NaN,CDHFDAUUCAHJKV-UHFFFAOYSA-N
2920,O=C(O)c1cc(N2CCN(CCc3ccc(OCCCN4CCCCCC4)cc3)CC2)c2ncccc2c1,NaN,0,NaN,JEMXPJDXKPVMFB-UHFFFAOYSA-N
2921,C=CCN(CC=C)CCc1c[nH]c2ccc(Br)cc12,NaN,0,0,JWPAYBAIIARWMG-UHFFFAOYSA-N
2922,COc1ccc(S(=O)(=O)Nc2cc(Br)ccc2Br)cc1N1CCNCC1,NaN,0,NaN,OCIBSJABYJIGGA-UHFFFAOYSA-N
2923,CC1CCN(CC[C@H]2CCCN2S(=O)(=O)c2ccc(Cl)c(Cl)c2)CC1,NaN,0,NaN,OQCUZRRTKCFWET-OAHLLOKOSA-N
2924,O=C(O)c1cnc2c(N3CCN(CCc4ccc(OCCCN5CCCCCC5)cc4)CC3)cccc2c1,NaN,0,NaN,SYDQPIHOSLJNHM-UHFFFAOYSA-N
2925,CCOc1ccc(Cc2nn(C[C@H]3CCCN3C)c(=O)c3ccccc23)cc1,NaN,0,NaN,URSKGEZFWCRYMD-GOSISDBHSA-N
2926,O=C(O)c1ccc2cccc(N3CCN(CCc4ccc(OCCCN5CCCCCC5)cc4)CC3)c2n1,NaN,0,NaN,VGLVSBTUAYHUEF-UHFFFAOYSA-N
2927,Cc1ccc2c(-c3nnc(SCCCN4CCc5ccc(-c6cc(C)nn6C)cc5CC4)n3C)cccc2n1,NaN,0,NaN,WIHMMKGUBDZGEG-UHFFFAOYSA-N
2928,CCc1cc(N2CCN(CCc3ccc(OCCCN4CCCCCC4)cc3)CC2)c2nc(CCC(=O)O)ccc2c1,NaN,0,NaN,WRWUGHDNJYUGGD-UHFFFAOYSA-N
2929,COc1ccc(NS(=O)(=O)c2sc3ccc(Cl)cc3c2C)cc1N1CCN2CCCCC2C1,NaN,0,NaN,XGBXESVSCSHHQI-UHFFFAOYSA-N
2930,COc1ccc(NS(=O)(=O)c2sc3ccc(Cl)cc3c2C)cc1N1CCN(C)CC1,NaN,0,NaN,ZINLARKOVIPOJW-UHFFFAOYSA-N
2931,O=C(O)CCc1cnc2c(N3CCN(CCc4ccc(OCCCN5CCCCCC5)cc4)CC3)cccc2c1,NaN,0,NaN,ZQVGMOFPWWNMNB-UHFFFAOYSA-N
2932,CC1=C(C(=O)NCCCN2CCC(C#N)(c3ccccn3)CC2)[C@@H](c2ccc(F)c(F)c2)CC(=O)N1C,NaN,0,0,GVKWLDRHBDGOOP-OAQYLSRUSA-N
2933,Cc1ccc(C2(c3ccc(C)cc3)CC(=S)N(CCCN3CCC(C#N)(c4ccccc4Cl)CC3)C2=O)cc1,NaN,0,0,IEMRAOUETYELPW-UHFFFAOYSA-N
2934,O=C1NC(C(F)(F)F)=C(C(=O)NCCCN2CCC(c3ccccn3)CC2)[C@@H](c2ccc(F)c(F)c2)N1,NaN,0,0,IMUVOXNSMVUHSB-OAQYLSRUSA-N
2935,COc1ccc(-c2nc3ccccn3c2NCCN2CCOCC2)c(OC)c1,NaN,0,NaN,JVMPPERHOFIKLN-UHFFFAOYSA-N
2936,S=C(NCCCc1c[nH]cn1)NCCCN(Cc1ccc(Cl)c(Cl)c1)c1ccc(Br)cn1,NaN,0,0,UREJDUPKGMFJRU-UHFFFAOYSA-N
2937,CSc1ccc(C(F)(F)F)cc1NCC1=NCCN1,NaN,0,NaN,GBSLCSDIFSTSOZ-UHFFFAOYSA-N
2938,CCC1(c2c[nH]cn2)Cc2ccc(F)cc2C1,NaN,0,NaN,KXSUAWAUCNFBQJ-UHFFFAOYSA-N
2939,O=S1(=O)CCCc2cccc(NCC3=NCCN3)c21,NaN,0,NaN,WAXAHQBOIDNYSY-UHFFFAOYSA-N
2940,CN1CCc2c(c3cccc4c3n2CCc2ccccc2-4)C1,NaN,0,NaN,XKGPHJMKJBEURD-UHFFFAOYSA-N
2941,COc1ccc(NS(=O)(=O)c2sc3ccc(Cl)cc3c2C)cc1N1CCNCC1,NaN,0,NaN,LOCQRDBFWSXQQI-UHFFFAOYSA-N
2942,CS(=O)(=O)c1c(F)cccc1NCC1=NCCN1,NaN,0,0,FFVMPJRYEFKURT-UHFFFAOYSA-N
2943,OCC(CNCCOc1ccccc1)OC(c1ccccc1)c1ccccc1,NaN,0,1,UFBRSACRPJACPG-UHFFFAOYSA-N
2944,CN(C)[C@H]1CCN(c2cc(-c3ccccc3)nc3ccnn23)C1,NaN,0,NaN,XKBSPAZCFAIBJL-HNNXBMFYSA-N
2945,COc1ccc(NS(=O)(=O)c2ccc(Br)cc2)cc1N1CCN(C)CC1,NaN,0,NaN,OZYPUQNRUYTZDI-UHFFFAOYSA-N
2946,CC1CCN(CC[C@H]2CCCN2S(=O)(=O)c2cccc3ccccc23)CC1,NaN,0,NaN,VCFMMDVFGUQTHR-HXUWFJFHSA-N
2947,COc1ccccc1N1CCN(Cc2ccc(CN3CCCCC3O)s2)CC1,NaN,0,NaN,DXVHHSNKHNZWOK-UHFFFAOYSA-N
2948,O=CN1CCC(c2ccc(-c3cc(C(=O)O)cc4cc(-c5ccc(C(F)(F)F)cc5)ccc34)cc2)CC1,NaN,0,NaN,JPGUEKOOSRXUSX-UHFFFAOYSA-N
2949,CS(=O)(=O)c1ccc(Cl)cc1NCC1=NCCN1,NaN,0,0,VFLQPKLTPYIDEK-UHFFFAOYSA-N
2950,COC(=O)C1(c2ccccc2)CCN(CCNC(=O)CCc2ccc([N+](=O)[O-])cc2)CC1,NaN,0,0,JVWYCGQDBYDWDA-UHFFFAOYSA-N
2951,CC(C)(C)Nc1c(-c2ccccc2)nc2ccccn12,NaN,0,NaN,UKXFDYZCDMFHJU-UHFFFAOYSA-N
2952,CN1CCc2cc3c(c4c2[C@H]1Cc1ccccc1-4)OCO3,NaN,0,NaN,JCTYWRARKVGOBK-CQSZACIVSA-N
2953,O=C(O)c1cc(-c2ccc(C3CCNCC3)cc2)c2ccc(-c3ccc(C(F)(F)F)cc3)cc2c1,NaN,0,NaN,FOECKIWHCOYYFL-UHFFFAOYSA-N
2954,Cc1ccc(S(C)(=O)=O)c(NCC2=NCCN2)c1,NaN,0,0,NIILDWZATWLEEZ-UHFFFAOYSA-N
2955,COc1ccccc1CCN1C2C3C4CC5C6C4C2C6C1(O)C53,NaN,0,NaN,PSBBAGWMKGXQRW-UHFFFAOYSA-N
2956,CCc1ccc(OCc2ccccc2C(=O)Nc2ccc3nc(C)cc(N)c3c2)cc1,NaN,0,0,VTGBZWHPJFMTKS-UHFFFAOYSA-N
2957,Cc1c(C(=O)O)cc(-c2ccc(C3CCNCC3)cc2)c2ccc(-c3ccc(C(F)(F)F)cc3)cc12,NaN,0,NaN,MDSNOUPPFQBVBS-UHFFFAOYSA-N
2958,COC(=O)CN1C(=O)N(CC(O)CN2CCN(c3ccccc3)CC2)C(c2ccccc2)(c2ccccc2)C1=O,NaN,0,NaN,ZJFVRVHCJJOACM-UHFFFAOYSA-N
2959,COc1ccc(S(=O)(=O)n2cc(C)c3cc(Cl)cnc32)cc1NC1CCN(C)CC1,NaN,0,NaN,XRDVQWJPAZZLKN-UHFFFAOYSA-N
2960,COc1cccc([C@H](O)C2CCN(CCc3ccc(F)cc3)CC2)c1OC,NaN,0,NaN,HXTGXYRHXAGCFP-OAQYLSRUSA-N
2961,COc1ccc(S(=O)(=O)Nc2cc(Cl)cc(Cl)c2Cl)cc1N1CCNCC1,NaN,0,NaN,ILTMQKYWOPLCSC-UHFFFAOYSA-N
2962,NC[C@H](O)c1ccc(O)c(O)c1F,NaN,0,NaN,FOTRTWXNJQSQJS-LURJTMIESA-N
2963,NC[C@@H]1O[C@H](C23CC4CC(CC(C4)C2)C3)Cc2c1ccc(O)c2O,NaN,0,NaN,QLJOSZATCBCBDR-DFKUFRTHSA-N
2964,CCCCCCCCCCCCCCCCOC[C@H](COP(=O)([O-])OCC[N+](C)(C)C)OC(C)=O,NaN,0,0,HVAUUPRFYPCOCA-AREMUKBSSA-N
2965,CC(C)Oc1ccccc1N1CCN(Cc2cc(CO)cs2)CC1,NaN,0,NaN,FHHPURZYJUQVBM-UHFFFAOYSA-N
2966,CC(C)Oc1ccccc1N1CCN(Cc2nc(CN3C(=O)c4ccccc4C3=O)co2)CC1,NaN,0,0,QUFMDMYSYWGKMF-UHFFFAOYSA-N
2967,CCCN(CCC)C1CCc2cccc(O)c2C1,NaN,0,NaN,ASXGJMSKWNBENU-UHFFFAOYSA-N
2968,O=C(O)c1cc(-c2ccc(C3(O)C[C@H]4CNC[C@@H]4C3)cc2)c2ccc(-c3ccc(C(F)(F)F)cc3)cc2c1,NaN,0,NaN,FULSVSNRHDJVLM-ZEQRLZLVSA-N
2969,O=C(O)c1cc(-c2ccc(C3=CC4(CNC4)C3)cc2)c2ccc(-c3ccc(C(F)(F)F)cc3)cc2c1,NaN,0,NaN,MCHDJAGBMLLHOF-UHFFFAOYSA-N
2970,COc1ccc(S(=O)(=O)Nc2cc(Br)cc(F)c2Br)cc1N1CCNCC1,NaN,0,NaN,BLWHAZZXRHTFJE-UHFFFAOYSA-N
2971,CC(=O)Nc1ccc(-c2cc(-c3ccccc3)nc3cc(C(=O)NCCCn4ccnc4)nn23)cc1,NaN,0,NaN,LUURZPBLEVSXGP-UHFFFAOYSA-N
2972,CNc1cc[n+](CCNC(=O)c2ccn3c(-c4c(C)noc4C)cnc3c2)cc1,NaN,0,0,AWFNYCNUUWNEDD-UHFFFAOYSA-O
2973,Cc1nc(-c2ccc(C(F)(F)F)cc2)sc1COc1ccc([C@H](CC(=O)O)c2ccon2)cc1,NaN,0,NaN,BMLGZNVPWRUVNM-IBGZPJMESA-N
2974,C=C(C)CN1CCN(c2ccc3c(c2)CN(C(=O)OCc2ccccc2)CC3)CC1,NaN,0,NaN,BOIPWYRNMCLWCD-UHFFFAOYSA-N
2975,N=C(N)c1ccc(CNC(=O)Cc2c(-c3cccc(N)c3)ccc(NCc3ccccc3)c2F)cc1,NaN,0,NaN,COQVFDLYAJKUNP-UHFFFAOYSA-N
2976,CC[C@H]1c2cc(C)ccc2OC[C@@]1(C)N,NaN,0,NaN,DUGAXFUVLZBESY-WCQYABFASA-N
2977,C[C@@H]1C[C@H](C)N1C(=O)C1C=C2c3cccc4[nH]cc(c34)C[C@H]2N(C)C1,NaN,0,NaN,DUKNIHFTDAXJON-UMLFHBNUSA-N
2978,CN(C)CCc1c[nH]c2cc(F)ccc12,NaN,0,NaN,DZXZPVGWRZCXDH-UHFFFAOYSA-N
2979,CCCOc1ccc(-c2nn3c(C)cc(C)nc3c2CC(=O)N(CC)CC)cc1,NaN,0,NaN,FZPKLZHGBRKKCP-UHFFFAOYSA-N
2980,O=C(CN1CCCCC1=O)NCCN1CCN(c2ccc(F)cc2OCC(F)(F)F)CC1,NaN,0,0,HJDROFKHSGSZLZ-UHFFFAOYSA-N
2981,CC(C)Oc1ccccc1N1CCN(CC(=O)CC(=O)CN2CCCCC2=O)CC1,NaN,0,0,KBBRTQPTKZOUOZ-UHFFFAOYSA-N
2982,Cc1c(OCc2cccc(-c3ccc(C(=O)O)cc3)c2)cc2c(c1C)C(=O)C(C1CCCC1)C2,NaN,0,0,KMKBEESNZAPKMP-UHFFFAOYSA-N
2983,c1ccc(CN2CCc3cc(N4CCOCC4)ccc3C2)cc1,NaN,0,NaN,KVANVFVDVNKGNH-UHFFFAOYSA-N
2984,COc1cc2c(CCNC(C)=O)c[nH]c2cc1Cl,NaN,0,NaN,LUINDDOUWHRIPW-UHFFFAOYSA-N
2985,COc1c(OCCF)cccc1C(O)C1CCN(CCc2ccc(C)cc2)CC1,NaN,0,NaN,MJKRYUCQHJLOIV-UHFFFAOYSA-N
2986,COc1cc(N)c(Cl)cc1C(=O)NC1C2CC3CN(C2)CC31,NaN,0,NaN,MRKYTIJPEALHEE-UHFFFAOYSA-N
2987,COc1cc(OC)c2c(c1)OC[C@@]1(C)NCC[C@@H]21,NaN,0,NaN,NYBQQHJGLBCUBL-IINYFYTJSA-N
2988,O=C(O)CCCCCN1CCC(CNC(=O)c2c3n(c4ccccc24)CCCO3)CC1,NaN,0,NaN,ODMLUIATXKBXOW-UHFFFAOYSA-N
2989,C[C@@]12CN(c3ccccc3)c3ccccc3[C@@H]1CCN2,NaN,0,0,OHCPINQLTJGNRS-FUHWJXTLSA-N
2990,CC[C@H]1c2cc(OC)ccc2CC[C@@]1(C)N,NaN,0,NaN,OTQHFPJXKACHHP-UONOGXRCSA-N
2991,COC(=O)CCCCCN1CCC(CNC(=O)c2c3n(c4ccccc24)CCCO3)CC1,NaN,0,NaN,RNXYMZNGMNWKMC-UHFFFAOYSA-N
2992,C1CC2CCC1N2CC12C3C4C5C3C1C5C42,NaN,0,NaN,TWUZJTIHFYRNSV-UHFFFAOYSA-N
2993,CCCc1cc(C)[nH]c(=O)c1CNC(=O)c1cc(-c2ccnc(N3CCN(C)CC3)c2)cc2c1cnn2C(C)C,NaN,0,NaN,ULNXAWLQFZMIHX-UHFFFAOYSA-N
2994,COc1cc(NC(=O)c2ccc(-c3ccc(Cl)cc3)o2)cc(OC)c1,NaN,0,NaN,VHKBTPQDHDSBSP-UHFFFAOYSA-N
2995,CCCCN1CCC(COC(=O)c2cc(Cl)c(NC)c3c2OCCO3)CC1,NaN,0,0,WKWADEWWLCVVLF-UHFFFAOYSA-N
2996,CN1CCN=C1Cc1cccnc1,NaN,0,NaN,YXPIBYSOCFGTHG-UHFFFAOYSA-N
2997,COc1cccc(CCN2C3C4C5CC6C7C5C3C7C2(O)C64)c1,NaN,0,NaN,ZKOQRCXMSDAJIR-UHFFFAOYSA-N
2998,CCN(C)C(=O)c1ccccc1NCC1=NCCN1,NaN,0,NaN,MJGIIZLIKBMVQO-UHFFFAOYSA-N
2999,CC1=C(C(N)=O)C(c2ccc([N+](=O)[O-])cc2)C(C(=O)NCCCN2CCC(C(=O)N(C)C)(c3ccccc3)CC2)=C(C)N1,NaN,0,NaN,LEPCEIHDKKWUSM-UHFFFAOYSA-N
3000,CC(=O)Nc1c(F)cc(C(=O)N[C@H]2CC[C@H](O)CC2)cc1O[C@@H](C)c1ccccc1,NaN,0,NaN,FRBRZGLUFOZRGD-JVPBZIDWSA-N
3001,CNC(=O)c1cc(C(=O)NC2CC2)cn(Cc2ccccc2)c1=O,NaN,0,NaN,QZZCUOVXHPAQRQ-UHFFFAOYSA-N
3002,COCc1nc2cnc3cc(-c4c(C)noc4C)c(OC[C@H]4CCNC4)cc3c2n1[C@H](C)c1ccccc1,NaN,0,NaN,ZORLJXWXFABTPZ-CTNGQTDRSA-N
3003,CC(=O)Nc1c(F)cc(C(=O)NC2CCC(O)CC2)cc1O[C@@H](C)c1ccccc1,NaN,0,NaN,FRBRZGLUFOZRGD-YCMKEVRSSA-N
3004,N=C(N)c1ccc(CNC(=O)Cc2c(F)ccc(NS(=O)(=O)Cc3ccccc3)c2F)cc1,NaN,0,NaN,DLWCGMXCEMSQPE-UHFFFAOYSA-N
3005,CC(C)NC1=CC(=O)C(c2ccccc2)=C(CC(=O)NCc2ccc(C(=N)N)cc2)C1=O,NaN,0,NaN,AMMVTBYUYICSEJ-UHFFFAOYSA-N
3006,O=C(Cc1c(F)ccc(NS(=O)(=O)Cc2ccccc2)c1F)NCC1CCNCC1,NaN,0,NaN,CFISPWWFAULNRE-UHFFFAOYSA-N
3007,CC(C)Nc1ccc(-c2ccccc2)c(CC(=O)NCc2ccc(C(=N)N)cc2)c1O,NaN,0,NaN,CTWGJCJJBKHITF-UHFFFAOYSA-N
3008,CC(C)/N=C1\C=C(O)C(c2ccccc2)=C(CC(=O)NCc2ccc(C(=N)N)cc2)C1=O,NaN,0,NaN,HQIAPQIELKADEN-ZTKZIYFRSA-N
3009,O=C(Cc1c(F)ccc(NS(=O)(=O)Cc2ccccc2)c1F)NCc1ccncc1,NaN,0,NaN,JJIYSOTZFHZHQI-UHFFFAOYSA-N
3010,N=C(N)NCCCCCNC(=O)Cc1c(F)ccc(NS(=O)(=O)Cc2ccccc2)c1F,NaN,0,NaN,LAMLVANAQCOTGS-UHFFFAOYSA-N
3011,O=C(Cc1c(F)ccc(NS(=O)(=O)Cc2ccccc2)c1F)NCCCn1ccnc1,NaN,0,NaN,NBDPWGFQTIQGHE-UHFFFAOYSA-N
3012,N=C(N)c1cccc(CNC(=O)Cc2c(F)ccc(NS(=O)(=O)Cc3ccccc3)c2F)c1,NaN,0,NaN,ODSRJIWRVVHLPN-UHFFFAOYSA-N
3013,O=C(NCC1CCNCC1)c1cc(NS(=O)(=O)Cc2ccccc2)ccc1Sc1ccccc1,NaN,0,NaN,SADVXXIUDIEKNM-UHFFFAOYSA-N
3014,CN(C)c1ccc(CNC(=O)Cc2c(F)ccc(NS(=O)(=O)Cc3ccccc3)c2F)cc1,NaN,0,NaN,VEKDJUKJLMGDLS-UHFFFAOYSA-N
3015,O=C(NCc1ccncc1)c1cc(NS(=O)(=O)Cc2ccccc2)ccc1Sc1ccccc1,NaN,0,NaN,VRSFUZBVJMNUTQ-UHFFFAOYSA-N
3016,CN(C)c1ccc(CNC(=O)c2cc(NS(=O)(=O)Cc3ccccc3)ccc2Sc2ccccc2)cc1,NaN,0,NaN,YFKSJPJLKCHZEX-UHFFFAOYSA-N
3017,COc1cc(F)c(O[C@H]2CC[C@@](C)(C(=O)O)CC2)cc1C(=O)N[C@H]1[C@@H]2CC[C@@H](C2)[C@H]1C(=O)NCC1(C)CCC1,NaN,0,NaN,LYUYYIGCZIZIGF-LHEALVPGSA-N
3018,COc1cc(F)c(OC2CCC(C)(C(=O)O)CC2)cc1C(=O)N[C@H]1[C@@H]2CC[C@@H](C2)[C@H]1C(=O)NCC1(C)CCC1,NaN,0,NaN,LYUYYIGCZIZIGF-DSIVIKBNSA-N
3019,CC1=C(C(N)=O)C(c2ccc([N+](=O)[O-])cc2)C(C(=O)NCCCN2CCC(CN(C)C)(c3ccccc3)CC2)=C(COCCN)N1,NaN,0,0,RLFPVKPYWHWRJC-UHFFFAOYSA-N
3020,COc1ccc(S(=O)(=O)Nc2c(C)cc(C)cc2C)cc1,NaN,0,NaN,FQUAFMNPXPXOJE-UHFFFAOYSA-N
3021,CCNC(=O)C[C@@H]1N=C(c2ccc(Cl)cc2)c2cc(OC)ccc2-n2c(C)nnc21,NaN,0,NaN,AAAQFGUYHFJNHI-SFHVURJKSA-N
3022,COc1cc2c(cc1-c1c(C)noc1C)ncc1[nH]c(=O)n([C@H](C)c3ccccn3)c12,NaN,0,NaN,VUVUVNZRUGEAHB-CYBMUJFWSA-N
3023,COc1cc(F)c(OC2CCC(C)(C(=O)O)CC2)cc1C(=O)N[C@@H]1[C@H]2CC[C@H](C2)[C@@H]1C(=O)NCC1(C)CCC1,NaN,0,NaN,LYUYYIGCZIZIGF-SRHODNEWSA-N
3024,COc1cc(F)c(O[C@H]2CC[C@@](C)(C(=O)O)CC2)cc1C(=O)N[C@@H]1[C@H]2CC[C@H](C2)[C@@H]1C(=O)NCC1(C)CCC1,NaN,0,NaN,LYUYYIGCZIZIGF-UNBDJWOASA-N
3025,NC[C@H](O)c1cc(O)c(O)cc1F,NaN,0,NaN,SBUQBFTXTZSRMH-QMMMGPOBSA-N
3026,CCC[C@H]1CCCCC1NC1=NCCO1,NaN,0,NaN,WDSZUSABLKNHCZ-VUWPPUDQSA-N
3027,c1ccc2c(c1)CCCC2NC1=NCCO1,NaN,0,NaN,FXNNPMSELIMMHU-UHFFFAOYSA-N
3028,CCc1sccc1Cc1c[nH]cn1,NaN,NaN,1,CYYMXRKUHALWML-UHFFFAOYSA-N
3029,Brc1csc(Cc2c[nH]cn2)c1Br,NaN,NaN,1,LZHAVSNBDATFLD-UHFFFAOYSA-N
3030,CC(c1c[nH]cn1)c1cscc1Br,NaN,NaN,1,CHPQLNHJRHKNLO-UHFFFAOYSA-N
3031,Clc1cc(Cc2c[nH]cn2)c(Cl)s1,NaN,NaN,1,QUZTXKNJCOGLEY-UHFFFAOYSA-N
3032,c1ccc2c(Cc3c[nH]cn3)csc2c1,NaN,NaN,1,XMKYNTIWDWYEHC-UHFFFAOYSA-N
3033,Cc1csc(C)c1Cc1c[nH]cn1,NaN,NaN,1,CFZQGSNMOMFUDU-UHFFFAOYSA-N
3034,Cc1csc(Cc2c[nH]cn2)c1C,NaN,NaN,1,GIOAZSRHZHRSDO-UHFFFAOYSA-N
3035,Brc1cscc1Cc1c[nH]cn1,NaN,NaN,1,HUPKOBTTZUWJRP-UHFFFAOYSA-N
3036,CCc1cscc1C(C)c1c[nH]cn1,NaN,NaN,1,HFUHOULGXNYWIO-UHFFFAOYSA-N
3037,CCc1cscc1Cc1c[nH]cn1,NaN,NaN,1,FKFWRDSAIVQVAN-UHFFFAOYSA-N
3038,CNc1ccc2c(c1)[C@@H](NCCOc1cc(F)ccc1F)CCS2(=O)=O,NaN,NaN,1,SYFDHJWBGXAUQK-INIZCTEOSA-N
3039,Brc1ccsc1Cc1c[nH]cn1,NaN,NaN,1,WLRZYYOGSUGYGU-UHFFFAOYSA-N
3040,Cc1cscc1C(C)c1c[nH]cn1,NaN,NaN,1,DKEYDQKPJKGGJB-UHFFFAOYSA-N
3041,CCc1cc(Cc2c[nH]cn2)c(CC)s1,NaN,NaN,1,VJKYHDLZWCMFMM-UHFFFAOYSA-N
3042,CC(c1c[nH]cn1)c1scc(Br)c1Br,NaN,NaN,1,YCEJIRSLWBFIQA-UHFFFAOYSA-N
3043,Cc1sccc1Cc1c[nH]cn1,NaN,NaN,1,YREPSLLZPDCHGU-UHFFFAOYSA-N
3044,Cc1ccsc1Cc1c[nH]cn1,NaN,NaN,1,RJBAMMULOXQCSH-UHFFFAOYSA-N
3045,Cc1cscc1Cc1c[nH]cn1,NaN,NaN,1,GNXLLHUWUMUSMQ-UHFFFAOYSA-N
3046,CC(c1c[nH]cn1)c1sccc1Br,NaN,NaN,1,MBIMDSGVRHCXJK-UHFFFAOYSA-N
3047,CC(c1cccc(Cl)c1)n1cc(Cl)cc(C(N)=O)c1=N,NaN,NaN,1,SKIZGDRYVAZRAY-UHFFFAOYSA-N
3048,Cc1cc(Cc2c[nH]cn2)c(C)s1,NaN,NaN,1,GDSOYSZXNMRHKH-UHFFFAOYSA-N
3049,Cc1csc(C(C)c2c[nH]cn2)c1C,NaN,NaN,1,DKZYHKSETKFWNR-UHFFFAOYSA-N
3050,CNc1ccc2c(c1)C(NCCOc1cc(F)ccc1F)CCS2(=O)=O,NaN,NaN,1,SYFDHJWBGXAUQK-UHFFFAOYSA-N
3051,N#Cc1cc(Cl)cc(Cn2cc(Cl)cc(C(N)=O)c2=N)c1,NaN,NaN,1,MARZJWNTQZSLPB-UHFFFAOYSA-N
3052,COc1cccc2c1C1CN(CCCCn3c(=O)[nH]c4c(sc5ncc(-c6ccccc6)nc54)c3=O)CC1CO2,NaN,NaN,1,WDTAYDBPNYFWDR-UHFFFAOYSA-N
3053,CCC(c1c[nH]cn1)c1cscc1C,NaN,NaN,1,XFNYIWCNDRPFGK-UHFFFAOYSA-N
3054,CS(=O)(=O)c1ccc(Cl)cc1Cn1cc(Cl)cc(C(N)=O)c1=N,NaN,NaN,1,CVBJUEIAUOTXLV-UHFFFAOYSA-N
3055,CSc1ccc(Cl)cc1Cn1cc(Cl)cc(C(N)=O)c1=N,NaN,NaN,1,PARFVDMDNGGBBE-UHFFFAOYSA-N
3056,c1ccc2sc(Cc3c[nH]cn3)cc2c1,NaN,NaN,1,WNBNZEINROGKSJ-UHFFFAOYSA-N
3057,COc1ccccc1N1CCN(CCN2C(=O)CC3(CCCC3)CC2=O)CC1,NaN,NaN,1,AYYCFGDXLUPJAQ-UHFFFAOYSA-N
3058,Cc1ccsc1C(C)c1c[nH]cn1,NaN,NaN,1,AOISAOGWBMJBPG-UHFFFAOYSA-N
3059,COc1ccc2c(c1)C(NCCOc1cc(F)ccc1F)CCS2(=O)=O,NaN,NaN,1,GLDGONWLOZOLJE-UHFFFAOYSA-N
3060,C[C@H](c1cccc(C#N)c1)n1cc(Cl)cc(C(N)=O)c1=N,NaN,NaN,1,CDJPHTNUARAVMH-SECBINFHSA-N
3061,NC(=O)C1CCN(CCCN2c3ccccc3Sc3ccc(Cl)cc32)CC1,NaN,NaN,1,OSJJYEUEJRVVOD-UHFFFAOYSA-N
3062,Cc1sccc1C(C)c1c[nH]cn1,NaN,NaN,1,BOWJOBTWKBJWCN-UHFFFAOYSA-N
3063,N=c1c(C(N)=O)cc(Cl)cn1Cc1cccc(Cl)c1,NaN,NaN,1,XBOZRWCAHANAOC-UHFFFAOYSA-N
3064,c1nc(Cc2ccsc2)c[nH]1,NaN,NaN,1,MPRYSKNMRJZZIQ-UHFFFAOYSA-N
3065,CC(c1cccc(C#N)c1)n1cc(Cl)cc(C(N)=O)c1=N,NaN,NaN,1,CDJPHTNUARAVMH-UHFFFAOYSA-N
3066,c1ccc(OCCNC[C@@H]2COCC(c3ccccc3)(c3ccccc3)O2)cc1,NaN,NaN,1,ZCYQPTKLMLTYQD-XMMPIXPASA-N
3067,Cc1ccc(Cc2c[nH]cn2)s1,NaN,NaN,1,JCARYCUMMMDMAM-UHFFFAOYSA-N
3068,c1ccc(OCCNCC2COCC(c3ccccc3)(c3ccccc3)O2)cc1,NaN,NaN,1,ZCYQPTKLMLTYQD-UHFFFAOYSA-N
3069,N=c1c(C(N)=O)cc(Cl)cn1Cc1cc(Cl)cc(C(N)=O)c1,NaN,NaN,1,ZHZMAYBVZXVQGM-UHFFFAOYSA-N
3070,c1nc(Cc2cc3c(s2)CCCC3)c[nH]1,NaN,NaN,1,ZWXHJFIYTQUPOJ-UHFFFAOYSA-N
3071,O=S1(=O)CCC(NCCOc2cc(F)ccc2Cl)c2ccccc21,NaN,NaN,1,AEFLXCQZNZJMOD-UHFFFAOYSA-N
3072,CS(=O)(=O)c1ccccc1CNCCOc1cc(F)ccc1Cl,NaN,NaN,1,FFVWTMWDWUZRSD-UHFFFAOYSA-N
3073,CS(=O)(=O)c1cc(Cl)cc(Cn2cc(Cl)cc(C(N)=O)c2=N)c1,NaN,NaN,1,BGAKUHVSAPLQTR-UHFFFAOYSA-N
3074,Cc1ccccc1OCCNCC1COCC(c2ccccc2)(c2ccccc2)O1,NaN,NaN,1,VPCBUIFZQHYYDU-UHFFFAOYSA-N
3075,c1ccc(C2(c3ccccc3)COCC(CNCCOc3ccccn3)O2)cc1,NaN,NaN,1,KEMLNXFOLRBJAU-UHFFFAOYSA-N
3076,Clc1ccccc1OCCNCC1COCC(c2ccccc2)(c2ccccc2)O1,NaN,NaN,1,QCQQQZSWJWFIFV-UHFFFAOYSA-N
3077,O=[N+]([O-])c1ccccc1OCCNCC1COCC(c2ccccc2)(c2ccccc2)O1,NaN,NaN,1,VFNSXXVAZKMPQN-UHFFFAOYSA-N
3079,Cc1cccc(Cn2cc(Cl)cc(C(N)=O)c2=N)c1,NaN,NaN,1,KBEVXKDCQJCJGD-UHFFFAOYSA-N
3080,COc1ccccc1CCNCc1ccc(CCNC[C@H](O)c2ccc(O)c3[nH]c(=O)sc23)cc1,NaN,NaN,1,YOCAICFOALLBEO-QHCPKHFHSA-N
3081,CCC(c1c[nH]cn1)c1sccc1C,NaN,NaN,1,RHFYCPSMCRFFHU-UHFFFAOYSA-N
3082,N#Cc1ccc(Cl)cc1Cn1cc(Cl)cc(C(N)=O)c1=N,NaN,NaN,1,JWTJHVQMANTACG-UHFFFAOYSA-N
3083,COc1cccc(Cn2cc(Cl)cc(C(N)=O)c2=N)c1,NaN,NaN,1,VVNOTQFWNHHUSA-UHFFFAOYSA-N
3084,c1csc(Cc2c[nH]cn2)c1,NaN,NaN,1,WJTRJFZWODRGDQ-UHFFFAOYSA-N
3085,CS(=O)(=O)c1ccc(Cn2cc(Cl)cc(C(N)=O)c2=N)cc1Cl,NaN,NaN,1,YAERHKBSDCXICN-UHFFFAOYSA-N
3086,COc1cccc2c1C(NCCOc1cc(F)ccc1F)CCS2(=O)=O,NaN,NaN,1,XXOALGSGNOICFL-UHFFFAOYSA-N
3087,N#Cc1cccc(Cn2cc(Cl)cc(C(N)=O)c2=N)c1,NaN,NaN,1,DYAJWGPPARHWFY-UHFFFAOYSA-N
3088,N#Cc1ccc(Cn2cc(Cl)cc(C(N)=O)c2=N)cc1Cl,NaN,NaN,1,HESCRTFDZPXQLC-UHFFFAOYSA-N
3089,O=S1(=O)CCC(NCCOc2cc(F)ccc2F)c2cc(F)ccc21,NaN,NaN,1,PEOXOSFSQZNJBP-UHFFFAOYSA-N
3090,CC(C)c1cc(Cc2c[nH]cn2)c(C(C)C)s1,NaN,NaN,1,XJQPUVAQAYCYQT-UHFFFAOYSA-N
3091,O=c1[nH]c2c(O)ccc([C@@H](O)CNCCc3ccc(CNCCc4ccccc4)cc3)c2s1,NaN,NaN,1,IYDIXGIHBUITOM-QHCPKHFHSA-N
3092,O=C1CC2(CCCC2)CC(=O)N1CCN1CCN(c2ccc(F)cc2)CC1,NaN,NaN,1,YSLMGFFVMWWPSA-UHFFFAOYSA-N
3093,c1ccc(OCCNC[C@H]2COC(c3ccccc3)(c3ccccc3)O2)cc1,NaN,NaN,1,NNVMIQMBTAAZFU-QHCPKHFHSA-N
3094,CC(c1cccc(S(C)(=O)=O)c1)n1cc(Cl)cc(C(N)=O)c1=N,NaN,NaN,1,NTDQMORGMOXXNC-UHFFFAOYSA-N
3095,COC(c1c[nH]cn1)c1cscc1C,NaN,NaN,1,SGXXDZISTWTTRA-UHFFFAOYSA-N
3096,N=c1c(C(N)=O)cc(Cl)cn1CCc1ccccc1,NaN,NaN,1,IKEPFJUGTDZPQK-UHFFFAOYSA-N
3097,COc1ccccc1OCCNC[C@@H]1CO[C@H](c2ccccc2)CO1,NaN,NaN,1,FBLWRLZXMWQVMJ-XLIONFOSSA-N
3098,O=C1CC2(CCCC2)CC(=O)N1CCN1CCN(c2ccccc2O)CC1,NaN,NaN,1,XDLONFWTAWHJIX-UHFFFAOYSA-N
3099,O=S1(=O)CCC(NCCOc2cc(F)ccc2F)c2ccccc21,NaN,NaN,1,RQUJRGDECNEQHO-UHFFFAOYSA-N
3100,CC(C)[C@H]1C(=O)N2CCC[C@H]2[C@]2(O)O[C@](NC(=O)[C@@H]3C=C4c5cccc6[nH]cc(c56)C[C@H]4N(C)C3)(C(C)C)C(=O)N12,NaN,NaN,1,UJYGDMFEEDNVBF-OGGGUQDZSA-N
3101,Fc1ccc2c(C3CCN(CCCN4CCCCC4)CC3)c[nH]c2c1,NaN,NaN,1,UIRILMHEDUNQNH-UHFFFAOYSA-N
3102,N=c1c(C(N)=O)cc(Cl)cn1Cc1ccc(Cl)cc1,NaN,NaN,1,FTLQLJNUXOEDBT-UHFFFAOYSA-N
3103,COc1cc2c(cc1O)CCN1Cc3c(ccc(O)c3OC)C[C@@H]21,NaN,NaN,1,OPLHOPJAFJJLPX-HNNXBMFYSA-N
3104,COc1ccccc1OCCNC[C@H]1COCC(c2ccccc2)(c2ccccc2)O1,NaN,NaN,1,HIASEHRDTBGCHW-QHCPKHFHSA-N
3105,O=c1[nH]c2c(O)ccc([C@@H](O)CNCCc3ccc(CNCCc4ccccn4)cc3)c2s1,NaN,NaN,1,LKTUCRCSDXSENT-QFIPXVFZSA-N
3106,COc1ccccc1CNCCc1cccc(CCNC[C@H](O)c2ccc(O)c3[nH]c(=O)sc23)c1,NaN,NaN,1,PLQWTOQXQJAHBY-QHCPKHFHSA-N
3107,O=c1[nH]c2c(O)ccc([C@@H](O)CNCCOc3cccc(CNCCc4ccccc4F)c3)c2s1,NaN,NaN,1,UTPREWJYUHXHLZ-QHCPKHFHSA-N
3108,Cc1ccccc1OCCNCC1COC(c2ccccc2)(c2ccccc2)O1,NaN,NaN,1,GTSXERKGHGFELV-UHFFFAOYSA-N
3109,N=c1c(C(N)=O)cc(Cl)cn1Cc1cccc(C(N)=O)c1,NaN,NaN,1,OOTPLXIDOHXHJG-UHFFFAOYSA-N
3110,c1ccc(OCCNC[C@@H]2CO[C@H](C(c3ccccc3)c3ccccc3)O2)cc1,NaN,NaN,1,PQBBZRKWIUYSHV-NOZRDPDXSA-N
3111,CCOc1ccccc1CNCc1cccc(CCNC[C@H](O)c2ccc(O)c3[nH]c(=O)sc23)c1,NaN,NaN,1,VKISKXWEKUKQJG-QHCPKHFHSA-N
3112,CC(CNCc1ccc(CCNC[C@H](O)c2ccc(O)c3[nH]c(=O)sc23)cc1)c1ccccc1,NaN,NaN,1,ZLXIUIBLWYKVOG-LUTIACGYSA-N
3113,COc1ccccc1OCCNCC1CSC2(CCCCC2)O1,NaN,NaN,1,LHRGHKMRBJDCAM-UHFFFAOYSA-N
3114,COc1ccccc1OCCNCC1CSC2(CCCCC2)S1,NaN,NaN,1,SLTVSABFWNUVNA-UHFFFAOYSA-N
3115,c1ccc2c(C3CCN(CCCCCN4CCCCC4)CC3)c[nH]c2c1,NaN,NaN,1,FRIXRRJXNBEHHG-UHFFFAOYSA-N
3116,COc1ccc2c(c1)S(=O)(=O)CCC2NCCOc1cc(F)ccc1F,NaN,NaN,1,IQZURNHRQIKEQG-UHFFFAOYSA-N
3117,N=c1c(C(N)=O)cc(Cl)cn1Cc1ccccc1Cl,NaN,NaN,1,WLIXTBBQATXYEZ-UHFFFAOYSA-N
3118,COC(c1c[nH]cn1)c1sccc1Br,NaN,NaN,1,XVGBCLJGMXHPIV-UHFFFAOYSA-N
3119,CC(Cc1cccc(CNCCc2c(Cl)cccc2Cl)c1)NC[C@H](O)c1ccc(O)c2[nH]c(=O)sc12,NaN,NaN,1,WONPWDMMWFWEFC-ODOSRFNGSA-N
3120,O=c1[nH]c2c(O)ccc([C@@H](O)CNCCCc3cccc(CNCCc4c(Cl)cccc4Cl)c3)c2s1,NaN,NaN,1,ZKYKDCNIQRGNPZ-DEOSSOPVSA-N
3121,CC[C@@H]1CN2CCc3c([nH]c4ccccc34)[C@@H]2C[C@@H]1/C(=C\OC)C(=O)OC,NaN,NaN,1,NMLUOJBSAYAYEM-QALMDFCDSA-N
3122,COc1ccccc1N1CCN(CC2COC3(CC[S+]([O-])CC3)O2)CC1,NaN,NaN,1,IKKMDDGWCWRWDI-UHFFFAOYSA-N
3123,COc1ccccc1OCCNC[C@@H]1COC[C@H](c2ccccc2)O1,NaN,NaN,1,QZFPTSHPKIDPDG-YLJYHZDGSA-N
3124,CC(C)C[C@H]1C(=O)N2CCC[C@H]2[C@]2(O)O[C@](NC(=O)[C@@H]3C=C4c5cccc6[nH]cc(c56)C[C@H]4N(C)C3)(C(C)C)C(=O)N12,NaN,NaN,1,YDOTUXAWKBPQJW-NSLWYYNWSA-N
3125,O=c1[nH]c2c(O)ccc([C@@H](O)CNCCc3cccc(CNCCc4ccccc4Cl)c3)c2s1,NaN,NaN,1,FSADUXJHZQYIQE-QHCPKHFHSA-N
3126,O=c1[nH]c2c(O)ccc([C@@H](O)CNCCc3ccc(CNCCc4ccccc4F)cc3)c2s1,NaN,NaN,1,KVPZYDQQJGCISF-QHCPKHFHSA-N
3127,CS(=O)(=O)c1cccc(Cn2cc(Cl)cc(C(N)=O)c2=N)c1,NaN,NaN,1,DNFZOZVDACIQML-UHFFFAOYSA-N
3128,N=c1c(C(N)=O)cc(Cl)cn1CCCc1ccccc1,NaN,NaN,1,JKYNEQADZCMBDB-UHFFFAOYSA-N
3129,CN1C2CCC1CC(OC(c1ccc(F)cc1)c1ccc(F)cc1)C2,NaN,NaN,1,MHNSOBBJZCWUGS-UHFFFAOYSA-N
3130,COc1cccc(OC)c1OCCNC[C@@H]1COCC(c2ccccc2)(c2ccccc2)O1,NaN,NaN,1,MFUWMPKHVOQTMZ-HSZRJFAPSA-N
3131,O=c1[nH]c2c(O)ccc([C@@H](O)CNCCc3cccc(CNCCc4c(Cl)cccc4Cl)c3)c2s1,NaN,NaN,1,MCZWBSFGGNTCLH-QHCPKHFHSA-N
3132,COc1ccc(S(=O)(=O)NC2CCC(N3CCN(c4ccccc4OCC4CC4)CC3)CC2)cc1OC,NaN,NaN,1,HBVMKSZWZCERSH-UHFFFAOYSA-N
3133,COc1ccc(S(=O)(=O)N[C@H]2CC[C@@H](N3CCN(c4ccccc4OCC4CC4)CC3)CC2)cc1OC,NaN,NaN,1,HBVMKSZWZCERSH-ZRZAMGCNSA-N
3134,N=c1c(C(N)=O)cc(Cl)cn1Cc1ccc(C(N)=O)c(Cl)c1,NaN,NaN,1,GEAAIQLKZQDRFZ-UHFFFAOYSA-N
3135,Fc1ccc(Cl)c(OCCNCc2cccc(Cl)c2)c1,NaN,NaN,1,IJQHFFLITUAZIO-UHFFFAOYSA-N
3136,COc1cccc(OC)c1OCCNCC1COCC(c2ccccc2)(c2ccccc2)O1,NaN,NaN,1,MFUWMPKHVOQTMZ-UHFFFAOYSA-N
3137,c1ccc2c(C3CCN(CCCN4CCCCC4)CC3)c[nH]c2c1,NaN,NaN,1,CSYQAZGMLGSKCF-UHFFFAOYSA-N
3138,COc1cc2nc(N3CCN(C(=O)c4ccco4)[C@H](C(=O)NC(C)(C)C)C3)nc(N)c2cc1OC,NaN,NaN,1,XSHSZTXMXLVUME-INIZCTEOSA-N
3139,c1ccc(OCCNCC[C@@H]2CO[C@H](C(c3ccccc3)c3ccccc3)O2)cc1,NaN,NaN,1,MPFRLKLVOGUERN-RSXGOPAZSA-N
3140,Oc1ccccc1OCCNCC1COCC(c2ccccc2)(c2ccccc2)O1,NaN,NaN,1,UUTWNAKPHRTMAJ-UHFFFAOYSA-N
3141,O=c1[nH]c2c(O)ccc([C@@H](O)CNCCc3ccc(CNCCc4c(Cl)cccc4Cl)cc3)c2s1,NaN,NaN,1,GVRKTUGZYSOYMQ-QHCPKHFHSA-N
3142,COc1ccccc1CNCc1ccc(CCNC[C@@H](O)c2ccc(O)c3[nH]c(=O)sc23)cc1,NaN,NaN,1,NYWJZLOBZHVZMI-JOCHJYFZSA-N
3143,COc1ccccc1CCNCc1cccc(CCNC[C@H](O)c2ccc(O)c3[nH]c(=O)sc23)c1,NaN,NaN,1,PIQKJCGMILEGLT-QHCPKHFHSA-N
3144,O=c1[nH]c2c(O)ccc([C@@H](O)CNCCc3cccc(CNCc4ccccc4F)c3)c2s1,NaN,NaN,1,QFGOTCHUFZRMMD-QFIPXVFZSA-N
3145,COCOc1ccccc1OCCNCC1COCC(c2ccccc2)(c2ccccc2)O1,NaN,NaN,1,RTQVMPUWTJFEJK-UHFFFAOYSA-N
3146,Cc1cccc([C@@H](C)c2cnc[nH]2)c1C,NaN,NaN,1,CUHVIMMYOGQXCV-LLVKDONJSA-N
3147,c1ccc(OCCNC[C@H]2COCC(c3ccccc3)(c3ccccc3)O2)cc1,NaN,NaN,1,ZCYQPTKLMLTYQD-DEOSSOPVSA-N
3148,NC(=O)c1ccc2c(c1)C(NCCOc1cc(F)ccc1F)CCS2(=O)=O,NaN,NaN,1,LOMMMLPAKBTQLK-UHFFFAOYSA-N
3149,c1ccc(OCCNC[C@H]2CO[C@H](C(c3ccccc3)c3ccccc3)O2)cc1,NaN,NaN,1,PQBBZRKWIUYSHV-ZCYQVOJMSA-N
3150,COc1ccccc1N1CCN(C[C@H]2OCCOC2(c2ccccc2)c2ccccc2)CC1,NaN,NaN,1,UJRXZWAABVTTPQ-HHHXNRCGSA-N
3151,COc1ccccc1N1CCN(Cc2ccc(Br)s2)CC1,NaN,NaN,1,IGPCTLTXCPFDIO-UHFFFAOYSA-N
3152,COc1ccccc1OCCNCC1COC2(CCCCC2)O1,NaN,NaN,1,SCQOKSSITLYTJW-UHFFFAOYSA-N
3153,COc1ccccc1OCCNC[C@@H]1CO[C@@H](c2ccccc2)CO1,NaN,NaN,1,FBLWRLZXMWQVMJ-YLJYHZDGSA-N
3154,COc1ccccc1N1CCN(CC2CSC3(CCCCC3)S2)CC1,NaN,NaN,1,GTCQGGCMEIGXAN-UHFFFAOYSA-N
3155,Cc1cccc2c(CCNCc3ccc(CCNC[C@H](O)c4ccc(O)c5[nH]c(=O)sc45)cc3)c[nH]c12,NaN,NaN,1,HRIMLSKWGJERPD-VWLOTQADSA-N
3156,COc1ccccc1CNCc1ccc(CCNC[C@H](O)c2ccc(O)c3[nH]c(=O)sc23)cc1,NaN,NaN,1,NYWJZLOBZHVZMI-QFIPXVFZSA-N
3157,COc1cccc(CNCc2cccc(CCNC[C@H](O)c3ccc(O)c4[nH]c(=O)sc34)c2)c1,NaN,NaN,1,PLKYHUCBRLEYME-QHCPKHFHSA-N
3158,Fc1ccc(N2CCN(CCc3ccc(COc4ccc5c(c4)CCCC5)cc3)CC2)cc1,NaN,NaN,1,KUEPYDNPYGESKY-UHFFFAOYSA-N
3159,O=C1c2ccccc2C(=O)N1Cc1ccc(CCN2CCN(Cc3ccccc3)CC2)cc1,NaN,NaN,1,DQNQPTZBYUYYHH-UHFFFAOYSA-N
3160,O=c1[nH]c2c(O)ccc([C@@H](O)CNCCc3cccc(CNCCc4ccccc4F)c3)c2s1,NaN,NaN,1,HIBBORWAHJKGBI-QHCPKHFHSA-N
3161,COc1ccc(CNCc2cccc(CCNC[C@H](O)c3ccc(O)c4[nH]c(=O)sc34)c2)cc1,NaN,NaN,1,BSOHYTBASIBPHA-QHCPKHFHSA-N
3162,O=c1[nH]c2c(O)ccc([C@@H](O)CNCCc3cccc(CNCCCc4ccccc4)c3)c2s1,NaN,NaN,1,GVJALQHQZPOADA-DEOSSOPVSA-N
3163,O=c1[nH]c2c(O)ccc([C@@H](O)CNCCc3cccc(CNCc4ccccc4Cl)c3)c2s1,NaN,NaN,1,PVJNMWAQIUNUKH-QFIPXVFZSA-N
3164,COc1ccccc1N1CCN(CCCn2cc(CCCC(=O)O)c3ccccc32)CC1,NaN,NaN,1,WYKAGKFOYGISHK-UHFFFAOYSA-N
3165,O=C(O)CCCc1cn(CCCCN2CCN(c3ccccc3Cl)CC2)c2ccccc12,NaN,NaN,1,MCZZODFVQRRXCY-UHFFFAOYSA-N
3166,COc1ccccc1CNCc1cccc(CCNC[C@H](O)c2ccc(O)c3[nH]c(=O)sc23)c1,NaN,NaN,1,VKCKAMBPNXKGHL-QFIPXVFZSA-N
3167,O=c1[nH]c2c(O)ccc([C@@H](O)CNCCc3cccc(CNCCc4ccccn4)c3)c2s1,NaN,NaN,1,WWEHZPFFGZLBOV-QFIPXVFZSA-N
3168,O=c1[nH]c2c(O)ccc([C@@H](O)CNCCc3ccccc3CNCCc3ccccc3F)c2s1,NaN,NaN,1,XXPNWYXHQVWMTB-QHCPKHFHSA-N
3169,O=c1[nH]c2c(O)ccc([C@@H](O)CNCCc3cccc(CNCCCc4ccccn4)c3)c2s1,NaN,NaN,1,IUPSVOSSHSTCNC-QHCPKHFHSA-N
3170,COc1ccccc1CN(C)Cc1cccc(CCNC[C@H](O)c2ccc(O)c3[nH]c(=O)sc23)c1,NaN,NaN,1,PNTAECGMYJNBSW-QHCPKHFHSA-N
3171,O=c1[nH]c2c(O)ccc([C@@H](O)CNCCc3cccc(CNCc4ccccn4)c3)c2s1,NaN,NaN,1,IGZSZKKVFOSODP-NRFANRHFSA-N
3172,Cc1cccc2c(CCNCc3cccc(CCNC[C@H](O)c4ccc(O)c5[nH]c(=O)sc45)c3)c[nH]c12,NaN,NaN,1,RZAFGCJAAYEIMV-VWLOTQADSA-N
3173,O=c1ccc2c([C@@H](O)CNCCc3cccc(CNCCc4ccccn4)c3)ccc(O)c2[nH]1,NaN,NaN,1,VUIMNDBYTPAGQZ-VWLOTQADSA-N
3174,N=C(N)N/N=C/c1c(Cl)cccc1Cl,NaN,NaN,1,WDZVGELJXXEGPV-YIXHJXPBSA-N
3175,COCCNCc1cccc(CCNC[C@H](O)c2ccc(O)c3[nH]c(=O)sc23)c1,NaN,NaN,1,BGLYKONMLBFSGK-SFHVURJKSA-N
3176,OCc1cc([C@@H](O)CNCCc2ccc(CNCCc3ccccc3)cc2)ccc1O,NaN,NaN,1,MAHVPNQMFKXCMV-SANMLTNESA-N
3177,CN(C)CCCOc1ccc(CCNC(=O)c2cc(Br)c[nH]2)cc1Br,NaN,NaN,1,MOWCGUQGNSAZSR-UHFFFAOYSA-N
3178,COCCNCc1ccc(CCNC[C@H](O)c2ccc(O)c3[nH]c(=O)sc23)cc1,NaN,NaN,1,YZGKJDAFHUVRRH-SFHVURJKSA-N
3179,O=c1[nH]c2c(O)ccc([C@@H](O)CNCCc3cccc(CN4CCCC4)c3)c2s1,NaN,NaN,1,QWWLVVDOGURJDF-IBGZPJMESA-N
3180,O=C(Cc1ccccc1)NC1CCN(CCCN2C(=O)COc3ccccc32)CC1,NaN,NaN,0,FLGSUSWMWSZVMP-UHFFFAOYSA-N
3181,COc1cc(OC)cc(OCCNCC2COC(c3ccccc3)(c3ccccc3)O2)c1,NaN,NaN,0,IWORSPYCCXFFAN-UHFFFAOYSA-N
3182,Cc1ccsc1C1(c2c[nH]cn2)CC1,NaN,NaN,0,PBXJZXDPUKJCIY-UHFFFAOYSA-N
3183,CCCCC1CCN(CCCN2C(=O)CCc3ccccc32)CC1,NaN,NaN,0,PHMGZAICAOYEAF-UHFFFAOYSA-N
3184,CCCN(CC[C@]1(O)C[C@H](NC(=O)c2ccc3ccccc3c2)C1)[C@H]1CCc2nc(N)sc2C1,NaN,NaN,0,QXYZJXCNTMMWEO-BERHBOFZSA-N
3185,CCCN(CCC1(O)CC(NC(=O)c2ccc3ccccc3c2)C1)[C@H]1CCc2nc(N)sc2C1,NaN,NaN,0,QXYZJXCNTMMWEO-ZVOVCPRUSA-N
3186,COC(=O)C1(c2ccccc2)CCN(CCCNC(=O)CCc2ccc([N+](=O)[O-])cc2)CC1,NaN,NaN,0,PHYBBVYOJUKUNL-UHFFFAOYSA-N
3187,C=CCN(CC=C)CCc1c[nH]c2ccc(Cl)cc12,NaN,NaN,0,XRJGWSMTLAFHBN-UHFFFAOYSA-N
3188,CS(=O)(=O)c1cc(F)ccc1NCC1=NCCN1,NaN,NaN,0,DLSVKFMVCHCZLY-UHFFFAOYSA-N
3189,Cc1cc(C)cc(-c2cnc3cc(Cl)c(-c4cccc(O)c4)cc3c2OCCCN)c1,NaN,NaN,0,GXGVWEMSSIKHOZ-UHFFFAOYSA-N
3190,CC1=C(C(=O)O)C(c2ccc3c(c2)OCO3)C(C(=O)NCCCN2CCC(c3ccccc3)(c3ccccc3)CC2)=C(C)N1,NaN,NaN,0,GUTLHNWEBBMLCC-UHFFFAOYSA-N
3191,COc1cccc2c(NCCNc3ccnc4c(OC)cccc34)ccnc12,NaN,NaN,0,OBEXOFONJDJASX-UHFFFAOYSA-N
3192,Cc1nc(-c2ccc(-c3ccc(C(=O)N4CCc5cc6c(cc54)C4(CCN(C)CC4)CO6)cc3)c(C)c2)no1,NaN,NaN,0,ATQMRMGXINTJHV-UHFFFAOYSA-N
3193,N=c1c2c(-c3ccccc3)c(-c3ccccc3)n(Cc3ccccc3)c2ncn1[C@H]1CC[C@H](O)CC1,NaN,NaN,0,WSMXAUJFLWRPNT-DIVCQZSQSA-N
3194,N=c1c2c(-c3ccccc3)c(-c3ccccc3)n(Cc3ccccc3)c2ncn1C1CCC(O)CC1,NaN,NaN,0,WSMXAUJFLWRPNT-UHFFFAOYSA-N
3195,Cc1ccc(C(C(=O)NCCCN2CCC(C(N)=O)(c3ccccc3)CC2)c2ccc(C)cc2)cc1,NaN,NaN,0,HUIYDWXIISSZPP-UHFFFAOYSA-N
3196,CCOC(=O)CCN1CCN(c2ccc3c(c2)CN(C(=O)OCc2ccccc2)CC3)CC1,NaN,NaN,0,HLXXHUQBOMNXCU-UHFFFAOYSA-N
3197,O=C(CCCc1ccccc1)N1c2ccccc2Sc2ccccc21,NaN,NaN,0,IDGMQHJPMVCZGQ-UHFFFAOYSA-N
3198,Cc1c(Oc2c(F)cccc2F)c(OC(C)C)nn1-c1ncc(C2CC2)cc1F,NaN,NaN,0,JNAABFZPXJJMPX-UHFFFAOYSA-N
3199,c1ccc(N2CCN(CCCc3nc4ccccc4s3)CC2)nc1,NaN,NaN,0,KZVXSSLUUGFVFR-UHFFFAOYSA-N
3200,COc1cc2c(NC3CCN(C(C)C)CC3)nc(N3CCC(F)(F)CC3)nc2cc1OCCCN1CCCC1,NaN,NaN,0,RNAMYOYQYRYFQY-UHFFFAOYSA-N
3201,O=C1N=C(C(F)(F)F)C(C(=O)NCCCN2CCC(c3ccccn3)CC2)[C@@H](c2ccc(F)c(F)c2)N1,NaN,NaN,0,FTQQMILDWXDQIW-BPGUCPLFSA-N
3202,Cc1cnc2c(Br)c(NC3=NCCN3)ccc2n1,NaN,NaN,0,ICROYPJYNVAMQF-UHFFFAOYSA-N
3203,CC1CN=C(Nc2ccc3nccnc3c2Br)N1,NaN,NaN,0,XBTUHMKOYJCXOJ-UHFFFAOYSA-N
3204,COc1cc(-n2cnc3cc(-c4ccc(Cl)cc4)sc3c2=O)ccc1OCCN1CCCC1,NaN,NaN,0,MWULMTACIBZPGN-UHFFFAOYSA-N
3205,Cc1cc(OC2CCS(=O)(=O)CC2)cc(C)c1-c1cccc(COc2ccc(CCC(=O)O)c(F)c2)c1,NaN,NaN,0,RPAHCZZXEGWBDL-UHFFFAOYSA-N
3206,Nc1nc2c(c(N3CCNCC3)n1)CCC1=C2[C@@H]2CCCC[C@@H]2O1,NaN,NaN,0,DJKJVWJQAVGLHJ-YPMHNXCESA-N
3207,O=C(O)c1cc(-c2cccc(COc3ccc4c(c3)CN(C3CCCC3)C4=O)c2)ccc1Cl,NaN,NaN,0,DWTYHCYVKJONSP-UHFFFAOYSA-N
3208,CN([C@@H]1CCc2c(CC(=O)O)c3ccccc3n2C1)S(=O)(=O)c1ccc(F)cc1,NaN,NaN,0,JTCAGRAKUAAYDY-OAHLLOKOSA-N
3209,CCCn1c(=O)c2[nH]c(-c3cnn(Cc4cccc(C(F)(F)F)c4)c3)nc2n(CC)c1=O,NaN,NaN,0,KOYXXLLNCXWUNF-UHFFFAOYSA-N
3210,O=C(NS(=O)(=O)c1ccc(NCC2CCOCC2)c([N+](=O)[O-])c1)c1ccc(N2CCN(Cc3ccc(C(F)(F)F)cc3-c3ccc(Cl)cc3)CC2)cc1Oc1cnc2[nH]ccc2c1,NaN,NaN,0,MIVWTBCJCNWAEJ-UHFFFAOYSA-N
3211,CC(=O)N1CCC(c2ccc(C(=O)NC(=N)N)cc2C(F)(F)F)CC1,NaN,NaN,0,QMHRLXNEGYTSRV-UHFFFAOYSA-N
3212,COc1cnccc1Nc1nc(-c2nn(Cc3c(F)cc(OCCO)cc3F)c3ccccc23)ncc1OC,NaN,NaN,0,QVOGVAVHOLLLAZ-UHFFFAOYSA-N
3213,CC(=O)N1CCC(c2ccc(C(=O)NC3=NCCN3)cc2C(F)(F)F)CC1,NaN,NaN,0,UPJRPOWMFLBSKZ-UHFFFAOYSA-N
3214,CC[C@@H]1O[C@](/C=C/C2CC2)(C(F)(F)F)c2c(ccc(F)c2F)NC1=O,NaN,NaN,0,MSJCAWWJIHDUAU-OSTNNTLRSA-N
3215,Cc1c(C)c2c(c(C)c1O)CCC(C)(CN1CCN(c3cc(N4CCCC4)nc(N4CCCC4)n3)CC1)O2,NaN,NaN,0,KPZQRBACZSLMPH-UHFFFAOYSA-N
3216,CC1=NC(COCCN)=C(C(=O)NCCCN2CCC(CN(C)C)(c3ccccc3)CC2)C(c2ccc([N+](=O)[O-])cc2)C1C(N)=O,NaN,NaN,0,TZSKHVSABIUICT-UHFFFAOYSA-N
3217,COc1cc(N)[nH]c2nc(-c3ccc(F)cc3)c(-c3ccncc3)c1-2,NaN,NaN,0,ADQZGIYHFQQPRB-UHFFFAOYSA-N
3218,O=C(O)CO,NaN,NaN,0,AEMRFAOFKBGASW-UHFFFAOYSA-N
3219,c1ccc2sc(SSc3nc4ccccc4s3)nc2c1,NaN,NaN,0,AFZSMODLJJCVPP-UHFFFAOYSA-N
3220,O=C(O)CCCC[C@@H]1CCSS1,NaN,NaN,0,AGBQKNBQESQNJD-SSDOTTSWSA-N
3221,CC[C@H](C)C(=O)O[C@H]1CCC=C2C=C[C@H](C)[C@H](CC[C@@H]3C[C@@H](O)CC(=O)O3)[C@H]21,NaN,NaN,0,AJLFOPYRIVGYMJ-INTXDZFKSA-N
3222,C=CCN1CC[C@]23c4c5ccc(O)c4O[C@H]2/C(=N/N=C2\CC[C@@]4(O)[C@H]6Cc7ccc(O)c8c7[C@@]4(CCN6CC=C)[C@H]2O8)CC[C@@]3(O)[C@H]1C5,NaN,NaN,0,AJPSBXJNFJCCBI-YOHUGVJRSA-N
3223,CC(N)Cc1c[nH]c2ccc(OCc3cccs3)cc12,NaN,NaN,0,ALFGDCNSEBJYSP-UHFFFAOYSA-N
3224,CN(C)C(=O)Oc1cc(OC(=O)N(C)C)cc(C(O)CNC(C)(C)C)c1,NaN,NaN,0,ANZXOIAKUNOVQU-UHFFFAOYSA-N
3225,CCCCCCNC(=O)n1cc(F)c(=O)[nH]c1=O,NaN,NaN,0,AOCCBINRVIKJHY-UHFFFAOYSA-N
3226,CC[C@]1(O)CC[C@H]2[C@@H]3CCC4=CCCC[C@@H]4[C@H]3CC[C@@]21C,NaN,NaN,0,AOXRBFRFYPMWLR-XGXHKTLJSA-N
3227,CC(C)NC[C@H](O)COc1cccc2ccccc12,NaN,NaN,0,AQHHHDLHHXJYJD-AWEZNQCLSA-N
3228,CC(C)NC[C@@H](O)COc1cccc2ccccc12,NaN,NaN,0,AQHHHDLHHXJYJD-CQSZACIVSA-N
3229,C[C@H](C(=O)O)c1ccc2oc(-c3ccc(F)cc3)nc2c1,NaN,NaN,0,ARPYQKTVRGFPIS-VIFPVBQESA-N
3230,Cc1cc(C)nc(NS(=O)(=O)c2ccc(N)cc2)n1,NaN,NaN,0,ASWVTGNCAZCNNR-UHFFFAOYSA-N
3231,COC(=O)Nc1nc2cc([S+]([O-])c3ccccc3)ccc2[nH]1,NaN,NaN,0,BEZZFPOZAYTVHN-UHFFFAOYSA-N
3232,CCCCCCCCNC(C)C(O)c1ccc(SC(C)C)cc1,NaN,NaN,0,BFCDFTHTSVTWOG-UHFFFAOYSA-N
3233,CO[C@H]1[C@@H](O)[C@H](N)[C@@H](O[C@H]2O[C@H]([C@H](C)N)CC[C@H]2N)[C@H](O)[C@@H]1N(C)C(=O)CN,NaN,NaN,0,BIDUPMYXGFNAEJ-APGVDKLISA-N
3234,C/C=C\c1ccc(O)c(OC)c1,NaN,NaN,0,BJIOGJUNALELMI-ARJAWSKDSA-N
3235,CCCC[C@@H](CC)COC(=O)c1ccccc1C(=O)OC[C@@H](CC)CCCC,NaN,NaN,0,BJQHLKABXJIVAM-BGYRXZFFSA-N
3236,Cc1ccc(S(=O)(=O)NC(=O)NN2CC3CCCC3C2)cc1,NaN,NaN,0,BOVGTQGAOIONJV-UHFFFAOYSA-N
3237,CCN(CC)CCOCCC1=CCC2CC1C2(C)C,NaN,NaN,0,BZRYYBWNOUALTQ-UHFFFAOYSA-N
3238,C[S+]([O-])c1ccc(-c2nc(-c3ccc(F)cc3)c(-c3ccncc3)[nH]2)cc1,NaN,NaN,0,CDMGBJANTYXAIV-UHFFFAOYSA-N
3239,CC(C)C(Br)C(=O)NC(N)=O,NaN,NaN,0,CMCCHHWTTBEZNM-UHFFFAOYSA-N
3240,CC1=C2C(=CO[C@H](C)[C@H]2C)C(O)=C(C(=O)O)C1=O,NaN,NaN,0,CQIUKKVOEOPUDV-IYSWYEEDSA-N
3241,CC(=O)Nc1ccc2c(c1)Cc1ccccc1-2,NaN,NaN,0,CZIHNRWJTSTCEX-UHFFFAOYSA-N
3242,O=c1cc(N2CCOCC2)oc2c(-c3ccccc3)cccc12,NaN,NaN,0,CZQHHVNHHHRRDU-UHFFFAOYSA-N
3243,CCN[C@@H](C)Cc1cccc(C(F)(F)F)c1,NaN,NaN,0,DBGIVFWFUFKIQN-VIFPVBQESA-N
3244,CC(=O)[C@@]1(O)CC[C@H]2[C@@H]3CCC4=CC(=O)CC[C@]4(C)[C@H]3CC[C@@]21C,NaN,NaN,0,DBPWSSGDRRHUNT-CEGNMAFCSA-N
3245,ClC1=C(Cl)[C@]2(Cl)[C@@H]3[C@@H]4C[C@@H]([C@H]5O[C@@H]45)[C@@H]3[C@@]1(Cl)C2(Cl)Cl,NaN,NaN,0,DFBKLUNHFCTMDC-PICURKEMSA-N
3246,CCCN(CCC)C(=O)C(CCC(=O)O)NC(=O)c1ccccc1,NaN,NaN,0,DGMKFQYCZXERLX-UHFFFAOYSA-N
3247,Cc1ccccc1C(=O)N1CCC(Cc2ccccc2)CC1,NaN,NaN,0,DLDAZIVPAOLETE-UHFFFAOYSA-N
3248,CC1(C)[C@H]2CC[C@]1(C)C(=O)C2,NaN,NaN,0,DSSYKIVIOFKYAU-OIBJUYFYSA-N
3249,CC12CCC(CC1=O)C2(C)C,NaN,NaN,0,DSSYKIVIOFKYAU-UHFFFAOYSA-N
3250,Cc1nccn1CC1CCc2c(c3ccccc3n2C)C1=O,NaN,NaN,0,FELGMEQIXOGIFQ-UHFFFAOYSA-N
3251,Cc1cc2cc3c(C)cc(=O)oc3c(C)c2o1,NaN,NaN,0,FMHHVULEAZTJMA-UHFFFAOYSA-N
3252,c1ccc2c(c1)cc1ccc3cccc4ccc2c1c34,NaN,NaN,0,FMMWHPNWAFZXNH-UHFFFAOYSA-N
3253,CC(=O)[C@@]1(O)CC[C@H]2[C@@H]3C[C@H](C)C4=CC(=O)CC[C@]4(C)[C@H]3CC[C@@]21C,NaN,NaN,0,FRQMUZJSZHZSGN-HBNHAYAOSA-N
3254,COc1ccccc1C(=O)N1CCC(Cc2ccccc2)CC1,NaN,NaN,0,FSIWGHXVLYRBFQ-UHFFFAOYSA-N
3255,CC1CCC(NC(=O)N(CCCl)N=O)CC1,NaN,NaN,0,FVLVBPDQNARYJU-UHFFFAOYSA-N
3256,CCN(CC)CCOc1ccc(/C(=C(/Cl)c2ccccc2)c2ccccc2)cc1,NaN,NaN,0,GKIRPKYJQBWNGO-OCEACIFDSA-N
3257,CC(C)=CCC/C(C)=C/CO,NaN,NaN,0,GLZPCOQZEFWAFX-JXMROGBWSA-N
3258,O=C1OC2(c3ccc(O)cc3Oc3cc(O)ccc32)c2ccccc21,NaN,NaN,0,GNBHRKFJIUUOQI-UHFFFAOYSA-N
3259,NC(=O)c1cccc(N)c1,NaN,NaN,0,GSCPDZHWVNUUFI-UHFFFAOYSA-N
3260,Cc1c(C)c2c(c(C)c1O)CC[C@@](C)(CCC[C@H](C)CCC[C@H](C)CCCC(C)C)O2,NaN,NaN,0,GVJHHUAWPYXKBD-IEOSBIPESA-N
3261,CN1C(=O)CN=C(c2ccccc2)c2cc([N+](=O)[O-])ccc21,NaN,NaN,0,GWUSZQUVEVMBPI-UHFFFAOYSA-N
3262,Cc1c(C)c2c(c(C)c1O)CCC(C)(COc1ccc(CC3SC(=O)NC3=O)cc1)O2,NaN,NaN,0,GXPHKUHSUJUWKP-UHFFFAOYSA-N
3263,COC(=O)C[C@](O)(CCC(C)(C)O)C(=O)O[C@@H]1C(OC)=C[C@]23CCCN2CCc2cc4c(cc2[C@H]13)OCO4,NaN,NaN,0,HAVJATCHLFRDHY-KSZYUSJVSA-N
3264,COc1ccc(OCCN2CCN(C(=O)c3cc4ccccc4[nH]3)CC2)cc1,NaN,NaN,0,HAZPAMUWUHDPDA-UHFFFAOYSA-N
3265,COC(=O)Nc1nc2cc(Sc3ccccc3)ccc2[nH]1,NaN,NaN,0,HDDSHPAODJUKPD-UHFFFAOYSA-N
3266,CC(C)Cc1ccc([C@@H](C)C(=O)O)cc1,NaN,NaN,0,HEFNNWSXXWATRW-SNVBAGLBSA-N
3267,C[C@H]([C@](O)(Cn1cncn1)c1ccc(F)cc1F)S(C)(=O)=O,NaN,NaN,0,HFGZFHCWKKQGIS-NOZJJQNGSA-N
3268,N=C(N)NCCCCNC(=N)N,NaN,NaN,0,HGMDNMBBCKDWTQ-UHFFFAOYSA-N
3269,NNc1ccccc1,NaN,NaN,0,HKOOXMFOFWEVGF-UHFFFAOYSA-N
3270,CCCCCCCCCc1ccc(O)cc1,NaN,NaN,0,IGFHQQFPSIBGKE-UHFFFAOYSA-N
3271,CC(C)(c1ccc(O)cc1)c1ccc(O)cc1,NaN,NaN,0,IISBACLAFKSPIT-UHFFFAOYSA-N
3272,C#C[C@]1(OC(C)=O)CC[C@H]2[C@@H]3CCC4=CC(=O)CC[C@@H]4[C@H]3CC[C@@]21C,NaN,NaN,0,IMONTRJLAWHYGT-ZCPXKWAGSA-N
3273,C#C[C@]1(O)CC[C@H]2[C@@H]3CCc4cc(OC)ccc4[C@H]3CC[C@@]21C,NaN,NaN,0,IMSSROKUHAOUJS-MJCUULBUSA-N
3274,C[n+]1ccc(-c2cc[n+](C)cc2)cc1,NaN,NaN,0,INFDPOAKFNIJBF-UHFFFAOYSA-N
3275,CN1C(=O)OC(C)(C)C1=O,NaN,NaN,0,IRYJRGCIQBGHIV-UHFFFAOYSA-N
3276,C[C@@H](N)[C@H]1CC[C@H](C(=O)Nc2ccncc2)CC1,NaN,NaN,0,IYOZTVGMEWJPKR-IJLUTSLNSA-N
3277,S=C=Nc1cccc2ccccc12,NaN,NaN,0,JBDOSUUXMYMWQH-UHFFFAOYSA-N
3278,Nn1nnc2ccccc21,NaN,NaN,0,JCXKHYLLVKZPKE-UHFFFAOYSA-N
3279,Oc1c(Cl)cc(Cl)cc1Sc1cc(Cl)cc(Cl)c1O,NaN,NaN,0,JFIOVJDNOJYLKP-UHFFFAOYSA-N
3280,Cc1cc(C(C#N)c2ccc(Cl)cc2)c(Cl)cc1NC(=O)c1cc(I)cc(I)c1O,NaN,NaN,0,JMPFSEBWVLAJKM-UHFFFAOYSA-N
3281,CCOC(N)=O,NaN,NaN,0,JOYRKODLDBILNP-UHFFFAOYSA-N
3282,Cc1[nH]cnc1CN1CCc2c(c3ccccc3n2C)C1=O,NaN,NaN,0,JSWZEAMFRNKZNL-UHFFFAOYSA-N
3283,C=C(C)[C@H]1Cc2c(ccc3c2O[C@@H]2COc4cc(OC)c(OC)cc4[C@@H]2C3=O)O1,NaN,NaN,0,JUVIOZPCNVVQFO-HBGVWJBISA-N
3284,CC(O)C(=O)O,NaN,NaN,0,JVTAAEKCZFNVCJ-UHFFFAOYSA-N
3285,O=C(O)c1cccnc1Nc1cccc(C(F)(F)F)c1,NaN,NaN,0,JZFPYUNJRRFVQU-UHFFFAOYSA-N
3286,CC(C)NC[C@H](O)COc1cccc2[nH]ccc12,NaN,NaN,0,JZQKKSLKJUAGIC-NSHDSACASA-N
3287,O=C/C=C/c1ccccc1,NaN,NaN,0,KJPRLNWUNMBNBZ-QPJJXVBHSA-N
3288,c1ccc(Cn2ccnc2)cc1,NaN,NaN,0,KKKDZZRICRFGSD-UHFFFAOYSA-N
3289,CC[C@@H](CO)NC(=O)[C@@H]1C=C2c3cccc4c3c(cn4C)C[C@H]2N(C)C1,NaN,NaN,0,KPJZHOPZRAFDTN-ZRGWGRIASA-N
3290,COc1cc(/C=C/C(=O)O)ccc1O,NaN,NaN,0,KSEBMYQBYZTDHS-HWKANZROSA-N
3291,C=C1C(=O)O[C@@H]2C3O[C@]3(C)CC/C=C(\C)CC[C@@H]12,NaN,NaN,0,KTEXNACQROZXEV-JADZJFIVSA-N
3292,Cc1ccc(NC(=O)c2ccc(CN3CCN(C)CC3)cc2)cc1Nc1nccc(-c2cccnc2)n1,NaN,NaN,0,KTUFNOKKBVMGRW-UHFFFAOYSA-N
3293,O=C(Nc1ccc(Br)cc1)c1cc(Br)cc(Br)c1O,NaN,NaN,0,KVSKGMLNBAPGKH-UHFFFAOYSA-N
3294,COC(=O)Nc1nc2cc(C(=O)c3cccs3)ccc2[nH]1,NaN,NaN,0,KYRVNWMVYQXFEU-UHFFFAOYSA-N
3295,CCCCN1CCCC[C@H]1C(=O)Nc1c(C)cccc1C,NaN,NaN,0,LEBVLXFERQHONN-INIZCTEOSA-N
3296,NC(CO)(CO)CO,NaN,NaN,0,LENZDBCJOHFCAS-UHFFFAOYSA-N
3297,O=C(c1ccccc1F)N1CCC(Cc2ccccc2)CC1,NaN,NaN,0,LEVTWCPGXIVKEH-UHFFFAOYSA-N
3299,CSc1ccc(/C=C2/C(C)=C(CC(=O)O)c3cc(F)ccc32)cc1,NaN,NaN,0,LFWHFZJPXXOYNR-MFOYZWKCSA-N
3300,C[C@](O)(CS(=O)(=O)c1ccc(F)cc1)C(=O)Nc1ccc(C#N)c(C(F)(F)F)c1,NaN,NaN,0,LKJPYSCBVHEWIU-KRWDZBQOSA-N
3301,O=C(c1ccccc1C(F)(F)F)N1CCC(Cc2ccccc2)CC1,NaN,NaN,0,LUHHARLTABWBTO-UHFFFAOYSA-N
3302,Oc1ccc(/C=C/c2cc(O)cc(O)c2)cc1,NaN,NaN,0,LUKBXSAWLPMMSZ-OWOJBTEDSA-N
3303,Nc1nc(N)nc(NC2CC2)n1,NaN,NaN,0,LVQDKIWDGQRHTE-UHFFFAOYSA-N
3304,Cc1c(N(C)CS(=O)(=O)[O-])c(=O)n(-c2ccccc2)n1C,NaN,NaN,0,LVWZTYCIRDMTEY-UHFFFAOYSA-M
3305,NC(=O)N1C(=O)/C(=C(\O)c2cccs2)c2cc(Cl)ccc21,NaN,NaN,0,LXIKEPCNDFVJKC-QXMHVHEDSA-N
3307,COS(C)(=O)=O,NaN,NaN,0,MBABOKRGFJTBAE-UHFFFAOYSA-N
3308,C=C1CC[C@H](O)C/C1=C/C=C1\CCC[C@]2(C)[C@@H]([C@H](C)/C=C/[C@H](C)C(C)C)CC[C@@H]12,NaN,NaN,0,MECHNRXZTMCUDQ-RKHKHRCZSA-N
3309,C[C@]12CCC(=O)C=C1CC[C@@H]1[C@@H]2C(=O)C[C@@]2(C)[C@H]1CC[C@]2(O)C(=O)CO,NaN,NaN,0,MFYSYFVPBJMHGN-ZPOLXVRWSA-N
3310,CC1=C(CC(=O)O)c2cc(F)ccc2/C1=C\c1ccc(S(C)(=O)=O)cc1,NaN,NaN,0,MVGSNCBCUWPVDA-MFOYZWKCSA-N
3311,[N-]=[N+]=CC(=O)OC[C@H](N)C(=O)O,NaN,NaN,0,MZZGOOYMKKIOOX-VKHMYHEASA-N
3312,C[C@H]1C[C@H]2[C@@H]3CCC4=CC(=O)C=C[C@]4(C)[C@@]3(Cl)[C@@H](O)C[C@]2(C)[C@@]1(O)C(=O)CO,NaN,NaN,0,NBMKJKDGKREAPL-DVTGEIKXSA-N
3313,CCCCCCCCCCCCCCCC[n+]1ccccc1,NaN,NaN,0,NEUSVAOJNUQRTM-UHFFFAOYSA-N
3314,C[C@]12CC[C@H]3[C@@H](CCC4=CC(=O)CC[C@@H]43)[C@@H]1CC[C@@H]2O,NaN,NaN,0,NPAGDVCDWIYMMC-IZPLOLCNSA-N
3315,NC1=NC(=O)C(c2ccccc2)O1,NaN,NaN,0,NRNCYVBFPDDJNE-UHFFFAOYSA-N
3316,CCCCCCCCc1ccc(O)cc1,NaN,NaN,0,NTDQQZYCCIDJRK-UHFFFAOYSA-N
3317,CN(C(=O)Cc1ccc(Cl)c(Cl)c1)C1CCC2(CCCO2)CC1N1CCCC1,NaN,NaN,0,NYKCGQQJNVPOLU-UHFFFAOYSA-N
3318,COc1ccc(/C=C/C(=O)Nc2ccccc2C(=O)O)cc1OC,NaN,NaN,0,NZHGWWWHIYHZNX-CSKARUKUSA-N
3319,COP(=O)(OC)OC=C(Cl)Cl,NaN,NaN,0,OEBRKCOSUFCWJD-UHFFFAOYSA-N
3320,CC[N+]1(CCOC(=O)C(O)(c2ccccc2)c2ccccc2)CCCCC1,NaN,NaN,0,OHEDKBMQRCAABJ-UHFFFAOYSA-N
3321,COc1cc2c(c3oc(=O)c4c(c13)CCC4=O)[C@@H]1C=CO[C@@H]1O2,NaN,NaN,0,OQIQSTLJSLGHID-WNWIJWBNSA-N
3322,O=c1cc(-c2ccccc2)oc2ccc3ccccc3c12,NaN,NaN,0,OUGIDAPQYNCXRA-UHFFFAOYSA-N
3323,Nc1ccc(S(=O)(=O)NC(=O)c2ccccc2)cc1,NaN,NaN,0,PBCZLFBEBARBBI-UHFFFAOYSA-N
3324,CCCCOc1cc(CC2CNC(=O)N2)ccc1OC,NaN,NaN,0,PDMUULPVBYQBBK-UHFFFAOYSA-N
3325,CC[C@H](C)[C@@H](CO[C@@H](Cc1ccccc1)C(=O)N[C@@H](CCS(C)(=O)=O)C(=O)OC(C)C)NC[C@@H](N)CS,NaN,NaN,0,PGOKBMWPBDRDGN-IBXSQZDTSA-N
3326,COc1ccc2cc(CC(=O)O)ccc2c1,NaN,NaN,0,PHJFLPMVEFKEPL-UHFFFAOYSA-N
3327,C=C(C)[C@@H]1[C@H]2OC(=O)[C@@H]1[C@]1(O)C[C@H]3O[C@]34C(=O)O[C@H]2[C@]14C,NaN,NaN,0,PIMZUZSSNYHVCU-YKWPQBAZSA-N
3328,O=C1OCCN1/N=C/c1ccc([N+](=O)[O-])o1,NaN,NaN,0,PLHJDBGFXBMTGZ-WEVVVXLNSA-N
3329,Cc1ccc2cc3c(ccc4ccccc43)c3c2c1CC3,NaN,NaN,0,PPQNQXQZIWHJRB-UHFFFAOYSA-N
3330,Brc1ccccc1,NaN,NaN,0,QARVLSVVCXYDNA-UHFFFAOYSA-N
3331,C[C@]12CC[C@@H](O)C[C@@H]1CC[C@@H]1[C@@H]2CC[C@]2(C)C(=O)CC[C@@H]12,NaN,NaN,0,QGXBDMJGAMFCBF-HLUDHZFRSA-N
3332,CC1CN(c2cc3c(cc2F)c(=O)c(C(=O)O)cn3-c2ccc(F)cc2F)CCN1,NaN,NaN,0,QKDHBVNJCZBTMR-UHFFFAOYSA-N
3333,CC(=O)Nc1cccc(O)c1,NaN,NaN,0,QLNWXBAGRTUKKI-UHFFFAOYSA-N
3334,O=C1C[C@@H]2OCC=C3CN4CC[C@]56c7ccccc7N1[C@H]5[C@H]2[C@H]3C[C@H]46,NaN,NaN,0,QMGVPVSNSZLJIA-FVWCLLPLSA-N
3335,CN1C[C@@H]2C[C@H]1CN2c1cc2c(cc1F)c(=O)c(C(=O)O)cn2C1CC1,NaN,NaN,0,QMLVECGLEOSESV-RYUDHWBXSA-N
3336,CN(CCOc1ccc(C[C@H](Nc2ccccc2C(=O)c2ccccc2)C(=O)O)cc1)c1ccccn1,NaN,NaN,0,QTQMRBZOBKYXCG-MHZLTWQESA-N
3337,Cc1ccc(/N=C/N(C)/C=N/c2ccc(C)cc2C)c(C)c1,NaN,NaN,0,QXAITBQSYVNQDR-ZIOPAAQOSA-N
3338,O=C(c1ccccc1Cl)N1CCC(Cc2ccccc2)CC1,NaN,NaN,0,RBCUCXILXJXLTB-UHFFFAOYSA-N
3339,CCn1cc(C(=O)O)c(=O)c2cnc(N3CCCC3)nc21,NaN,NaN,0,RCIMBBZXSXFZBV-UHFFFAOYSA-N
3340,CCCOc1ccccc1-c1nc2[nH]nnc2c(=O)[nH]1,NaN,NaN,0,REZGGXNDEMKIQB-UHFFFAOYSA-N
3341,C=CCc1ccc(O)c(OC)c1,NaN,NaN,0,RRAFCDWBNXTKKO-UHFFFAOYSA-N
3342,N[C@H](CSC(=S)NCc1ccccc1)C(=O)O,NaN,NaN,0,RSTSYGXUDMJEFP-SECBINFHSA-N
3343,COc1ccc(C[C@H](N)C(=O)N[C@H]2[C@@H](O)[C@H](n3cnc4c(N(C)C)ncnc43)O[C@@H]2CO)cc1,NaN,NaN,0,RXWNCPJZOCPEPQ-NVWDDTSBSA-N
3344,O=c1[nH]c2ccccc2c2ccccc12,NaN,NaN,0,RZFVLEJOHSLEFR-UHFFFAOYSA-N
3345,CC(C)(C)CC(C)(C)c1ccc(OCCOCC[N+](C)(C)Cc2ccccc2)cc1,NaN,NaN,0,SIYLLGKDQZGJHK-UHFFFAOYSA-N
3346,C1CCN2C[C@@H]3C[C@@H](CN4CCCC[C@@H]34)[C@H]2C1,NaN,NaN,0,SLRCCWJSBJZJBV-ZQDZILKHSA-N
3347,CC(C)(CO)C(O)C(=O)NCCCO,NaN,NaN,0,SNPLKNRPJHDVJA-UHFFFAOYSA-N
3348,CCN1CCN(c2cc3c(cc2F)c(=O)c(C(=O)O)cn3C2CC2)CC1,NaN,NaN,0,SPFYMRJSYKOXGV-UHFFFAOYSA-N
3349,CC(C)NCC(O)c1ccccc1Cl,NaN,NaN,0,SSMSBSWKLKKXGG-UHFFFAOYSA-N
3350,O=C(/C=C/c1ccc(O)c(O)c1)OCCc1ccccc1,NaN,NaN,0,SWUARLUWKZWEBQ-VQHVLOKHSA-N
3351,Cc1cccc(Nc2cc(Cl)nc(SCC(=O)O)n2)c1C,NaN,NaN,0,SZRPDCCEHVWOJX-UHFFFAOYSA-N
3352,Nc1nc(N)c2nc(CNc3ccc(C(=O)N[C@@H](CCC(=O)O)C(=O)O)cc3)cnc2n1,NaN,NaN,0,TVZGACDUOSZQKY-LBPRGKRZSA-N
3353,c1ccc2c(c1)c1cccc3ccc4cccc2c4c31,NaN,NaN,0,TXVHTIQJNYSSKO-UHFFFAOYSA-N
3354,O=c1c(-c2ccc(O)cc2)coc2cc(O)cc(O)c12,NaN,NaN,0,TZBJGXHYKVUXJN-UHFFFAOYSA-N
3355,O=C1CC[C@@H](N2C(=O)c3ccccc3C2=O)C(=O)N1,NaN,NaN,0,UEJJHQNACJXSKW-SECBINFHSA-N
3356,O=C1CC[C@H](N2C(=O)c3ccccc3C2=O)C(=O)N1,NaN,NaN,0,UEJJHQNACJXSKW-VIFPVBQESA-N
3357,CN(C(=O)CCCOc1ccc2[nH]c(=O)ccc2c1)C1CCCCC1,NaN,NaN,0,UIAYVIIHMORPSJ-UHFFFAOYSA-N
3358,CCCCCC[C@H]1C(=O)O[C@H](C)[C@H](NC(=O)c2cccc(NC=O)c2O)C(=O)O[C@@H](C)[C@@H]1OC(=O)CC(C)C,NaN,NaN,0,UIFFUZWRFRDZJC-SBOOETFBSA-N
3359,CN[C@@H]1[C@H](O)[C@H](NC)[C@H]2O[C@@]3(O)C(=O)C[C@@H](C)O[C@H]3O[C@@H]2[C@H]1O,NaN,NaN,0,UNFWWIHTNXNPBV-WXKVUWSESA-N
3360,CCC(C)C(C(=O)OCC[N+](C)(CC)CC)c1ccccc1,NaN,NaN,0,UPPMZCXMQRVMME-UHFFFAOYSA-N
3361,CC(=O)OCC(COC(C)=O)OC(C)=O,NaN,NaN,0,URAYPUMNDPQOKB-UHFFFAOYSA-N
3362,CN[C@@H]1[C@@H](O)[C@@H](O[C@@H]2[C@@H](O)[C@H](O[C@H]3OC(CN)=CC[C@H]3N)[C@@H](N)C[C@H]2N)OC[C@]1(C)O,NaN,NaN,0,URWAJWIAIPFPJE-YFMIWBNJSA-N
3363,C[C@]12CC[C@@H]3c4ccc(OC(=O)c5ccccc5)cc4CC[C@H]3[C@@H]1CC[C@@H]2O,NaN,NaN,0,UYIFTLBWAOGQBI-BZDYCCQFSA-N
3364,O=c1ncn2nc(Sc3ccc(F)cc3F)ccc2c1-c1c(Cl)cccc1Cl,NaN,NaN,0,VEPKQEUBKLEPRA-UHFFFAOYSA-N
3365,O=c1cc(-c2ccccc2)oc2c1ccc1ccccc12,NaN,NaN,0,VFMMPHCGEFXGIP-UHFFFAOYSA-N
3366,CC(C)(C)c1ccc(S(=O)(=O)/C=C/C#N)cc1,NaN,NaN,0,VHKZGNPOHPFPER-ONNFQVAWSA-N
3367,CCC1(CCC(C)C)C(=O)NC(=O)NC1=O,NaN,NaN,0,VIROVYVQCGLCII-UHFFFAOYSA-N
3368,COc1ccccc1N,NaN,NaN,0,VMPITZXILSNTON-UHFFFAOYSA-N
3369,CNC(=C[N+](=O)[O-])NCCSCc1ccc(CN(C)C)o1,NaN,NaN,0,VMXUWOKSQNHOCA-UHFFFAOYSA-N
3370,CC(=O)[C@H]1[C@H](C#N)C[C@H]2[C@@H]3CC=C4C[C@@H](O)CC[C@]4(C)[C@H]3CC[C@@]21C,NaN,NaN,0,VSBHRRMYCDQLJF-ZDNYCOCVSA-N
3371,CC[C@@]1(O)C(=O)OCc2c1cc1n(c2=O)Cc2cc3ccccc3nc2-1,NaN,NaN,0,VSJKWCGYPAHWDS-FQEVSTJZSA-N
3372,N#CC(C#N)=Cc1ccc(O)c(O)c1,NaN,NaN,0,VTJXFTPMFYAJJU-UHFFFAOYSA-N
3373,CC(C)(C)NCC(O)COc1cccc2c1CC(O)C(O)C2,NaN,NaN,0,VWPOSFSPZNDTMJ-UHFFFAOYSA-N
3374,CCCCC1C(=O)N(c2ccccc2)N(c2ccccc2)C1=O,NaN,NaN,0,VYMDGNCVAMGZFE-UHFFFAOYSA-N
3375,O=C(O)CCCc1cccs1,NaN,NaN,0,VYTXLSQVYGNWLV-UHFFFAOYSA-N
3376,CCN(CC)N=O,NaN,NaN,0,WBNQDOYYEUMPFS-UHFFFAOYSA-N
3377,CC12CCC(CC1)C(C)(C)O2,NaN,NaN,0,WEEGYLXZBRQIMU-UHFFFAOYSA-N
3378,CCc1oc2ccccc2c1C(=O)c1cc(Br)c(O)c(Br)c1,NaN,NaN,0,WHQCHUCQKNIQEC-UHFFFAOYSA-N
3379,c1ccc2c(c1)Nc1ccccc1S2,NaN,NaN,0,WJFKNYWRSNBZNX-UHFFFAOYSA-N
3380,Oc1cccc(O)c1O,NaN,NaN,0,WQGWDDDVZFFDIG-UHFFFAOYSA-N
3381,C#CC1(O)CC[C@H]2[C@@H]3CCC4=CC(=O)CC[C@@H]4[C@H]3CC[C@@]21CC,NaN,NaN,0,WWYNJERNGUHSAO-CULCCENASA-N
3382,O=c1cnn([C@@H]2O[C@H](CO)[C@@H](O)[C@H]2O)c(=O)[nH]1,NaN,NaN,0,WYXSYVWAUAUWLD-SHUUEZRQSA-N
3383,CC1CC(OC(=O)C(O)c2ccccc2)CC(C)(C)C1,NaN,NaN,0,WZHCOOQXZCIUNC-UHFFFAOYSA-N
3384,N[C@@H](Cn1ccc(=O)c(O)c1)C(=O)O,NaN,NaN,0,WZNJWVWKTVETCG-YFKPBYRVSA-N
3385,O=C(O)c1cn(-c2ccc(F)cc2)c2cc(N3CCNCC3)c(F)cc2c1=O,NaN,NaN,0,XBHBWNFJWIASRO-UHFFFAOYSA-N
3386,O=C(O)CNCP(=O)(O)O,NaN,NaN,0,XDDAORKBJWWYJS-UHFFFAOYSA-N
3387,CC(C)(Oc1ccc(C2CCCc3ccccc32)cc1)C(=O)O,NaN,NaN,0,XJGBDJOMWKAZJS-UHFFFAOYSA-N
3388,O=[N+]([O-])c1cc([As](=O)(O)O)ccc1O,NaN,NaN,0,XMVJITFPVVRMHC-UHFFFAOYSA-N
3389,COc1c(N2CCNC(C)C2)c(F)cc2c(=O)c(C(=O)O)cn(C3CC3)c12,NaN,NaN,0,XUBOMFCQGDBHNK-UHFFFAOYSA-N
3390,N#C[C@H](O[C@@H]1O[C@H](CO[C@@H]2O[C@H](CO)[C@@H](O)[C@H](O)[C@H]2O)[C@@H](O)[C@H](O)[C@H]1O)c1ccccc1,NaN,NaN,0,XUCIJNAGGSZNQT-JHSLDZJXSA-N
3391,N[C@@H](Cc1ccc(F)cc1)C(=O)O,NaN,NaN,0,XWHHYOYVRVGJJY-QMMMGPOBSA-N
3393,O=C(N/N=C/c1ccc([N+](=O)[O-])o1)c1cc([N+](=O)[O-])cc([N+](=O)[O-])c1O,NaN,NaN,0,XXUXXCZCUGIGPP-WLRTZDKTSA-N
3394,COc1ccc2cc3[n+](cc2c1OC)CCc1cc2c(cc1-3)OCO2,NaN,NaN,0,YBHILYKTIRIUTE-UHFFFAOYSA-N
3395,Oc1ccccc1O,NaN,NaN,0,YCIMNLLNPGFGHC-UHFFFAOYSA-N
3396,C=C(C)C1(O)OC(=O)C=C1OC,NaN,NaN,0,YCOFRPYSZKIPBQ-UHFFFAOYSA-N
3397,COc1ccc(C[C@H]2NC[C@H](O)[C@H]2OC(C)=O)cc1,NaN,NaN,0,YKJYKKNCCRKFSL-RDBSUJKOSA-N
3398,CC1(C)O[C@@H]2C[C@H]3[C@@H]4CCC5=CC(=O)C=C[C@]5(C)[C@@]4(F)[C@@H](O)C[C@]3(C)[C@]2(C(=O)CO)O1,NaN,NaN,0,YNDXUCZADRHECN-JNQJZLCISA-N
3399,O=C(O)C(Cl)(Cl)Cl,NaN,NaN,0,YNJBWRMUSHSURL-UHFFFAOYSA-N
3400,C[C@@H]1C[C@@H]([C@H](O)CC2CC(=O)NC(=O)C2)C(=O)[C@@H](C)C1,NaN,NaN,0,YPHMISFOHDHNIV-FSZOTQKASA-N
3401,CC1(COc2ccc(CC3SC(=O)NC3=O)cc2)CCCCC1,NaN,NaN,0,YZFWTZACSRHJQD-UHFFFAOYSA-N
3402,C=CCc1ccc2c(c1)OCO2,NaN,NaN,0,ZMQAAUBTXCXRIC-UHFFFAOYSA-N
3403,O=S(=O)([O-])CCS,NaN,NaN,0,ZNEWHQLOPFWXOF-UHFFFAOYSA-M
3404,C/C=C1\[C@H]2C=C(C)C[C@]1(N)c1ccc(=O)[nH]c1C2,NaN,NaN,0,ZRJBHWIHUMBLCN-YQEJDHNASA-N
3405,O=c1ccc2ccccc2o1,NaN,NaN,0,ZYGHJZDHTFUPRJ-UHFFFAOYSA-N
3406,C=CCn1c(CCNC(=O)c2cccs2)nnc1SCC(=O)c1ccc(Cl)cc1,NaN,0,NaN,XMQLSSULHLPDAC-UHFFFAOYSA-N
3407,O=C(CSc1nc(-c2cccs2)cc(C(F)(F)F)n1)NCCCn1ccnc1,NaN,0,NaN,QFMVUSKUVXIFMF-UHFFFAOYSA-N
3408,COC(=O)[C@@H](NS(=O)(=O)N[C@H](C(=O)OC)C(C)C)C(C)C,NaN,0,NaN,SFKPFAMBJXUDLI-UWVGGRQHSA-N
3409,NS(=O)(=O)c1ccc(CCNC(=O)CSc2ccc(Cl)cc2)cc1,NaN,0,NaN,WFQLPPBJOVRFSP-UHFFFAOYSA-N
3410,O=C(Nc1ccc(CCCn2cnnn2)cc1)C(F)(F)C(F)(F)C(F)(F)F,NaN,0,NaN,HCRCIBRUUPXTFK-UHFFFAOYSA-N
3411,CNC(=O)[C@@H](NC(=O)[C@H](CC(C)C)[C@@H](C(=O)NO)C1CCC(C)CC1)C(C)(C)C,NaN,0,NaN,PWLHPFHFBANNHA-KWXGJIJISA-N
3412,COc1ccc(/[NH+]=C2C(=[NH+]\c3ccc(OC)cc3)/N(c3ccc(OC)cc3)C(=S)N/2c2ccccc2)cc1,NaN,0,NaN,VRAPIPWTLGNSLM-LQEKTIAZSA-P
3413,O=C(CCS(=O)(=O)c1ccc(Br)cc1)NCCc1ccc(Cl)cc1,NaN,0,NaN,PNSIAEWDFPLOKC-UHFFFAOYSA-N
3414,CCCCCCCCNC(=S)N1CCc2c(Cl)c(O)c(O)c(Cl)c2C1,NaN,0,NaN,PYECREGEUSDPJP-UHFFFAOYSA-N
3415,O=C(NCCc1ccc(Cl)cc1)c1ccc(CS(=O)(=O)Cc2ccc(Cl)cc2)o1,NaN,0,NaN,NQFVAMKUUYWIHE-UHFFFAOYSA-N
3416,O=C(NCCc1ccc(Cl)cc1)c1ccc(CS(=O)(=O)c2ccc(Cl)cc2)o1,NaN,0,NaN,AVSYWDXCVDVGCS-UHFFFAOYSA-N
3417,CC(C)c1ccc(Sc2ccc(C(=O)C(Cl)Cl)cc2[N+](=O)[O-])cc1,NaN,0,NaN,TUWDPQDWLDCZGP-UHFFFAOYSA-N
3418,O=C(/C=C/c1ccccc1O)c1cccc(NS(=O)(=O)c2cccc(O)c2)c1,NaN,0,NaN,MIVHCSSOJZGKSP-VAWYXSNFSA-N
3419,CC(=O)NCn1cc(-c2ccc(-c3ccc(/C=C/[N+](=O)[O-])cc3)cc2)c(=O)o1,NaN,0,NaN,LQTQLPDJEIJWSY-ZHACJKMWSA-N
3420,O=C(CCn1c(=O)c2cccn2c2cccnc21)Nc1ccccc1C(F)(F)F,NaN,0,NaN,WKMVSENAULFLTB-UHFFFAOYSA-N
3421,CC(C)S(=O)(=O)c1c(Cl)ccc(NC(=O)NC2CCCC23CC3)c1O,NaN,0,NaN,DKIKFQAVLCMMBH-UHFFFAOYSA-N
3422,NS(=O)(=O)c1ccccc1NC(=O)N(c1ccccc1)c1ccc(F)cc1,NaN,0,NaN,XNKLCDYDSXMJSU-UHFFFAOYSA-N
3423,O=C(Cc1ccc(Br)cc1)N/N=C/C=C/c1ccccc1[N+](=O)[O-],NaN,0,NaN,LDAQWGGOMVEJID-GRKKMJAJSA-N
3424,O=C(/C=C/c1ccc(O)cc1)c1ccc(NS(=O)(=O)c2ccc(O)cc2)cc1,NaN,0,NaN,AKFSIRURRSIJQR-LZWSPWQCSA-N
3425,O=C(CCS(=O)(=O)c1ccc(F)cc1)Nc1nc(-c2ccncc2)cs1,NaN,0,NaN,LPDQNFFCVVRFJD-UHFFFAOYSA-N
3426,O=C(/C=C/c1ccccc1O)c1ccccc1NS(=O)(=O)c1ccc(O)cc1,NaN,0,NaN,PHCTWJXYMHWZEN-NTEUORMPSA-N
3427,NS(=O)(=O)c1ccc(C(Nc2nccs2)C(=O)c2ccc(F)cc2)cc1,NaN,0,NaN,ICDQORXVPZQSIP-UHFFFAOYSA-N
3428,Cc1cccc(C(=O)NNCc2ccc(Cl)nc2)c1NC(=O)CC(C)(C)C,NaN,0,NaN,KMPQNKAYZLQSGK-UHFFFAOYSA-N
3429,O=C(NCCn1ccnc1)c1cn(-c2ccccc2)nc1-c1ccc(Cl)cc1,NaN,0,NaN,DTUHTOVTNSQZBF-UHFFFAOYSA-N
3430,O=C(CN(c1ccccn1)S(=O)(=O)c1ccc(F)cc1)Nc1ccccc1,NaN,0,NaN,POSKDHUGAAPULA-UHFFFAOYSA-N
3431,C/C=C(/C)C(=O)OC(CC=C(C)C)/C(C)=C1\C[C@@H](O)C(C)=C(OC(C)=O)C1=O,NaN,0,NaN,FRUKFIOHLWDQNH-PKOPNDDWSA-N
3432,CCc1ccc(NC(=O)CC2C(=O)N(c3ccccc3)C(=O)N2C(C)C)cc1,NaN,0,NaN,HUWMIYUWSOZSQQ-UHFFFAOYSA-N
3433,O=C(CCS(=O)(=O)c1ccc(Cl)cc1)Nc1nc(-c2cccnc2)cs1,NaN,0,NaN,BEIBIUIBOIENQK-UHFFFAOYSA-N
3434,O=C1/C(=C/c2ccc([N+](=O)[O-])cc2)CC(O)C/C1=C\c1ccc([N+](=O)[O-])cc1,NaN,0,NaN,BCDOATJLGCTQBE-KAVGSWPWSA-N
3435,O=C(NCc1ccccc1C(F)(F)F)C1CC(O)CN1C(=O)Nc1ccccc1,NaN,0,NaN,MXKVKNWXEAPDRN-UHFFFAOYSA-N
3436,O=[N+]([O-])c1ccc(Cl)cc1P(=O)(O)c1cc(Cl)ccc1[N+](=O)[O-],NaN,0,NaN,MXIQDNBLILLIIU-UHFFFAOYSA-N
3437,CC(=O)Nc1ccc(NC(=O)C(NC(=O)c2ccc(Cl)cc2)C(C)C)cc1,NaN,0,NaN,HTOOEXAXMGHFKC-UHFFFAOYSA-N
3438,O=C1C(Cc2ccc(O)cc2)C(=O)N(Cc2ccccc2)C(=O)N1Cc1ccccc1,NaN,0,NaN,JHPZMCZBWUFTAM-UHFFFAOYSA-N
3439,O=C(NC1CCCC1)C(c1ccccc1)N(C(=O)c1csnn1)C1CCCC1,NaN,0,NaN,ULABKFYTEGDMBA-UHFFFAOYSA-N
3440,O=C(CBr)Nc1cccc(C(=O)NC(=O)Nc2ccccc2)c1,NaN,0,NaN,UCCGPXQEDPNTFZ-UHFFFAOYSA-N
3441,CC(=O)NN1C(=O)/C(=C/c2ccc(-c3ccc([N+](=O)[O-])cc3)o2)SC1=S,NaN,0,NaN,SVFLVPHXFNNJQD-ZSOIEALJSA-N
3442,O=C1C(N[C@H](Cc2ccccc2)C(=O)Nc2ccccc2)=C/C(=N/O)c2ccccc21,NaN,0,NaN,LFOXYUPLIOOMFO-UALAHMJOSA-N
3443,O=C(/C=C/c1ccc(NS(=O)(=O)c2ccc(-c3cccs3)s2)cc1)NO,NaN,0,NaN,XTIJCVAYIRLTMR-WEVVVXLNSA-N
3444,CC(C)(C)NC(=O)c1ccc(S(=O)(=O)Oc2ccc(/C=C/[N+](=O)[O-])cc2)cc1,NaN,0,NaN,IEZHNBSSJDTKIY-OUKQBFOZSA-N
3445,O=C1NC(=O)C(c2ccc([N+](=O)[O-])cc2)=C1Nc1cc(Cl)c(O)c(Cl)c1,NaN,0,NaN,YTOGUEKUZBZZGH-UHFFFAOYSA-N
3446,O=C(CN(CC1CCCO1)C(=O)c1nsc(Cl)c1Cl)NC1CCCC1,NaN,0,NaN,ANNOGEOZXZEWJU-UHFFFAOYSA-N
3447,O=C(/C=C/c1cccc(S(=O)(=O)Nc2ccc(Cl)cc2)c1)NO,NaN,0,NaN,LLXLAAHCAZIAKN-RUDMXATFSA-N
3448,CC1=CCCCC1NC(=O)Nc1ccc(Cl)c(S(=O)(=O)C(C)C)c1O,NaN,0,NaN,FKZNBKZSAJBBLN-UHFFFAOYSA-N
3449,Cc1[nH]c2cccnc2c1CC(=O)NCC(=O)Nc1onc(-c2ccccc2)c1C,NaN,0,NaN,VHGMORCMXIFAJG-UHFFFAOYSA-N
3450,N#Cc1ccc(Nc2c(Nc3ccccc3Br)c(=O)c2=O)c(O)c1,NaN,0,NaN,MMLYUYVMWHQPCZ-UHFFFAOYSA-N
3451,O=C1C(NS(=O)(=O)c2ccccc2)=C(c2ccco2)C(=O)c2ccccc21,NaN,0,NaN,PETBJPQASDPFFP-UHFFFAOYSA-N
3452,CCC(=O)Nc1ccc(S(=O)(=O)Nc2c(NC)c3ccccc3oc2=O)cc1,NaN,0,NaN,XIDKECJETNMQSY-UHFFFAOYSA-N
3453,O=C(CN(c1ccccc1)S(=O)(=O)c1ccc(Cl)cc1)Nc1cccnc1,NaN,0,NaN,ASNPFBWFSFEZNP-UHFFFAOYSA-N
3454,O=C(CCC(=O)Nc1ccc(Br)cc1)N/N=C/c1ccc(O)cc1,NaN,0,NaN,ZJPAYPSPNHWGLS-YBFXNURJSA-N
3455,O=C(Nc1ccc(Br)cc1)N[C@@H](CC1CC1)C(=O)Nc1cccnc1,NaN,0,NaN,ZRJMKPGPXKYTFK-INIZCTEOSA-N
3456,O=C(Nc1cccc(CO)c1)c1ccc(NS(=O)(=O)c2ccc(F)cc2)cc1,NaN,0,NaN,RQUBQNVWSFICAG-UHFFFAOYSA-N
3457,CC(OC(=O)CC1Sc2ccccc2NC1=O)C(=O)N(C)Cc1ccccc1,NaN,0,NaN,OSFYLWBFHACRBK-UHFFFAOYSA-N
3458,O=C(CSc1nncnc1-c1ccccc1Cl)Nc1ccccc1[N+](=O)[O-],NaN,0,NaN,RSZYARGFPJSBQO-UHFFFAOYSA-N
3459,O=C(COc1ccc(C(=O)c2ccccc2Br)cc1)Nc1cncnc1,NaN,0,NaN,WNPBTZJCHQAFFJ-UHFFFAOYSA-N
3460,CCN(CC)C(=O)c1ccc(NC(=O)CNc2ccc(F)cc2Cl)cc1,NaN,0,NaN,XPQGBMYOJMNTOI-UHFFFAOYSA-N
3461,O=c1[nH]nc(Sc2ncc([N+](=O)[O-])s2)n1-c1ccccc1C(F)(F)F,NaN,0,NaN,HJMKKMQLAJDZOY-UHFFFAOYSA-N
3462,N#Cc1ccc(S(=O)(=O)N2CC3=C(NC(N)=[NH+]C3c3ccc(F)cc3)/C(=C/c3ccc(F)cc3)C2)cc1,NaN,0,NaN,MWESMKGQGWVABI-DEDYPNTBSA-O
3463,O=S(=O)(CS(=O)(=O)C(F)(F)F)c1ccc(O)cc1,NaN,0,NaN,OKQMHEALFVRDGQ-UHFFFAOYSA-N
3464,NS(=O)(=O)c1ccc(CCNC(=[Se])Nc2ccc(I)cc2)cc1,NaN,0,NaN,FXNHQTUZYHDCOC-UHFFFAOYSA-N
3465,c1ccc(B2OCC(C3OB(c4ccccc4)OC4COB(c5ccccc5)OC43)O2)cc1,NaN,0,NaN,FBFPLFGAIISYPJ-UHFFFAOYSA-N
3466,O=C([O-])CNC(=O)[C@H]1[NH2+]C(C(F)(F)F)(C(F)(F)F)OC1(C(F)(F)F)C(F)(F)F,NaN,0,NaN,SMOIGBFAZZYOSZ-GSVOUGTGSA-N
3467,C=CCNC(=O)CC12CC3CC(C1)CC(CC(=O)NCC=C)(C3)C2,NaN,0,NaN,SQAPTCJEHXAHJC-UHFFFAOYSA-N
3468,CCS(=O)(=O)NC[C@H]1CC[C@H](Nc2nc(C3(F)CCCC3)no2)CC1,NaN,0,NaN,UACZLMCCPCBKDO-JOCQHMNTSA-N
3469,O=[N+]([O-])c1ccc(/C=N/NS(=O)(=O)c2ccc(Cl)cc2)cc1,NaN,0,NaN,SRXJBDRHYUBUTA-OQLLNIDSSA-N
3470,CC(=O)c1c(C)[nH]c(C(=O)Nc2cc(S(=O)(=O)N(C)C)ccc2C)c1C,NaN,0,NaN,ZKHIRNMZTRDGGR-UHFFFAOYSA-N
3471,CC1(C)OC(c2ccc(S(N)(=O)=O)cc2)=C(c2ccc(F)c(F)c2)C1=O,NaN,0,NaN,PNYFNOIRFKMXNL-UHFFFAOYSA-N
3472,Nc1ncc(-c2cc(N3C[C@@H]4C[C@H]3CO4)nc(C3(C(F)(F)F)CC3)n2)cc1OC(F)F,NaN,0,NaN,IYPHMLHIOKSFKR-QWRGUYRKSA-N
3473,COc1ccc(S(=O)(=O)NNc2nc(C)cc(C)n2)cc1Br,NaN,0,NaN,NPDMBOUSOYUAKA-UHFFFAOYSA-N
3474,N#Cc1cc2cc(Br)c(O)c(Br)c2oc1=O,NaN,0,NaN,BPHVAFNLKLONDJ-UHFFFAOYSA-N
3475,C/C=C(/C)C(=O)OCc1c(C(C)=O)c(O)c(OC)c2c1[C@@H](C)[C@@H]1O[C@@H]1[C@H]2O,NaN,0,NaN,MTYVORPSHXIKQD-GTNOQCDASA-N
3476,CN(C)C(=O)c1ccc(Oc2ccc(OC(F)(F)F)cc2)c(C[NH+](C)C)c1,NaN,0,NaN,WXULFWHQRUUESN-UHFFFAOYSA-O
3477,NC(=[NH+]OC(=O)CCCC(=O)[O-])c1ncc(C(F)(F)F)cc1Cl,NaN,0,NaN,CKLLQGPXGIKQDN-UHFFFAOYSA-N
3478,CS(=O)(=O)c1cnc(NS(=O)(=O)Cc2cc(Cl)cc(Cl)c2)c(O)c1,NaN,0,NaN,ICJWYOPJJOCLMY-UHFFFAOYSA-N
3479,NS(=O)(=O)c1ccc(Sc2ccc(Cl)cc2)s1,NaN,0,NaN,ZXYFCDGJGFCATN-UHFFFAOYSA-N
3480,CN(C)c1ccc(/C=N/NC(=O)C(O)c2ccc(Br)cc2)cc1,NaN,0,NaN,VCYRHVNPKLXAON-YBFXNURJSA-N
3481,CCOC(=O)C(CS)NC(=O)C1(C)CCc2c(C)c(O)c(C)c(C)c2O1,NaN,0,NaN,SAMCERNEHVOWNQ-UHFFFAOYSA-N
3482,CC1(C)OC2OC3COP(=O)(N(CCCl)CCCl)OC3C2O1,NaN,0,NaN,YSYRTTLOJUVIIT-UHFFFAOYSA-N
3483,CC(C)N(c1ccc(S(=O)(=O)c2ccc3c(c2)OCCO3)cc1)S(C)(=O)=O,NaN,0,NaN,DCXCVBVMVNDFLB-UHFFFAOYSA-N
3484,Nc1nc(=O)n(C2C[C@@H](F)[C@@H](CO)O2)cc1Cl,NaN,0,NaN,DKTULUNJRRRNTA-CQMSUOBXSA-N
3485,CCCCC/C=C\C/C=C\C/C=C\C=C\C(O)CCCC(=O)N1CCOCC1,NaN,0,NaN,GXHVTICPRAZQHP-XTDASVJISA-N
3486,COC(=O)C[C@H]1CC[C@H](C)[C@@H](/C(C)=C/C=C/[C@@H](C)C[C@@]2(C)O[C@@H]2[C@H](C)[C@@H](OC)[C@@H](C)O)O1,NaN,0,NaN,HMHMUCAMCRPACN-DGJNZOEVSA-N
3487,CCCCCCCCCC(=O)[C@@]12O[C@@]13C1=COC(C[C@H](C)O)=CC1=CC(=O)[C@]3(C)OC2=O,NaN,0,NaN,YEGUZQUADBNQFP-NBQXJWNKSA-N
3488,CCCCC(C)CC(C)C(=O)N(C)[C@@H](CC(C)C)C(=O)N[C@@H]1C(=O)N(C)[C@@H](C(C)C)C(=O)O[C@@H]1C,NaN,0,NaN,INKGRTLXDOLXHV-CSRZZCNDSA-N
3489,CCCCCCCCCCCCC/C=C1\CC(CO)(COC(C)=O)OS1(=O)=O,NaN,0,NaN,ITEMTESLSKSITM-HMMYKYKNSA-N
3490,CC(C)(C)OC(=O)NC1CCCC1=O,NaN,0,NaN,UXSQXOIYRVCHBS-UHFFFAOYSA-N
3491,C(CCCCc1nnc(N2CCCCC2)o1)CCCc1nnc(N2CCCCC2)o1,NaN,0,NaN,QSAAYCMBTXGCHP-UHFFFAOYSA-N
3492,O=C1[C@@H]2[C@H](C(=O)N1CCCCCCCCCCCCN1C(=O)[C@@H]3[C@H](C1=O)[C@@H]1CC[C@H]3O1)[C@@H]1CC[C@H]2O1,NaN,0,NaN,FAZIIHJARSKSIK-OUMJIQPGSA-N
3493,CCCCCC(=O)N[C@H](C(=O)N[C@@H](CC(C)C)B1O[C@@H]2C[C@@H]3C[C@@H](C3(C)C)[C@]2(C)O1)[C@@H](C)O,NaN,0,NaN,VYPOVAZVOGNOOA-OKYCDZGRSA-N
3494,CCCCCCCCCC[S+]([O-])C[C@H](CO)NC(=O)/C=C/c1c(C)nc(O)nc1O,NaN,0,NaN,WEIMMLJFQRUMOU-VDCOAPJLSA-N
3495,IC(I)=C(I)Cn1ccnn1,NaN,0,NaN,YOSWLEDICJQHBG-UHFFFAOYSA-N
3496,C=C(C=O)[C@H]1C[C@H](O)[C@@](C)(O)[C@H]1C(=O)OC,NaN,0,NaN,HJTVDWWIPXDJBB-PKIKSRDPSA-N
3497,O=C(NCCCCCCCCCCNC(=O)NC1CC2C=CC1C2)NC1CC2C=CC1C2,NaN,0,NaN,ZNYMOSCHXRLSFE-UHFFFAOYSA-N
3498,CCCCCCCCOCCCCOC[C@H]1O[C@@H]2OC(C)(C)O[C@@H]2[C@H]2OCO[C@H]21,NaN,0,NaN,OJNCXWXTSGTXDP-XDWAVFMPSA-N
3499,N#CCCC1(CCC#N)CCCCCCCCC(CCC#N)(CCC#N)C(=O)C1=O,NaN,0,NaN,CEAARCYFWJJGGE-UHFFFAOYSA-N
3500,C=C(C)[C@@H]1[C@H]2OC(=O)[C@@H]1[C@]1(O)[C@H]3O[C@H]3[C@]3(CO3)[C@]1(C)[C@@H]2OC(=O)CCCCCCCCCCC,NaN,0,NaN,FMYQBFRKVMAHBX-PSBYXLADSA-N
3501,O=C1NC[C@H](CCCCN2CCN(CCC3CCCCC3)C(=O)C2=O)N(CCC2CCCCC2)C1=O,NaN,0,NaN,BQFVLZZYBAUIHO-DEOSSOPVSA-N
3502,CCNC(=O)C(=O)[C@H](CC(C)C)NC(=O)[C@@H](NC(=O)CCCCC1CCSS1)C(C)C,NaN,0,NaN,FKPVAQHODJLXJR-SJQFFEKCSA-N
3503,O=C(CC1CCCC1)Nc1nnc(CCCCc2nnc(NC(=O)CC3CCCC3)s2)s1,NaN,0,NaN,YPRPCPOWOMSJHM-UHFFFAOYSA-N
3504,O=C(NCCCCCCCCNC(=O)NC1CC2CCC1C2)NC1CC2CCC1C2,NaN,0,NaN,AVJCWAGWQLBFDK-UHFFFAOYSA-N
3505,CC1(C)CC(OC(=O)CCCCCCCCC(=O)OC2CC(C)(C)[NH2+]C(C)(C)C2)CC(C)(C)[NH2+]1,NaN,0,NaN,XITRBUPOXXBIJN-UHFFFAOYSA-P
3506,CC(C)C[C@H](NC(=O)CC1CCCCC1)[C@@H](O)[C@H](O)[C@H](CC(C)C)NC(=O)CC1CCCCC1,NaN,0,NaN,IBRXADXIBGLHBF-KBJUPQRZSA-N
3507,CCOC(=O)[C@]12CCC=C1N(CCC1=CCCCC1)C(=O)[C@H](CC(=O)NCCCN1CCCC1=O)C2,NaN,0,NaN,OJQJGFYGJGHYGW-DFHRPNOPSA-N
3508,C=CCN(CC=C)c1nc2n(CCCCC)cc(C(=O)NC34CC5CC(CC(C5)C3)C4)c(=O)n2n1,NaN,0,NaN,NNZFCNDPCUOJDB-UHFFFAOYSA-N
3509,CC(C)CCCCC(=O)NC(C(=O)NC(CC(C)C)C(=O)[C@@]1(C)CO1)[C@@H](C)O,NaN,0,NaN,YDOUIZAJZDLCAP-BEVROLAMSA-N
3510,Cc1nnc([C@H](OC/C=C/Br)[C@H](O)[C@@H](O)[C@@H](OC/C=C/Br)c2nnc(C)o2)o1,NaN,0,NaN,QYOVCNSGTFDHIB-IDXUMVOISA-N
3511,C=C1CN(S(=O)(=O)c2ccc(OC)cc2)CCC[NH2+]CCCN(S(=O)(=O)c2ccc(OC)cc2)C1,NaN,0,NaN,MBXMHGVCPBNRNB-UHFFFAOYSA-O
3512,CCOC(=O)CSC(CC)C(=O)Nc1nnc(CC)s1,NaN,0,NaN,OOJNCIHGHIJSIC-UHFFFAOYSA-N
3513,O=C(N[C@H]1C2CC3CC1C[C@](O)(C3)C2)c1cnc(NC2CCS(=O)(=O)CC2)nc1C1CCCC1,NaN,0,NaN,BIIUTJISTLJLED-WMZMXCJRSA-N
3514,NS(=O)(=O)c1c(F)c(F)c(S(=O)(=O)CCO)c(NC2CCCCCCC2)c1F,NaN,0,NaN,HFJJAVOBUVMVFQ-UHFFFAOYSA-N
3515,C=C1C[C@@]23CCC4[C@](C)(CO[C@@H]5O[C@@H](CO)[C@H](O)[C@@H](O)[C@@H]5O)CCC[C@@]4(C)C2CC[C@@H]1C3,NaN,0,NaN,ZVJTXYPINYYUEG-VQAOTFJISA-N
3516,C[C@H]1[C@H](O[C@H]2O[C@@H](C)[C@H](O)[C@@H](O)[C@H]2O)O[C@@H]2O[C@@]3(C)CC[C@H]4[C@H](C)CC[C@@H]1[C@@]24OO3,NaN,0,NaN,KEAPTNIRAJBKCX-YXBGQAAPSA-N
3517,COC(=O)c1cc(NS(=O)(=O)c2coc(C(N)=O)c2)cc(C(=O)OC)c1,NaN,0,NaN,PVNRZXULFXKQQH-UHFFFAOYSA-N
3518,CN(C(=O)COC(=O)CNC(=O)C12CC3CC(CC(C3)C1)C2)C1CCS(=O)(=O)C1,NaN,0,NaN,KBJMFSLPVUIJCF-UHFFFAOYSA-N
3519,OCCSCc1ncnc2c1ncn2[C@@H]1O[C@H](CO)[C@@H](O)[C@H]1O,NaN,0,NaN,DDBCZIJGPUZRGB-UORFTKCHSA-N
3520,COc1ccc(NC(S)=[NH+]N(C)C(S)=[NH+]c2ccc(OC)cc2)cc1,NaN,0,NaN,NKHPIUHDBXIEIT-UHFFFAOYSA-P
3521,C[C@H](CC[C@H]1[C@H](C)C[C@H](O)CC1(C)C)O[C@@H]1O[C@H](CO)[C@@H](O)[C@H](O)[C@H]1O,NaN,0,NaN,IOICPLCBYINMDA-XEDNMXAHSA-N
3522,CC(O)C(=O)O[C@@H]1C2CCC3[C@@](C)(O)C4CC(O)C(C)(C)C4(O)C(O)C[C@]31C[C@@]2(C)O,NaN,0,NaN,XXODEMBNTRANPZ-YTSWVCQVSA-N
3523,C=CCSc1ncnc2c1c(I)cn2[C@@H]1O[C@H](C)[C@@H](O)[C@H]1O,NaN,0,NaN,PAQQTGDLYHHYKB-FRJWGUMJSA-N
3524,N#Cc1ccc(C(=O)Nc2cc(C(=O)[O-])cc(-c3ccc(C4CC[NH2+]CC4)cc3)c2)cc1,NaN,0,NaN,TXUCGLJAJYUWIX-UHFFFAOYSA-N
3525,Cc1cc(C)cc(NC2=C(Cl)C(=O)N(c3ccc(S(N)(=O)=O)cc3)C2=O)c1,NaN,0,NaN,ZMKSRVQPRLCAIA-UHFFFAOYSA-N
3526,O=C(NC1CCCCCC1)C1CCN(S(=O)(=O)N2CCC3(CC2)OCCO3)CC1,NaN,0,NaN,BMDQOJJSRBOOAV-UHFFFAOYSA-N
3527,CC(C)CN(C(=O)COC(=O)C12CC3CC(CC(O)(C3)C1)C2)C1CCS(=O)(=O)C1,NaN,0,NaN,RDNOOZGCWVHWPC-UHFFFAOYSA-N
3528,CC[C@H](C)C(=O)O[C@H]1C[C@@H](C)C[C@@H]2C=C[C@H](C)[C@H](CC[C@@H]3C[C@@H](O)CC(=O)O3)C12,NaN,0,NaN,IFIFFBWHLKGTMO-YULQFQDUSA-N
3529,CC[C@H](C)C(=O)O[C@H]1C[C@H](C)C=C2C=C[C@H](C)[C@H](CC[C@@H]3C[C@@H](O)CC(=O)O3)[C@H]21,NaN,0,NaN,PCZOHLXUXFIOCF-QEAVJYPTSA-N
3530,C=C1C=C2C=C[C@H](C)[C@H](CC[C@@H]3C[C@@H](O)CC(=O)O3)[C@H]2[C@@H](OC(=O)[C@@H](C)CC)C1,NaN,0,NaN,CUFUDDFNKHOQEC-HGQWONQESA-N
3531,COc1c(OC)c2c(c(CC[NH+](C)C)c1SC)SSSSS2,NaN,0,NaN,IEMAUJASUZILRA-UHFFFAOYSA-O
3532,Nc1sccc1C(=O)c1ccc(Cl)cc1,NaN,0,NaN,HFLMHMGIVXQGIB-UHFFFAOYSA-N
3533,C=C1CCCC2C1(C)CCC(C)C2(C)C/C(OC(C)=O)=C(\CCOC(C)=O)COC(C)=O,NaN,0,NaN,LMTPGROHJVJZQF-FCQUAONHSA-N
3534,C=C1/C(=C\C=C2/CCC[C@]3(C)[C@@H]([C@H](C)CCCC(C)(C)O)CC[C@@H]23)C[C@@H](O)[C@H](CCCO)[C@@H]1O,NaN,0,NaN,QOVWEUHJARWCDV-RQSRSJTKSA-N
3535,C=C(C=O)[C@]1(O)C[C@@]2(C)C(=CC1=O)C=C[C@H](OC(=O)/C=C/C=C/[C@@H](C)CC)[C@@H]2C,NaN,0,NaN,GIUVFWDLNFDKHT-PKSNHMFESA-N
3536,CC1=CC(=O)O[C@@H]1C/C=C(\C)CC[C@@H]1[C@@]2(C)CCC[C@@](C)(CO)[C@@H]2[C@@H](O)C[C@@]1(C)O,NaN,0,NaN,NMCFENXKFAREEU-FTZSKZMTSA-N
3537,CC[C@H](C)/C=C/C1=CC2=C(Cl)C(=O)[C@@](C)(O)[C@@H](CC(=O)[C@@H](C)[C@H](C)O)C2=CO1,NaN,0,NaN,ZWDNNHBNGPVOJX-YMQQIBJOSA-N
3538,O=C(OC[C@H](CO)OC(=O)C12CC3CC(CC(C3)C1)C2)C12CC3CC(CC(C3)C1)C2,NaN,0,NaN,YIBHDAKUJGXPLH-UNHHQYQHSA-N
3539,C=CC(C)(O)CC[C@@]1(C)[C@H](C)CC[C@]2(C)[C@@H]1C[C@@H](O)[C@H]1O[C@]12C,NaN,0,NaN,ODARRAGDSAHHEW-WETOVQBQSA-N
3540,CC1=C[C@]2(C=C(CO)[C@H]3CC(=O)C(C)=C[C@H]3O2)O[C@H](/C=C(\C)CCC(=O)C(C)C)C1,NaN,0,NaN,ADVQUGFWSPNWGG-MMHRJDEDSA-N
3541,CC(C)OP(=O)(c1ccc(N(C)C)cc1)C(O)c1ccc(Br)cc1,NaN,0,NaN,ZFWMWIUCNBPDOG-UHFFFAOYSA-N
3542,CCOC(=O)C(CO)NC(=O)[C@@]1(C)CCC[C@@]2(C)C1CC=C1C=C(C(C)C)CC[C@H]12,NaN,0,NaN,MVIDEWQCLWCLHW-CZZLWMTQSA-N
3543,C/C(C=O)=C\[C@H]1CC[C@]2(O)[C@@H]3CC[C@@H]4C[C@@H](O)CC[C@]4(C)[C@H]3CC[C@]12C,NaN,0,NaN,DXVABEFHFVQKNZ-HYMPACJCSA-N
3544,C=C1/C(=C\C=C2/CCC[C@]3(C)C([C@H](C)CCCS(C)(=O)=O)=CC[C@@H]23)C[C@@H](O)C[C@@H]1O,NaN,0,NaN,WZXBCMVUGHHMMF-JSCZLARVSA-N
3545,CCOC(=O)c1c2c(n(C3CCCCC3)c1C[NH+](C)C)CC(Br)=C(OC)C2,NaN,0,NaN,HQIJXIRVPLRGOX-UHFFFAOYSA-O
3546,C1C[C@H]2CC[C@H]3[NH+]4CCCC[C@H]4[C@@H]4CCC[NH+]5C[C@@H](C1)[C@H]2[NH+]3[C@@H]45,NaN,0,NaN,IFCLIVLOEBMYOU-DTMQFJJTSA-Q
3547,O=S1(=O)CCC(NC(=S)NC2CCS(=O)(=O)C2)C1,NaN,0,NaN,XEFICVPSYOOJMW-UHFFFAOYSA-N
3548,NC1=[NH+]C(C(F)(F)F)(C(F)(F)F)[NH2+]C1(C(F)(F)F)C(F)(F)F,NaN,0,NaN,KYWMWUUMCDZISK-UHFFFAOYSA-P
3549,NS(=O)(=O)c1c(F)c(F)c(S(=O)(=O)CCc2ccccc2)c(F)c1F,NaN,0,NaN,XJNXCEJSOGKOSI-UHFFFAOYSA-N
3550,CC(C)Cn1c(N)c(C(=O)CCl)c(=O)n(C)c1=O,NaN,0,NaN,XHTDSDSCNSIIOA-UHFFFAOYSA-N
3551,NC(=O)c1cc[n+](CCCC[n+]2cc(Cl)c(/C=N/O)c(Cl)c2)cc1,NaN,0,NaN,JMHUUJXYXORTEY-UHFFFAOYSA-P
3552,NS(=O)(=O)c1ccc(N/C=C/C(=O)c2ccc(Br)cc2)cc1,NaN,0,NaN,AJBRGTNOAPZBPH-MDZDMXLPSA-N
3553,OCC(CO)OCn1c(Br)nc(Cl)c1Cl,NaN,0,NaN,AUXOUKIJKGBCMQ-UHFFFAOYSA-N
3554,CS(=O)(=O)c1ccc(/N=C/C=C/Nc2ccc(S(C)(=O)=O)cc2)cc1,NaN,0,NaN,TUAXLDYICBQGIB-HGQDUMDDSA-N
3555,CC(=O)Nc1ccc(S(=O)(=O)NNc2ccc(Cl)c(F)c2)cc1,NaN,0,NaN,UFXYZVUFYVFXBA-UHFFFAOYSA-N
3556,C=CCSc1nc2c(c(=O)[nH]c(=O)n2C)n1C/C=C(/C)Cl,NaN,0,NaN,FXGGULQSRNAWLZ-YVMONPNESA-N
3557,FC(F)(F)c1cc(Cn2ccnc2)cc(C(F)(F)F)c1,NaN,0,NaN,XITLEILYHLIBPC-UHFFFAOYSA-N
3558,S=C(NC1C2CC3CC(C2)CC1C3)NC12CC3CC(CC(C3)C1)C2,NaN,0,NaN,FEFPWWTVIIXEIY-UHFFFAOYSA-N
3559,Brc1ccc(-c2ncncc2-c2ccsc2)s1,NaN,0,NaN,JMNLBEGJGABYPK-UHFFFAOYSA-N
3560,CCOC(=O)c1sc2c(Br)csc2c1C,NaN,0,NaN,STARULUFHBXCOO-UHFFFAOYSA-N
3561,C1CSCCSCCSCCSCCS1,NaN,0,NaN,JZVKYARMSUTTSV-UHFFFAOYSA-N
3562,Cc1nn(C(C)(C)C)c2nc(C(F)(F)F)sc(=S)c12,NaN,0,NaN,RAHHGNFCPGZNKL-UHFFFAOYSA-N
3563,S=C(NC1C2CC3CC(C2)CC1C3)NC1C2CC3CC(C2)CC1C3,NaN,0,NaN,UENKYQJNULJIEO-UHFFFAOYSA-N
3564,S=C(SSC(=S)N1CCCCCC1)N1CCCCCC1,NaN,0,NaN,RVRRUNSLNGORFO-UHFFFAOYSA-N
3565,S=C(SSC(=S)N1CCCCC1)N1CCCCC1,NaN,0,NaN,KNBRWWCHBRQLNY-UHFFFAOYSA-N
3566,CSC(=O)/C=C1\SS/C(=C\C(=O)SC)S1,NaN,0,NaN,AKKALYDXRQVGOK-VHOZIDCHSA-N
3567,COC(=O)C12C3C4C5(C(=O)OC)C(C1C35C(=O)N(C(C)C)C(C)C)C42C(=O)N(C(C)C)C(C)C,NaN,0,NaN,VROYESPOQMBPCW-UHFFFAOYSA-N
3568,CCN1c2c(ssc2=O)Sc2ssc(=S)c21,NaN,0,NaN,QXMPBUYKBUOHGD-UHFFFAOYSA-N
3569,C1CCC2CC([NH+]3CCC[NH+](C4CCC5CCCCC5C4)CC3)CCC2C1,NaN,0,NaN,UGLVJORGECAOIY-UHFFFAOYSA-P
3570,S=C(SSC(=S)N1CCSCC1)N1CCSCC1,NaN,0,NaN,PJJXATNEHBOAAJ-UHFFFAOYSA-N
3571,O=c1sc2c(s1)-c1sc(=O)sc1SS2,NaN,0,NaN,YTGPGBUKPDTQAT-UHFFFAOYSA-N
3572,CC(C)(C)C(=O)NC(C(=O)NO)c1ccc(-c2ccc(F)c(F)c2)cc1,NaN,0,NaN,FINCYFHAYKNFPV-UHFFFAOYSA-N
3573,CCCSc1nsc(SCCC)c1C(N)=O,NaN,0,NaN,SNFOBQQAYKYOQZ-UHFFFAOYSA-N
3574,CCCCCCC(C)(C)C1=CC2=C(C(=O)C1=O)c1[nH]ncc1C(C)(C)O2,NaN,0,NaN,SFAYJQHFCNNGOD-UHFFFAOYSA-N
3575,CCCN(CCC)c1cc(C)nc2c(-c3c(C)cc(N(C)C)nc3C)cnn12,NaN,0,NaN,YUSMUHCLTFNPGE-UHFFFAOYSA-N
3576,N#CCCC1(CCC#N)CCCCCCC(CCC#N)(CCC#N)C(=O)C1=O,NaN,0,NaN,SMBRNMXWHMIBML-UHFFFAOYSA-N
3577,CCOC(=O)CC(SP1(=S)OCC2(CCCCC2)CO1)C(=O)OCC,NaN,0,NaN,OBIFFYUXFBWJRR-UHFFFAOYSA-N
3578,CCCC(CCC)n1c(CC)nc2c1c(=O)n(C)c(=O)n2-c1c(C)cc(C)cc1C,NaN,0,NaN,PZNZMDLBNBWBQZ-UHFFFAOYSA-N
3579,CC(C)[C@]1(C(=O)N2C[C@@H]3C[C@H]2CN3C(=O)C2CCOCC2)CC[C@@H]([NH2+]C2CCOCC2)C1,NaN,0,NaN,QFGWZLYTLHOTLF-KXEAFHOWSA-O
3580,CO[C@H]1[C@@H](OC(=O)/C=C/[C@H]2O[C@@H]2C)CC[C@@]2(O)CO[C@@](C)(C(O)CC=C(C)C)[C@H]12,NaN,0,NaN,PYDIXUYHVOZYTI-RZPNOOOZSA-N
3581,S=P(N1CCOCCOCCOCCOCC1)(N1CC1)N1CC1,NaN,0,NaN,VBONZNKUXDLDMU-UHFFFAOYSA-N
3582,N#CC1(C#N)[NH2+]C(c2ccsc2)C(C#N)(C#N)[NH2+]C1c1ccsc1,NaN,0,NaN,CSGZDKYEQBLCIM-UHFFFAOYSA-P
3583,S=P(N1CC1)(N1CC1)N1CCN(P(=S)(N2CC2)N2CC2)CC1,NaN,0,NaN,QLCWKDAVQRSLQM-UHFFFAOYSA-N
3584,Oc1nc(O)c(Cl)c(N2CCN(c3nc(O)nc(O)c3Cl)CC2)n1,NaN,0,NaN,BNAYBOFZQFRSHC-UHFFFAOYSA-N
3585,CC1(C)O[C@H]2[C@@H](O1)[C@@H](CS[C@@H]1O[C@@H]([C@H](O)CO)[C@H](O)[C@H]1O)O[C@@H]1OC(C)(C)O[C@@H]12,NaN,0,NaN,PFBVZLMGPVDHNT-ZRCLPCBDSA-N
3586,C/C(CC1CC(C)OC1=O)=N\NC(N)=S,NaN,0,NaN,SONUJDJSQFKHDW-VZUCSPMQSA-N
3587,CC1=C(C(=O)N(C(C)C)C(C)C)CC(CC(=O)NC2CC2)C(=O)N1CCCN1CCCC1=O,NaN,0,NaN,ACYWKBHJHFGEOB-UHFFFAOYSA-N
3588,CCCCCCCCCCCC#Cc1cn([C@@H]2O[C@H](CO)[C@@H](O)[C@H]2F)c(=O)[nH]c1=O,NaN,0,NaN,LNOXMQQYKHJFGZ-ANTGDGSKSA-N
3589,CCCCCCC[C@H]1O[C@@H]1C(OC(=O)[C@@H]1CCCN1C(=O)OC(C)(C)C)C(=O)NC(C)(C)C,NaN,0,NaN,KMRWXBCFRLDGCG-COHPWVSRSA-N
3590,CCCCCc1nnnn1CC(I)=C(I)I,NaN,0,NaN,QPXGLXBUNPUNRO-UHFFFAOYSA-N
3591,[NH2+]=C(CCCCCCCCCCCCC(=[NH2+])N1CCCC1)N1CCCC1,NaN,0,NaN,JGYAUYVIZSGQNS-UHFFFAOYSA-P
3592,CC(CCC[C@]1(C)OC/C(=C/CO)CC[C@H]1O)C(=O)/C=C/C(C)(C)OO,NaN,0,NaN,BMBWXRCJBUBRCF-TZBPAVKNSA-N
3593,O=C(Nc1nccs1)C(F)(F)C(F)(F)C(F)(F)C(=O)Nc1nccs1,NaN,0,NaN,YCPJNKGWWAAPDR-UHFFFAOYSA-N
3594,O=C(CNC(=O)c1ccncc1)N/N=C/c1ccc(Br)cc1,NaN,0,NaN,VUCRRPQBQVQYJN-DJKKODMXSA-N
3595,NS(=O)(=O)c1ccc(Nc2ccnc(NS(=O)(=O)C(F)(F)F)n2)cc1,NaN,0,NaN,RCROFBCWZBXRHF-UHFFFAOYSA-N
3596,C=C1C(=O)[C@@]23CC[C@@H]4[C@@](C)(CO)CCC[C@@]4(C=O)[C@@H]2CC[C@@H]1[C@H]3O,NaN,0,NaN,NGMHJAMTHJNIJX-NXXFDJNYSA-N
3597,CC(C)(C)CC(NC(=O)N1CCS(=O)(=O)CC1)C(F)(F)F,NaN,0,NaN,SJPVQZSODQSQIN-UHFFFAOYSA-N
3598,Nc1nc(Cl)c2ncn(CCC(CO)CO)c2n1,NaN,0,NaN,FSJCDRZLIWVLEH-UHFFFAOYSA-N
3599,Cn1nc(C(C)(C)C)cc1C(=O)Nc1nnc(C(F)(F)F)s1,NaN,0,NaN,BZXKFNYGLRMSCK-UHFFFAOYSA-N
3600,COCc1nc(C)c2c(C)nnc(O)n12,NaN,0,NaN,HMQNFNKJRZILBK-UHFFFAOYSA-N
3601,O=C(NN1C(=O)c2c(F)c(F)c(F)c(F)c2C1=O)c1ccncc1,NaN,0,NaN,CDDBRDRVJHOAER-UHFFFAOYSA-N
3602,O=C(Nc1nnc(S)s1)c1c(F)c(F)c(F)c(F)c1F,NaN,0,NaN,GMNZPWFQZYEZQR-UHFFFAOYSA-N
3603,NC(=O)CNC(=O)C[C@@H]1CCC[C@]2(C1)OOC1(O2)C2CC3CC(C2)CC1C3,NaN,0,NaN,RIQBXPPEFOAYOO-MSZJMJMOSA-N
3604,O=C(NNC(=S)NC(=O)c1cccnc1)c1ccc(Cl)cc1,NaN,0,NaN,VKCYHZZQFSQDRY-UHFFFAOYSA-N
3605,O=C(N1CCC(NC(=O)C23CC4CC(CC(C4)C2)C3)CC1)C(F)(F)F,NaN,0,NaN,CRYFMZCAXMLESD-UHFFFAOYSA-N
3606,CN1C(=O)c2ccccc2C(O)(c2ccccc2)C1(O)c1ccccc1,NaN,0,NaN,IYUOZWXCZKEYSV-UHFFFAOYSA-N
3607,CC1=CC(=O)N(Nc2nc(C(F)(F)F)nc3cccc(C)c23)C1=O,NaN,0,NaN,DMGVGMIEUCRCRS-UHFFFAOYSA-N
3608,O=C1C(Nc2ccc(Br)cc2)=CC(=O)c2ncncc21,NaN,0,NaN,WLTBKBGCEFFMFD-UHFFFAOYSA-N
3609,CCN1C(=O)/C(=C2/SC(C)=C(C)N2CC)SC1=S,NaN,0,NaN,MVYAHKHKRGDCQD-LUAWRHEFSA-N
3610,N=C1c2nc3n(c2C(=O)c2nc4n(c21)CCCCC4)CCCCC3,NaN,0,NaN,ZRTHTAGNUDTBEL-UHFFFAOYSA-N
3611,C[C@@H]1CN(C(=O)[C@@](C)(O)C(F)(F)F)[C@@H](C)CN1C(=O)C1CCCCC1,NaN,0,NaN,IFVNYUMVAGVLMH-BFQNTYOBSA-N
3612,CCn1c(=N)c2c(=O)n(CC)c(=S)n3c2n(c1=S)CCC3,NaN,0,NaN,CJULIVJVQXAZNE-UHFFFAOYSA-N
3613,O=C(NNC(=S)Nc1ccc(Br)cc1)c1cccnc1,NaN,0,NaN,XDWYJLMPXIGSED-UHFFFAOYSA-N
3614,Cc1cnc(Cn2cnc3c(Cl)nc(N)nc32)c(C)c1Cl,NaN,0,NaN,OXNSUSAAFJARBW-UHFFFAOYSA-N
3615,Fc1cc(F)cc(NC(=S)N2CCN(c3ncccn3)CC2)c1,NaN,0,NaN,GOEFLBKCHXNCCU-UHFFFAOYSA-N
3616,O=C1c2cc(O)cc(O)c2C(=O)c2c(O)cc(CO)cc21,NaN,0,NaN,YQHZABGPIPECSQ-UHFFFAOYSA-N
3617,O=C(NNC(=S)NC(=O)c1ccccc1)c1ccc(Br)cc1,NaN,0,NaN,DWZBHRAHLPURGH-UHFFFAOYSA-N
3618,Cn1cc(/C=C2\C(=O)NN=C2c2nccs2)c2c(F)cccc21,NaN,0,NaN,RRELKTPBPXLMHZ-YFHOEESVSA-N
3619,CC(O)(C(=O)Nc1ccc(S(=O)(=O)c2ccc(C#N)cc2)cc1)C(F)(F)F,NaN,0,NaN,KZUMDKOVXHJCRY-UHFFFAOYSA-N
3620,Nc1nc(NC(=O)C(Cl)(Cl)Cl)nn1-c1ccccc1,NaN,0,NaN,VSFIFIOEYMXOMJ-UHFFFAOYSA-N
3621,Cc1ccc(S(=O)(=O)N2N=Cc3c(Br)cccc3B2O)cc1,NaN,0,NaN,JTGSKVPXYIZCRX-UHFFFAOYSA-N
3622,O=S1(=O)NCN(CC(F)F)c2c(Cl)sc(Cl)c21,NaN,0,NaN,SBHYOZLJAMPROL-UHFFFAOYSA-N
3623,CCN1C(=O)/C(=C2\C=Cc3ccccc3N2C)S/C1=[NH+]\c1cccc[n+]1C,NaN,0,NaN,PIFIMZDHUDQUCO-ZPHPHTNESA-O
3624,CC(=O)N1CCN(C(=O)NC23CC4CC(CC(C4)C2)C3)CC1,NaN,0,NaN,NOCYPOKOYJWLMV-UHFFFAOYSA-N
3625,NNC(=O)c1ccc2nc(-c3ccc(Br)cc3)cn2c1,NaN,0,NaN,YFOFDCFZISLFNJ-UHFFFAOYSA-N
3626,NS(=O)(=O)c1ccc2c(c1)S(c1ccc(Cl)cc1)=NS2(=O)=O,NaN,0,NaN,NESHMAQAILQEAZ-UHFFFAOYSA-N
3627,CN1C(c2ccccc2)=CC(=O)C(O)=C(c2ccccc2)S1(=O)=O,NaN,0,NaN,OMCOLMIJASJREH-UHFFFAOYSA-N
3628,O=S(=O)(c1ccc(O)nn1)c1ccc(Br)cc1F,NaN,0,NaN,AOSBVSOJGVLBCE-UHFFFAOYSA-N
3629,Cc1cccc2c(=O)n(-c3ccc(S(N)(=O)=O)cc3)c(S)nc12,NaN,0,NaN,GEINGBVACAIPDV-UHFFFAOYSA-N
3630,Cc1nnc(NC(=O)C2(C)CC2(Br)Br)s1,NaN,0,NaN,URNXREVWOAMTDN-UHFFFAOYSA-N
3631,COCc1c(Br)c(C)nc2sc3c(O)nnnc3c12,NaN,0,NaN,SAYMVHDTBSXOPH-UHFFFAOYSA-N
3632,N#Cc1c(N)nc(N2CCSCC2)c(C#N)c1-c1ccc(O)cc1,NaN,0,NaN,ROYOEKXTTUODAA-UHFFFAOYSA-N
3633,Cc1nc(NC(=O)c2nccs2)ccc1I,NaN,0,NaN,WOOPUIJEXLYBAT-UHFFFAOYSA-N
3634,O=C1C(Cl)=C(Nc2ccc(I)cc2)C(=O)c2cnncc21,NaN,0,NaN,QRUHOJNIKSAESR-UHFFFAOYSA-N
3635,CC(=O)NC(C1C(=O)CC(C)(C)CC1=O)(C(F)(F)F)C(F)(F)F,NaN,0,NaN,TWFJXULBKAFDLF-UHFFFAOYSA-N
3636,O=C(NNC(=O)c1ccccc1Br)c1cccs1,NaN,0,NaN,KNBLMVCXJKGMQR-UHFFFAOYSA-N
3637,C[C@]12CC[C@@H]3[C@](CC[C@@H]4[C@](C)(CO)C[C@@H](O)C[C@]43C)(C1)O[C@H]2CO,NaN,0,NaN,RHVZEDFWXHIGFQ-PUYZKXPRSA-N
3638,C=C(C(=O)/C=C/C(C)(O)COC(C)=O)[C@@H]1C[C@@H](OC(C)=O)[C@@]2(C)[C@@H]1[C@@H]1[C@H](C)CC[C@@H]12,NaN,0,NaN,JCQGTHRADAERGG-DBSUSPTMSA-N
3639,C=C1[C@@H]2CC[C@@H]3C[C@@]2(C[C@@H](O)[C@@]2(O)[C@H]1C[C@H](O)C2(C)C)C[C@@]3(C)O,NaN,0,NaN,AHMSDGIIEDDLQI-IQDQMAIWSA-N
3640,CC(=O)OC[C@]12CC[C@@]3(C)OC3C1OC1[C@H](O)[C@@H](OC(C)=O)[C@@]2(C)C12CO2,NaN,0,NaN,ZIJMHFXHKCZCCK-HTNRXPLSSA-N
3641,CC(C)[C@@H]1CC[C@@H](C)C[C@H]1OC(=O)O[C@H](C)OC(=O)[C@H]1[C@@H]2C[C@H](F)[C@@]([NH3+])(C(=O)[O-])[C@@H]21,NaN,0,NaN,IPAZEPBIOFZFEF-AIOPRLAHSA-N
3642,CC(=O)O[C@@H]1C[C@]23C[C@@](C)(OC(C)=O)[C@H](CC[C@H]2[C@@](C)(O)[C@@H]2[C@@H]4O[C@@H]4C(C)(C)[C@@]12O)[C@H]3O,NaN,0,NaN,PEEUFENHUPLDHX-PLZLAMROSA-N
3643,C[C@@H]([C@H]1[C@H](O)C[C@@]2(C)[C@@H]3C=C[C@H]4C(C)(C)[C@@H]([NH+](C)C)[C@H](O)C[C@@]45C[C@@]35CC[C@]12C)[NH+](C)C,NaN,0,NaN,KQPMIGNYSJUHRD-VQKBPVDWSA-P
3644,NS(=O)(=O)c1cc2c(cc1Cl)NC(CSCC(F)(F)F)NS2(=O)=O,NaN,0,NaN,RINBGYCKMGDWPY-UHFFFAOYSA-N
3645,O=C(N1CCOCC1)C(F)(F)C(F)(F)C(F)(F)C(F)(F)C(=O)N1CCOCC1,NaN,0,NaN,SOTIGCIQYGKFFP-UHFFFAOYSA-N
3646,Nc1ncc(-c2cc(N3C[C@@H]4C[C@H]3CO4)nc(C3(C(F)(F)F)CC=NN3)n2)cc1OC(F)F,NaN,0,NaN,GBLQUKSHZVQYLC-QMZNTLOPSA-N
3647,C=C[C@@]1(C)CC(=O)[C@@]2(O)[C@H](O1)C(OC(=O)N(CC)CC)C(O)[C@H]1C(C)(C)CC[C@H](O)C12C,NaN,0,NaN,GGABVUCSDAMSDO-AUNSSLOTSA-N
3648,CN(c1ccc(C(O)(c2ncc[nH]2)C(F)(F)F)cc1)S(=O)(=O)c1ccccc1,NaN,0,NaN,MWXVHGFPIVOMOJ-UHFFFAOYSA-N
3649,CC(c1ccc(S(N)(=O)=O)cc1)N(C)C(=O)c1ccccc1I,NaN,0,NaN,NJMPUUWCXBZCGS-UHFFFAOYSA-N
3650,CC(OC(=O)OC12CC3CC(CC(C3)C1)C2)OC(=O)[C@H]1[C@@H]2C[C@H](F)[C@@]([NH3+])(C(=O)[O-])[C@@H]21,NaN,0,NaN,XBFLQEPKCHESOM-QGWATYORSA-N
3651,C=CCN1C(=O)[C@]2(CC=C)SS[C@@]1(CC=C)C(=O)N2CC=C,NaN,0,NaN,OROARTIRCAFEMY-HOTGVXAUSA-N
3652,CC(C)(CC(=O)NC1CC1)CC(=O)N[C@H]1C2CC3CC1C[C@](O)(C3)C2,NaN,0,NaN,ZQTYSHNSWFSRTJ-MMSAGYDNSA-N
3653,O=C1Nc2ccc(S(=O)(=O)NNc3ccc(Br)cc3)cc2C1=O,NaN,0,NaN,CJZSLJUASXBXTC-UHFFFAOYSA-N
3654,O=C1NC(=O)/C(=C/c2ccc(S(=O)(=O)N/N=C/c3ccc(Cl)cc3)cc2)N1,NaN,0,NaN,BYTNCHBYAHBYQA-SUQUQSPJSA-N
3655,CN(c1cccc(C(C)(C)C)c1)S(=O)(=O)c1ccc2[nH]c(=O)c(=O)[nH]c2c1,NaN,0,NaN,ITDHRKWBJYPGPF-UHFFFAOYSA-N
3656,COc1cc(CCc2cc3c(N)nc(N)nc3s2)c(Br)c(OC)c1OC,NaN,0,NaN,OGVSFMIDAZPLJT-UHFFFAOYSA-N
3657,C=C[C@@](C)(CC[C@@H]1[C@@]2(C)CCCC(C)(C)[C@@H]2CC[C@@]1(C)O)O[C@H]1O[C@H](C)[C@H](O)[C@@H](O)[C@@H]1O,NaN,0,NaN,QIFUWGZVLWAGTD-FQFHHYARSA-N
3658,CC12CCC(=O)C=C1CCC1C2CCC2(C)C1CCC2(O)C(=O)CO,NaN,0,NaN,WHBHBVVOGNECLV-UHFFFAOYSA-N
3659,S=C(SSC(=S)N1CCCOCC1)N1CCCOCC1,NaN,0,NaN,DIPZWMXJRGSEOV-UHFFFAOYSA-N
3660,C[C@H]1CC[C@H]2[C@@H](C=C[C@@](C)(O)[C@@H]2C(=O)CCO)[C@@H]1O,NaN,0,NaN,MJFPXTRAOBFCPD-UBHGWVTLSA-N
3661,Cc1nc(SCC(=O)N(CC(C)C)C2CCS(=O)(=O)C2)c2c(C)c(C)sc2n1,NaN,0,NaN,DDGKHQBPLZBUTJ-UHFFFAOYSA-N
3662,C/C=C(\C=C(C)\C=C\CC/C=C(\C)C(=O)C12OC1C(C)(O)NC2=O)C(=O)OC(C)(C)C,NaN,0,NaN,JNWXPFBGHSIYFC-TUFAIYLKSA-N
3663,C=C1C(=O)[C@@]23CCC4[C@H](C(=O)OC)CC(=O)C[C@@]4(C)[C@@H]2CC[C@@H]1C3,NaN,0,NaN,JSVYWQFZVYJDCP-JUUKPGRQSA-N
3664,NS(=O)(=O)c1cc(-c2nc3ccc(F)cc3s2)cs1,NaN,0,NaN,WMRINZZGUMOYEC-UHFFFAOYSA-N
3665,N#C[Se]c1ccc(NC(=O)Oc2ccc(F)cc2)cc1,NaN,0,NaN,MBEFOMVOKSLZIY-UHFFFAOYSA-N
3666,C=CC1=C(C)C(=O)C=C2C3(OCC)C=CC(=O)C(C)=C3CCC21OCC,NaN,0,NaN,XTEMPHKCHOVAKD-UHFFFAOYSA-N
3667,COC1=C(I)C(=O)C(I)=C(OC)C1=O,NaN,0,NaN,IJYOGHCYMILPRK-UHFFFAOYSA-N
3668,O=C(Nc1nccs1)NC(C(F)(F)F)C(F)(F)F,NaN,0,NaN,JFDMPQPKSFNCMK-UHFFFAOYSA-N
3669,C/C(C/C(C)=C1/SC(=S)NC1=O)=C1\SC(=S)NC1=O,NaN,0,NaN,WCTMKYSKFWOZEY-YDFGWWAZSA-N
3670,O=C(CSC1=NCCS1)Nc1nc2c(s1)CCCC2,NaN,0,NaN,HDKYENRYTVXCNE-UHFFFAOYSA-N
3671,O=S1(=O)N=S(c2ccc(Br)cc2)c2ccncc21,NaN,0,NaN,UHNMDZJZAUMGNI-UHFFFAOYSA-N
3672,C1CCCC([NH+]2CCC[NH+](C3CCCCCCC3)CC2)CCC1,NaN,0,NaN,QIWAGLYFVHRFJP-UHFFFAOYSA-P
3673,CC(C)CC(C(=O)[O-])N1C(=O)/C(=C/c2ccc(Cl)cc2Cl)SC1=S,NaN,0,NaN,QTZKGAGNGPTZCE-MLPAPPSSSA-M
3674,C=C(C=O)[C@@H]1CC[C@@]2(C)CCC[C@@](C)(OC(=O)C(F)(F)F)C2C1,NaN,0,NaN,SMRVTGNDNFJOGY-GCBHHIMKSA-N
3675,CC(=O)[C@H]1CC[C@H]2[C@H]3C(=C4CC[C@@H](O)C[C@@]4(C)[C@H]3O)CC[C@]12C,NaN,0,NaN,YNHDWCRFSTVJQS-YJDWCWRUSA-N
3676,CN(C(=O)C12C3C4C5C3C1(C(=O)C13C6C7C8C6C1C8C73)C5C42)C(C)(C)C,NaN,0,NaN,KNSWQKCIZCNLFC-UHFFFAOYSA-N
3677,O=C1C=CC(=O)C(c2ccc(I)cc2)=C1,NaN,0,NaN,GJVKVMMYMKDZMO-UHFFFAOYSA-N
3678,N#Cc1c(-c2ccc(Br)cc2)[nH]c(=S)[nH]c1=O,NaN,0,NaN,NHHKQCWSQIPXGK-UHFFFAOYSA-N
3679,O=C(/C=C/c1ccc(Cl)cc1Cl)N(O)CCCCC1CO1,NaN,0,NaN,WBBOTBIEGLNCRS-FNORWQNLSA-N
3680,CC(=O)NC(=S)Nc1sc2c(c1C#N)CCCCC2,NaN,0,NaN,WPGXCVNKRVJMDY-UHFFFAOYSA-N
3681,CCCCCCCC1=CC2=CC(=O)C(C)(O)C(=O)C2=CN1CCCC,NaN,0,NaN,HLCKKJLRWYGZLE-UHFFFAOYSA-N
3682,O=[N+]([O-])c1ccccc1[Se][Se]c1ccccc1[N+](=O)[O-],NaN,0,NaN,QUTPYNJBIHTIGA-UHFFFAOYSA-N
3683,Cc1cc(C)c(S(N)(=O)=O)c(C)c1NC(=O)c1sccc1S(=O)(=O)Nc1onc(C)c1Cl,NaN,0,NaN,DJXXZZHIAPUFSR-UHFFFAOYSA-N
3684,CCOP(=O)(OCC)C1(C#N)SCC([NH+](C)C)CS1,NaN,0,NaN,QITNMZDOCCPRMW-UHFFFAOYSA-O
3685,CCCC1=C(C(=O)OC)C(=O)[C@@](C)(/C=C/CC[C@H](C)O)O1,NaN,0,NaN,IBWFNBAINSITIL-XIONYYCNSA-N
3686,Cc1cc(S(=O)(=O)NC(=C(C#N)C#N)[n+]2ccc(N(C)C)cc2)c([S-])cc1Cl,NaN,0,NaN,SOZRCBNPAKNYJX-UHFFFAOYSA-N
3687,Cc1ccc(S(C)(=O)=O)cc1S(=O)(=O)N(C)/N=C/c1cnn2ccc(Cl)nc12,NaN,0,NaN,KLRSZDNRABGRPL-GIJQJNRQSA-N
3688,[O-][S+](N1CCCCCC1)C12CC3CC(CC(C3)C1)C2,NaN,0,NaN,TYQKDUAHRRBOPB-UHFFFAOYSA-N
3689,CC(=O)OC1C2CCC3CC2C2(SCCS2)C31,NaN,0,NaN,DREXMYSQNWWJKF-UHFFFAOYSA-N
3690,OC1(CC2(O)C3CC4CC(C3)CC2C4)CCCCC1,NaN,0,NaN,ADAPYKBYYNNQAQ-UHFFFAOYSA-N
3691,FC(F)(C(Cl)Br)C1N=N1,NaN,0,NaN,VLLPOYNQVHHILJ-UHFFFAOYSA-N
3692,C#Cc1cc(-c2nc3ccc(F)cc3s2)ccc1N,NaN,0,NaN,XRIVNQYGCJWCMP-UHFFFAOYSA-N
3693,S=C(NC1CCCCCC1)NC1CCCC1,NaN,0,NaN,WELJBUXHHWPBNG-UHFFFAOYSA-N
3694,CC(C(O)C12CC3CC(CC(C3)C1)C2)[NH+]1CCCCC1,NaN,0,NaN,XICVPRQCSYBEHH-UHFFFAOYSA-O
3695,O=C(N1CCCC1)C12CCC3CC(CC(C3)C1)C2,NaN,0,NaN,JGPJDMHBSRGBLF-UHFFFAOYSA-N
3696,Cc1nc(C#Cc2cc(F)cc([N+](=O)[O-])c2)cs1,NaN,0,NaN,UZBIVMHNLNUAGH-UHFFFAOYSA-N
3697,O=C(CCCl)N1CCCC2(CCCCC2)C1,NaN,0,NaN,FDAGHUXKKKXZSQ-UHFFFAOYSA-N
3698,O=S1(=N[C@H]2CC[C@@H](C(F)(F)F)CC2)CCCCC1,NaN,0,NaN,WDWSTAPQTHPMPP-PHIMTYICSA-N
3699,O=C(C1CCCCC1)N1CC23C4C=CC5C4C4C2C=CC4C53C1,NaN,0,NaN,YTIVXHUTKFYHMS-UHFFFAOYSA-N
3700,O=C(C1C2CC3CC(C2)CC1C3)N1CCCCC1,NaN,0,NaN,AHSGKCRVZWMWDM-UHFFFAOYSA-N
3701,CC1(C)C[C@@H]2[C@@H](CO)CC[C@H]3O[C@]3(C)[C@H](O)C[C@H]21,NaN,0,NaN,PTIVJDNUAGEGNR-QTPLKFIXSA-N
3702,C[S+]([O-])CC[NH2+]Cc1cc2cc(S(N)(=O)=O)sc2s1,NaN,0,NaN,ZGIWQKYVOKNSLO-UHFFFAOYSA-O
3703,NC(=O)C(SCC1CCCCC1)C1CCCC1,NaN,0,NaN,QKMXCCIPCFHTEU-UHFFFAOYSA-N
3704,O=C(C1CCCCC1)N1CC2CCCCC2C1,NaN,0,NaN,UWJOASJEVPHPSD-UHFFFAOYSA-N
3705,O=C(C1CCCC1)N1CCCC2(CCCCC2)C1,NaN,0,NaN,FLHMDOLVDVKPGZ-UHFFFAOYSA-N
3706,CC1(C)CCC[C@@]2(C)[C@H]1CC[C@@]1(C)C[C@H](C(O)(CO)C(O)CO)C[C@@H]12,NaN,0,NaN,YYLNWEORJBWPMV-CJFIKAFJSA-N
3707,NC(=O)C12CCCC(Br)(CCC1)C2,NaN,0,NaN,RVAVOJYNTJPTLH-UHFFFAOYSA-N
3708,O=C(N1CCCC1)C12CC3CC(CC(Cl)(C3)C1)C2,NaN,0,NaN,LCNCIHUTOLLQBK-UHFFFAOYSA-N
3709,C/C=C(\C)C(=O)O[C@H]1C[C@@]2(C)CCC(C(C)C)C2(O)CC[C@@]1(C)O,NaN,0,NaN,SARMJLPHTLNPQI-ASIVVWCUSA-N
3710,O=C(C1CCC1)N1CCCC2(CCCCC2)C1,NaN,0,NaN,FKNJDTXOOMHZMJ-UHFFFAOYSA-N
3711,O=P1(N(CCCl)CCCl)SCCCS1,NaN,0,NaN,VXPMOPZBNZGVDN-UHFFFAOYSA-N
3712,O=C(CBr)N1CCCC12CCCCC2,NaN,0,NaN,GSZQOXYIHZBDNQ-UHFFFAOYSA-N
3713,O=C(C1CCCCC1)N1CC2C3CCC(C3)C2C1,NaN,0,NaN,VJMSNBQMSAFRGS-UHFFFAOYSA-N
3714,O=C(N1CCCC1)C12CC3CCC(CC(C3)C1)C2,NaN,0,NaN,WTEZNGNNKSPVCQ-UHFFFAOYSA-N
3715,O=C(C1CCCCC1)N1CC2C3C=CC(C3)C2C1,NaN,0,NaN,DXMJULIKMLDOFU-UHFFFAOYSA-N
3716,O=S(=O)(CCc1cc(F)c(F)c(F)c1)CS(=O)(=O)CCc1cc(F)c(F)c(F)c1,NaN,0,NaN,HUSVNCLSMGZUPO-UHFFFAOYSA-N
3717,C1CCC2(CC1)COC1(CCCCC1)OC2,NaN,0,NaN,NPOYKMAHGAWCML-UHFFFAOYSA-N
3718,C=C1C(=O)[C@H]2O[C@]23C[C@H]2CC(C)(C)C[C@H]2[C@]13C,NaN,0,NaN,QGOYASWEWJQUBT-DTFMEENKSA-N
3719,CC1(C)CCC[C@]2(C)OC[C@H]3O[C@@]3(C)CC[C@@H]12,NaN,0,NaN,KDMDYZZDZDVDQD-NEBZKDRISA-N
3720,O=C1O[C@H]2C3C4CCC(C4[C@@H]2I)[C@H]13,NaN,0,NaN,AXJLIBVTGUIXGP-SUMKSWLKSA-N
3721,CSc1c(C)c(SC)n2ccncc12,NaN,0,NaN,MYLBTCQBKAKUTJ-UHFFFAOYSA-N
3722,CCC(C)CS(=O)(=O)NC(=O)C1CCC1,NaN,0,NaN,DNOUFEQPFXKFDX-UHFFFAOYSA-N
3723,C1CSCCSCSCCS1,NaN,0,NaN,ZWFLCAAQEDJCPS-UHFFFAOYSA-N
3724,CC1(C)C[C@H](O)[C@]23CC[C@@H](O)[C@](C)(CCC12)C3,NaN,0,NaN,BWXJQHJHGMZLBT-SLPXSTGGSA-N
3725,O=C1NC(=S)N/C1=C\C=C\c1ccccc1,NaN,0,NaN,LGQKHJZJGVVDAQ-DODKFZKMSA-N
3726,CC1(C)C[C@@H]2[C@@H]1CC[C@@]1(C)C[C@]2(O)CC[C@@H]1O,NaN,0,NaN,SFJOMLIUSIKKRA-CUZKYEQNSA-N
3727,C=C1CC[C@H]2C(=C)CC[C@H]3C(=C)C(=O)O[C@@H]3[C@@H]12,NaN,0,NaN,NETSQGRTUNRXEO-XUXIUFHCSA-N
3728,S=C(NC1CCCCC1)NC1CC2C=CC1C2,NaN,0,NaN,AUHQTANFKNNRIW-UHFFFAOYSA-N
3729,N#CCCC1C(C#N)C2CC1C1C3C=CC(C3)C21,NaN,0,NaN,DDUMOHTYVYQIDE-UHFFFAOYSA-N
3730,C[C@]12C[C@H]3O[C@H]3C[C@@H]1CC[C@@H]1[C@@H]2CC[C@]2(C)[C@@H]3O[C@@H]3C[C@@H]12,NaN,0,NaN,ALJMUVFTUJFZNB-RXWQFOISSA-N
3731,C=C1[C@H](O)C[C@]2(O)C[C@]3(O)CC(C)(C)C[C@]3(O)[C@]12C,NaN,0,NaN,VVXVZETWRASTHP-LFHLZQBKSA-N
3732,C=C1C(=O)O[C@@H]2[C@@H]3[C@@H](CCC34CC4)C3(CC[C@@H]12)CC3,NaN,0,NaN,GQIAACVWMZBULU-CRWXNKLISA-N
3733,O=Cc1cccn1-c1ccc(C(F)(F)F)cc1,NaN,0,NaN,FGKJQSVGKXECDA-UHFFFAOYSA-N
3734,S=C(SC(=S)N1CCCCC1)N1CCCCC1,NaN,0,NaN,PFOWLPUJPOQMAL-UHFFFAOYSA-N
3735,N#CCC(=O)NC1CCC(CC2CCC(NC(=O)CC#N)CC2)CC1,NaN,0,NaN,MNPQZMBRVKSCDW-UHFFFAOYSA-N
3736,CC(=O)NC(C)Cc1ccc(C#Cc2cnc(OCC(C)(F)F)nc2)cc1,NaN,0,NaN,UPHHRVONBGHHRG-UHFFFAOYSA-N
3737,CC1(C)[C@H]2[C@H]3[C@@H](CC[C@]3(C)O)[C@](C)(O)CC[C@H]21,NaN,0,NaN,DWNPMJOWAWGIMM-HTKHVQBFSA-N
3738,CC1(C)C[C@H]2[C@H]1[C@H]1C[C@@]1(C)[C@H](O)CC[C@]2(C)O,NaN,0,NaN,USFOCJBPTUMHRF-DNNYSMPMSA-N
3739,C[C@]12C[C@H]3C[C@H]4CC[C@@H](O)C[C@@H]4C[C@@H]3C[C@@H]1CC[C@@]21CO1,NaN,0,NaN,PLESDGJNPFSHNZ-DERWZFJFSA-N
3740,C=C[C@]1(C)CC[C@H]2C(=C)C(=O)O[C@@H]2[C@H]1C(=C)C,NaN,0,NaN,ZNTHTBBAGNVESR-SFDCQRBFSA-N
3741,C=C1C2=C(CCCC2)C(=O)OC12CCCCC2,NaN,0,NaN,UDVPJDXTYDXRCU-UHFFFAOYSA-N
3742,CC12CCCC3(CC(=O)C(C)(C)C3C(=O)C1)C2,NaN,0,NaN,IDXVGRTXFXYOCS-UHFFFAOYSA-N
3743,C[C@@H]1CC[C@@]2(O)C(C)(C)C[C@]3(C)CC[C@@H]1[C@]32O,NaN,0,NaN,YNXVTFPRRSPPOQ-WKZARQIDSA-N
3744,Fc1cccc(F)c1C#Cc1ccc2cncnc2c1,NaN,0,NaN,GJXJWYLFLYIJJX-UHFFFAOYSA-N
3745,O=C(NNS(=O)(=O)c1ccc(Cl)cc1Cl)c1cc2ncc(C(F)(F)F)cc2s1,NaN,0,NaN,DDZQSBRUOHMCLS-UHFFFAOYSA-N
3746,O=C(c1c(F)ccc(NS(=O)(=O)c2ccc(C(F)(F)F)cc2)c1F)c1c[nH]c2nccnc12,NaN,0,NaN,KTMUNDVNGAEVHE-UHFFFAOYSA-N
3747,O=S(=O)(Nc1ccc(S(=O)(=O)Nc2nccs2)cc1)c1ccc(Br)cc1,NaN,0,NaN,WXDRUVHRDGLTMZ-UHFFFAOYSA-N
3748,Cc1noc(NS(=O)(=O)c2ccc(NC(=O)/C=C/c3ccc(Br)cc3)cc2)c1C,NaN,0,NaN,DEISKWRUVWQTIF-LFYBBSHMSA-N
3749,O=C(c1c(F)ccc(NS(=O)(=O)c2ccc(C(F)(F)F)cc2)c1F)c1c[nH]c2ncncc12,NaN,0,NaN,PZOQSUYOGAZBNF-UHFFFAOYSA-N
3750,Cc1cc(S(=O)(=O)NC(=O)Nc2ncc(Br)s2)sc1-c1ccc(F)nc1,NaN,0,NaN,GFHDZJKEYHPWMJ-UHFFFAOYSA-N
3751,O=C(CCCCC1CCCCC1)OCC1COCCOCCOCCOCCO1,NaN,0,NaN,QNQQZLIBSJUNCV-UHFFFAOYSA-N
3752,C[C@H]1CCC2[C@@H](C)COC3O[C@]4(C)CCC1C32OO4,NaN,0,NaN,BOQMASYCUFVXCR-WDXLHTKASA-N
3753,COC(=O)[C@@H]1[C@@H](/C(=C\CC(O)C(C)(C)O)COC(C)=O)CC[C@]2(C)[C@@H]3CC[C@]12CO3,NaN,0,NaN,PVGXBCPJSPFGIO-JICKHDCHSA-N
3754,NC(=O)C1CCN(C(=O)C2CCCO2)CC1,NaN,0,NaN,HXJWKPOAHZYDSX-UHFFFAOYSA-N
3755,C=C[C@@H](O)[C@@H]1O[C@H]1/C=C/[C@@H]1O[C@@H]1[C@@H](C)O,NaN,0,NaN,DLVJMFOLJOOWFS-VJIFSZOSSA-N
3756,C[NH+](C)CC1CCC[NH+]1C12CC3CC(CC(C3)C1)C2,NaN,0,NaN,CPLZORFTTIXMJP-UHFFFAOYSA-P
3757,CNC(=O)[C@@H](NC(=O)[C@H](CC(C)C)[C@@H](C(=O)NO)C1CCSC1)C(C)(C)C,NaN,0,NaN,PQOSFDCYBJNHGK-JALIKCBVSA-N
3758,CN(C)C(=[NH+]c1nc(N(C)C)s[s+]1)N(C)C,NaN,0,NaN,OVQGBJMFZXSEBX-UHFFFAOYSA-O
3759,CO[C@@H]1COCC[C@H]1NC(=O)C1CCOCC1,NaN,0,NaN,PJDJFKCFUCXYGG-GHMZBOCLSA-N
3760,C[C@@H]1CN(S(=O)(=O)N2CCCC2)C[C@@]1(O)C1CC1,NaN,0,NaN,MKADFVPNLFHNSX-PWSUYJOCSA-N
3761,N#CCCn1[nH]c(=O)c(Cl)c(Cl)c1=O,NaN,0,NaN,KBEXTWHQQFQCHL-UHFFFAOYSA-N
3762,O=C(Nc1nnc2n1CCS2)C1CC1,NaN,0,NaN,AUYTYUIUBJRLJT-UHFFFAOYSA-N
3763,CNC(=O)C1CCCN(C(=O)C2CCC2)C1,NaN,0,NaN,VRVGFSBCVQPBTF-UHFFFAOYSA-N
3764,NC(=O)CN1C(=O)C2C3CCC(C3)C2C1=O,NaN,0,NaN,GZBJCOGNIGJVJZ-UHFFFAOYSA-N
3765,NC(=O)NC(=O)CCn1cc(I)cn1,NaN,0,NaN,ANBDXHVMBRBBGG-UHFFFAOYSA-N
3766,CN(C)C(=S)SC(=S)N1CCCC1,NaN,0,NaN,SNCGIKVVLHABHF-UHFFFAOYSA-N
3767,CCC(=O)N1CCCC(NS(C)(=O)=O)C1,NaN,0,NaN,KKRXYIAKNUZOPG-UHFFFAOYSA-N
3768,C1CCC([NH+]2CC[NH+](C3CCCCC3)CC2)CC1,NaN,0,NaN,PMKYZLGUIDMJBM-UHFFFAOYSA-P
3769,CC(=O)O[C@@H]1O[C@@H](C(F)F)[C@@H](OC(C)=O)[C@@H](OC(C)=O)[C@@H]1OC(C)=O,NaN,0,NaN,GDIZITBKFZOIOJ-ILOGHGLZSA-N
3770,O=C1C2=C(SCCS2)C(=O)N1CCCO,NaN,0,NaN,MNGFJSCJWNJLBK-UHFFFAOYSA-N
3771,OB(O)c1ccc(Oc2cncc(Cl)c2)nc1,NaN,0,NaN,SVFFNDRPICGMNI-UHFFFAOYSA-N
3772,NC(=O)C1CCN(C(=O)C2CCOCC2)CC1,NaN,0,NaN,IJMXPPGPGNZSEN-UHFFFAOYSA-N
3773,O=C(NC1CCS(=O)(=O)C1)C1CCCC1,NaN,0,NaN,JESAHOCMSPLEMZ-UHFFFAOYSA-N
3774,CS(=O)(=O)N1CCCC(C(=O)NC2CC2)C1,NaN,0,NaN,JKPCHTGABSUYQH-UHFFFAOYSA-N
3775,O=C(NC1CC1)C1CCc2nnc(C3CC3)n21,NaN,0,NaN,DFAJQWYTRGDTDR-UHFFFAOYSA-N
3776,O=C(C1CCCO1)N1CCN(C(=S)NC2CC2)CC1,NaN,0,NaN,QYXARDXACBIHOU-UHFFFAOYSA-N
3777,O=C1[C@H]2COC[C@H]2C(=O)N1CCCO,NaN,0,NaN,NIMQERVXYZAIRU-KNVOCYPGSA-N
3778,Cc1nnc(N2CCCC2)c(C(N)=O)c1C,NaN,0,NaN,IBEOPPSHIJDGJS-UHFFFAOYSA-N
3779,CC1(NC(=O)C2CCC2)CCS(=O)(=O)C1,NaN,0,NaN,YMRQYRBQRRSOEZ-UHFFFAOYSA-N
3780,O=C(CO)N1CCCC2(CCC(=O)N(CC3CC3)C2)C1,NaN,0,NaN,NFGZGGXLIBBRNN-UHFFFAOYSA-N
3781,CC1(C)OC(=O)N(CCC#N)C1(C)O,NaN,0,NaN,IZPZGKNZIWYSSJ-UHFFFAOYSA-N
3782,O=C(Nc1nnc2n1CCS2)C1CCC1,NaN,0,NaN,ZMAKLNGTHCMQJG-UHFFFAOYSA-N
3783,CC1CCCCC1[NH2+]C1CC[NH+](C)CC1,NaN,0,NaN,DCJHMQGYKZDCAZ-UHFFFAOYSA-P
3784,CC(=O)C(C(C)=O)=C1CCCC(O)O1,NaN,0,NaN,FWMZGALUJKEPST-UHFFFAOYSA-N
3785,NS(=O)(=O)c1nnc(NS(=O)(=O)c2c(F)c(F)cc(F)c2F)s1,NaN,0,NaN,PKIBTPDYAFKEOS-UHFFFAOYSA-N
3786,S=C(N/N=C/c1ccc(Br)cn1)Nc1ccc(Br)cc1,NaN,0,NaN,VZVKAPMCHPODBA-CAOOACKPSA-N
3787,CNC(=S)N/N=C(\c1ccc(I)cc1)c1ccccn1,NaN,0,NaN,HJGOPXGUZRWEQZ-QGOAFFKASA-N
3788,C[C@H]1OO[C@@H](COC(=O)CC23CC4CC(CC(Br)(C4)C2)C3)[C@@H]2O[C@@H]21,NaN,0,NaN,FMSPEMZCJBAPCE-ZVUKXUFTSA-N
3789,N#C[Se]c1ccc(/N=N/c2sc(N)nc2-c2ccccc2)cc1,NaN,0,NaN,JPGKOJWUPWCIDQ-QZQOTICOSA-N
3790,NS(=O)(=O)c1c(F)c(F)c(Sc2nc3ccccc3s2)c(F)c1F,NaN,0,NaN,YVWIZEXTHJMGAV-UHFFFAOYSA-N
3791,O=Cc1sccc1-c1ccc(F)cc1F,NaN,0,NaN,JDSRAXGPLMWULK-UHFFFAOYSA-N
3792,CCC(=O)N1CCN(C(=O)CC)CC1,NaN,0,NaN,QEKXDZCHBZODIX-UHFFFAOYSA-N
3793,N#Cc1ccc(C(=O)/C=C/c2ccc(O)c(O)c2)cc1,NaN,0,NaN,XSMHUOPJTRSUAE-XVNBXDOJSA-N
3794,CCOC(=O)c1c(NC(=O)CCl)sc(C(=O)N(CC)CC)c1C,NaN,0,NaN,PCRXEXGNEIGAEW-UHFFFAOYSA-N
3795,Cc1nc(C)c(-c2csc(NCCCCCNS(=O)(=O)C(C)C)n2)s1,NaN,0,NaN,CSUGCPWZZFOQDN-UHFFFAOYSA-N
3796,NC(=O)c1ccsc1NC(=O)CCS(=O)(=O)c1ccc(F)cc1,NaN,0,NaN,WYVFOASTBCRBRY-UHFFFAOYSA-N
3797,C=CCn1c(SCC(N)=O)nnc1-c1cc(Br)ccc1O,NaN,0,NaN,DDSJJZCWNQBUJC-UHFFFAOYSA-N
3798,CCn1c(C)nnc1SCCNC(=O)c1sc(C(C)C)nc1C,NaN,0,NaN,AZZUDVYUKGHMLE-UHFFFAOYSA-N
3799,C=C1C(=O)O[C@@H](/C=C(\C)C=O)[C@@H]1[C@H](/C=C(/C)C(C)=O)OC(=O)/C(C)=C\C,NaN,0,NaN,AKVBJGXAEANPJM-DVGWHCFMSA-N
3800,C=CCn1c(SCC(=O)NCCCO)nc2sc3c(c2c1=O)CCC3,NaN,0,NaN,QBOHRKDFHMDHDL-UHFFFAOYSA-N
3801,CCNC(=S)NNC(=O)CSc1nc2sc(C)c(C)c2c(=O)n1CC,NaN,0,NaN,CBVLYVVAHHNYBM-UHFFFAOYSA-N
3802,O=C(CCC(=O)Nc1nnc(C(F)(F)F)s1)NCC1CCCO1,NaN,0,NaN,RNXCXLOLRZJGEQ-UHFFFAOYSA-N
3803,NC(=O)C12CC3CC(C1)C(NC(=O)C1(CNS(=O)(=O)c4cc(Cl)c(Cl)cc4F)CC1)C(C3)C2,NaN,0,NaN,YJCGNBDZDNQYHA-UHFFFAOYSA-N
3804,COC[C@H]1C(=O)[C@]23[C@H](O)[C@H]1CC[C@H]2[C@@]12CO[C@]3(O)[C@@H](O)[C@@H]1C(C)(C)CC[C@@H]2OC(C)=O,NaN,0,NaN,LKQZANFJJKHPQL-RJGQTVETSA-N
3805,CC(C)(CC(=O)N[C@H]1C2CC3CC1C[C@](C(N)=O)(C3)C2)NS(=O)(=O)c1cc(F)cc(F)c1,NaN,0,NaN,DASGBTSAQAZBRC-JPWRKOPWSA-N
3806,Cc1cc(S(=O)(=O)N/C(=C(\C#N)C(=O)c2ccccc2)[n+]2ccc(N(C)C)cc2)c([S-])cc1Cl,NaN,0,NaN,KSIIZUKYEOFDJB-UHFFFAOYSA-N
3807,C=CCO[C@@H]1[C@H](OCC=C)[C@@H](OCC=C)C[C@@H]2c3cc4c(cc3C(=O)N(CC=C)[C@@H]12)OCO4,NaN,0,NaN,ATEQZDAYWOTRER-XDZZJOFBSA-N
3808,CCOC(=O)C1CCN(C(=O)CSCCSCC(=O)N2CCC(C(=O)OCC)CC2)CC1,NaN,0,NaN,YCPOCLYEKBQMSW-UHFFFAOYSA-N
3809,CCCCCC[C@@H](C)/C=C(C)/C=C/C(=O)N[C@H]1C[C@]2(OC1O)[C@@H]1O[C@@H]1C(O)(CC(C)=O)[C@@H]1O[C@@H]12,NaN,0,NaN,YFJWRMZGLWVCSQ-ZXTVQVQKSA-N
3810,CCC(C)C(=O)Nc1nnc(CCCCc2nnc(NC(=O)C(C)CC)s2)s1,NaN,0,NaN,OGDSPCLHNCWSLK-UHFFFAOYSA-N
3811,CC(C)(C)OC(=O)NCCCCCNC(=O)CCCC[C@@H]1SC[C@@H]2NC(=O)N[C@@H]21,NaN,0,NaN,QKFLRHKHYLQHHC-ZOBUZTSGSA-N
3812,CCCCCCCCc1cc2cn([C@H]3C[C@H](O)[C@@H](CO)O3)c(=O)nc2o1,NaN,0,NaN,WNJULOODRKXPLP-GVDBMIGSSA-N
3813,C=CC[C@H](NC(=O)C1CC1C(=O)OCC)C(=O)N[C@@H](CC1CCCCC1)[C@@H](O)[C@@H](O)CC(C)C,NaN,0,NaN,XHZLZRYOOJJBJX-XIGHUOOOSA-N
3814,CCCC(CCC)c1nc2c(=O)n(CCC)c(=O)n(CCC)c2[nH]1,NaN,0,NaN,BRBRZOYKFSNBNB-UHFFFAOYSA-N
3815,CCCC[NH+](CCCC)CCCNc1nc(NC2CC2)nc(NC23CC4CC(CC(C4)C2)C3)n1,NaN,0,NaN,WLTOXZGISGTDQK-UHFFFAOYSA-O
3816,CC[C@@H](C)/C=C/CCCC/C=C/C=C/C=C/C(=O)N[C@@H]1CO[C@@]2(O)C=C[C@@H](Cl)[C@H](O)[C@@]2(O)C1,NaN,0,NaN,FQBWNVBDQZRLFD-PSUCEUSWSA-N
3817,CCC(C)C(=O)Nc1nnc(CCSCCc2nnc(NC(=O)C(C)CC)s2)s1,NaN,0,NaN,BGSSARUBGCFGFY-UHFFFAOYSA-N
3818,CCCCCn1cc(C(=O)NC(C)CCC(C)C)c(=O)c2c(C)nn(C)c21,NaN,0,NaN,XXPWCWGFJLGBFN-UHFFFAOYSA-N
3819,CC1CCCC2(CC[N+](C)(CCC[N+](C)(C)C)CC2)C1,NaN,0,NaN,ONJNGXXZZLUSKY-UHFFFAOYSA-N
3820,ClCCNP1(NCCCl)=NP2(NCCCl)=NP(NCCCl)(=N1)OCCOCCOCCOCCO2,NaN,0,NaN,RUTUJEMUIKHTDG-UHFFFAOYSA-N
3821,O=C(c1ccc(Br)cc1)C(NNc1ccc(F)cc1)C(=O)C(F)(F)F,NaN,0,NaN,ACYNDKAARVCAAD-UHFFFAOYSA-N
3822,Cc1ccc(/[NH+]=C2\C(=S)N(c3ccc(C)cc3)C(=[NH2+])N2/N=C/c2ccc(Cl)cc2)cc1,NaN,0,NaN,QMQNOQWCKYAACP-LDBZKYBXSA-P
3823,CC(C)(O)C#Cc1ccc(/C=C/S(=O)(=O)Nc2ccccc2S(N)(=O)=O)cc1,NaN,0,NaN,RSBIMJNRILCOKF-WYMLVPIESA-N
3824,COP(=O)(C[NH2+]C1(C(=O)[O-])CCCCCCC1)OC,NaN,0,NaN,FLYLVCFFCBHTRW-UHFFFAOYSA-N
3825,CCOP(=O)(CC1OC(CO)C(O)C1O)OCC,NaN,0,NaN,LYEYSPMBJBJGLG-UHFFFAOYSA-N
3826,CC[NH+](CC)CCS/C(=N/O)c1nsnc1C,NaN,0,NaN,ZSRKQSAGCXAYAP-ZHACJKMWSA-O
3827,CC(C(C(=O)N1CCCCC1)[NH+]1CCCCC1)[NH+]1CCCCC1,NaN,0,NaN,ADKFLHVQVMGMJD-UHFFFAOYSA-P
3828,CN(C)c1ccc(C=C2C(=O)NC(=S)NC2=O)cc1,NaN,0,NaN,UOUVLKPLCQPNES-UHFFFAOYSA-N
3829,CSc1c(C#N)c2c(O)nc(N)nc2n1CC(O)CO,NaN,0,NaN,FWVFSTMVVXVNBP-UHFFFAOYSA-N
3830,COC(=O)C1=C(C)C(C)(OC)NC1=O,NaN,0,NaN,LXJIOQZUKNMDDO-UHFFFAOYSA-N
3831,C[NH+](C)CCn1c(=O)c2ccsc2c2ccc(C(=O)[O-])cc21,NaN,0,NaN,MYUZKBJPMCQURR-UHFFFAOYSA-N
3832,Cn1cc[n+](CCCC[n+]2ccn(C)c2/C=N/O)c1/C=N/O,NaN,0,NaN,ZULYOWGVQIINTP-UHFFFAOYSA-P
3833,CCCCN1C(=O)C(=C(N)N)C(=O)N(CCCC)C1=O,NaN,0,NaN,KTVAHYZLKKQAOW-UHFFFAOYSA-N
3834,CC[NH+]1CC[NH+](CCC(=O)O[C@@H]2C[C@@H]3CC[C@@]2(C)C3(C)C)CC1,NaN,0,NaN,BSKWMRLURFYVGO-FRQCXROJSA-P
3835,COP(=O)(C[NH2+]C1(C(=O)[O-])CCCCCC1)OC,NaN,0,NaN,LZPPCRUZROXOLL-UHFFFAOYSA-N
3836,NS(=O)(=O)c1ccc(/N=C/c2ccc(/C=N/c3ccc(S(N)(=O)=O)cc3)cc2)cc1,NaN,0,NaN,RYZPGOBSXANNKH-RNIAWFEPSA-N
3837,CC(C)[C@H](NC(=O)N1CCOCC1)C(=O)N1CCC[C@H]1C(=O)N[C@H](C(=O)C(F)(F)F)C(C)C,NaN,0,NaN,HBQFNPRNTJAJGV-JYJNAYRXSA-N
3838,CC1O[C@@H](O[C@H]2CC[C@@]3(C)[C@H](CC[C@@H]4[C@@H]3CC[C@]3(C)[C@@H](CO)CC[C@]43O)C2)C(O)[C@@H](O)[C@H]1O,NaN,0,NaN,PDHCFMSBVAKZJF-DQNXBZQKSA-N
3839,O=Cc1ccc(-c2ccc(Cl)cc2)s1,NaN,0,NaN,JFAKPLYPDADDKE-UHFFFAOYSA-N
3840,CSc1s[s+]c(SC)c1[O-],NaN,0,NaN,AMSLVAGKYMPJGI-UHFFFAOYSA-N
3841,O=S(=O)(OC=C1CCCCC1)C(F)(F)F,NaN,0,NaN,GCBOFZACDIPPCH-UHFFFAOYSA-N
3842,CCSc1nc(N)c2c(C)c(C)sc2n1,NaN,0,NaN,XPELZXVJOSLJRI-UHFFFAOYSA-N
3843,C1COC(OOC23CC4CC(CC(C4)C2)C3)C1,NaN,0,NaN,OFEBAWDMTLDPGL-UHFFFAOYSA-N
3844,CCOC(=O)c1cc(=S)ss1,NaN,0,NaN,BHARVVHIYKIZCY-UHFFFAOYSA-N
3845,CCOC(=O)c1nnn(-c2ccc(S(N)(=O)=O)cc2)c1-c1ccc(Br)cc1,NaN,0,NaN,ZGBUAGSHZXLQFF-UHFFFAOYSA-N
3846,O=C(NC[C@H](O)CO)c1ncncc1Nc1ccc(I)cc1F,NaN,0,NaN,UDNBJJYTYGBAIK-VIFPVBQESA-N
3847,Cc1nnc(SCCn2c(Br)nc3c2c(=O)n(C)c(=O)n3C)s1,NaN,0,NaN,RLSAVDVMYRSWCF-UHFFFAOYSA-N
3848,C[NH+](C)CCCNc1nc(C(Cl)(Cl)Cl)nc(C(Cl)(Cl)Cl)n1,NaN,0,NaN,OQUMYZBQNXBSEZ-UHFFFAOYSA-O
3849,CC(C)C[C@@H]1NC(=O)[C@H](CC(C)C)NC(=O)[C@@H](C)NC(=O)[C@H](C(C)C)NC(=O)[C@@H](CC(C)C)NC1=O,NaN,0,NaN,IJSHLVSQYSNTII-IFLJBQAJSA-N
3850,Cc1nc(N[C@H](C)C2CC2)nc(N[C@@H]2C[C@H](C(C)(C)O)[C@@H](O)[C@H]2O)c1-c1nc2cnccc2s1,NaN,0,NaN,NMLACNODTDXQST-XHMIZYAZSA-N
3851,CS(=O)(=O)N1CCCC(C(=O)NC2CCCCCCC2)C1,NaN,0,NaN,BKQMBPORDWAANM-UHFFFAOYSA-N
3852,O=C(NNC(=S)NCc1ccco1)c1ccc(Cl)s1,NaN,0,NaN,BGUYVAAADZNTNR-UHFFFAOYSA-N
3853,O=C1C(F)=C(N(CCO)CCO)C(=O)c2c(F)c(F)c(F)c(F)c21,NaN,0,NaN,DDDIUKJYQONWEV-UHFFFAOYSA-N
3854,O=C(NC(=S)N1CCOCC1)C12CCC3CC(CC(C3)C1)C2,NaN,0,NaN,UMSXWPSYLFTPBQ-UHFFFAOYSA-N
3855,CC(=O)N1CCC(NC(=O)CC23CC4CC(CC(C4)C2)C3)CC1,NaN,0,NaN,BDWGTDABOCGWQR-UHFFFAOYSA-N
3856,C#CCSc1nc(NNC(N)=S)c(C#N)c(-c2ccc(C)cc2)n1,NaN,0,NaN,MUMOHNVXKGZJDP-UHFFFAOYSA-N
3857,N#Cc1ccc(CS(=O)(=O)c2ccc3nc(N)sc3c2)cc1,NaN,0,NaN,IJWKBZSTSGACBS-UHFFFAOYSA-N
3858,O=C(CC1(C2CCCCC2)C2CC3CC1CC(C2)C3O)N1CC(O)C1,NaN,0,NaN,WVMAEGYWMNUMKW-UHFFFAOYSA-N
3859,C[C@]12CC[C@H](O)C[C@@H]1CC[C@@H]1[C@@H]2CC[C@]23COC(O)(CO)[C@H]2CC[C@@H]13,NaN,0,NaN,MRRYTJCUHFJPKO-WINXUJLWSA-N
3860,O=C(NC(=S)N1CCOCC1)C12CC3CCC(CC(C3)C1)C2,NaN,0,NaN,NZJJSJDGHKYNJE-UHFFFAOYSA-N
3861,CS(=O)(=O)N1CCC(NC(=O)NC23CC4CC(CC(C4)C2)C3)CC1,NaN,0,NaN,DBPGHZGPUBWOQS-UHFFFAOYSA-N
3862,NC(=O)Cn1c(-c2ccc(C(F)(F)F)cc2)nc2cccnc21,NaN,0,NaN,WWQKAOKBUZCUNK-UHFFFAOYSA-N
3863,NS(=O)(=O)Nc1ccc(-c2ccc(C(F)(F)F)cn2)cc1,NaN,0,NaN,BXKQWJYIVJXTHY-UHFFFAOYSA-N
3864,N=c1scc(-c2ccc(Cl)cc2)n1CC(=O)N1CCOCC1,NaN,0,NaN,IHOGKRIRHORAHV-UHFFFAOYSA-N
3865,CC(C)[C@@]12CC[C@@](C)(O1)[C@@H]1CC[C@@](C)(O1)[C@@H](O)C[C@@H]1O[C@@]1(C)[C@H](O)C2,NaN,0,NaN,FWUKIAFAAFHKRT-NCSOOZNJSA-N
3866,NNC(=O)c1csc(-c2ncc(C(F)(F)F)cc2Cl)n1,NaN,0,NaN,BZYOGTZMFZYETQ-UHFFFAOYSA-N
3867,C=C1[C@H](O)CC[C@@]2(CO)CCC34C(=O)O[C@@H](C[C@H]3C)[C@H]3C[C@H]1[C@@H]2[C@H]34,NaN,0,NaN,AVNWGGNJKGTWGP-SUQSCFFWSA-N
3868,C=C1C[C@]23C[C@H]1CC[C@H]2[C@]1(C)CCC[C@](O)(CO)[C@H]1C[C@@H]3O,NaN,0,NaN,CBTYVMGUIKYRIF-KYQPOWKGSA-N
3869,Cc1sc2nc(SCC(=O)N3CCCC3)nc(O)c2c1C,NaN,0,NaN,BUKYRSNOIIOZHX-UHFFFAOYSA-N
3870,CC(=O)c1c(C)nn(CC(=O)Nc2ccc(Br)cc2)c1C,NaN,0,NaN,NTHWMPZTZFRAOQ-UHFFFAOYSA-N
3871,N#Cc1sc2nc(N3CCCCC3)c3c(c2c1N)CCCC3,NaN,0,NaN,RRLGGVIHPNVPDU-UHFFFAOYSA-N
3872,O=C(CN1C(=O)CSC1=S)Nc1ccc(C(F)(F)F)cc1,NaN,0,NaN,YQMZKWWZMPJRDE-UHFFFAOYSA-N
3873,O=C(NC1CCCC1)NC1CCC(C(=O)N2CCSCC2)CC1,NaN,0,NaN,WDEAZDOVVAHKCM-UHFFFAOYSA-N
3874,C[C@]12CC[C@@H]3[C@](CC[C@@H]4[C@](C)(CO)C[C@@H](O)C[C@]43C)(C1)OC2=O,NaN,0,NaN,MZTIRWMPPDNPFV-UETVFZEGSA-N
3875,CC(=O)NC(C)(C)CC1=C[C@@]2(C)C(=O)C(C)(C)NC(C)=C2C1=O,NaN,0,NaN,IGRYWJPZWRJWMU-GOSISDBHSA-N
3876,CC(C)[C@H]1CC[C@]23C[C@@H]4[C@H](C)C(=O)[C@H]5O[C@]54[C@@]2(C)[C@@H](O)C(=O)[C@]13C,NaN,0,NaN,QRAOOADPSNNYON-GUMRYWFSSA-N
3877,CC(C)=CCC(=O)C(C)CCC[C@]1(C)OC[C@]2(CC=O)CC[C@H]1O2,NaN,0,NaN,XWSSJHFFYIZUGV-ZNBHLAFESA-N
3878,CCC1=C(Sc2cc(C)cc(C)c2)C(COCCO)C(=O)NC1=O,NaN,0,NaN,SEJVZZWRFRVERW-UHFFFAOYSA-N
3879,CCCCCC[C@H](O)[C@@H]1C[C@@H](OC)C2=C(O1)[C@H](O)CCC2=O,NaN,0,NaN,KZJHCFVWRNCUKY-PMOUVXMZSA-N
3880,C=CCCCCC(=O)N[C@H]1CN(C(=O)CCCCC=C)C1=O,NaN,0,NaN,KVQSLCFEIDKZEC-AWEZNQCLSA-N
3881,CN(C)/C=C/C=C(/C=N/S(=O)(=O)C(F)(F)F)C1C=CN(S(=O)(=O)C(F)(F)F)C=C1,NaN,0,NaN,DSSPGWGOXYWEBC-QWYOPQJPSA-N
3882,CC(C)c1ccc(/C(=C\CC([NH3+])C(=O)[O-])c2ccsc2)cc1,NaN,0,NaN,LMXWPUHEXUOSBI-FRKPEAEDSA-N
3883,C=C(c1cc(Br)c(OC)c(C(=O)OC)c1)c1cc(Br)c(OC)c(C(=O)OC)c1,NaN,0,NaN,XONWPKUJNMMKBG-UHFFFAOYSA-N
3884,CS/C(=[NH+]\C(=S)N(C)C)N(c1ccccc1)c1nc(N(C)C)s[s+]1,NaN,0,NaN,CACVYLGVXIOLDW-PEZBUJJGSA-O
3885,CCCC(=O)NC[C@H]1O[C@H](OC)[C@H](O)[C@H]2OC(C)(C)O[C@H]21,NaN,0,NaN,FUMMSBBRVFFGPO-ZMHPAJMFSA-N
3886,CO[C@H]1CC[C@@](C)(OC(C)=O)[C@@H]2O[C@H](C[C@]1(C)O)[C@@H]1[C@H]2[C@@H](C(C)C)CC[C@@]1(C)OC(C)=O,NaN,0,NaN,BUELVYILCKREMF-GOKMBTTKSA-N
3887,O=[N+]([O-])C(C(Cl)=C(Cl)Cl)=C(N1CCOCC1)N1CCOCC1,NaN,0,NaN,GCCKMFCEGDHXLQ-UHFFFAOYSA-N
3888,CC1(C)OC2C(O)C(CO)OC2(C(F)F)O1,NaN,0,NaN,XJISWBRFPIQWMB-UHFFFAOYSA-N
3889,CCCCN1CCc2c(C)c(NS(C)(=O)=O)c(C)c(NC(=O)C(C)C)c21,NaN,0,NaN,NZNKKVAKWFXYMP-UHFFFAOYSA-N
3890,CC(=O)N1CCC(NC(=O)NC23CC4CC(CC(C4)O2)C3)CC1,NaN,0,NaN,CMZPZHKQYHIDFV-UHFFFAOYSA-N
3891,O=C1C(Cl)=CC2(C=C1Cl)CCNC1=C2C(=O)c2nc[nH]c2C1=O,NaN,0,NaN,UYMCQKPJTNXNMG-UHFFFAOYSA-N
3892,Nc1nc(-c2ccccn2)nn1C(=O)c1ccc(C(F)(F)F)cc1,NaN,0,NaN,OTFGFYGXBRSCPI-UHFFFAOYSA-N
3893,NS(=O)(=O)c1cc(C(=O)N2CCCC2)c(Cl)cc1S,NaN,0,NaN,ZUEWEISLZAHQML-UHFFFAOYSA-N
3894,CN1C(=O)C(O)(c2sc(N)nc2-c2ccccc2)c2ccccc21,NaN,0,NaN,JDCQTYITXUSUFP-UHFFFAOYSA-N
3895,Cc1nnsc1C1=NNC(=O)/C1=C\c1cn(C)c2cccc(F)c12,NaN,0,NaN,ADIQIFNAYVHQDY-POHAHGRESA-N
3896,O=C(/C(=N\O)n1cncn1)c1ccc(Br)cc1Br,NaN,0,NaN,ZQEHBOYABWJKBO-XNTDXEJSSA-N
3897,O=C1NC(=O)C(c2ccccc2)(c2ccc(C(F)(F)F)cc2)N1,NaN,0,NaN,IZXGSGIUEANBRF-UHFFFAOYSA-N
3898,O=C(NNC(=O)c1ncccc1O)c1ccc(C(F)(F)F)cc1,NaN,0,NaN,CFHPFQKKUNCKND-UHFFFAOYSA-N
3899,O=C(NNC(=O)c1ccncc1)Nc1ccc(Br)cc1,NaN,0,NaN,HLDQXCGOODMIFO-UHFFFAOYSA-N
3900,Cn1nc(NC(=O)C(F)(F)F)c2ncc(-c3ccccc3)nc21,NaN,0,NaN,NVDWJYBLSPXECH-UHFFFAOYSA-N
3901,O=C(NC(=S)Nc1ccc(C(F)(F)F)cc1)c1csnn1,NaN,0,NaN,QWCABAZTVBRKEU-UHFFFAOYSA-N
3902,Oc1cc(O)cc(-c2cn(-c3c(O)c(F)cc(F)c3F)nn2)c1,NaN,0,NaN,CSGBOKHATZANJU-UHFFFAOYSA-N
3903,Oc1nc2cc(I)c(Cl)nc2nc1O,NaN,0,NaN,MKSZPHVRHUPQAF-UHFFFAOYSA-N
3904,N#Cc1c(N)[n+]([O-])c2cc(Cl)c(Cl)cc2[n+]1[O-],NaN,0,NaN,GCSYYCFQMALOSD-UHFFFAOYSA-N
3905,CC(=O)Nc1ccc(S(=O)(=O)c2ccc(S(N)(=O)=O)s2)cc1,NaN,0,NaN,UTKJONRFDNBJNM-UHFFFAOYSA-N
3906,CNC(=O)C(c1csnn1)S(=O)(=O)c1ccc(OC)cc1,NaN,0,NaN,ALYPKCVWBACFGV-UHFFFAOYSA-N
3907,O=C1NC(=S)NC(=O)C1=NNc1ccc(SC(F)F)cc1,NaN,0,NaN,XKNUJXQZRHQQIA-UHFFFAOYSA-N
3908,CCCS(=O)(=O)NCCc1noc(C)n1,NaN,0,NaN,DWGXTBUJPLJGCO-UHFFFAOYSA-N
3909,COCCOC(=O)c1[nH]c2c(c1C)C(=O)C(C(=O)OC)C(C)C2,NaN,0,NaN,ANUJABXYVZIPGJ-UHFFFAOYSA-N
3910,Cc1cc(O)c(C(C)C)cc1N=Cc1ccc(N(C)C)cc1,NaN,0,NaN,JICLFSVEWIEWCK-UHFFFAOYSA-N
3911,CCOCn1c(C(C#N)c2cc(C)cc(C)c2)cc(=O)n(O)c1=O,NaN,0,NaN,AFWKKTOYWFFWEX-UHFFFAOYSA-N
3912,O=C(Nc1ccc(Br)c(Cl)c1)c1cc(F)ccc1O,NaN,0,NaN,HTOYDDBUJRCJEF-UHFFFAOYSA-N
3913,CCOC(=O)c1c(/N=C/C2C(=O)NC(=S)NC2=O)sc(C)c1C,NaN,0,NaN,DTXYMIHBEVYVEM-PJQLUOCWSA-N
3914,O=c1ccc2cc(S(=O)(=O)NCc3ccc(Br)cc3)ccc2[nH]1,NaN,0,NaN,BIUXFNWJADOMGQ-UHFFFAOYSA-N
3915,N#Cc1c(-c2ccc(OC(F)(F)F)cc2)[n+]([O-])c2cc(F)c(F)cc2[n+]1[O-],NaN,0,NaN,ZLDNAMAFOGTSSB-UHFFFAOYSA-N
3916,N=C1O[NH+]=C(N)C1C(CS(=O)(=O)c1ccc(Cl)cc1)S(=O)(=O)c1ccc(Cl)cc1,NaN,0,NaN,KUOBJWFPGDSYLK-UHFFFAOYSA-O
3917,CC(C)C1=[NH+][C@H]2CC[C@]34C[C@]35C(=O)C[C@]3(C)[C@@H]([C@H](C)[NH+](C)C)[C@H](O)C[C@@]3(C)[C@@H]5CC[C@H]4[C@]2(C)CN1,NaN,0,NaN,SFXVFHUGPHQWAG-PDIVMOMKSA-P
3918,CC(C)(C)c1nnn(CC(I)=C(I)I)n1,NaN,0,NaN,VVMXQBLRLJNLKL-UHFFFAOYSA-N
3919,Cc1cc2c3c(cc(C)n2C)cc(=O)cc3o1,NaN,0,NaN,UNQYOUBBRGJWDZ-UHFFFAOYSA-N
3920,Cc1cc2c(ccc3c(C)cc(=O)oc32)o1,NaN,0,NaN,PFFGIQUVLUEURV-UHFFFAOYSA-N
3921,CC(C)(C)COC1OC(=O)C(Cl)=C1Cl,NaN,0,NaN,HDLNHRVQXWIOKN-UHFFFAOYSA-N
3922,Cc1nc(N)c2c3c(sc2n1)CCCC3,NaN,0,NaN,WVHVEKNMMTUUCR-UHFFFAOYSA-N
3923,COC(=O)c1cncc(-c2cscc2C)c1,NaN,0,NaN,AGKAVIDMERROTI-UHFFFAOYSA-N
3924,Oc1c(F)c(F)c(Cn2cc[nH]c2=S)c(F)c1F,NaN,0,NaN,KYIHFYLXPPNAKG-UHFFFAOYSA-N
3925,COc1ccc(-n2cc(Cl)ccc2=O)cc1,NaN,0,NaN,CPVAYQQAMXFQLP-UHFFFAOYSA-N
3926,COc1cc(OC)c2c(C)coc2c1,NaN,0,NaN,NZVKZCQWVUFEHE-UHFFFAOYSA-N
3927,Cc1oc2cc3oc(=O)ccc3cc2c1C,NaN,0,NaN,SXACOUILNSSCPR-UHFFFAOYSA-N
3928,NN=C1C(Cl)=C(Cl)C(Cl)=C1Cl,NaN,0,NaN,WFSIMDXRURSONJ-UHFFFAOYSA-N
3929,O=C1C=CC(=O)N1c1cc(Cl)cc(Cl)c1,NaN,0,NaN,OSSFTHGZMNLASE-UHFFFAOYSA-N
3930,O=C1c2c(Br)sc(Br)c2C(=O)C1(O)O,NaN,0,NaN,CPYBQJIFYCVZDC-UHFFFAOYSA-N
3931,C/C(=C\C(=O)c1c(O)cc(C)oc1=O)N(C)C,NaN,0,NaN,XWNRFVIKCJUDKE-FNORWQNLSA-N
3932,Cc1cc2c(o1)c(C)cc1c(C)cc(=O)n(C)c12,NaN,0,NaN,BNKSKQXNUGCBBE-UHFFFAOYSA-N
3933,COc1ccc(-n2ccsc2=S)cc1,NaN,0,NaN,WLYIDEONCOKUSY-UHFFFAOYSA-N
3934,Cc1cc2cc(=O)cc3oc(C)cc(o1)c23,NaN,0,NaN,XMBHPPIZLUISDL-UHFFFAOYSA-N
3935,CC(C)(C)C#Cc1cc2nsnc2cc1N,NaN,0,NaN,WDSAITJAWVUIFG-UHFFFAOYSA-N
3936,CC(C)(C)C1=CC(=O)C(=O)C(C(C)(C)C)=C1,NaN,0,NaN,NOUZOVBGCDDMSX-UHFFFAOYSA-N
3937,O=C1C=Cc2c(Cl)sc(Cl)c21,NaN,0,NaN,OYCVLEGAUGFXEI-UHFFFAOYSA-N
3938,CCS(=O)(=O)NCCNc1c(C#N)cnc2c(F)cc(F)cc12,NaN,0,NaN,PUROBUHQSJURTA-UHFFFAOYSA-N
3939,Cc1cc(=O)oc2nc3scc(C)c3cc12,NaN,0,NaN,ODBOZJPXHKDYDJ-UHFFFAOYSA-N
3940,CC1=CC(=O)C=CC1=Nc1ccc(N(C)C)cc1,NaN,0,NaN,IUCMTDKRLIEOCH-UHFFFAOYSA-N
3941,C1CCC([C@H]2OO[C@@H](C3CCCC3)[C@H]3O[C@H]32)C1,NaN,0,NaN,UTNCCRBPQAKKER-LVEBTZEWSA-N
3942,Cc1sc2nc(C(C)C)oc(=O)c2c1C,NaN,0,NaN,AKXXQSXMCNNFMM-UHFFFAOYSA-N
3943,C=CCn1ccc(=O)c2ccc(Cl)cc21,NaN,0,NaN,VLLRPEYRMIVDJM-UHFFFAOYSA-N
3944,C=C1CC[C@H]2C(=C)CC[C@@H]3[C@H](OC(=O)[C@H]3C[NH2+][C@@H](CC(N)=O)C(=O)[O-])[C@@H]12,NaN,0,NaN,MZFVEYVQALPRDY-HHHJXDIYSA-N
3945,O=[N+]([O-])c1ccc2c(c1)S(=O)(=O)[NH+]=C2Nc1cccc(Br)c1,NaN,0,NaN,SHUUNPSCBHSWDW-UHFFFAOYSA-O
3946,O=C1OC(OCC#CCOC2OC(=O)C(Cl)=C2Cl)C(Cl)=C1Cl,NaN,0,NaN,RVNZYECYGFHVQA-UHFFFAOYSA-N
3947,O=C1NC(=O)C(=C/C=C/c2coc3ccc(Br)cc3c2=O)C(=O)N1,NaN,0,NaN,FDATVVQAQIPPAG-OWOJBTEDSA-N
3948,CN(c1ccc2ccccc2c1)S(=O)(=O)c1ccc2[nH]c(=O)c(=O)[nH]c2c1,NaN,0,NaN,HSAXTPZNMSIOAI-UHFFFAOYSA-N
3949,O=C1NC(=O)C(=Cc2ccc(-c3ccc(I)cc3)o2)C(=O)N1,NaN,0,NaN,FVMHKWODFWRCDT-UHFFFAOYSA-N
3950,CC(C)[C@H](C)/C=C/[C@@H](C)[C@H]1CCC2C3=CC(=O)O[C@@]3(O)CC[C@@]21C,NaN,0,NaN,UINDYEKBRZRPSX-JWAFZVKMSA-N
3951,O=[N+]([O-])c1ccc(/N=C/C=C(\O)c2ccc(Br)cc2)cc1,NaN,0,NaN,MNNLKMJYZKWVKZ-NQZUYODNSA-N
3952,OCCCCCCC1COOC2(CCCCCCCCCCC2)OO1,NaN,0,NaN,MLMBVGRUFQDIMK-UHFFFAOYSA-N
3953,CCOC(=O)CSC1=C(C#N)C(=O)NC2(CCCCC2)S1,NaN,0,NaN,PDLJYQTTWXXLFM-UHFFFAOYSA-N
3954,C=CCn1c(S)nnc1CNS(=O)(=O)c1ccc(Br)cc1,NaN,0,NaN,BFSXDOGCKWIMSK-UHFFFAOYSA-N
3955,CCNc1nnc(SCc2csc(CS(C)(=O)=O)n2)s1,NaN,0,NaN,GXJGWKMOVKCYGU-UHFFFAOYSA-N
3956,O=C(c1cc(-c2cc(F)c(Cl)cc2Cl)n[nH]1)N(CCO)CCO,NaN,0,NaN,LHAWYJFPZZTEGO-UHFFFAOYSA-N
3957,O[C@H]1[C@H](O)[C@@H](C[NH+](CC2CCCCC2)CC2CCCCC2)O[C@@H]1CC[C@H]1O[C@H](C[NH+](CC2CCCCC2)CC2CCCCC2)[C@@H](O)[C@@H]1O,NaN,0,NaN,WQPBAUWHKLFYPZ-CVOAXWMXSA-P
3958,C=C1CC[C@H]([C@@H](C)CO)[C@@H]2[C@H]1[C@H]1CC(=C)[C@@H](O)CC[C@@](C)(OC(=O)C(CC)OC(=O)CCC)[C@@H]2O1,NaN,0,NaN,WGQGOTJWEADVEY-QXVCFRDDSA-N
3959,CC(=O)c1c(C)oc2ccc(N(C(C)=O)S(=O)(=O)c3ccc(Br)cc3)cc12,NaN,0,NaN,QISMQYJWGGATLU-UHFFFAOYSA-N
3960,C=C1[C@@H](O)CC[C@@]2(C)C[C@H](OC)C3=C(C)C[C@H](C(=O)C(C)C(C)O)[C@@H]([C@@H](OC(C)=O)[C@H]12)C3(C)C,NaN,0,NaN,GNLIHSBTKXKQNZ-DOJQEADBSA-N
3961,N#Cc1ccc(/C=C/C(=O)Nc2ccc(S(N)(=O)=O)cc2)cc1,NaN,0,NaN,RUDKTTVMPVEEGS-BJMVGYQFSA-N
3962,C=C1C[C@@H]2C/C=C/C(=O)C/C(C)=C/C=C/C(=O)O[C@H]([C@H](O)NC(=O)/C=C\C=C\C)C/C(C)=C/[C@H](C1)O2,NaN,0,NaN,NJZJMJVVSZTAGX-NTEWZMCASA-N
3963,COC(=O)[C@H]1[C@@H](C(=O)OC)[C@@]23C=C(C(C)C)[C@@H]1C[C@@H]2[C@@]1(C)CCC[C@@](C)(C(=O)OC)[C@@H]1CC3,NaN,0,NaN,JPLRBUFIJJAJFM-BPNMLAGBSA-N
3964,CC(=O)O[C@@H]1CC[C@]2(C)[C@@H](C[C@H](O)[C@]34C[C@H](CC[C@@H]23)[C@@]2(CO2)C4)[C@@]1(C)CO,NaN,0,NaN,LXBUVOZBKSGSBB-CGMSRZAYSA-N
3965,C=C1C[C@H]2O[C@H]([C@H]3[C@@H]2[C@](C)(OC(C)=O)CC[C@@H]3C(C)C)[C@](C)(OC(C)=O)CC[C@@H]1OC(C)=O,NaN,0,NaN,OZGFSWJUYGOEFE-LBMCJUAKSA-N
3966,C=C1CC2OC3[C@H]4C(CC[C@@](C)(OC(=O)CCC)[C@@H]24)[C@@H](C)C(=O)O[C@@]3(C)CC[C@H]1OC(C)=O,NaN,0,NaN,VFRMMXJTKVAFEN-HWEMHQRASA-N
3967,C/C=C/C=C\C(=O)NC(O)[C@@H]1C/C=C/[C@@H]2CCC[C@H](C/C=C/C(=O)C/C(C)=C\C=C\C(=O)O1)O2,NaN,0,NaN,LPWUFIUMIHAXRU-KEUUMWPCSA-N
3968,C#CCSc1nc(Sc2ccc(N)s2)c(C#N)c(-c2cc(OC)c(OC)c(OC)c2)n1,NaN,0,NaN,YMXSOCXLJKNMSH-UHFFFAOYSA-N
3969,CC(=O)OC/C=C(\COC(C)=O)C(C[C@@]1(C)[C@H](C)CC[C@]2(C)[C@@H]1CCCC21CO1)OC(C)=O,NaN,0,NaN,RWPGHNGOXXPBCL-COJLEWICSA-N
3970,CCCCCC(C)SCC1C2CCC(O2)C1C/C=C\CCCC(=O)[O-],NaN,0,NaN,JPUVEYMMQIVSGF-YVMONPNESA-M
3971,CCCCCCCC/C=C/[C@@H](O)[C@@H]1COC(=O)N1C(=O)C1CCCC1,NaN,0,NaN,DMIPTBOHLUSYCT-OBNAIBOFSA-N
3972,O=C([O-])CCC/C=C\CC1C2CCC(O2)C1CSCC1CCCCC1,NaN,0,NaN,NWFGCXFIIAQPKD-BHQIHCQQSA-M
3973,CCCCP(=O)(O)C1=CC[C@H](NC(=O)CCCC[C@@H]2SC[C@@H]3NC(=O)N[C@@H]32)C1,NaN,0,NaN,XSPYVQUZDCELLN-MBGYTDRXSA-N
3974,CCCCC1CCC(C(=O)N(CC(C)C)c2c(N)n(CCCC)c(=O)[nH]c2=O)CC1,NaN,0,NaN,JPEVQTRGFLKLLW-UHFFFAOYSA-N
3975,CCCCCCCCCCCCCC[C@@]1(O)C[N+](C)(C)C[C@@H](CC(=O)[O-])O1,NaN,0,NaN,HSPCYTRRYYAFIK-IRLDBZIGSA-N
3976,CCCCCCCCCCCCNP(=O)(O)C1CCCN(O)C1=O,NaN,0,NaN,BTAJETQFOLUQRY-UHFFFAOYSA-N
3977,CCCCS(=O)(=O)/C=C(\C)C[C@@H]1OCC(C[C@@H]2O[C@H]2[C@@H](C)[C@H](C)O)[C@@H](O)[C@H]1O,NaN,0,NaN,FNLZYKUJCRAPQF-KCIVQYOLSA-N
3978,CCCCCCCCC/C=C/C(=O)N[C@H]1C[C@@]2(O)C(=O)C=C[C@@H](Cl)[C@@H]2O[C@H]1O,NaN,0,NaN,BQBLZAMUHGIEFL-JRVIZFGFSA-N
3979,C[N+]1(CCCCCCCCCCCC[N+]2(C)CCOCC2)CCOCC1,NaN,0,NaN,RWKTWTWPAAUDTL-UHFFFAOYSA-N
3980,CCCCCCCCCCCC(=O)n1nc(Br)c(=O)[nH]c1=O,NaN,0,NaN,GMROPZORBFPCMD-UHFFFAOYSA-N
3981,CCCCCCCCCCC(=O)N1CSC[C@H]1C(=O)N1CCCC1,NaN,0,NaN,YMVIAHMKJXCSNV-KRWDZBQOSA-N
3982,[NH2+]=C(CCCCCCCCCCCCC(=[NH2+])N1CCCCC1)N1CCCCC1,NaN,0,NaN,MVTIGEGCPQWGPB-UHFFFAOYSA-P
3983,C/N=c1\scc(C)n1/N=C/c1cc(Br)c(O)c(Br)c1,NaN,0,NaN,COSUZGVXHAHASW-GJFCQGFISA-N
3984,CC(C)NC(=O)N(C)C1CCS(=O)(=O)C1,NaN,0,NaN,RMWFRPZNASSVCZ-UHFFFAOYSA-N
3985,C/C=C/CC[C@H](C[C@@H]1OC(=O)[C@H]1CCCCCC)OC(=O)[C@@H](NC=O)C(C)C,NaN,0,NaN,SGAVVUJRWLETGD-YAQNLHKWSA-N
3986,O=C1C=CC(=O)c2c(O)nc(CCBr)nc21,NaN,0,NaN,ADMYAVGYYRVTKQ-UHFFFAOYSA-N
3987,C1C[NH2+][C@@H]2C(C1)C[C@H]1C[C@@H]2C[NH+]2CCCC[C@H]12,NaN,0,NaN,PCTYDEAPIWWHMV-ADSKKKOISA-P
3988,Cc1csc2c(=O)n(CCO)c(=O)[nH]c12,NaN,0,NaN,OVUMRFNNKLCWIR-UHFFFAOYSA-N
3989,O=S1(=O)CCC(NC(=S)N2CCOCC2)C1,NaN,0,NaN,QBTSDLULPYTFCR-UHFFFAOYSA-N
3990,Cc1nc2[nH]ccn2c(=O)c1CCO,NaN,0,NaN,YQWVHVDRCIBXGV-UHFFFAOYSA-N
3991,CC[NH+](CC(=O)NC(C)C)Cc1nc(O)c2cc(Br)cc(Br)c2n1,NaN,0,NaN,NNTFNPBPNRHFFO-UHFFFAOYSA-O
3992,Cc1n[nH]c(SC2C=CS(=O)(=O)C2)n1,NaN,0,NaN,YIFFDXRDUAOVIK-UHFFFAOYSA-N
3993,C1CC[NH+]2C[C@@H]3C[C@@H](C[NH+]4CCCCC34)C2C1,NaN,0,NaN,SLRCCWJSBJZJBV-HESLUPGFSA-P
3994,C/[NH+]=C(\SC)N(C)c1nc(=[N+](C)C)ss1,NaN,0,NaN,GRVPIGCDHPDMNC-TWGQIWQCSA-O
3995,CN(C)/C=C1\C(=O)NN=C1C(F)(F)F,NaN,0,NaN,UUZYFCRCCLIPCT-ARJAWSKDSA-N
3996,CC(C)(C)OC(=O)N1CCOCC(CO)C1,NaN,0,NaN,SLJSFXUOECCLPA-UHFFFAOYSA-N
3997,C[N+]12CCC(CC1)C(C#N)([NH+]1CCOCC1)C2,NaN,0,NaN,CYCZWAYOSRRYDY-UHFFFAOYSA-O
3998,C1CC[NH+]2C[C@@H]3CCC[NH+]4CCC[C@@H]([C@H]34)[C@H]2C1,NaN,0,NaN,UENROKUHQFYYJA-YJNKXOJESA-P
3999,Oc1cc(O)n2ncc(Br)c2n1,NaN,0,NaN,YEKFCEYLMULEEQ-UHFFFAOYSA-N
4000,CC(=O)OC[C@H](OC(C)=O)[C@@](C)(O)/C=C/C=C(C)/C=C/C1=C(C)CCCC1(C)C,NaN,0,NaN,YGCAYDQENMEEKN-CMBAWJKISA-N
4001,C[Si]1(C)OB(O)c2cc(F)c(C=O)c(F)c21,NaN,0,NaN,PKFXLQNZOZPYSP-UHFFFAOYSA-N
4002,Cc1nn(C)c2sc(C(N)=O)c(N)c12,NaN,0,NaN,OULGHWYAFYSZGK-UHFFFAOYSA-N
4003,CCC1Nc2ccncc2S(=O)(=O)N1,NaN,0,NaN,WHKQNZOJJYEVAX-UHFFFAOYSA-N
4004,O=C(N1CCCCCC1)N1CC[NH2+]CC1,NaN,0,NaN,JUXPKLBIQOHCHE-UHFFFAOYSA-O
4005,CC(C)(C)OC(=O)N1C[C@@H]2CC[NH2+][C@@H]2C1,NaN,0,NaN,NYGXZCRPVBPJTA-DTWKUNHWSA-O
4006,CCN1C(=O)/C(=C\N(C)C)NC1=S,NaN,0,NaN,UMUSKABQQVVJSB-AATRIKPKSA-N
4007,Cc1nsc(NC2CCN(C)C2=O)n1,NaN,0,NaN,WDPSBCMWGLACEO-UHFFFAOYSA-N
4008,CC#Cc1cnn2c(NC)nc(C)nc12,NaN,0,NaN,DUKJKZOGLGVSGG-UHFFFAOYSA-N
4009,Cc1cn2cc(S(N)(=O)=O)sc2n1,NaN,0,NaN,NMJIXJIJAHRTGA-UHFFFAOYSA-N
4010,Cc1cc(=O)n(CC(C)O)c(O)c1C#N,NaN,0,NaN,NLTJXLAEWGZNOT-UHFFFAOYSA-N
4011,CC1(C)S(=O)(=O)CC(O)CS1(=O)=O,NaN,0,NaN,LSOVMPJNNIHTQP-UHFFFAOYSA-N
4012,CCCC1C[C@H]2CCCC[NH+]2[C@H]2CCC[NH+]12,NaN,0,NaN,LYCOMYYBFDXJFS-ILMHWDKJSA-P
4013,C[C@H]1CCN[P@@](=O)(N(CCCl)CCCl)O1,NaN,0,NaN,FKEBIELXSBGYPQ-AYVTZFPOSA-N
4014,Nc1ccc([As](=O)(O)c2ccc([N+](=O)[O-])cc2)cc1,NaN,0,NaN,WJBCVBMNIFVIPT-UHFFFAOYSA-N
4015,CC1(C)CC(NC(=O)C2CCCCC2C(=O)[O-])CC(C)(C)[NH2+]1,NaN,0,NaN,QBTDSHSSSIGVRG-UHFFFAOYSA-N
4016,Nn1c(SCC(=O)NC2CCCCC2)nnc1C1CC1,NaN,0,NaN,JQABYMVTRIRKBI-UHFFFAOYSA-N
4017,C[C@@]12OC(=O)[C@]1([C@@H](O)C1CCCCC1)NC(=O)[C@@H]2CCCCl,NaN,0,NaN,YQXBYNPDPJTCPP-APYUEPQZSA-N
4018,Nc1nc(CCC(=O)NCc2cn3c(n2)SCC3)cs1,NaN,0,NaN,DAVVPISWDSNCFA-UHFFFAOYSA-N
4019,O=C1NC(=S)N(C2CC2)C(=O)/C1=C/NCC1CCCO1,NaN,0,NaN,YSOOOFFJOSDQBZ-JXMROGBWSA-N
4020,CC(O)C[C@H]1[C@@H](OC2CCCCC2)O[C@H](CO)[C@@H](O)[C@@H]1O,NaN,0,NaN,PJDNUTKOHPACDR-ZMPBYDAFSA-N
4021,Cc1noc(C)c1C[NH2+]C(C(=O)N1CCOCC1)C(C)C,NaN,0,NaN,HYBGVALVUXJRIB-UHFFFAOYSA-O
4022,CC1CCCCC1NC(=O)C(=O)NCC1CCCO1,NaN,0,NaN,QLPFCVOKIOZXPQ-UHFFFAOYSA-N
4023,O=[As](O)(O)c1ccc(/N=N\c2ccc([As](=O)(O)O)cc2)cc1,NaN,0,NaN,ITRMROGJSNWFKO-NXVVXOECSA-N
4024,O=c1[nH]c(=O)n(CCCC2CC2)c2nc(Cl)[nH]c12,NaN,0,NaN,ICEXPZLDOOBYJQ-UHFFFAOYSA-N
4025,C[NH+]1CCOC(C[NH2+]Cc2csc(C3CCCCC3)n2)C1,NaN,0,NaN,QNNRNTSCVAVLJG-UHFFFAOYSA-P
4026,O=C(NC1CCCCC1)[C@H](O)[C@@H](O)C(=O)NC1CCCCC1,NaN,0,NaN,SDIXVJXQBKEXAI-ZIAGYGMSSA-N
4027,CCC(C(N)=O)N1CC(/C=C\F)CC1=O,NaN,0,NaN,YLZPTPADBPEBPI-ARJAWSKDSA-N
4028,CC[C@@H]1C[C@H]1NC(=O)N1CCC(CS(N)(=O)=O)CC1,NaN,0,NaN,GOENATVWBPEREZ-GHMZBOCLSA-N
4029,C=CC[C@@]12C=C(C[C@H](O)C(C)(C)O)C(=O)C=C1OCO2,NaN,0,NaN,LDVFQSQSHHWAPD-SWLSCSKDSA-N
4030,CC1(C)C2CC[C@]3(C)OB(CC[C@H]([NH3+])C(=O)NS(=O)(=O)C(F)(F)F)O[C@]13C2,NaN,0,NaN,AGCVSCGKRJZOKJ-ULLNTPICSA-O
4031,CC(Cn1cncn1)[NH2+]Cc1csc2c1CCCC2,NaN,0,NaN,MQPRIZKHKSXSKG-UHFFFAOYSA-O
4032,O=C(C[NH+]1CCOCC1)NCC12CC3CC(CC(C3)C1)C2,NaN,0,NaN,HNGXFCPCZVNAQA-UHFFFAOYSA-O
4033,O=C(NCCC1=CCCCC1)NC1CCS(=O)(=O)C1,NaN,0,NaN,AJZHBGGZBQZLGM-UHFFFAOYSA-N
4034,O=C(NCC1CCCO1)c1c(O)nc2c(c1O)CCCC2,NaN,0,NaN,KYWVTLXWGCGHHH-UHFFFAOYSA-N
4035,CC1(C)O[C@@H]2[C@@H](CC[C@@]3(COS(N)(=O)=O)CCC[C@@H]23)O1,NaN,0,NaN,CSQOGCMLRWNQNN-SRRSOLGSSA-N
4036,O=C(C[NH2+]C1CCCCC1)N1CCC2(CC1)OCCO2,NaN,0,NaN,GNXVKWOMNPSJJG-UHFFFAOYSA-O
4037,CC[NH2+]C[C@@H]1C(=O)O[C@H]2[C@H]1CCC(C)=C1C[C@H]3O[C@@]3(C)[C@@H]12,NaN,0,NaN,SPWBQBBRIVVIJJ-RWRJGHIISA-O
4038,Cn1c(=O)c(C(=O)CCl)c(N)n(CC2CC2)c1=O,NaN,0,NaN,SUGNLQJJGCPBLH-UHFFFAOYSA-N
4039,NC(=[NH2+])SCCO[C@H]1CC[C@H]([C@H]2CC[C@](O)(CC(=O)[O-])CC2)CC1,NaN,0,NaN,AXHJHBJQQWLDTO-FZHAXYQESA-N
4040,C=CCCCO[C@H]1O[C@H](CO[C@H]2O[C@H](CO)[C@@H](O)[C@@H]2O)[C@@H](O)[C@@H]1O,NaN,0,NaN,WEBOGJPSZGHJKS-QTRYOLNXSA-N
4041,CC1=[NH+][C@@]2(CC[C@@H]3CN(S(=O)(=O)CC(C)C)C[C@@H]32)C(=O)N1CC1CC1,NaN,0,NaN,IAMAYJZIYGUXGB-SOLBZPMBSA-O
4042,CCC1=[NH+][C@@]2(CC[C@@H]3CN(S(=O)(=O)N(C)C)C[C@@H]32)C(=O)N1CC(C)C,NaN,0,NaN,OOWPJLBBVMTXAW-JKIFEVAISA-O
4043,CCCCCCCC(O)/C=C/[C@@H]1[C@@H]2OC(=O)[C@@]1(O)C(=O)N[C@@H]2C,NaN,0,NaN,XDVNOKOPZHBIMT-MCBMSAGXSA-N
4044,CO[C@H]1C(=O)N(SC)[C@H]1c1cc(F)cc(F)c1F,NaN,0,NaN,LIXZMQKWADXRMS-VHSXEESVSA-N
4045,CCCCC#CC#C/C=C/CCCCCC[C@@H]1O[C@](C)(OC)[C@@](C)(OC)OC1=O,NaN,0,NaN,JWGHWGOVNNPZRI-NQHFFGNBSA-N
4046,Cc1cc(=O)oc2cc3occ(C=C4C(=O)NC(=S)NC4=O)c(=O)c3cc12,NaN,0,NaN,XFLSPZWMGBJYNY-UHFFFAOYSA-N
4047,O=C(Oc1ccc(O)nn1)c1ccccc1,NaN,0,NaN,UPUADOKDIBPKQY-UHFFFAOYSA-N
,CC(OC(=O)O[C@@H]1C[C@H](C)CC[C@H]1C(C)C)OC(=O)[C@H]1[C@@H]2C[C@H](F)[C@@]([NH3+])(C(=O)[O-])[C@@H]21,0,NaN,NaN,IPAZEPBIOFZFEF-IPOBIIAXSA-N
,CC(C)(Br)[C@@H](Cl)C[C@H](Br)[C@](C)(Cl)/C=C/Br,0,NaN,NaN,WKBBLSRQTDAPOH-PXGKHDNCSA-N
,C/C=C/C=C/C(=O)O[C@@H]1CC[C@]2(CO2)[C@@H]([C@@]2(C)O[C@@H]2CC=C(C)C)[C@@H]1OC,0,NaN,NaN,ASGDZYQVYHQTBL-WHWHLRRHSA-N
,CC(=O)NCCN/C(C)=C1\C(=O)C=C2Oc3c(C(C)=O)c(O)c(C)c(O)c3[C@@]2(C)C1=O,0,NaN,NaN,TUIOGMCZDFUPAG-NCSHYYEOSA-N
,O=C(NC1CCCC1)C(c1ccccc1F)N(C(=O)c1csnn1)C1CC1,0,NaN,NaN,DINREQOOUUELRN-UHFFFAOYSA-N
,CN(C)S(=O)(=O)N(CC(=O)Nc1ccccc1C(F)(F)F)c1ccccc1,0,NaN,NaN,JWFQWTMRWZJFAG-UHFFFAOYSA-N
,O=C(/C=C/c1ccc(O)cc1)c1ccc(NS(=O)(=O)c2cccc(O)c2)cc1,0,NaN,NaN,LKMXKSRHNIQMGH-AWNIVKPZSA-N
,O=C(CCC(=O)Nc1ccc(Br)cc1)N/N=C/c1ccccc1O,0,NaN,NaN,SBIOFJMATGJHSN-YBFXNURJSA-N
,O=C(/C=C/c1ccc(O)cc1)c1cccc(NS(=O)(=O)c2ccc(O)cc2)c1,0,NaN,NaN,OWKDJTZCVGZBMW-AWNIVKPZSA-N
,O=C(c1ccccn1)N(CC1CCCO1)C1(C(=O)NC2CCCCC2)CCCCC1,0,NaN,NaN,ITXHVKOKWFDSNJ-UHFFFAOYSA-N
,O=C(/C=C/c1cccc(NS(=O)(=O)c2ccc(-c3ccccc3)cc2)c1)NO,0,NaN,NaN,WJJAKWHZHVFCOT-NTEUORMPSA-N
,Cc1c(NC(=O)NC(=O)c2c(F)cccc2F)ccc(SC(F)(F)C(F)F)c1C,0,NaN,NaN,YHULVFCFFMQFOP-UHFFFAOYSA-N
,O=C(CCc1ccc(O)cc1)N/N=C1\C(=O)Nc2c(Cl)ccc(Cl)c21,0,NaN,NaN,VSJOBAQBEVSJDM-UHFFFAOYSA-N
,CC12CCC3(CCC(=O)NC45CC6CC(CC(C6)C4)C5)[C@@](C)(OO[C@]3(C)O1)O2,0,NaN,NaN,SYZVJHXSUDKPSR-AMAFMFAQSA-N
,O=C1Oc2ccc(-c3ccccc3)cc2C(=O)/C1=N/Nc1ccccc1[N+](=O)[O-],0,NaN,NaN,SNGPQIFTLWDKCC-NMWGTECJSA-N
,O=C(CN1C(=O)S/C(=C/c2ccco2)C1=O)Nc1ccc(Br)cc1,0,NaN,NaN,YGLUPVMDYUWDLH-MDWZMJQESA-N
,O=C(NC1CCCCC1)C(c1ccncc1)N(CC1CCCO1)C(=O)C(F)(F)F,0,NaN,NaN,ROHLIKBQEIZFMU-UHFFFAOYSA-N
,O=C(/C=C/c1ccccc1O)c1ccccc1NS(=O)(=O)c1cccc(O)c1,0,NaN,NaN,RGWRQHPQXISBCI-OUKQBFOZSA-N
,O=C(Nc1ncc(Nc2ccnc3[nH]c(=O)c4ccccc4c23)cn1)c1ccccc1,0,NaN,NaN,YQONVVWDOUUEGH-UHFFFAOYSA-N
,CC(C)C(C(=O)N/N=C1\C(=O)Nc2c(Cl)ccc(Cl)c21)c1ccc(O)cc1,0,NaN,NaN,YKUZLBWBHXCGHK-UHFFFAOYSA-N
,CN1C(=O)N(c2ccccc2)C2NC(=S)N(/N=C/C=C/c3ccccc3)C21,0,NaN,NaN,SNMUXPCNIPMPFA-DYTMQZIQSA-N
,CCc1noc(C)c1C(=O)N(CC)CC(=O)Nc1ccccc1C(F)(F)F,0,NaN,NaN,BHAAOSUZNZCLKN-UHFFFAOYSA-N
,O=C1C(NS(=O)(=O)c2ccccc2)=C(c2ccoc2)C(=O)c2ccccc21,0,NaN,NaN,INMDWVVNTDJSNE-UHFFFAOYSA-N
,O=S(=O)(Oc1ccc(Cl)cc1)c1ccc(Cl)cc1,0,NaN,NaN,RZXLPPRPEOUENN-UHFFFAOYSA-N
,O=NN(CCCl)C(=O)NC1C(F)(F)C(F)(F)C(F)(F)C(F)(F)C1(F)F,0,NaN,NaN,ZAIGOEGFLICAAW-UHFFFAOYSA-N
,Oc1ccc(F)cc1Sc1cc(F)ccc1O,0,NaN,NaN,QAEAOHFXMHQPCG-UHFFFAOYSA-N
,O=C1C(=O)C(CCCO)(CCCO)CCCCCCCCC1(CCCO)CCCO,0,NaN,NaN,XMCUDPYSSHXCGU-UHFFFAOYSA-N
,CCCCN(CC)c1nc(C)nc2c1c(C)c(CO)n2-c1c(C)cc(C)cc1C,0,NaN,NaN,WIBXXGBZSZMQRN-UHFFFAOYSA-N
,CCCCCC(=O)N[C@@H]1[C@H]2OC(C)(C)O[C@H]2O[C@@H]1[C@H](O)CO,0,NaN,NaN,WXRAYUGOKZVFEN-RHZHCTOVSA-N
,Nc1c(F)c(O)nc(F)c1F,0,NaN,NaN,NVKWELPGIQNUQT-UHFFFAOYSA-N
,O=[N+]([O-])c1ccc(S(=O)(=O)Nc2ccc(I)cc2)cc1,0,NaN,NaN,PBZMAUSOHKHKAD-UHFFFAOYSA-N
,O=[N+]([O-])c1cc(I)c(O)c(/C=N/NS(=O)(=O)c2ccc(Cl)cc2)c1,0,NaN,NaN,NYEIMKJWTQNQBX-FRKPEAEDSA-N
,CS(=O)(=O)c1ccc(Oc2ccc(Br)cc2)cc1,0,NaN,NaN,UTOBNWJHJAXJFP-UHFFFAOYSA-N
,Cc1c(C)c2c(c(C)c1O)CCC(C)(C(=O)NCCNC(=O)CCCCC(S)CCS)O2,0,NaN,NaN,IEMCWENGWPYXQB-UHFFFAOYSA-N
,NC(=O)COC(=O)C12CC3CC(CC(O)(C3)C1)C2,0,NaN,NaN,ZMZUIPUVUZWQNR-UHFFFAOYSA-N
,CC(C)C(=O)Nc1ccc(Sc2ccc(S(N)(=O)=O)s2)cc1,0,NaN,NaN,ZOINOPVMBIRCJK-UHFFFAOYSA-N
,NNc1ccc(S(=O)(=O)C(Cl)(Br)Br)cc1[N+](=O)[O-],0,NaN,NaN,JPKNBHCSLWWEJV-UHFFFAOYSA-N
,Nc1ncc(-c2cc(N3C[C@@H]4C[C@H]3CO4)nc(C3CC3F)n2)cc1OC(F)F,0,NaN,NaN,HUSJMLCNDKZUPC-JYBOHDQNSA-N
,CCC(=O)Oc1c(C(=O)CC)cc2c(C)cc(=O)oc2c1C,0,NaN,NaN,DKRDUEIHHXWBCF-UHFFFAOYSA-N
,O=[As](O)(O)c1ccc(/N=N/c2ccc(O)cc2)cc1,0,NaN,NaN,DJCIIHFJCDJYHI-CCEZHUSRSA-N
,COC(=O)C12C3C4C5C3(C#N)C1C5(C(=O)OC)C42C(=O)N(C(C)C)C(C)C,0,NaN,NaN,NVBXUBMRPKIUAW-UHFFFAOYSA-N
,O=C(CBr)Nc1nnc(C(F)(F)F)s1,0,NaN,NaN,QZJANWLGIWMKMO-UHFFFAOYSA-N
,NS(=O)(=O)c1ccc(/N=C/c2ccc(/C=N/c3ccc(S(N)(=O)=O)cc3)o2)cc1,0,NaN,NaN,FIBMZGDQKAPHFA-XHQRYOPUSA-N
,CC12CCC(C(NC(=O)[C@H](NC(=O)N[C@@H](CCCC[NH3+])C(=O)[O-])C3CCCCC3)C1)C2(C)C,0,NaN,NaN,JGZDQIFIFHMKDO-QMXHKPFUSA-N
,CCCCCCCN1C(=[NH2+])N(CCCC[C@H]2CNC(=[NH2+])N2)C[C@@H]1CC1CCCCC1,0,NaN,NaN,ODLGJAKJIRXDMD-VXKWHMMOSA-P
,CCCCCCn1c(SCCC)nc2c1c(=O)[nH]c(=O)n2C,0,NaN,NaN,FVHPSHRDPKNAEV-UHFFFAOYSA-N
,O=S1(=O)CCC(NC(=S)NCCNC(=S)NC2CCS(=O)(=O)C2)C1,0,NaN,NaN,MJLXKAMSPMPDRF-UHFFFAOYSA-N
,CO[C@H]1[C@@H]2C[C@]3(O)[C@H]1[C@@]1(C[C@@H]2OC)OCO[C@]12C1[NH2+]C[C@]4(C)CC[C@H](OC)[C@@]13[C@@H]4[C@@H]2OC(C)=O,0,NaN,NaN,DKKGMVYWGDJMQC-YFMXNIKJSA-O
,COc1cc(/C=C/CO)c(OC)c(O[C@@H]2O[C@H](CO)[C@@H](O)[C@H](O)[C@H]2O)c1,0,NaN,NaN,SPPYYXOQQMWVFK-QNHGNZIUSA-N
,c1ccc(C[NH+]2CCC([NH2+]CCSc3cnn[nH]3)C2)cc1,0,NaN,NaN,XWFXAEXFXZIVSV-UHFFFAOYSA-P
,OC(c1cccnc1)(c1cccnc1)C(c1ccccc1)[NH+]1CC[NH2+]CC1,0,NaN,NaN,DDCLWOGSNNHDJS-UHFFFAOYSA-P
,Cc1nonc1C[NH2+]C(c1c[nH]cn1)C1CC[NH2+]CC1,0,NaN,NaN,XGCYMPKIYIZNAE-UHFFFAOYSA-P
,O=P([O-])(O)C(O)(C[S+]1CCCC1)P(=O)(O)O,0,NaN,NaN,NIDQMEGMXOZVEY-UHFFFAOYSA-N
,O=c1[nH]c(=O)n(C2OC(CO)C(O)C2O)cc1OCc1ccccc1,0,NaN,NaN,ACWJNEMMZVDODA-UHFFFAOYSA-N
,C(=C\COc1ccc(C2=[NH+]CCN2)cc1)\COc1ccc(C2=[NH+]CCN2)cc1,0,NaN,NaN,DTXPQWHAEILBLI-UPHRSURJSA-P
,Oc1ccc(C[NH2+]CC[NH+]2CCOCC2)cc1O,0,NaN,NaN,ACJGPXXKEYHKIL-UHFFFAOYSA-P
,CCC(OS(N)(=O)=O)[C@@]12OC[C@H]3OC(C)(C)O[C@H]3[C@@H]1OC(C)(C)O2,0,NaN,NaN,IQOAHRIVRZCJRD-PBALRNKDSA-N
,C=C(C)[C@@H]1CC=C(COC2OC(CO)[C@H](O)[C@H](O)[C@H]2O)CC1,0,NaN,NaN,YUTAFQVKXLDYFG-CKGOBZJJSA-N
,COc1ccc(/C=N/O[C@@H]2OC(CO)C(O)[C@H](O)C2O)c(O)c1,0,NaN,NaN,WXJDKATXSOWLAC-XKQXAAPISA-N
,O=C1NC(=O)/C(=C/c2cnn3c(NC4CC4)nc(NN4CCCC4)nc23)N1,0,NaN,NaN,QVGYEJUJGPBCDZ-XFFZJAGNSA-N
,CNS(=O)(=O)c1cc(C)c2[nH]c(=O)cc(C)c2c1,0,NaN,NaN,LSQIHCZOOXPAFV-UHFFFAOYSA-N
,OCC/N=C1/C(O)=C(N2CC2)/C(=N\CCO)C(O)=C1N1CC1,0,NaN,NaN,WYYJRZJRUYMCQR-KAVGSWPWSA-N
,OC[C@H]1O[C@@H](OC/C=C/c2ccc(O)cc2)[C@H](O)[C@@H](O)[C@@H]1O,0,NaN,NaN,CNNXMGXBAZQZDE-HHMSBIESSA-N
,O[C@H]1[C@@H](O)C[NH2+][C@@H]1C[NH2+][C@@H](COCOc1ccc(F)cc1)c1ccccc1,0,NaN,NaN,YGVFJBBOHDKSJL-FUMNGEBKSA-P
,OCC1CC(F)C(n2cnc3c(Cl)ncnc32)O1,0,NaN,NaN,DZZDUTMJKITBNC-UHFFFAOYSA-N
,CO[C@H]1C[NH+](Cc2cc(Cn3cncn3)c(C)cc2C)CC[C@H]1[NH3+],0,NaN,NaN,UKUFNSFBCDLSNQ-MSOLQXFVSA-P
,OC[C@H]1O[C@H](OCCC2CCCCC2)[C@@H](O)[C@@H](O)[C@@H]1O,0,NaN,NaN,ZOEHJKPIASFELA-DGTMBMJNSA-N
,Cc1nc(C[NH2+]Cc2ccc(OC34CCC[NH+](CC3)C4)cc2)n[nH]1,0,NaN,NaN,VWSQPCHIBGQFDF-UHFFFAOYSA-P
,[NH3+]CC[NH2+]CCn1c2c(c3ccccc3c1=O)C(=O)c1ccccc1-2,0,NaN,NaN,YBTJQGVEQHAOOW-UHFFFAOYSA-P
,OCCOCC[NH2+][C@@H]1CC(=S)N2C[C@@H]3CCC[NH+]4CCC[C@@H]([C@H]34)[C@H]2C1,0,NaN,NaN,QYPJPVMLEBEMQT-NRUGXNMXSA-P
,CC(C)=CCC/C(C)=C/CCC(C)[NH+]1CCCC(O)C1,0,NaN,NaN,SSSDYALKOWZXIN-MHWRWJLKSA-O
,O=[N+]([O-])c1ccc(/C=N/O[C@@H]2OC(CO)C(O)[C@H](O)C2O)o1,0,NaN,NaN,JCMWJSQFUNVTGA-UUYXKHDGSA-N
,c1ccc(C[NH+]2CCCC(CNc3ncnc4c3CC[NH2+]CC4)C2)cc1,0,NaN,NaN,PUFHNNPDTPQALJ-UHFFFAOYSA-P
,OC(CON=C1c2ccccc2-c2ccccc21)C[NH+]1CC[NH2+]CC1,0,NaN,NaN,SGMXFQNCTRIYGN-UHFFFAOYSA-P
,O[C@@]1(C[NH2+]CC2(Cn3cccn3)CC2)CCC[NH+]2CCCC[C@@H]21,0,NaN,NaN,BNZZUXPVWYQOJE-SJLPKXTDSA-P
,COc1cccc(-c2n[nH]cc2C[NH2+]C2CCC[NH+](C)C2)c1,0,NaN,NaN,JJYNMECYIZQSAY-UHFFFAOYSA-P
,OC[C@H]1O[C@@H](SSCc2ccccc2)[C@H](O)[C@@H](O)[C@H]1O,0,NaN,NaN,QBQGHUWKYXMVED-SJHCENCUSA-N
,OC(COc1cccc(OCC(O)C[NH+]2CCCC2)c1)C[NH+]1CCCC1,0,NaN,NaN,SQCSTOYDADLFGE-UHFFFAOYSA-P
,Cc1nc(C[NH2+]Cc2cccc(OC34CCC[NH+](CC3)C4)c2)n[nH]1,0,NaN,NaN,AYTUYJYCKIKZSM-UHFFFAOYSA-P
,O[C@@]1(C[NH2+]CC2(Cn3ccnc3)CC2)CCC[NH+]2CCCC[C@@H]21,0,NaN,NaN,FJANZMZIUDXNEF-SJLPKXTDSA-P
,CC1CNC(c2ccc(COc3ccc(C4=[NH+]C(C)CN4)cc3)cc2)=[NH+]1,0,NaN,NaN,ZEIDNKOJILMURK-UHFFFAOYSA-P
,OCc1ccc(-c2ccc(O[C@H]3O[C@H](CO)[C@@H](O)[C@H](O)[C@@H]3O)cc2)cc1,0,NaN,NaN,RDUAOWPPYDZOPB-GFEQUFNTSA-N
,CC(C)C[NH+]1CC[NH+](Cc2ccc(C#CC(C)(C)O)cc2)CC1CCO,0,NaN,NaN,GWJWKHBCSBIDAQ-UHFFFAOYSA-P
,[NH3+][C@H]1CCCC[C@@H]1[NH+](Cc1ccccn1)Cc1ccccn1,0,NaN,NaN,FXRIMHROFSDZBD-ROUUACIJSA-P
,O=Cc1ccc(-c2ccc(F)c(C(F)(F)F)c2)o1,0,NaN,NaN,CBNXGQUIJRGZRX-UHFFFAOYSA-N
,C[C@H](/C=C/[C@]12O[C@@]1(C)C[C@@H](O)CC2(C)C)O[C@@H]1O[C@H](CO)[C@@H](O)[C@H](O)[C@H]1O,0,NaN,NaN,RIUMIKAUMHZQMP-IQUVFKTMSA-N
,C[NH+](CCOc1cccc(C[NH3+])c1)C1CCOCC1,0,NaN,NaN,ZEQBVRQJFANGJA-UHFFFAOYSA-P
,[NH3+][C@H]1C[NH2+][C@H](CCCCCCCCCCOO)[C@H]1O,0,NaN,NaN,PHYPFRBVSYDYAQ-MJBXVCDLSA-P
,c1ccc(C[NH+]2CCC([NH2+]CCSc3cnn[nH]3)CC2)cc1,0,NaN,NaN,XQYCQABTLYEKGX-UHFFFAOYSA-P
,C#CC[NH2+]Cc1ccc(C[NH2+]C2C3C4CC5C6C4C2C6C2(OCCO2)C53)cc1,0,NaN,NaN,CDUCNZJQCHSDNX-UHFFFAOYSA-P
,OC[C@H]1O[C@H](OCC2CCCCC2)[C@@H](O)[C@@H](O)[C@@H]1O,0,NaN,NaN,CXOBIAQSZOENTL-BNDIWNMDSA-N
,N#Cc1ccc(-c2ccc(C[NH2+]CC3CC[NH2+]CC3)o2)cc1,0,NaN,NaN,MOXDUQFMKXUAED-UHFFFAOYSA-P
,OC1(C[NH2+]CCOCc2ccc(Cl)cc2)CCC[NH2+]C1,0,NaN,NaN,FGEODQWLUVBJLE-UHFFFAOYSA-P
,O=S(=O)(NCC(c1ccccc1)[NH+]1CC[NH2+]CC1)c1ccc(Cl)cc1,0,NaN,NaN,OCHOVJBRJLQERP-UHFFFAOYSA-P
,Clc1ccc(-c2nnc(C[NH2+]CC3CC[NH2+]CC3)[nH]2)cc1,0,NaN,NaN,FWTLTMJAKYLVOM-UHFFFAOYSA-P
,O=S1(=O)C[C@@H]([NH2+]Cc2ccccc2)[C@H]([NH2+]Cc2ccccc2)C1,0,NaN,NaN,VBWQFJPGNFMRGR-QZTJIDSGSA-P
,COc1cc(O[C@@H]2O[C@H](CO)[C@@H](O)[C@H](O)[C@H]2O)cc(-c2ccc(O)c(O)c2)c1,0,NaN,NaN,XBEXOBHATDOZLZ-UJWQCDCRSA-N
,[NH3+]CC[C@H]1CNC(CN(Cc2ccccc2)c2ccccc2)=[NH+]1,0,NaN,NaN,JWACBOAGMQLXNK-KRWDZBQOSA-P
,c1ccc2c(c1)C[NH2+][C@@H](C[NH+](CC1CC[NH2+]CC1)[C@H]1CCCc3cccnc31)C2,0,NaN,NaN,SRVUVRQOGYUYEH-RPWUZVMVSA-Q
,Oc1ccccc1/C=N/CC[NH2+]CC[NH2+]CC/N=C/c1ccccc1O,0,NaN,NaN,DSIPJYFJXDMVGG-DFEHQXHXSA-P
,C(/C=C/c1cc2cc(C3=[NH+]CCN3)ccc2o1)=C\c1ccc(C2=[NH+]CCN2)cc1,0,NaN,NaN,PVFHJKCUWBOEEB-ZPUQHVIOSA-P
,OCc1ccc(OC2CC[NH+](CC3CC[NH2+]CC3)CC2)cc1Cl,0,NaN,NaN,WZLPRGJPTLKHOG-UHFFFAOYSA-P
,[NH3+]C(O)C1SC([NH+]2CCOCC2)CC1OCC(F)(F)C1CCCCC1,0,NaN,NaN,FRWMPIYMGIKTCB-UHFFFAOYSA-P
,Brc1ccc(C[NH+]2CCC([NH2+]Cc3ncc[nH]3)CC2)cc1,0,NaN,NaN,VPAUBGDTIFDVMV-UHFFFAOYSA-P
,OC1(C[NH+](Cc2cccnc2)C2CCCCC2)C[NH2+]CCOC1,0,NaN,NaN,JVVAULGTIJAPQK-UHFFFAOYSA-P
,OC(COC1CC[NH2+]CC1)C[NH+]1CCc2ccccc2C1,0,NaN,NaN,CSKMLOKWKQUELH-UHFFFAOYSA-P
,COc1cccc(-c2n[nH]cc2C[NH2+]C2CC[NH+](C3CC3)CC2)c1,0,NaN,NaN,XXCYLWGZSGPQGN-UHFFFAOYSA-P
,O[C@@H](C[NH+]1CC[NH2+]CC1)[C@H](c1ccccc1)n1ccc2ccccc21,0,NaN,NaN,LQXLMIBCEDZZFC-SFTDATJTSA-P
,O=P([O-])(O)C(O)(C[n+]1cccc(-c2ccc(F)cc2)c1)P(=O)(O)O,0,NaN,NaN,WYYOJIJKGLEQPE-UHFFFAOYSA-N
,C=CC[C@H]1[NH2+]C[C@@H](O)[C@H](OCc2ccccc2)[C@H]1O,0,NaN,NaN,AGNLWAQVXYBZDX-KBXIAJHMSA-O
,Oc1ccccc1C[NH2+]CC[NH2+]Cc1ccccc1O,0,NaN,NaN,MLFXJCXPSODAIS-UHFFFAOYSA-P
,N#C[C@@H]1CCCN1C(=O)[C@@H]1C[C@H]([NH2+]C2CCCCC2)C[NH2+]1,0,NaN,NaN,VAKOYBQSJNWTKQ-KKUMJFAQSA-P
,CCNc1nc(N2CC[NH+](C)CC2)nc2c1CC[NH2+]CC2,0,NaN,NaN,VPPIEUBGJJFQRO-UHFFFAOYSA-P
,CCn1c(C[NH+]2CCC(F)CC2)nnc1[C@H]1C[C@@H]([NH3+])C1,0,NaN,NaN,ZWCYMDYDFPVLDA-KLPPZKSPSA-P
,C[C@@]12CC[C@@H]3O[C@H](CO)[C@@H](O)C[C@H]3O[C@H]1C[C@H]1O[C@@H](CCO)[C@H](O)C[C@@H]1O2,0,NaN,NaN,ONPLQJDWRLQJEB-NHEYZGFZSA-N
,CSCc1noc(C[NH+]2C[C@H](C3CC3)[C@@H]([NH3+])C2)n1,0,NaN,NaN,OBBGTECWWCIOHC-ZJUUUORDSA-P
,Cc1nc(C[NH3+])cc(N2CCC([NH+]3CCCC3)CC2)n1,0,NaN,NaN,PBXVBYFRELOKQK-UHFFFAOYSA-P
,C[C@@H](O)/C=C/C=C/[C@H]1OC[C@H]2[C@@H](O)[C@@H](O)[C@H](O)C[C@@H]21,0,NaN,NaN,KBKBJVZZIPXQCD-HGQLRBIYSA-N
,[N-]=[N+]=Nc1c(F)c(=O)[nH]c(=O)n1[C@@H]1O[C@H](CO)[C@@H](O)[C@H]1O,0,NaN,NaN,JNEQWIQQUJRIQC-UMMCILCDSA-N
,C/C1=C/CC[C@@]2(C)O[C@H]2[C@H]2OC(=O)[C@@H](C[NH2+]CC[NH3+])[C@@H]2CC1,0,NaN,NaN,FWQMQCOMGFLVFK-AOUFYYTBSA-P
,Cc1nc2c(c(N3CCC(O)(C[NH+]4CCCC4)CC3)n1)CC[NH2+]CC2,0,NaN,NaN,DUWSUIVITNTQMK-UHFFFAOYSA-P
,CCn1c(C[NH+](C)CC(F)(F)F)nnc1[C@H]1C[C@@H]([NH3+])C1,0,NaN,NaN,MLQMYRPAFBQSCY-DTORHVGOSA-P
,CC1(C)O[C@@]2(C)CC[C@@H]1CC2OC1OC(CO)C(O)C(O)C1O,0,NaN,NaN,NWZYTZHMCGWGOF-HLIZFUEWSA-N
,C(=C1/CCCN(c2ccc(C3=[NH+]CCN3)cc2)C1)\c1ccc(C2=[NH+]CCN2)cc1,0,NaN,NaN,YYVFIGGEWQGLMO-MNDPQUGUSA-P
,COc1cc(C2=[NH+]CCN2)cc2cc(-c3ccc(C4=[NH+]CCN4)cc3)oc12,0,NaN,NaN,SCGRUHAJSQVIGC-UHFFFAOYSA-P
,N#Cc1ccc(O[C@@H]2[C@@H]3CCC(=O)[C@@H]3C[C@H]2[NH+]2CCC[C@@H]([NH3+])C2)cc1,0,NaN,NaN,QSAZIXCMYAOKGL-JQLJIJSLSA-P
,CCCC1[NH2+]C(C#N)(C#N)C(CCC)[NH2+]C1(C#N)C#N,0,NaN,NaN,BSUVUTZXPNGHHL-UHFFFAOYSA-P
,Cc1cc(C2=[NH+]CCN2)ccc1-c1cc2cc(C3=[NH+]CCN3)ccc2[nH]1,0,NaN,NaN,AUVIVPGZNJLNDE-UHFFFAOYSA-P
,OCC1O[C@@H](O/N=C\C2C[C@H]3C=CC2C3)C(O)[C@@H](O)C1O,0,NaN,NaN,SBCZKKHWVDLWQM-RGKMUVRDSA-N
,[NH3+]CC1CCN(c2nc(C3CCCC3)nc3c2CC[NH2+]CC3)C1,0,NaN,NaN,KICGZJQOXWTMJO-UHFFFAOYSA-P
,CC(C)(C)[NH2+]CC(O)CO/N=C(\C[NH+]1CCOC1)C1CC1,0,NaN,NaN,OALLMRKYKFTXPS-SAPNQHFASA-P
,OCC1O[C@@H](O/N=C/C2CCCCC2)C(O)[C@@H](O)C1O,0,NaN,NaN,RGGIMYYKHOLBJG-OPHOGLAUSA-N
,c1cc2cc(-c3ccc4oc(C5=[NH+]CCN5)cc4c3)[nH]c2cc1C1=[NH+]CCN1,0,NaN,NaN,YGJRBLKDKDPKDV-UHFFFAOYSA-P
,CC1CNC(c2ccc(-c3ccc(-c4ccc(C5=[NH+]C(C)CN5)cc4)n3C)cc2)=[NH+]1,0,NaN,NaN,BVMYMUWOGLMMNA-UHFFFAOYSA-P
,N#Cc1ccc(O[C@@H]2[C@@H]3CC(=O)[C@@H]3C[C@H]2[NH+]2CCC[C@@H]([NH3+])C2)cc1,0,NaN,NaN,ZHFFQIKHYAWUBX-OAIGWWADSA-P
,CO[C@@H]1[C@H](O)CC[C@]2(O)C[S+]([O-])[C@@H](CC=C(C)C)[C@](C)(O)[C@@]12O,0,NaN,NaN,GAHDIKVGKILHLJ-FDZHBBNKSA-N
,Cc1c(C2[NH+]3CC4(C(C)C)C[NH+]2CC(C(C)C)(C3)C4=O)[nH]c(=O)[nH]c1=O,0,NaN,NaN,OKVCZGRVRAJOTO-UHFFFAOYSA-P
,CCn1c(CCCCCCCCCCCCc2noc(=O)n2CC)noc1=O,0,NaN,NaN,NTIYPRPMIBDALH-UHFFFAOYSA-N
,CC(C)(C)/[N+]([O-])=C/c1cn(CCC(F)(F)C(F)(F)C(F)(F)C(F)(F)C(F)(F)C(F)(F)F)nn1,0,NaN,NaN,WAFUONFFMVWQHA-YWHDFPIWSA-N
,CCCCC1CCC(C(=O)N(CCCC)c2c(N)n(CCCC)c(=O)[nH]c2=O)CC1,0,NaN,NaN,MFGUMQDQSZWCCQ-UHFFFAOYSA-N
,C[C@@H]1OC(=O)[C@@H]1NC(=O)OC(C)(C)C,0,NaN,NaN,ZITVZMOAHYMMJY-NTSWFWBYSA-N
,CCC(C)(C)[NH2+]CC(=O)N1[C@H](C#N)CC[C@@H]1C#N,0,NaN,NaN,ZRWDNYUDHYWVBZ-PHIMTYICSA-O
,CC(SC1CCCC1)C(=O)NC(C)(C#N)C(C)C,0,NaN,NaN,CSICWUNUZDNCIM-UHFFFAOYSA-N
,O=c1[nH]c(=O)n(C/C=C/CBr)nc1Br,0,NaN,NaN,PNIDXIJDDRAAQT-OWOJBTEDSA-N
,O=c1nc2oc(CCCCCCCCCCl)cc2cn1[C@H]1C[C@H](O)[C@@H](CO)O1,0,NaN,NaN,RUIBSXPWOIGJPG-RCCFBDPRSA-N
,C=CCCCCCCCCC(=O)Nc1ccn([C@@H]2O[C@H](CO)[C@@H](O)C2(F)F)c(=O)n1,0,NaN,NaN,HMUKJNXTSHHNSK-ZTFGCOKTSA-N
,CC(C)C[C@@H]1CC(=O)N([C@@H](CC2CCCCC2)C(=O)NCCCCCC(=O)NO)C1=O,0,NaN,NaN,CGYWUWNDNRKOID-MOPGFXCFSA-N
,C=C(C)[C@@H]1[C@H]2OC(=O)[C@@H]1[C@]1(O)[C@H]3O[C@H]3[C@]3(CO3)[C@]1(C)[C@@H]2O,0,NaN,NaN,CCAZWUJBLXKBAY-ULZPOIKGSA-N
,CCCC[S+]([O-])/C=C(\C)C[C@@H]1OCC(C[C@@H]2O[C@H]2[C@@H](C)[C@H](C)O)[C@@H](O)[C@H]1O,0,NaN,NaN,ZSDIUQQGMMZSGL-QPMHGURRSA-N
,CC(=O)CC/C=C(/C)C[C@H]1CC(C)(C)CC1=O,0,NaN,NaN,QUPFTDWCMKYGQM-GXJZLWQJSA-N
,C[NH2+][C@H](CNc1cc(F)c(S(=O)(=O)Nc2ncc(F)s2)cc1Cl)C[Si](C)(C)C,0,NaN,NaN,RPJYOEWTGAKIGA-SNVBAGLBSA-O
,O=C(Nc1ccc(Cc2nnn[nH]2)cc1)C(F)(F)C(F)(F)C(F)(F)C(F)(F)F,0,NaN,NaN,YFGDRLLTYCJCBH-UHFFFAOYSA-N
,O=C1C=C(CBr)C(=O)C(CCC2=CC(=O)C=C(CBr)C2=O)=C1,0,NaN,NaN,FKLTWNNPUGYMDH-UHFFFAOYSA-N
,CC(C)CCNC(=O)COC(=O)c1cc(Br)c(Br)s1,0,NaN,NaN,AATDKNJSHYWZKY-UHFFFAOYSA-N
,OC[C@H]1O[C@@H](n2cnc3c(NCc4cc(F)c(F)cc4F)ncnc32)[C@H](O)[C@@H]1O,0,NaN,NaN,RUTWOBLFZVGGOK-LSCFUAHRSA-N
,NC1=[NH+][C@@](c2cc(Nc3nccn4c(Br)cnc34)ccc2F)(C(F)F)COC1,0,NaN,NaN,BJZKNBJZMFMEOE-KRWDZBQOSA-O
,COc1cccc(NC([NH+]=C(S)Nc2ccc(C)cc2C)=[NH+]c2nc(C)cc(C)n2)c1,0,NaN,NaN,JICIEZOPVZILIS-UHFFFAOYSA-P
,CC(C)(C)NC(=O)N[C@H](C(=O)N1C[C@H]2[C@@H]([C@H]1C(=O)N[C@H]1CCOB1O)C2(C)C)C(C)(C)C,0,NaN,NaN,WCULZRVPPFBXLM-UVPYHEFZSA-N
,COc1cnc(C(=O)Nc2ccc(F)c([C@@]3(C)[NH+]=C(N)[C@](C)(F)CC3(F)F)c2)cn1,0,NaN,NaN,HFGDZWAAFQJTRL-QZTJIDSGSA-O
,CC(=O)N1CCC[C@H]1C(=O)N[C@@H](C)C(=O)N1CCC[C@H]1C(=O)N[C@@H](C)C(=O)C(F)(F)F,0,NaN,NaN,DLOFUPNOARUTLN-IMIFBBOLSA-N
,NC1=[NH+][C@@](c2cc(NC(=O)c3ccc(OC(F)F)cn3)ccc2F)(C(F)F)[C@H]2C[C@H]2O1,0,NaN,NaN,SXVKFIGMVPEDBM-GEDNVKPRSA-O
,CC(=O)Nc1ccc(S(=O)(=O)NNc2ccc(Br)cc2)cc1,0,NaN,NaN,DLOSSOASAIISHQ-UHFFFAOYSA-N
,O=C([O-])c1cc(NC(=O)c2cnccn2)cc(-c2ccc(C3CC[NH2+]CC3)cc2)c1,0,NaN,NaN,FSXSJQSLCYEKDE-UHFFFAOYSA-N
,O=C(COC(=O)CNC(=O)C12CC3CC(CC(C3)C1)C2)NC1CCS(=O)(=O)C1,0,NaN,NaN,BMVIQPIIWZTYLW-UHFFFAOYSA-N
,NS(=O)(=O)c1ccc(S(=O)(=O)c2ccc(Cl)cc2)s1,0,NaN,NaN,IBARIEXVGHXRHN-UHFFFAOYSA-N
,CSC(=S)n1ccnc1,0,NaN,NaN,ZSKBYJIWBCCFMF-UHFFFAOYSA-N
,O=C(CCC1CCCC1)N1CCC(O)(C(F)(F)F)C1,0,NaN,NaN,RSZWDEXUFVBABD-UHFFFAOYSA-N
,O[C@@H]1[C@@H](OC[C@H]2O[C@H](C[NH+](CC3CCCCC3)CC3CCCCC3)[C@@H](O)[C@@H]2O)O[C@H](C[NH+](CC2CCCCC2)CC2CCCCC2)[C@H]1O,0,NaN,NaN,IDHXQPROXVNPSN-JYQREJNHSA-P
,O=C(CCNC(=O)c1ccc(Br)o1)NCc1ccc(Cl)cc1,0,NaN,NaN,FMSAMLHOMQPUOL-UHFFFAOYSA-N
,O=C(/C=C/c1ccc(Br)cc1)NS(=O)(=O)c1ccc(Br)cc1,0,NaN,NaN,FEGPGYGMGFMUJG-XCVCLJGOSA-N
,O=C(CNC(=O)c1ccc(Br)o1)NCc1ccc(Cl)cc1,0,NaN,NaN,AITTYZGXRVKSQS-UHFFFAOYSA-N
,N#Cc1ccc(CNc2c(NCC(F)(F)C(F)(F)F)c(=O)c2=O)cc1,0,NaN,NaN,FYKLNSFQZHRISN-UHFFFAOYSA-N
,O=C([O-])c1ccc(N/C(S)=[NH+]/N=C/c2cc(Cl)cc(Cl)c2O)cc1,0,NaN,NaN,QMGQAJPXSFAAJN-CNHKJKLMSA-N
,[NH3+]CC1(CC(=O)[O-])CCCCC1C1CCCCC1,0,NaN,NaN,KFXHIRZIQNQPBR-UHFFFAOYSA-N
,O=C(C1CCN(S(=O)(=O)N2CCC3(CC2)OCCO3)CC1)N1CCOCC1,0,NaN,NaN,VNYRLLCKMWYZCO-UHFFFAOYSA-N
,CC1CCCC(NC(=O)C2CCN(S(=O)(=O)N3CCOCC3)CC2)C1C,0,NaN,NaN,ZZXHZVKGUYRZKM-UHFFFAOYSA-N
,NS(=O)(=O)c1nnc(NS(=O)(=O)c2ccc(Br)cc2)s1,0,NaN,NaN,QGHSHYIQOYQWHW-UHFFFAOYSA-N
,O=C(CC1CC1)Nc1nnc(CCSCCc2nnc(NC(=O)CC3CC3)s2)s1,0,NaN,NaN,MOLZDOKJYWHYKD-UHFFFAOYSA-N
,[NH2+]=C1N[C@@H](CC2CCCCC2)CN1CCCC[C@H]1CNC(=[NH2+])N1CCCCC1CCCCC1,0,NaN,NaN,RSOGSEDZSOPOJX-DQEYMECFSA-P
,C=CCCCCCCCCC(=O)Nc1nnc(S[C@@H]2O[C@H](CO)[C@H](O)[C@H](O)[C@H]2O)s1,0,NaN,NaN,UXUHMVXDJUZJLT-GWFJUFKTSA-N
,O=C(CCCCNC(=O)c1nc(-c2nc3c(s2)CCCCC3)sc1C1CC1)NO,0,NaN,NaN,WJLHBICIMYABNG-UHFFFAOYSA-N
,O=C(CCCCCCNC(=O)c1nc(-c2nc3c(s2)CCCC3)sc1C1CC1)NO,0,NaN,NaN,HEXCVAOOHDWROK-UHFFFAOYSA-N
,O=C(CCCCNC(=O)c1nc(-c2nc3c(s2)CCC3)sc1C1CC1)NO,0,NaN,NaN,LGGUCYQJGKWDLG-UHFFFAOYSA-N
,O=C(CCCSc1nc(O)c2c3c(sc2n1)CCC3)NCCO,0,NaN,NaN,NNVTUKLUIBQQHJ-UHFFFAOYSA-N
,CCC(=O)NC1=C(Cl)C(=O)C(NC(=O)CC)=C(Cl)C1=O,0,NaN,NaN,KKSCCSVQHNQDBX-UHFFFAOYSA-N
,CCCCC1S/C(=[NH+]/c2nc(C)c(C(=O)OCC)s2)NC1=O,0,NaN,NaN,GLLLFFUXQSYDLI-UHFFFAOYSA-O
,O=C(NC12CC3CC(CC(C3)C1)C2)NP(=O)(N1CC1)N1CC1,0,NaN,NaN,RFSCKMLXAPNLFZ-UHFFFAOYSA-N
,O=C(NNS(=O)(=O)c1ccc(Br)cc1)c1ccncc1,0,NaN,NaN,LFZFVTWZXXUHRR-UHFFFAOYSA-N
,CCCCN1C(=O)C(CC(=O)NCC2CCCCC2)CC(C(=O)N(CC)CC)=C1C,0,NaN,NaN,HTSWZBCJKKGHOH-UHFFFAOYSA-N
,CCCCCC(=O)N1CC2(CC)CN(C(=O)CCCCC)CC(CC)(C1)C2=O,0,NaN,NaN,FUWJNTLMCGBHBY-UHFFFAOYSA-N
,CCCCCC(C)SC[C@H]1C2CCC(O2)C1C/C=C\CCCC(=O)[O-],0,NaN,NaN,JPUVEYMMQIVSGF-HGBYQAFSSA-M
,CC1=C(CC/C(C)=C/CC/C(=C/CC2OC(=O)C=C2CO)CO)C(C)(C)CCC1O,0,NaN,NaN,BKHHGIGVYWPIJC-GPKGBNBSSA-N
,C#CCNc1nc(SC)nc(CCO)c1I,0,NaN,NaN,QLOJHJMLWJUWPR-UHFFFAOYSA-N
,CCCCCCCCCCCCn1c(=O)n(C)c(=O)c2c1n(C)c(=O)n2C,0,NaN,NaN,VLXYKSPKCVNCSU-UHFFFAOYSA-N
,CCCCN(CC)C(=O)C1=C(C)NC(C)=C(C(=O)N(CC)CCCC)C1,0,NaN,NaN,GEAAAXSFIVKZPF-UHFFFAOYSA-N
,CCCCCCCCCCCC(=O)N1CSC[C@H]1C(=O)N1CCCC1,0,NaN,NaN,MFBRKOQQWSMJDI-SFHVURJKSA-N
,CCCCCC/C=C\CCCCCC[C@H]1CC2(O)C[C@H](O)[C@H](O)CC2(O)O1,0,NaN,NaN,OCARVKZIYBDMQK-YVMIYNOTSA-N
,C=CCCCCCCCCCO[C@H](CO)[C@H]1OC(O)[C@H](O)[C@H]1O,0,NaN,NaN,HYJIPZWJVQAKKV-RZJWPAKQSA-N
,CCCCCCC1CCC(C(=O)N2CCOCC2)CC1,0,NaN,NaN,BWVDEXPFEYFOPX-UHFFFAOYSA-N
,O=C(CCCCCCCC(=O)N1CCCC1)N1CCCC1,0,NaN,NaN,HBBGZGDVWHGUHN-UHFFFAOYSA-N
,O=C(CCSCCC(=O)N1CCCC1)N1CCCC1,0,NaN,NaN,ZFTYQCACVIHXJZ-UHFFFAOYSA-N
,CCCCCCCC(=O)N1C2CC3CCC2(CS1(=O)=O)C3(C)C,0,NaN,NaN,JSPHNRUWCOHPAN-UHFFFAOYSA-N
,O=NC1C(Cl)C2CC1C1C(Br)C(Br)CC21,0,NaN,NaN,RTOAGUKGFNBCKI-UHFFFAOYSA-N
,CCOC(=O)[C@@]1(C)CC(O)C(=O)N1C,0,NaN,NaN,AZBHNAFMWGXTMQ-IOJJLOCKSA-N
,CC(C)(CC(=O)NC1CC1)CC(=O)N[C@H]1C2CC3CC1C[C@@](O)(C3)C2,0,NaN,NaN,ZQTYSHNSWFSRTJ-SOPKXULZSA-N
,CCCCCCCCCCC1[NH2+]C(C(=O)[O-])CCS1,0,NaN,NaN,CXTNXTRJHSQDHF-UHFFFAOYSA-N
,CCCCCc1nnn(CC(I)=C(I)I)n1,0,NaN,NaN,QQVHKHXMIQKLRX-UHFFFAOYSA-N
,O=C(CCCCCCCC(=O)N1CCCCC1)N1CCCCC1,0,NaN,NaN,SYWXRKWSURBLGZ-UHFFFAOYSA-N
,CCNC(=O)CN(CC)S(=O)(=O)c1c(Br)cc2[nH]c(=O)oc2c1Cl,0,NaN,NaN,KXXHGXHAXBTPGS-UHFFFAOYSA-N
,C/C(=[NH+]/c1ccc(/N=C/c2ccc(/C=N/c3ccc(/[NH+]=C(/C)N(C)C)cc3)cc2)cc1)N(C)C,0,NaN,NaN,XOIOGKHKNQYULW-WNHGAUEUSA-P
,CCCCSc1nc(N)c2[nH]c(=O)c(=O)n(CCCC)c2n1,0,NaN,NaN,JCYZAOZKOPTDQZ-UHFFFAOYSA-N
,C=CCNC(=S)NCCCCC1NC(=S)N(CC=C)C1=O,0,NaN,NaN,VYTLFQKHNGWPRK-UHFFFAOYSA-N
,CCc1n[nH]c(SCC(=O)Nc2nnc(CC(C)C)s2)n1,0,NaN,NaN,RKADJDJKAFBVDF-UHFFFAOYSA-N
,C=CCNc1nnc(SCC(=O)N2CCC(C(N)=O)CC2)s1,0,NaN,NaN,CBEQQPJAZXFJCM-UHFFFAOYSA-N
,CCCNC(=O)Cn1c(-n2nc(C)cc2C)nc(CCC)cc1=O,0,NaN,NaN,XGXPFLMXPZEGSM-UHFFFAOYSA-N
,CCNc1nc(NC(C)(C)C)nc(SC(C(C)=O)C(C)=O)n1,0,NaN,NaN,AJKLTOXJWZAGFC-UHFFFAOYSA-N
,CC(=O)N1CCC(NS(=O)(=O)C(C)C)CC1,0,NaN,NaN,ZWYPALBVUMBUHW-UHFFFAOYSA-N
,CCCC[C@@H](C(=O)N1CCC[C@H]1C(=O)N1CCC1)[C@H](F)C(=O)NO,0,NaN,NaN,KHLHXVVHGNRMFN-AGIUHOORSA-N
,O=S(=O)(Nc1cc(-c2cnc3[nH]cc(-c4ccncc4)c3c2)cnc1Cl)c1ccc(F)cc1,0,NaN,NaN,DBBKLJOYGVTYCR-UHFFFAOYSA-N
,O=S(=O)(Nc1ncc(F)s1)c1cc(F)c(Oc2ccc(Cl)cc2-c2cn[nH]c2)cc1F,0,NaN,NaN,GJSYBABPCZORFL-UHFFFAOYSA-N
,O=C(Nc1ccc(F)c(F)c1)c1cc(S(=O)(=O)NS(=O)(=O)c2ccc(F)c(F)c2)ccc1F,0,NaN,NaN,MEOBALRRRKJDIE-UHFFFAOYSA-N
,CNC(=O)c1cc(Oc2ccc(NS(=O)(=O)c3ccc(C(F)(F)F)cc3Br)cc2)ccn1,0,NaN,NaN,JXMUPHAQZOREGT-UHFFFAOYSA-N
,O=C(Nc1nccs1)c1nc(Sc2nnc[nH]2)ccc1Sc1ccc(C(F)(F)F)cc1,0,NaN,NaN,WYLCYSOJGCGVAN-UHFFFAOYSA-N
,O=C(Nc1ccc(F)c(F)c1)c1ccc(Cl)cc1NS(=O)(=O)c1cccc2nsnc12,0,NaN,NaN,PKEAWWKMYSOLJL-UHFFFAOYSA-N
,O=C(c1ccc2cc(Oc3ccc(C(F)(F)F)cn3)ccc2n1)N(C1CCOCC1)C1CCOCC1,0,NaN,NaN,MJJAUGCBMMWXSR-UHFFFAOYSA-N
,NS(=O)(=O)c1ccc(CCNC(=O)Cc2ccc(Cl)cc2)cc1,0,NaN,NaN,GWTJPQWQEBUCJR-UHFFFAOYSA-N
,CCOC(=O)c1c(C)[nH]c(C)c1C(=O)CSc1nnc(N)s1,0,NaN,NaN,HBRQDAFFSGDGRI-UHFFFAOYSA-N
,Cc1nn(CC(=O)NC(C)C(C)C)c(C)c1S(=O)(=O)N1CCCCC1,0,NaN,NaN,QBGZPDTYKYZGOV-UHFFFAOYSA-N
,NC(=O)c1cc[n+](C/C=C/C[n+]2cc(Cl)c(/C=N/O)c(Cl)c2)cc1,0,NaN,NaN,PDCFAKLOGXIFJN-OWOJBTEDSA-P
,O[C@@H]1COC2C1OCC21Nc2ccccc2[C@]2(Nc3ccccc3)C3OC[C@@H](O)C3OC12,0,NaN,NaN,LUHQLGJGQTUIAX-PHRTZXPTSA-N
,CC(CCO)Nc1ccc(NC(=O)c2cc(Cl)ccc2O)c(Cl)c1,0,NaN,NaN,IIOVYSOZNMWDPK-UHFFFAOYSA-N
,CCOC(=O)C1C(c2cc(OC)c(OC)c(OC)c2)[NH+]=C(S)NC1(O)C(F)(F)F,0,NaN,NaN,OENWNEXPHLZYGC-UHFFFAOYSA-O
,CC(=O)O[C@@H]1[C@H]2CC[C@@H]3[C@]1(C[C@@H](OC(C)=O)[C@@]1(O)C([C@@H]4O[C@@H]4C1(C)C)[C@]3(C)O)C[C@@]2(C)O,0,NaN,NaN,BQXZYRJBFJGDSL-CYAKPIJTSA-N
,C=C1C[C@]23C[C@H]1CC[C@H]2[C@]1(C)CCC[C@](C)(CO)[C@@H]1C[C@@H]3O,0,NaN,NaN,AMOBKAMJSKCUFH-KWQGSUNZSA-N
,C=C1[C@@H]2CC[C@@H]3C[C@@]2(C[C@@H](O)[C@@]2(O)[C@@H]1[C@H](O)[C@H](O)C2(C)C)C[C@@]3(C)O,0,NaN,NaN,WESUPDXGCNJRSA-XBQHQJGBSA-N
,C/C=C/C(=O)OC[C@]12CC[C@@]3(C)OC3C1OC1[C@H](O)[C@@H](OC(=O)/C=C/C)[C@@]2(C)C12CO2,0,NaN,NaN,AORDJAOTTSBDSV-WJGMTKFGSA-N
,C[NH+](C)CCONC[C@H]1CC[C@]2(O)[C@@H]3CC[C@@H]4C[C@@H](O)CC[C@]4(C)[C@H]3CC[C@]12C,0,NaN,NaN,NUIJZOOTIGBRCC-XVWXSMLTSA-O
,C=CCc1cc(/C=N/O)c(O)c(-c2cc(/C=N/O)c(O)c(CC=C)c2)c1,0,NaN,NaN,NQPBBUUQUOPWDH-XHQRYOPUSA-N
,CCCCCCC(C)(C)C1=CC2=C(C(=O)C1=O)c1c(cnn1CC)C(C)(C)O2,0,NaN,NaN,RKOHQJAHFFSOSQ-UHFFFAOYSA-N
,CSc1nsc(SC)c1C(=O)OCC(F)(F)F,0,NaN,NaN,ZZPYXHXXYFHVSC-UHFFFAOYSA-N
,O=CNC(=C\c1ccc(O)cc1)/C(=C/c1ccc(O)cc1)NC=O,0,NaN,NaN,ZNRFBLWRWQGBQX-XFQWXJFMSA-N
,CN(C)c1ccc(C(=O)N/N=C/c2cc(Br)ccc2O)cc1,0,NaN,NaN,FWSQCQNWFHHGRG-VCHYOVAHSA-N
,Cc1nnc(-c2ccc(C)c(-c3ccc(C(=O)NCc4ccc(NS(C)(=O)=O)cc4)cc3)c2)o1,0,NaN,NaN,CFEHGVYGSPBBGT-UHFFFAOYSA-N
,N#Cc1ccc(S(=O)(=O)N(N)C(=O)c2ccc(Cl)cc2Cl)s1,0,NaN,NaN,QXLRNHCVEZPFFQ-UHFFFAOYSA-N
,C=CCSc1nc(NC(=S)Nc2ccc(I)cc2)ns1,0,NaN,NaN,QJLKVDAQUZBUGT-UHFFFAOYSA-N
,C=CCSc1nnc(NC(=S)Nc2ccc(I)cc2)s1,0,NaN,NaN,BYHFCNJOCRSEFD-UHFFFAOYSA-N
,C=CCSc1nnc(NC(=O)Nc2ccc(I)cc2)s1,0,NaN,NaN,XHBBGTRZKSICQZ-UHFFFAOYSA-N
,C[C@@H](NC(=O)/C=C/c1ccc(C(C)(C)C)cc1)c1ccc(NS(C)(=O)=O)cc1,0,NaN,NaN,QLZRVUGHKZWULE-WPBGYSLVSA-N
,N#CC(C(=O)C(=O)C(C#N)c1ccc(Br)cc1)c1ccc(Br)cc1,0,NaN,NaN,ZHYCZNYRBODWQV-UHFFFAOYSA-N
,C=CCSc1nsc(NC(=O)Nc2ccc(I)cc2)n1,0,NaN,NaN,ZNLKTXXWCACMOG-UHFFFAOYSA-N
,C=CCSc1nc(NC(=O)Nc2ccc(I)cc2)ns1,0,NaN,NaN,AFBWSGQEMBCTPD-UHFFFAOYSA-N
,N#C[Se]CCCCN1C(=O)C(=O)c2cc(Br)cc(Br)c21,0,NaN,NaN,ZUOJDDKUWFOCGO-UHFFFAOYSA-N
,C=CCSc1nsc(NC(=S)Nc2ccc(I)cc2)n1,0,NaN,NaN,PCCJTDUAJXRJCJ-UHFFFAOYSA-N
,O=S(=O)(NC(c1ccc(C(F)(F)F)cc1)c1cnccn1)c1ccc(Cl)cc1,0,NaN,NaN,DCUXDGRUQMRMTH-UHFFFAOYSA-N
,O=S(=O)(/N=c1/[nH]c2ccccc2n1S(=O)(=O)c1ccccc1)c1ccccc1,0,NaN,NaN,FSOPEDWBLVBRSG-UHFFFAOYSA-N
,OC(Cn1cncn1)(Cn1cnc(SCc2ccc(Br)cc2)n1)c1ccc(F)cc1F,0,NaN,NaN,MWUGMBMKMVKMNK-UHFFFAOYSA-N
,O[C@H]1[C@H](O)[C@@H](C[NH+](CC2CCCCC2)CC2CCCCC2)O[C@@H]1/C=C/[C@H]1O[C@H](C[NH+](CC2CCCCC2)CC2CCCCC2)[C@@H](O)[C@@H]1O,0,NaN,NaN,SJJXFHBDAYDUBK-BXBQWTSASA-P
,CCN(CC)c1cc2c(cc1N)c(=O)c1c(O)cc(O)cc1n2CC,0,NaN,NaN,VEFOXWNYWHKSAO-UHFFFAOYSA-N
,O=C(/C=C/N1CCC(O)(c2ccc(O)cc2)CC1)c1ccc(O)cc1O,0,NaN,NaN,NDVVDCWUASRRBA-JXMROGBWSA-N
,COc1nc([C@H]2CCCO2)c(C(=O)N[C@H]2C3CC4CC2C[C@](O)(C4)C3)s1,0,NaN,NaN,XCUHEQGKBQYLBY-MCMXVRIYSA-N
,CCC(C)(C)/N=c1\c(O)c(O)\c1=N/Cc1c(C)cc(Br)cc1C,0,NaN,NaN,GVYJPLGOTVJROH-SIBCGJTDSA-N
,Cc1oc(=O)n(-c2ccc(F)cc2)c1-c1ccc(S(N)(=O)=O)cc1,0,NaN,NaN,XPBQEWXBKRTDQB-UHFFFAOYSA-N
,Cc1ccc(NC(=O)Nc2cc(S(=O)(=O)N(C)C)ccc2C)cc1,0,NaN,NaN,XJXOHYMRXCCEHY-UHFFFAOYSA-N
,O=C(NN1C(=O)/C(=C/C=C/c2ccco2)SC1=S)c1ccccc1O,0,NaN,NaN,RQEWMXYMYOWHQB-OXTPFRESSA-N
,O=C(NCC1CCCCC1)NC12CC3CC(CC(C3)C1)C2,0,NaN,NaN,LBZKOYPQEDVMPB-UHFFFAOYSA-N
,CC(C)C1=CC(=Nc2ccc(S(N)(=O)=O)cc2)C=C(C(C)C)C1=O,0,NaN,NaN,HLSAOCGIBATHON-UHFFFAOYSA-N
,Cc1ccccc1S(=O)(=O)c1ccc(NC(=O)C(C)(O)C(F)(F)F)cc1,0,NaN,NaN,GGWJIYRHWWWLAN-UHFFFAOYSA-N
,C[N+](C)(C)C1CCC(CC2CCC([N+](C)(C)C)CC2)CC1,0,NaN,NaN,GSTUMYVOFKPZNS-UHFFFAOYSA-N
,C=C1[C@H](O)C[C@H]2[C@@](C)(COC(C)=O)CC(=O)C[C@]2(C)[C@H]1CC/C(C)=C\CO,0,NaN,NaN,AHIPHYZNSMHQBT-ITOMHQBLSA-N
,Cc1ccc(C(=O)/C=C/c2ccc(O)c(O)c2)cc1,0,NaN,NaN,XWTFLDJHWKPIDX-XBXARRHUSA-N
,NC(=O)c1cn(-c2ccc(S(N)(=O)=O)cc2)nc1-c1ccc(Br)cc1,0,NaN,NaN,VGKUXHROALHUFQ-UHFFFAOYSA-N
,CN(C)c1ccc(NC(=O)NS(=O)(=O)c2ccc(Cl)cc2)cc1,0,NaN,NaN,SUQZXLUIKZXADU-UHFFFAOYSA-N
,Cc1cc(C)c(NC(=O)C2CCCO2)c(C)c1NC(=O)C1CCCO1,0,NaN,NaN,NMYOYKSPQACELR-UHFFFAOYSA-N
,Cc1ccsc1/C=N/NC(=O)CNC(=O)c1ccc(S(=O)(=O)N(C)C)cc1,0,NaN,NaN,KFJBBHKQMLBRKF-VXLYETTFSA-N
,CSCCC(NC1=[NH+]S(=O)(=O)c2ccccc21)C(=O)NCCc1ccccc1,0,NaN,NaN,DJOUPBZKAMPMMH-UHFFFAOYSA-O
,CC(C)(O)CCC[C@@H](CO[C@@H]1O[C@H](CO)[C@@H](O)[C@H](O)[C@H]1O)[C@H]1CC[C@]2(C)[C@@H]1CC[C@@H]1C3=C(CC[C@]12C)C(C)(C)[C@@H]1CC[C@H]3O1,0,NaN,NaN,RASSATLLZQOGNS-KXPWPMPHSA-N
,C[C@@H]1O[C@@H](O[C@H]2CC[C@@]3(C)[C@H](CC[C@@H]4[C@@H]3CC[C@]3(C)[C@H](C(O)C[N+](=O)[O-])CC[C@]43O)C2)[C@H](O)[C@H](O)[C@H]1O,0,NaN,NaN,BGEAHUBWHARRCM-RBMLXQFFSA-N
,CC(C)[C@H](CC[C@@H](C)[C@H]1C[C@@H](O)[C@H]2[C@@H]3C[C@H](O)[C@H]4[C@@H](O)[C@@H](O)CC[C@]4(C)[C@H]3CC[C@@]21C)O[C@@H]1O[C@H](CO)[C@H](O)[C@H]1O,0,NaN,NaN,QCMLKBFJNBTXOO-BOLZVVRMSA-N
,O=C(NO)C1(S(=O)(=O)c2ccc(Oc3ccc(OC(F)(F)F)cc3)cc2)CC[NH2+]CC1,0,NaN,NaN,LCYYUMHWMVOGPC-UHFFFAOYSA-O
,CC(NC1=C(F)C(=O)c2c(F)c(F)c(F)c(F)c2C1=O)SSC(C)NC1=C(F)C(=O)c2c(F)c(F)c(F)c(F)c2C1=O,0,NaN,NaN,RWWKDFOKWIRTOJ-UHFFFAOYSA-N
,O=C(CCCCC1CCCCC1)OCC1COCCOCCOCCO1,0,NaN,NaN,FQHJZQANSGLIPM-UHFFFAOYSA-N
,CSc1nc(S)c2c3c(sc2n1)COC(C)(C)C3,0,NaN,NaN,NEIVPRTZAHUZEA-UHFFFAOYSA-N
,N#CC(=C1SCCS1)c1nnc(N)s1,0,NaN,NaN,SPOZZDMPQDNQGW-UHFFFAOYSA-N
,O=C1NC(=O)C2(CCCCC2C2CCCCC2)N1,0,NaN,NaN,XRAQAPKTJIIQBR-UHFFFAOYSA-N
,O=C1CCCc2c1sc1nc3n(c(=O)c21)CCCC3,0,NaN,NaN,AJFHMBIRUGLKEN-UHFFFAOYSA-N
,O=C1CCCc2c1sc1nc3n(c(=O)c21)CCCCC3,0,NaN,NaN,FCICWTXGPVBTKU-UHFFFAOYSA-N
,S=C(SSC(=S)n1cccn1)n1cccn1,0,NaN,NaN,WBCSTUXWHWFJDX-UHFFFAOYSA-N
,O=C(C1CCCCC1)N1CCC2(CC1)OCCO2,0,NaN,NaN,YNRDVNDHBQEPAI-UHFFFAOYSA-N
,C1CCOC2(CCC3(CC2)OCCCCO3)OC1,0,NaN,NaN,JBDQISKGZOIXSP-UHFFFAOYSA-N
,CS(=O)(=O)c1nc2c(c(C(F)(F)F)n1)CCCC2,0,NaN,NaN,DUEWFOFRDMJLKF-UHFFFAOYSA-N
,Cc1c(C(=O)N2CCCCC2)sc(N)c1C#N,0,NaN,NaN,QSJXXHXNTUWPBL-UHFFFAOYSA-N
,C=CCNC(=O)c1c(Br)cnn1-c1ccc(C)cc1,0,NaN,NaN,FFLAXZVQLXTNCW-UHFFFAOYSA-N
,O=C1NC(=O)C2(CCCCCCCCCCC2)N1,0,NaN,NaN,YYVACDGTUCJOSC-UHFFFAOYSA-N
,CCN(CC)C(=O)Cn1c(C)cc2nc(SC)n(CC(C)C)c(=O)c21,0,NaN,NaN,WITGKBGVMMIYSF-UHFFFAOYSA-N
,Cc1nc2sccn2c(=O)c1Br,0,NaN,NaN,PIHXLKQYDUVAKL-UHFFFAOYSA-N
,O=C1NCCC(=O)c2c1[nH]c(Br)c2Br,0,NaN,NaN,WTCVOITUVXJFLR-UHFFFAOYSA-N
,O=C1NC2=C(CCCCC/C2=N\O)C12CCCCCC2,0,NaN,NaN,VEGAYTZDWYFZMQ-QGOAFFKASA-N
,N#CC1=C2SCCN2C(=O)C(C#N)C12CCCCC2,0,NaN,NaN,GGSWTWGDZHIJTB-UHFFFAOYSA-N
,O=c1[nH]c(-c2ccc(C(F)(F)F)cc2)ncc1O,0,NaN,NaN,ZABWLHSHNHMVBN-UHFFFAOYSA-N
,N#CC12CCCCC1CC1CCCCC1(C#N)N2N,0,NaN,NaN,DJHOEOZXGCGNIG-UHFFFAOYSA-N
,N#Cc1cnn2c(C(F)(F)F)c3c(nc12)CCCC3,0,NaN,NaN,IYFCYRVXKSWZHF-UHFFFAOYSA-N
,O=C1NC2=C(CCCC/C2=N\O)C12CCCCC2,0,NaN,NaN,BAMMPARCPLJOMP-LFIBNONCSA-N
,Oc1[nH]nc2nc(C(F)(F)F)cc(C(F)(F)F)c12,0,NaN,NaN,OPBHNLKZFXNZLY-UHFFFAOYSA-N
,Cc1nn(CC(F)(F)F)c(=O)c2c(N)scc12,0,NaN,NaN,GRWOLHRIELTJED-UHFFFAOYSA-N
,C1CCC2(CC1)OCC1(CO2)COC2(CCCCC2)OC1,0,NaN,NaN,LKHPVHKQVKYXRV-UHFFFAOYSA-N
,O=C1c2c(Br)sc(Br)c2[C@@H](Cl)[C@H]1Cl,0,NaN,NaN,YPLALNOTCKAOQJ-QWWZWVQMSA-N
,O=C1c2ccsc2C(=O)c2c1ccc(CO)c2O,0,NaN,NaN,FWQGRYAAGPACGO-UHFFFAOYSA-N
,O=C1c2ccsc2-c2nccc3c(Br)cnc1c23,0,NaN,NaN,OIPNUCWUQSVJOA-UHFFFAOYSA-N
,C1CSCCSCCSCCSC1,0,NaN,NaN,FFRMQLCUFQSYIA-UHFFFAOYSA-N
,C=C[Si]1(C)O[Si](C)(C=C)O[Si](C)(C=C)O[Si](C)(C=C)O1,0,NaN,NaN,VMAWODUEPLAHOE-UHFFFAOYSA-N
,COC(=O)C1(C)C=CC2(CCCCC2)N1C(C)=O,0,NaN,NaN,PRMQWWGSFLNGSM-UHFFFAOYSA-N
,O=C1C=C2C(=Nc3c2c2c(c4c3=NC3=C4CCC=C3)C=NC=2)CC1,0,NaN,NaN,PHDKVGDOQAPEIU-UHFFFAOYSA-N
,N#Cc1c(O)c2c3c(sc2[nH]c1=O)CCCCC3,0,NaN,NaN,GINHYUUEULXGAI-UHFFFAOYSA-N
,O=c1[nH]c(-c2ccc(O)cc2)nc2ccsc12,0,NaN,NaN,GTCXVMKORUVURP-UHFFFAOYSA-N
,O=C([O-])CNC(=O)C1[NH2+]C(C(F)(F)F)(C(F)(F)F)OC1(C(F)(F)F)C(F)(F)F,0,NaN,NaN,SMOIGBFAZZYOSZ-UHFFFAOYSA-N
,C=C1C[C@H]2O[C@H]([C@H]3[C@@H]2[C@]2(CO2)[C@@H](OC(C)=O)C[C@@H]3C(C)C)[C@](C)(OC(C)=O)CC[C@@H]1O,0,NaN,NaN,MRLKNBMAHKIZKS-PWLVGILOSA-N
,CC(C)C(=O)C1=C2O[C@H](C(C)(C)O)C[C@]2(C)C(=O)[C@]2(C[C@H]3[C@@H](CC[C@@]3(C)O)[C@](C)(O)C2)C1=O,0,NaN,NaN,CEXGIGHVGOKKPI-MQQMKJSOSA-N
,OC1CCC2(CC1)OOC1(O2)C2CC3CC(C2)CC1C3,0,NaN,NaN,RQQVZFNVBNKMKN-UHFFFAOYSA-N
,O=C(NC1=CC2C=NNC2C=C1)c1nscc1NCc1ccncc1,0,NaN,NaN,IYKXHDUZUCAQKC-UHFFFAOYSA-N
,Cc1sc(NC(=O)CSc2nnnn2C(C)C)c(C#N)c1C,0,NaN,NaN,JUKCJOIAENMJRQ-UHFFFAOYSA-N
,CC(C)(C)[C@@H]1NC(=O)[C@@H](CN(O)C=O)CCCCCCCCNC1=O,0,NaN,NaN,HBBHNZHTEFSNGF-HUUCEWRRSA-N
,CC(C)(C)[C@@H]1NC(=O)[C@@H](CN(O)C=O)CCCCCCCCCNC1=O,0,NaN,NaN,GXQYQFOZGUYSTC-HZPDHXFCSA-N
,O=C(COc1ccc(/C=C2/NC(=O)NC2=O)cc1)Nc1ccc(F)cc1,0,NaN,NaN,QKWMHDGHMLIKAO-OQLLNIDSSA-N
,CC1(C)O[C@H]2O[C@H]([C@H]3COC(C)(C)O3)[C@@H](NC(=O)C3CCCC3)[C@H]2O1,0,NaN,NaN,GXXPXQTVALCAPV-UTGUJQJDSA-N
,C[C@@H]1CC2=C(C1)[C@@H]([C@@]1(C)C(=O)C[C@H]3[C@@H](C1=O)C3(C)C)[C@H](C)C2=O,0,NaN,NaN,NHBBYXIXBPPEDQ-UOTCEEBFSA-N
,CC(C)(C)NC(=S)NC(=O)C12CCC3CC(CC(C3)C1)C2,0,NaN,NaN,GSJKSAXRWCGEOK-UHFFFAOYSA-N
,CC(C)[C@H]1CC[C@]23C[C@@H]4[C@H](C)C(=O)[C@H]5O[C@]54[C@@]2(C)CC(=O)[C@]13C,0,NaN,NaN,XTHSBZKJZOMAJE-PGDSUDNMSA-N
,C#CCSc1nc(Cl)c(C#N)c(-c2ccc(F)cc2)n1,0,NaN,NaN,HRTQJDRDEIOJBL-UHFFFAOYSA-N
,NC(=O)c1ccc(Cc2ncc(C(F)(F)F)cc2Cl)s1,0,NaN,NaN,NXXACMFQSYNCCP-UHFFFAOYSA-N
,O=C1C=C(CBr)C(=O)c2c(O)ccc(O)c21,0,NaN,NaN,USJHXZDRQBPSBN-UHFFFAOYSA-N
,CC1(C)OC2(CI)CCCC1C2,0,NaN,NaN,FPHGIWXRSSQHRJ-UHFFFAOYSA-N
,CC(C)[C@H]1C(=O)C2=C(C1=O)[C@@]1(C)CCCC(C)(C)[C@@H]1CC2=O,0,NaN,NaN,LESJQAOHZOVAQY-JMERFSKESA-N
,CC1=C2C[C@]3(C)C(=O)C[C@@H](C(C)C)[C@H]3C[C@H]3O[C@@]3(C)[C@@H]2CC1=O,0,NaN,NaN,HBAXQDCUBUUJCH-DMYWNUKNSA-N
,O=C(NCC12CC3CC(CC(C3)C1)C2)NC1CC2C=CC1C2,0,NaN,NaN,QFESHZIFJIDGGL-UHFFFAOYSA-N
,COC12CCC[C@@H](C1)C(I)C(C)(C)OO2,0,NaN,NaN,XFIPHMGAKWWEAX-SILCLGDVSA-N
,C=C1C(=O)CC[C@@H]2[C@@]3(C)CC[C@](C)(C(O)CO)C[C@@H]3CC[C@]12C,0,NaN,NaN,IEFOVVVAKRWGFT-PHJAUKBRSA-N
,C[C@@]12CCC[C@H]1[C@@H]1CC[C@H]3CC(=O)N[C@@H](CO)C[C@]3(C)[C@H]1CC2,0,NaN,NaN,CPSBWXAVJYWNOH-MCMLKMLFSA-N
,CC1(C)CC(=O)c2s/c(=N/C3CCCCC3)oc2C1,0,NaN,NaN,SWGPNZKGOKNKLH-JQIJEIRASA-N
,CC1(C)[C@@H](O)C[C@H](O)[C@]2(C)[C@H]3CCO[C@]3(C)CC[C@@H]12,0,NaN,NaN,DQBQZUSDTNHDEC-QNSZCRRISA-N
,CC(C)[C@]1(O)C=C2C(=O)C=C3C(C)(C)[C@H](O)CC[C@@]3(C)[C@@H]2CC1,0,NaN,NaN,XPDBXVJRQCWAAR-SIKIZQCASA-N
,S=C(NCC12CC3CC(CC(C3)C1)C2)Nc1nccs1,0,NaN,NaN,YVDWMGNODCFVJL-UHFFFAOYSA-N
,CC(C)[C@@]12CC[C@H]3C(=C[C@@H]4OC(=O)[C@]5(C)CCC[C@@]3(C)[C@@H]45)[C@@H]1O2,0,NaN,NaN,LCMPHUFXGRWSHE-FDMURRQVSA-N
,CC(O)[C@H]1CC[C@H]2[C@@H]3CCC4NC(=O)CC[C@]4(C)[C@H]3CC[C@]12C,0,NaN,NaN,IIYVZKKCAQRVRZ-AHMRONFRSA-N
,O=C1NC(=O)/C(=C/c2c(F)c(F)c(F)c(F)c2F)S1,0,NaN,NaN,UGCMWNMPTBMAJF-IWQZZHSRSA-N
,Oc1ccc(-c2ccc(C(O)c3ccncc3)cc2)cc1,0,NaN,NaN,ABUNZHUAYBOXCN-UHFFFAOYSA-N
,C=C1CC[C@H](C(C)C)[C@@H]2[C@H]1[C@@H]1CC(=C)[C@@H](O)CC[C@](C)(O)[C@H]2O1,0,NaN,NaN,KIZAKRQUJAYYGA-SCDLFQHWSA-N
,NS(=O)(=O)c1ccc(-c2cscc2-c2ccc(F)cc2)cc1,0,NaN,NaN,QVNBSMZFDSBWNZ-UHFFFAOYSA-N
,CC(C)C1=CC2=C(C(=O)C1=O)[C@@]13CCCC(C)(C)[C@@H]1CC2OC3,0,NaN,NaN,MCRKHQBQOAINHY-VSUHRXMYSA-N
,CC(C)C1=C[C@]2(O)CC[C@H]3C(C)(C)CCC[C@]3(O)CC2=CC1=O,0,NaN,NaN,OZULRQMDNJXVDJ-SXLOBPIMSA-N
,NS(=O)(=O)c1ccc(-c2ccsc2-c2ccc(F)cc2)cc1,0,NaN,NaN,ZOKIDNXTWRYXKQ-UHFFFAOYSA-N
,Oc1ccc(Br)cc1CNc1nccs1,0,NaN,NaN,YVNIFKOJTGUKGD-UHFFFAOYSA-N
,CCC1=C2CCC3(C)C(OC(C)=O)CCC3C2CCC1=O,0,NaN,NaN,JDLUQDYTLSPFGS-UHFFFAOYSA-N
,C[C@]1(CO)CCC[C@]2(C)[C@H]1C[C@H](O)[C@@]13C[C@@H](CC[C@@H]21)[C@]1(C)O[C@@H]13,0,NaN,NaN,BDWKHKXSYDEDRO-PVACTHOZSA-N
,CCOC(=O)/C=C/[C@H]1CC2(CCO1)SCCCS2,0,NaN,NaN,VRMDUSWZUIOYDR-ZWNMCFTASA-N
,O=C1C(Cl)=C(Cl)C(=O)N1C1C2CC3CC(C2)CC1C3,0,NaN,NaN,MVJNUMRSOKWMHH-UHFFFAOYSA-N
,O=CC[C@H]1S[C@@H](COC(=O)[C@@H]2CCC[NH2+]2)[C@@H](COC(=O)[C@@H]2CCC[NH2+]2)S1,0,NaN,NaN,KINPOBCEFVHLNT-LXFSFDBISA-P
,OCCSC[C@H]1O[C@@H](n2cnc3c2ncn2ccnc32)[C@H](O)[C@@H]1O,0,NaN,NaN,YSWBEGVMQZSCFZ-IDTAVKCVSA-N
,Cc1sc2nc(CC[NH3+])nc(N(CC[NH+](C)C)CC3CCCO3)c2c1C,0,NaN,NaN,POUAGMNWCKKVCQ-UHFFFAOYSA-P
,C[NH+](C/C=C\C[NH3+])C[C@H]1O[C@@H](n2cnc3cncnc32)[C@@H]2OC(C)(C)O[C@@H]21,0,NaN,NaN,WJEXGWRFXBULJJ-ICTVOFNLSA-P
,CN(C)c1cc[n+]([C-](C=C(C#N)C#N)C(=O)c2ccc(Cl)cc2)cc1,0,NaN,NaN,MOXPCRBYYVXJAH-UHFFFAOYSA-N
,C(COC1CC2CC1C1C2CC2OC21)OC1CC2CC1C1C2CC2OC21,0,NaN,NaN,HRUIRWVQYBQBJX-UHFFFAOYSA-N
,O[C@@H]1[C@H](O)[C@@H]2C[C@@H]2[C@H]1n1cnc2c(NC(C3CC3)C3CC3)nc(I)nc21,0,NaN,NaN,RSQOZOYGQGWIDM-HLXQIYJLSA-N
,OC[C@H]1O[C@@H](n2cnc3c(CSc4ccc(Cl)cc4Cl)ncnc32)[C@H](O)[C@@H]1O,0,NaN,NaN,JJLGIOMJNXHTOH-BNGXUDDSSA-N
,O[C@@H]1[C@H](O)[C@@H](C=C(Br)Br)O[C@H]1n1cnc2c(NC3CC3)ncnc21,0,NaN,NaN,SWMINOMAZCPOIW-FRJWGUMJSA-N
,O=C(CCNS(=O)(=O)c1ccc(Cl)cc1)Nc1ccncc1,0,NaN,NaN,JQLWYUCQXRVYNM-UHFFFAOYSA-N
,C=C1CCC[C@]2(C)C[C@H]3OC(=O)[C@@H](C[NH2+]CCC[NH+](C)C)[C@H]3C[C@@H]12,NaN,NaN,0,GMGKRANGHXUORD-ZMIKWESLSA-P
,CO[C@H]1OC(OC2C[C@H]3CC[C@]2(C)OC3(C)C)[C@H](O)[C@@H](O)[C@@H]1O,NaN,NaN,0,CIMUVLZQOULWRF-DAEHXFCQSA-N
,OC[C@H]1O[C@H](OC2CCCCC2)[C@@H]2CC(O)CO[C@H]2[C@@H]1O,NaN,NaN,0,MDSDVSGOSNVXAE-ZMPBYDAFSA-N
,CCN(CC)C(=O)CSc1nc(O)c2c(C)c(C)sc2n1,NaN,NaN,0,SVDSSXLKGBEGKU-UHFFFAOYSA-N
,CSc1nc2c(C)nsc2n1[C@@H]1O[C@H](CO)[C@@H](O)[C@H]1O,NaN,NaN,0,PAGGYHJQVZRZGF-ZOQUXTDFSA-N
,CCC1(C)Cc2c(sc3nc(SC)nc(NCC[NH+](C)C)c23)CO1,NaN,NaN,0,XWAXCWGQTKUVOV-UHFFFAOYSA-O
,C[C@@H]1CCC2[C@@H](C)CO[C@@H]3O[C@]4(C)CCC1C23OO4,NaN,NaN,0,BOQMASYCUFVXCR-QXNACXTNSA-N
,[NH3+][C@H]1c2c(Br)sc(Br)c2C(=O)[C@H]1O,NaN,NaN,0,YOLIFSPBHKLMGH-UCORVYFPSA-O
,Cc1nn(-c2ccccc2F)cc1C#N,NaN,NaN,0,WGBCSBQRBABSLK-UHFFFAOYSA-N
,O=P(O)(O)C(F)(F)CCCCC(F)(F)P(=O)(O)O,NaN,NaN,0,VRUBWHKAOWAOCG-UHFFFAOYSA-N
,NC(=O)[C@]12CC3CC(C1)[C@@H](OC(=O)N1CC[C@@H](Nc4nnc(C(F)(F)F)s4)C1)C(C3)C2,NaN,NaN,0,JEIBHMSJAGIVPF-LKNGDYOVSA-N
,CC(=O)O[C@]1(C)CC[C@H](C(C)C)[C@@H]2[C@H]1[C@H]1C[C@](C)(O)[C@@H](O)CC[C@@](C)(OC(C)=O)[C@@H]2O1,NaN,NaN,0,KHUQOYYLDDDPIZ-WBTRQGOWSA-N
,CO[C@H]1C[C@H](O[C@H]2CC[C@@]3(C)C(=C(C=O)[C@@H]4[C@@H]3CC[C@]35C(=O)O[C@H](C)[C@H]3CC[C@]45O)C2)O[C@H](C)[C@H]1O,NaN,NaN,0,YBVBBOJHXCNUCP-HPSPPYQASA-N
,COC(=O)[C@]1(C)CCC[C@@]2(C)C3CC[C@H]4[C@@H](CO[C@H]5O[C@H](CO)[C@@H](O)[C@H](O)[C@H]5O)C[C@H]4C3CCC21,NaN,NaN,0,FXEJCNNGBJKDHL-SWFBICLMSA-N
,CC(C)(C)c1cc2c(cc1OS(N)(=O)=O)CC[C@@H]1[C@@H]2CC[C@]2(C)[C@@H](OS(N)(=O)=O)CC[C@@H]12,NaN,NaN,0,FXZVCHLCMICWIY-HXMMLABLSA-N
,CC(C(=O)NN(C)C(=S)c1ccc(C#N)cc1)C(=O)NN(C)C(=S)c1ccc(C#N)cc1,NaN,NaN,0,CBIMMVJTXYOEFI-UHFFFAOYSA-N
,C=C1[C@H]2[C@@H]([C@@H](C(C)C)[C@H](OC(C)=O)[C@@H]1O)[C@H]1O[C@@H]2C[C@](C)(O)[C@@H](O)CC[C@@]1(C)OC(=O)CCC,NaN,NaN,0,QMGXMNOTQRBWAE-WOPKHISJSA-N
,O=C(N[C@H]1C2CC3CC1C[C@](O)(C3)C2)c1cnc(NC2CCS(=O)(=O)CC2)nc1C1CCC1,NaN,NaN,0,VVMKXWIWUUSDNV-AKSATJCXSA-N
,CC(=O)OC1(C(C)=O)CCC2C3CC4OC45CC(O)CCC5(C)C3CCC21C,NaN,NaN,0,MVSNUOQYIMBCLK-UHFFFAOYSA-N
,CCC(C)C(=O)C1=C2O[C@H](C(C)(C)O)C[C@]2(C)C(=O)[C@]2(C[C@H]3[C@@H](CC[C@@]3(C)O)[C@](C)(O)C2)C1=O,NaN,NaN,0,VMINWDBAIDFTHZ-PENFJWSISA-N
,CCCCC(=O)O[C@H]1C[C@@]2(COC(C)=O)[C@@H](C=C1C)O[C@@H]1[C@H](O)[C@@H](OC(C)=O)[C@@]2(C)[C@]12CO2,NaN,NaN,0,QXHICULSTMOREA-QYWOHJEZSA-N
,CC12CCC3C(CC[C@H]4CC(O)CCC34C)C1CCC2O,NaN,NaN,0,CBMYJHIOYJEBSB-MCOFKJFASA-N
,C=C1C[C@]23CC[C@@H]4[C@](C)(CO)CCC[C@@]4(C)[C@@H]2CC[C@@]1(O)C3,NaN,NaN,0,DMNRMQZQSQMOKH-UPQMVPBKSA-N
,CC(C)[C@@H]1CC[C@@H](C)C[C@H]1OC(=O)O[C@@H](C)OC(=O)[C@H]1[C@@H]2C[C@H](F)[C@@]([NH3+])(C(=O)[O-])[C@@H]21,NaN,NaN,0,IPAZEPBIOFZFEF-UZEWAWMVSA-N
,C[C@H]1[C@@H](O[C@H]2O[C@H](CO)[C@@H](O)[C@H](O)[C@@H]2O)O[C@@H]2O[C@@]3(C)CC[C@H]4[C@H](C)CC[C@@H]1[C@@]24OO3,NaN,NaN,0,PQFRWKABPXZTDE-CTMWWSOMSA-N
,O=C(CC12CC3CC(CC(C3)C1)C2)N1CCCC1,NaN,NaN,0,PCDBBNAUNRHBLR-UHFFFAOYSA-N
,NNC(=O)C[C@H]1CC[C@]2(CC1)OO[C@]1(O2)C2CC3CC(C2)CC1C3,NaN,NaN,0,VTALJJONSKALMC-OGUNFVKGSA-N
,CCCCCCCCNC(=O)CS[C@@H]1OC[C@@H](OC(C)=O)[C@@H](OC(C)=O)[C@@H]1OC(C)=O,NaN,NaN,0,FMZOYUPSRCEMMQ-PBASOCQRSA-N
,NC(=O)c1ccsc1NC(=O)CCS(=O)(=O)c1ccc(Cl)cc1,NaN,NaN,0,KGXMCRWGUJFLKB-UHFFFAOYSA-N
,O=C(CC12C3C4C1C1C2C3C41CC(=O)NO)NO,NaN,NaN,0,ZNRDYIDCRYPVEN-UHFFFAOYSA-N
,CCCC(Br)C(=O)Nc1nnc(C(F)(F)F)s1,NaN,NaN,0,JHSMCXUMQZTOAK-UHFFFAOYSA-N
,C[C@@H](CC1CCCCC1)N(C)C(=O)[C@H]([NH3+])CC(=O)[O-],NaN,NaN,0,UJDCUOQKXLXENH-CMPLNLGQSA-N
,CC(C)CCC[C@@H](C)[C@H]1CC[C@H]2[C@@H]3CC[C@H]4C[C@@H](O[C@H]5O[C@H](CO)[C@@H](O[C@H]6O[C@H](CO)[C@@H](O)[C@H](O)[C@H]6O)[C@H](O)[C@H]5O)CC[C@]4(C)[C@H]3CC[C@]12C,NaN,NaN,0,BAKDJSLXIKPOKB-ZWLRHSLZSA-N
,CCCCNC(=O)C1CCN(S(=O)(=O)N2CCCCCC2)CC1,NaN,NaN,0,CPKYBYLKJSEEQL-UHFFFAOYSA-N
,Cc1nc(O)nc(O)c1/C=C/C(=O)N[C@@H](C)C[S+]([O-])CCl,NaN,NaN,0,LDBRQKPJEYGBAE-DSAICHJLSA-N
,CCCC[C@@H](C(=O)N1CCC[C@H]1C(=O)N1CCCCC1)[C@H](F)C(=O)NO,NaN,NaN,0,LNKFMVNRJIVMMS-ILXRZTDVSA-N
,Cc1nn(C)cc1S(=O)(=O)NCC(C)Cn1cc(Cl)cn1,NaN,NaN,0,JRAJNLLOUCUPAZ-UHFFFAOYSA-N
,CCCc1cc(=O)n(CC(=O)NC(C)C)c(-n2nc(C)cc2C)n1,NaN,NaN,0,YIASPPQVHAILKZ-UHFFFAOYSA-N
,Cc1nnc2sc(C(=O)NC3CN(c4ncc(C(F)(F)F)cn4)C3)c(N)c2c1C,NaN,NaN,0,GHSQSUDIFXYFKJ-UHFFFAOYSA-N
,C[C@@H](O)[C@@H](NC(=O)N1CCN(c2ccc(C#Cc3ccc(O)cc3)cc2)CC1)C(=O)NO,NaN,NaN,0,VDIMAFIACGSBAY-IIBYNOLFSA-N
,CCCCCCNc1nc(SCCCC)nc2c1ncn2[C@@H]1O[C@H](CO)[C@@H](O)[C@H]1O,NaN,NaN,0,IRSRKKNQIHMNJS-NVQRDWNXSA-N
,Nc1nc(Nc2ccc(S(N)(=O)=O)cc2)sc1C(=O)c1ccc([N+](=O)[O-])cc1,NaN,NaN,0,MJQJZIFYLHKLRH-UHFFFAOYSA-N
,CC(=O)Nc1ccc(S(=O)(=O)N2N=Cc3sc(Br)cc3B2O)cc1,NaN,NaN,0,WIZLHHVFVTWRMA-UHFFFAOYSA-N
,CC(NC(=O)CN1c2cccc3cccc(c23)S1(=O)=O)c1ccc(S(N)(=O)=O)cc1,NaN,NaN,0,JIVNWTZVAYNJFX-UHFFFAOYSA-N
,CC(Cl)(Cl)C(NC(=O)c1cccs1)N/C(Nc1ccc(C(F)(F)F)nc1)=[NH+]/C#N,NaN,NaN,0,NMMPSCIKLALKGF-UHFFFAOYSA-O
,Cc1ccc(C2=NN(c3ccc(S(N)(=O)=O)cc3)C(O)(C(F)(F)F)/C2=N/O)cc1,NaN,NaN,0,PMIAYZCYOCZQNY-HZHRSRAPSA-N
,Cc1ccc(-c2nn(-c3ccc(S(N)(=O)=O)cc3)cc2C=O)cc1,NaN,NaN,0,GTTPQLDOSXMLFW-UHFFFAOYSA-N
,CNC(=O)[C@@H](Cc1c(F)c(F)c(F)c(F)c1F)NC(=O)Nc1nnc(S)s1,NaN,NaN,0,HZAXNPDJVFUGDS-SCSAIBSYSA-N
,C[C@@H](O)[C@@H](NC(=O)N1CCN(c2ccc(C#Cc3cccs3)cc2)CC1)C(=O)NO,NaN,NaN,0,BGMLRMYNTMCKBD-DNVCBOLYSA-N
,NS(=O)(=O)c1ccc(-c2cn(-c3ccc(I)cc3)nn2)s1,NaN,NaN,0,JJWPTVJWSMJVMO-UHFFFAOYSA-N
,N#Cc1ccc([C@H](c2ccc(OS(N)(=O)=O)c(Br)c2)n2cncn2)cc1,NaN,NaN,0,SGRBZPZPWNVVPZ-MRXNPFEDSA-N
,c1cc(N2CC[NH2+]CC2)ccc1-c1ccc2ccc(-c3ccc(N4CC[NH2+]CC4)cc3)nc2n1,NaN,NaN,0,FIYKKABRFJXCDM-UHFFFAOYSA-P
,COc1ccc(Nc2ncnc3c2c(I)cn3[C@@H]2O[C@H](C)[C@@H](O)[C@H]2O)cc1,NaN,NaN,0,BIGRANHUKHSGPF-POFSUORWSA-N
,O=C(NC(=S)Nc1ccc(S(=O)(=O)Nc2nccs2)cc1)c1cccnc1,NaN,NaN,0,AGVRGXSWVUZSNS-UHFFFAOYSA-N
,CC(=O)NS(=O)(=O)c1ccc(NC(=S)Nc2ccc(S(N)(=O)=O)cc2)cc1,NaN,NaN,0,VZFNPWIPCGJQBY-UHFFFAOYSA-N
,CC(C)(C)C#Cc1ccc(/C=C/S(=O)(=O)Nc2ccccc2S(N)(=O)=O)cc1,NaN,NaN,0,CYYTUJYPPFBVLL-FYWRMAATSA-N
,CC(=O)C1=NN(c2ccc(S(N)(=O)=O)cc2)/C(=C(\C#N)C(=O)c2ccccc2)S1,NaN,NaN,0,JGFXATCMLNIQDT-MNDPQUGUSA-N
,Cc1nc(SC(C)C(=O)c2c(N)n(C)c(=O)n(C)c2=O)c2c(C)c(C)sc2n1,NaN,NaN,0,OJYQZCYIIXISKL-UHFFFAOYSA-N
,Cc1ncc(Cn2nnc(COc3ccccc3)c2I)c(N)n1,NaN,NaN,0,YUOYTIOQAJHRRK-UHFFFAOYSA-N
,CC(C)C(=O)Nc1nc2ccc(S(C)(=O)=O)cc2s1,NaN,NaN,0,FOPMAFMADZFJKS-UHFFFAOYSA-N
,Cc1c2c(nn1-c1ccc(/C=N/NC(N)=S)cc1)-c1ccccc1S(=O)(=O)N2C,NaN,NaN,0,JXWXLLVIIINQPO-SRZZPIQSSA-N
,CC(C)[C@]1(C(=O)N2C[C@@H]3C[C@H]2CN3C(=O)C2CCCCC2)CC[C@@H]([NH2+]C2CCOCC2F)C1,NaN,NaN,0,KSGBTFMNFMXQIG-BDLGRFBASA-O
,CC(=O)OC[C@@]12[C@@H](OC(C)=O)C[C@@H](C)[C@](C)([C@@H]3C[C@H]4C=CO[C@H]4O3)[C@H]1CCC[C@]21CO1,NaN,NaN,0,CNIWQELMLPUFOS-NVSXQWMQSA-N
,C=C(C(=O)OCC)[C@@H]1CC[C@@](C)(O)[C@@H]2CC[C@@](C)(O2)[C@@H](OC(C)=O)C/C=C(\C)[C@H](O)C1,NaN,NaN,0,KCGXIUGFHXCXBV-ALVRTLGPSA-N
,C=CCc1cc(NC(=O)CCl)c(O)c(-c2cc(CC=C)c(O)c(NC(=O)CCl)c2)c1,NaN,NaN,0,MHTBDXRSRWAJDG-UHFFFAOYSA-N
,CC(C)(C)c1nnnn1CC#CI,NaN,NaN,0,QYPAGADTCJBPGQ-UHFFFAOYSA-N
,CCOCCc1nnn(CC(I)=C(I)I)n1,NaN,NaN,0,JHCRZONDZKWKIV-UHFFFAOYSA-N
,NC(=[NH2+])SCCO[C@H]1CC[C@H]([C@H]2CC[C@H](CC(=O)[O-])CC2)CC1,NaN,NaN,0,CBBREYCYYQBHRQ-KTSLABGISA-N
,O=c1[nH]cc(C(CI)OCC(F)(F)F)c(=O)[nH]1,NaN,NaN,0,MKLKZBQJCAPIHG-UHFFFAOYSA-N
,CC(C)c1noc(CS(=O)(=O)CC(=O)NCC(F)(F)F)n1,NaN,NaN,0,PXMUDZQFUVNUKT-UHFFFAOYSA-N
,NS(=O)(=O)c1ccc(NS(=O)(=O)c2ccc(Br)cc2)cc1,NaN,NaN,0,NLJFWGABSSGIJO-UHFFFAOYSA-N
,COC(=O)c1cc(/N=C/c2ccc(S(N)(=O)=O)cc2)ccc1O,NaN,NaN,0,WPUXDICHLLZBRH-RQZCQDPDSA-N
,COc1cc(C=C2C(=O)NC(=S)NC2=O)cc(OC)c1OC,NaN,NaN,0,JYGYCTPQBYBIMS-UHFFFAOYSA-N
,CC(C)C(=O)Nc1ccc(S(=O)(=O)c2ccc(S(N)(=O)=O)s2)cc1,NaN,NaN,0,FUHDNGNLKUTHIN-UHFFFAOYSA-N
,CN(C)S(=O)(=O)c1ccc(Oc2ccc(S(=O)(=O)N(C)C)cc2)cc1,NaN,NaN,0,RRHUDFOAHDZFEF-UHFFFAOYSA-N
,O=C(NNS(=O)(=O)c1ccccc1)c1cccc(C(F)(F)F)c1F,NaN,NaN,0,OJZXZCHXPIVTKM-UHFFFAOYSA-N
,COc1ccc(C2=C(c3ccc(S(N)(=O)=O)cc3)C(=O)NC2=O)cc1,NaN,NaN,0,FVSBJBDWRXNZCI-UHFFFAOYSA-N
,CN(C)S(=O)(=O)c1ccc(NC(=O)c2ccc(C(F)(F)F)cc2)cc1,NaN,NaN,0,PHJSLRWVEGAQCS-UHFFFAOYSA-N
,CCOC(=O)Cc1csc(NC(=S)NC(=O)c2ccccc2Br)n1,NaN,NaN,0,CXNSVSMYHQZWIC-UHFFFAOYSA-N
,COc1ccc(OC)c(NC(=S)N/N=C2\CC[Se]c3ccc(C)cc32)c1,NaN,NaN,0,KDRISOSLYGOUKA-RCCKNPSSSA-N
,Cc1cccc2sc(NC(=O)CN(C)S(=O)(=O)c3ccc(Br)s3)nc12,NaN,NaN,0,VDTDQEQLKVMDJI-UHFFFAOYSA-N
,Cc1ccc(S(=O)(=O)NNC(=O)C(O)(c2ccccc2C)c2ccccc2C)cc1,NaN,NaN,0,ASGLYYAWDYYABF-UHFFFAOYSA-N
,COc1ccc(-c2nc(/[NH+]=C(\N)[N+]3(C)CCCCC3)sc2-c2ccc(OC)cc2)cc1,NaN,NaN,0,PIJNIZLTVZMAMP-UHFFFAOYSA-O
,Cc1cccc2sc(N(CCC[NH+](C)C)C(=O)c3ccccc3Br)nc12,NaN,NaN,0,WPIWGNATKPTPJI-UHFFFAOYSA-O
,CC(C)N(C(=O)C12CC3CC(CC(C3)C1)C2)C(C)C,NaN,NaN,0,VADNJKCDNAJFKT-UHFFFAOYSA-N
,Cc1cc(C)c(Sc2cn(C)c(=O)c(Nc3ccc(C#N)cc3)n2)c(C)c1,NaN,NaN,0,YXSIONKDYZSNPQ-UHFFFAOYSA-N
,CC(C)[C@H](C)Nc1c(-c2c(F)cc(F)cc2F)c(Cl)nc2ncnn12,NaN,NaN,0,BMVBXRJVLUMWNN-QMMMGPOBSA-N
,Cc1cc(-c2ccnc(Nc3ccc(N(C)C)cc3)n2)c(C)o1,NaN,NaN,0,MGJHFVHCWYGDJO-UHFFFAOYSA-N
,CC(C)CNC(=O)CC1(CC(=O)NC2C3CC4CC(C3)CC2C4)CCCC1,NaN,NaN,0,TTYLBFYDVOFEBJ-UHFFFAOYSA-N
,Cc1sc2ncnc(NC(C)c3ccc(-n4ccnc4)cc3)c2c1C,NaN,NaN,0,CUXUBZXFIYTVHM-UHFFFAOYSA-N
,Cc1cc(-c2cnc(NC(C)C)nc2-c2ccc(C)s2)on1,NaN,NaN,0,NSBRBUGROQGLRB-UHFFFAOYSA-N
,NS(=O)(=O)c1ccc(SCc2ccc(OC(F)(F)F)cc2)s1,NaN,NaN,0,CIIKRYKPTGLWFM-UHFFFAOYSA-N
,C[C@H]1C=C[C@H]2C[C@@](O)(CO)CC[C@@H]2[C@@]1(C)C(=O)CCO,NaN,NaN,0,DLZCXNFKISZEMR-YOPIWALVSA-N
,CC(C)[Si](OC12CCC(CC1O)CC2CO)(C(C)C)C(C)C,NaN,NaN,0,YONZTXUKJXVFES-UHFFFAOYSA-N
,CC(=O)OCCC(=O)[C@]1(C)[C@H]2CC[C@H](C)C[C@@H]2[C@H](Cl)[C@@H](O)[C@@]1(C)O,NaN,NaN,0,OYBVESAOVNAGHY-ITFVFLAVSA-N
,CC(C)c1ccc(C[NH2+]C(C)c2ccc(S(=O)(=O)N(C)C)cc2)cc1,NaN,NaN,0,BGMNXNZJEONVAW-UHFFFAOYSA-O
,O[C@@H]1[C@H](O)[C@@H]2C[C@@H]2[C@H]1n1ccc2c(NC(C3CC3)C3CC3)nc(I)nc21,NaN,NaN,0,QPHSMEXKXHZHKT-USNPWTNRSA-N
,O=C(Nc1ccc(S(=O)(=O)Nc2nccs2)cc1)C(F)(Cl)C(F)(F)F,NaN,NaN,0,CXNGXCIPGWQSHZ-UHFFFAOYSA-N
,N#CSCCCN1C(=O)C(=O)c2cc(Br)cc(Br)c21,NaN,NaN,0,LPAOQUJEXBGMLM-UHFFFAOYSA-N
,O=C1C=C(CCC2=CC(=O)C(CBr)=CC2=O)C(=O)C=C1CBr,NaN,NaN,0,AHEMKHZQXODYLN-UHFFFAOYSA-N
,C=C(C(O)/C=C/C(C)=O)[C@@H]1C[C@@H](O)[C@@]2(C)[C@@H]1[C@@H]1[C@H](C)CC[C@@H]12,NaN,NaN,0,JSPRVNRJZLYISA-CPPSQWIQSA-N
,Cc1nc(C)c(C(=O)Nc2nnc(C(F)(F)C(F)(F)C(F)(F)F)s2)s1,NaN,NaN,0,VNSNJBZKJINATO-UHFFFAOYSA-N
,COP(C)(=O)OCC1C(C=C(C)C)C1(C)COP(C)(=O)OC,NaN,NaN,0,BSAAHOUPSFVCBI-UHFFFAOYSA-N
,Cc1nc2c([se]1)C(=O)C=C(Nc1ccc(C(F)(F)F)cc1)C2=O,NaN,NaN,0,GOWSEHMQUHHIQI-UHFFFAOYSA-N
,CC1(C)OC[C@@H]([C@@]2(C)CC[C@@H]3C4(CC[C@@H]5[C@](C)(CO)C[C@@H](O)C[C@@]35C)OC42)O1,NaN,NaN,0,NTMRIADIJNIKAY-JRJNIUQDSA-N
,C[C@]12CC[C@H]([N+](C)(C)C)C[C@@H]1CC[C@@H]1[C@@H]2CC[C@]2(C)[C@@H](O)[C@@H]([N+]3(C)CCOCC3)C[C@@H]12,NaN,NaN,0,SBFYZJRWOSILAW-XVNATOMISA-N
,CN(C#N)c1nc(Cl)c(-c2c(F)cc(F)cc2F)c(NCC(F)(F)F)n1,NaN,NaN,0,ODURFEQFDLNVNA-UHFFFAOYSA-N
,C[C@@]1(CO)C[C@@H](O)C[C@]2(C)[C@@H]1CC[C@@]13O[C@@H](CO)[C@@](C)(CC[C@@H]21)[C@H]3Br,NaN,NaN,0,WRURFJGZRRTEDE-SEQAXBNQSA-N
,C[C@H]1C[C@H](C2OC2(C)C)O[C@@]12CC[C@]1(C)C[C@H]3[C@H](C(=O)C[C@@]3(C)O)C(C=O)=CC[C@H]12,NaN,NaN,0,ZXPXKXRFCHFGDF-HDDSSVPSSA-N
,CCCCCCCCCC1(c2cc(C)c(NC(=O)C[NH+](CC)CC)c(C)c2)NC(=O)NC1=O,NaN,NaN,0,ISEKDYYJOGFFMZ-UHFFFAOYSA-O
,CC1(C)OC1CC/C(=C/CBr)CBr,NaN,NaN,0,PEOXLDQLIRPCLU-YVMONPNESA-N
,CCCCCNC(=O)NCCCC/C=C\CCCCCC1SC(=O)NC1=O,NaN,NaN,0,IYOZWKXDNYELCB-XQRVVYSFSA-N
,CC(=O)NCCNc1cc2c(cc1CC(C)C)CN(CCC(C)C)C(=O)[C@H](CC(C)C)N2,NaN,NaN,0,KPNHVUNTPOUMSU-VWLOTQADSA-N
,CCC[C@@H](O)C1=C(Br)[C@](CI)(OC)OC1=O,NaN,NaN,0,YRYRVZXFQIQXET-LHLIQPBNSA-N
,[NH3+][C@H]1CCC[C@H]1S(=O)(=O)[O-],NaN,NaN,0,DNTFEAHNXKUSKQ-CRCLSJGQSA-N
,O=c1nc2oc(CCCCCCCCCBr)cc2cn1[C@H]1C[C@H](O)[C@@H](CO)O1,NaN,NaN,0,BOXVYYOGHSHDKK-RCCFBDPRSA-N
,CCCCC[C@H](O)/C=C/[C@H]1[C@H](O)CC(=O)[C@@H]1C/C=C\CCCC(=O)NS(C)(=O)=O,NaN,NaN,0,GKEJWDHCZLVWKT-ZYONDNFOSA-N
,C=CCO[C@@H]1[C@H](OCC=C)[C@@H](OCC=C)C=C2c3cc4c(cc3C(=O)N(CC=C)[C@H]21)OCO4,NaN,NaN,0,OZOSFGMGRKTGKS-LIONHTAISA-N
,CCCCCCCCCCCCNc1nc(=O)n([C@H]2C[C@H](O)[C@@H](CO)O2)cc1C,NaN,NaN,0,ARWXCKBBVKAAME-XUVXKRRUSA-N
,CCCC(=O)CC(=O)NC1CCOC1=O,NaN,NaN,0,YRYOXRMDHALAFL-UHFFFAOYSA-N
,C=CCCCCCCCCOC(=O)[C@@H]1CSC(C)(C)N1C(=O)C(=O)C(C)(C)C,NaN,NaN,0,BYLCTDZTROMLAV-KRWDZBQOSA-N
,CC(C)(C)/[N+]([O-])=C/c1cn(CCC(F)(F)C(F)(F)C(F)(F)C(F)(F)C(F)(F)C(F)(F)C(F)(F)C(F)(F)F)nn1,NaN,NaN,0,KVLXPRMXONJKLT-YUNZFPBBSA-N
,Cc1c(C)c(S(=O)(=O)N(CCCCCON)OCCC[NH3+])c(C)c2c1OC(C)(C)CC2,NaN,NaN,0,OMWXKLKYIFJFPV-UHFFFAOYSA-O
,CC1(C(=O)NCCCCCCCCCNC(=O)C2(C)CC2(Cl)Cl)CC1(Cl)Cl,NaN,NaN,0,MQYFVUPOBYAPOW-UHFFFAOYSA-N
,CCCCCCN(CCCCCC)C(=O)C[C@H]1C[C@H](O)C[C@@]2(CCC3(C=CC(=O)C=C3)O2)O1,NaN,NaN,0,CEMCRRRLXKGVAK-XFAFFCHDSA-N
,CCCCCC[C@H]1CCC[C@@H](Cn2cc([C@@H]3CCC[C@H](CCCCO)O3)nn2)O1,NaN,NaN,0,FKRUDETVSGLTKN-FKEBYFGASA-N
,O=C(C[C@@H](CCCC1CCCCC1)c1nc(C(=O)NCC2CC2)no1)NO,NaN,NaN,0,SJSLPFGXTJRLHN-OAHLLOKOSA-N
,O=C(OCC(=O)c1ccc(Br)s1)c1ccc(O)cc1,NaN,NaN,0,LZQQBSKPWQQPGA-UHFFFAOYSA-N
,CN(Cc1ccc(C(N)=O)cc1)c1ccc(C(F)(F)F)cn1,NaN,NaN,0,YHAPJLRGVSHPNT-UHFFFAOYSA-N
,OCCOCn1c(Br)nc(Br)c1Br,NaN,NaN,0,RQVCNOSVYKVMSZ-UHFFFAOYSA-N
,Oc1nc2c(F)c(F)c(F)c(F)c2nc1O,NaN,NaN,0,WFTLZGPAIOZPTP-UHFFFAOYSA-N
,C1=CC=C2NCCC/N=C3/C=CC=CC=C3NCCC/N=C\2C=C1,NaN,NaN,0,OEHCVRNWMIVHJX-RSFSRFMPSA-N
,N#Cc1cccc(C#Cc2cccc(F)n2)c1,NaN,NaN,0,HSNCZSOZYYJFJF-UHFFFAOYSA-N
,O=C1N[C@H]2C(=O)c3c(Br)sc(Br)c3[C@H]2O1,NaN,NaN,0,QTMOAZOFQWGGSA-WVZVXSGGSA-N
,CCCCS(=O)(=O)c1sc2nc(C)cc(C)c2c1N,NaN,NaN,0,BCGKWKXODYXQCM-UHFFFAOYSA-N
,FC(F)(F)C(F)(F)C(F)(F)c1nc2nc(Cl)c(Cl)[nH]c-2n1,NaN,NaN,0,LCKNWPJVPBZFLM-UHFFFAOYSA-N
,O=C(/C=C/c1ccc(Br)o1)Nc1nccs1,NaN,NaN,0,HDSKPQMAJADURQ-DUXPYHPUSA-N
,Cc1nc(SCC(=O)NC2CC2)c2c(C)c(C)sc2n1,NaN,NaN,0,SGAZXCMOPCSECL-UHFFFAOYSA-N
,O=C(NC1CCCC1)C1CC(=O)N(C2CCCCCCC2)C1,NaN,NaN,0,NDVKNIGMMDBIFG-UHFFFAOYSA-N
,O=c1oc2c(Br)c(O)c(Br)cc2s1,NaN,NaN,0,UQVSVBRSYCUBMZ-UHFFFAOYSA-N
,NC(=O)Cc1nc(-c2ccc(F)cc2)oc1-c1ccsc1,NaN,NaN,0,SQKLEADNPQCHLT-UHFFFAOYSA-N
,O=C1C(Br)=C(Br)C(=O)c2[nH]cnc21,NaN,NaN,0,WHRDOPKCVUZBMR-UHFFFAOYSA-N
,Cc1ccc(C[S+]([O-])c2nc3c(C)sc(C)c3[nH]2)nc1,NaN,NaN,0,KFDDUABLCIPTOB-UHFFFAOYSA-N
,N#Cc1c(NC(=O)CSC2=NCCS2)sc2c1CCCC2,NaN,NaN,0,FELKDIILSAVPNN-UHFFFAOYSA-N
,Cc1nnc(SC(C)C(=O)NC2CCCCC2C)s1,NaN,NaN,0,ZKTVQZUDZRAOMK-UHFFFAOYSA-N
,CN(C)c1ccc(C#Cc2cnc(OCCOCCOCCF)c(I)c2)cc1,NaN,NaN,0,WZZGJPUMEOHNNV-UHFFFAOYSA-N
,Cc1ccc(SCC(=O)Nc2c(Br)cnn2C)cc1,NaN,NaN,0,HVFGNTQJIYQCIS-UHFFFAOYSA-N
,O=C(COc1ccc(Br)cc1)Nc1ccncc1,NaN,NaN,0,RTLXCQJPRJXRMR-UHFFFAOYSA-N
,CC(C)CNC(=O)Cn1nc(C(F)(F)F)c2c1CCCC2,NaN,NaN,0,OWHICFWNCJNOSZ-UHFFFAOYSA-N
,O=C1N[C@@H]2c3c(Br)sc(Br)c3C(=O)[C@@H]2O1,NaN,NaN,0,MMTKAAVXVCBXFI-NQXXGFSBSA-N
,O=C(N[C@H](CO)C1CCCCC1)C1CCCCc2ncsc21,NaN,NaN,0,IXCRMSPMULYANL-AWKYBWMHSA-N
,Nc1nc2c(Br)c3nc(N)sc3cc2s1,NaN,NaN,0,KCRIGFJJZPLRDX-UHFFFAOYSA-N
,O=C(NCCC1=CCCCC1)c1coc(=O)c(Br)c1,NaN,NaN,0,FKAJFMXQSCCVNE-UHFFFAOYSA-N
,NC(=O)CSc1nc(C2CC2)nc2sc3c(c12)CCCC3,NaN,NaN,0,FWZLSPGCLNXYDX-UHFFFAOYSA-N
,O/N=C1\C/C(=N\O)c2c(Br)sc(Br)c21,NaN,NaN,0,PUIUOZJBQWAZHU-NXOFHUPFSA-N
,CC1=C(C)SC(=C2Sc3c(n(C)c(=O)n(C)c3=O)S2)S1,NaN,NaN,0,ZHYZLWFRVZJFOG-UHFFFAOYSA-N
,CSc1nccc(C#Cc2ccc(CC(C)NC(C)=O)cc2)n1,NaN,NaN,0,HNPLAILUODFEHP-UHFFFAOYSA-N
,CC(C)(C)c1csc(NC(=O)CSC2=NCCS2)n1,NaN,NaN,0,TXWIBGFMTYCNCO-UHFFFAOYSA-N
,CCc1c([C@@](C)(O)CS(=O)(=O)CC)[nH]c2cc(C(F)(F)F)c(C#N)cc12,NaN,NaN,0,UFWYRFUNCVZCRI-INIZCTEOSA-N
,Cc1ccc(C(C)(O)CNC(=O)c2sccc2Br)o1,NaN,NaN,0,BTTFRWHDHQBSSM-UHFFFAOYSA-N
,O=c1cc(C(F)(F)F)c2cc(N(CCO)CC(F)(F)F)ccc2[nH]1,NaN,NaN,0,PFPIAAVBEPSGTQ-UHFFFAOYSA-N
,CO[C@H]1C[C@@H]([C@@H](O)[C@@](C)(OC)[C@H](C)OC)O[C@]2(O[C@](C)([C@H]3CC[C@@H]([C@H]4CC[C@H]([C@H]5O[C@](C)(O)[C@H](C)[C@@H](O)[C@@H]5C)O4)O3)[C@H](OC)[C@H]2C)[C@H]1C,NaN,NaN,0,HRLMVMVJBWJIGC-OQRYYJOCSA-N
,NS(=O)(=O)c1ccc(C#Cc2ccc(=O)n(C(F)F)c2)cc1,NaN,NaN,0,NGMLZRLOVANOEB-UHFFFAOYSA-N
,S=C(N/N=C\C=N/NC(=S)N1CCCCC1)N1CCCCC1,NaN,NaN,0,CWFKUWZANGTEQS-DUGOVBPYSA-N
,Cc1nc(N2CCOCC2)nc(O)c1C(O)C(Cl)(Cl)Cl,NaN,NaN,0,GKEJJXHPPBBOFZ-UHFFFAOYSA-N
,Nc1ncc(Br)cc1S(=O)(=O)N1CCCCCC1,NaN,NaN,0,HSAJSZWUNZHVLD-UHFFFAOYSA-N
,Nc1nnc(SCC(=O)NCC(=O)Nc2ccc(F)c(F)c2F)s1,NaN,NaN,0,QYAPJAOUYYVUKP-UHFFFAOYSA-N
,C=CCn1c(SCC(=O)NCCO)nc2sc(C)c(C)c2c1=O,NaN,NaN,0,YTIANRKXGCFREQ-UHFFFAOYSA-N
,NC(=O)c1ccc(NCC(=O)N/N=C/c2c(Cl)cncc2Cl)cc1,NaN,NaN,0,PQQBVUPQGDSKPT-IGCPIRJNSA-N
,Cc1oc2nc(SCCCC(=O)NCCCO)nc(N)c2c1C,NaN,NaN,0,ABUROUZAPKAPFT-UHFFFAOYSA-N
,CC(O)Cn1cnc2c(S)nc(F)nc21,NaN,NaN,0,XSFNVACWJMTADR-UHFFFAOYSA-N
,CC(C)(CC(=O)NC1CC1)CC(=O)N[C@H]1C2CC3CC1C[C@](C(N)=O)(C3)C2,NaN,NaN,0,VLDUQTLOJSSOIR-RXAJHBGNSA-N
,CCC(C)[C@H](NC(=O)N1CCCC1)C(N)=O,NaN,NaN,0,JOQJHWKBTXUIMR-GKAPJAKFSA-N
,CCOC(=O)C(NC(=O)CC(C)C)(Nc1sc(C)c(CC)c1C#N)C(F)(F)F,NaN,NaN,0,VRZOKRZWVVZDNI-UHFFFAOYSA-N
,C=C[C@@](C)(CC[C@@H]1[C@@]2(C)CCCC(C)(C)[C@@H]2CC[C@@]1(C)O)O[C@@H]1O[C@H](C)[C@H](O)[C@H](O)[C@H]1O,NaN,NaN,0,QIFUWGZVLWAGTD-BICFHPTJSA-N
,C#C[C@]1(O)CC[C@H]2[C@@H]3CCC4=CC(=O)CC[C@@H]4[C@H]3CC[C@@]21CCCO,NaN,NaN,0,NNUPASPCKWGLHG-ZCPXKWAGSA-N
,CCOCC1CN(C(=S)SSC(=S)N2CCCOC(COCC)C2)CCCO1,NaN,NaN,0,LUSSBOFLOZPZGV-UHFFFAOYSA-N
,CNC(=S)n1nc(SC)nc1N,NaN,NaN,0,IVHLKDRJFUJUDY-UHFFFAOYSA-N
,CCc1c(C)[nH]c2c(C#N)c(C)nn2c1=O,NaN,NaN,0,ZCAHZFVKTFERAJ-UHFFFAOYSA-N
,Oc1nc(O)c(Br)c(N2CCC2)n1,NaN,NaN,0,QZZGLNTXJCNQTI-UHFFFAOYSA-N
,CSC(C#CC(C)(C)[NH+]1CCOCC1)=[N+](C)C,NaN,NaN,0,PLELILYFZOLFTQ-UHFFFAOYSA-O
,C[NH+]1CCC[C@@H]2C[C@H]3C[C@H](C[NH+]4CCCC[C@H]34)[C@@H]21,NaN,NaN,0,WPURYKDOSCZJJP-YIDVYQOGSA-P
,CNc1nc(C#N)cnc1C#N,NaN,NaN,0,OYHLHMJMFGUWEU-UHFFFAOYSA-N
,O=C1C(Cl)=C(Cl)C(=O)c2ncncc21,NaN,NaN,0,RLWGCMZFKSBELN-UHFFFAOYSA-N
,CC(C)(O)C(C)(C)OB(OC(C)(C)C(C)(C)O)c1ccncc1C#N,NaN,NaN,0,XEXGCHKOVPKTKF-UHFFFAOYSA-N
,CC(C)(C)C1CCN(N=O)CC1,NaN,NaN,0,XVZWACWGVWVKEW-UHFFFAOYSA-N
,O=c1[nH]c2c(c(=O)n1O)C1CCCCC1S2,NaN,NaN,0,AAEGSDHYBKABPZ-UHFFFAOYSA-N
,C=CCCCC[C@H]1CC[NH2+]C[C@@H]1C(=O)[O-],NaN,NaN,0,VNJOUVPMXNMMRO-QWRGUYRKSA-N
,CC(C)C[C@@H]1NC(=O)NCN(C)C1=O,NaN,NaN,0,PPLDCOQCIXMKCL-ZETCQYMHSA-N
,CC1C=NN(C(N)=O)C1(O)C(F)(F)F,NaN,NaN,0,MUTWSEBHZIPPIC-UHFFFAOYSA-N
,C1CC[NH+]2CC3CCC[NH+]4CCCC(C2C1)C34,NaN,NaN,0,UENROKUHQFYYJA-UHFFFAOYSA-P
,C=C1NC(=O)[C@H]([C@H](C)OC)N(C)C1=O,NaN,NaN,0,GXNDDRVCUBWYBN-BQBZGAKWSA-N
,C[C@@H]1CCC[C@H](C)N1[n+]1[cH-]c(=N)on1,NaN,NaN,0,VBBUFAXMBDEROK-OCAPTIKFSA-N
,CC1=CS(=O)(=O)CC1Sc1nc(C)n[nH]1,NaN,NaN,0,ZLXQZVRHZQIISA-UHFFFAOYSA-N
,CSc1nc2c(=S)n(C)c(=O)n(C)c2[nH]1,NaN,NaN,0,KBRBLIPQXNCIFS-UHFFFAOYSA-N
,N#Cc1c(F)c(F)c2nc(N)nc(N)c2c1F,NaN,NaN,0,NWSTWRJDOXCDLN-UHFFFAOYSA-N
,Cn1c(=O)n(C)c2cc3[nH]cnc3cc21,NaN,NaN,0,QUEXVBNPLGCNGI-UHFFFAOYSA-N
,N#CC1C[C@@H]2C[C@@H]2N1C(=O)[C@@H]1CCCN1N,NaN,NaN,0,SJLYSZRTAARKMZ-ITRGKUQCSA-N
,CC1=CC(N2C(=O)C(C)=CC2O)NC1=O,NaN,NaN,0,NRRUIDNYDPVJEP-UHFFFAOYSA-N
,Cc1nc2[nH]c(=S)n(C)c(=O)c2nc1C,NaN,NaN,0,SIUDFWSGMJDWLI-UHFFFAOYSA-N
,C1CC[NH+]2C[C@@H]3C[C@@H](C[NH+]4CCCC[C@H]34)[C@H]2C1,NaN,NaN,0,SLRCCWJSBJZJBV-BYNSBNAKSA-P
,COC(=O)C1=C(C)NC(=S)NC1C,NaN,NaN,0,UQXOKGOTLAFZOQ-UHFFFAOYSA-N
,Cc1c(O)c(Br)c(CO)c[n+]1[O-],NaN,NaN,0,IVNXWEPOCMJOLA-UHFFFAOYSA-N
,CC(C)C1Nc2ccncc2S(=O)(=O)N1,NaN,NaN,0,LFPAJKYKWPFEBG-UHFFFAOYSA-N
,CC(=O)N(C(C)=O)c1n[nH]c(=S)s1,NaN,NaN,0,MXKMZVYYGKUPKJ-UHFFFAOYSA-N
,CC/N=c1/sc(=O)[nH]c2cc(C)nn12,NaN,NaN,0,KWFCSTISDGNRBW-VQHVLOKHSA-N
,CSc1nnc(C(C)(C)C)c(=O)n1N,NaN,NaN,0,FOXFZRUHNHCZPX-UHFFFAOYSA-N
,O=C(NC1CCCCC1)C(=S)N1CCOCC1,NaN,NaN,0,NJSNBZHYYZEIQC-UHFFFAOYSA-N
,COCc1cc(O)n2nc(C)cc2n1,NaN,NaN,0,ZJOJZHUQQWDWER-UHFFFAOYSA-N
,Cc1cc(N2CCC(O)CC2)nc(C)n1,NaN,NaN,0,KSLPDQWOFAZNCZ-UHFFFAOYSA-N
,CCCCCC[S+]([O-])[C@H]1CS(=O)(=O)C[C@@H]1[S+]([O-])CCCCCC,NaN,NaN,0,XLALDRNIXLZYLY-TUKZGULFSA-N
,CC1=CS(=O)(=O)CC1Sc1nc[nH]n1,NaN,NaN,0,KQQQZFRGGZECOI-UHFFFAOYSA-N
,Cc1cc(C)cc(-n2ncc(=O)[nH]c2=O)c1,NaN,NaN,0,QLYXXNOAOGKYDD-UHFFFAOYSA-N
,O=c1[nH]nc(Cl)c2nc[nH]c12,NaN,NaN,0,WNTYNHTVJYHREJ-UHFFFAOYSA-N
,C1=CC2C3CC3C1C1C[NH+](C3CC[NH2+]CC3)CC21,NaN,NaN,0,PMBHZQOGSZGMEH-UHFFFAOYSA-P
,[NH3+]C1CC[NH+](CC(F)(F)F)C1,NaN,NaN,0,NSCLPIBLZPOZRN-UHFFFAOYSA-P
,Cc1cnc(C[NH+]2CCC([NH3+])CC2)c(C)c1O,NaN,NaN,0,CKFXYABDTPJXFG-UHFFFAOYSA-P
,Cc1nncc([C@H]2C[NH+]3CC[C@H]2C3)n1,NaN,NaN,0,OVEOYVODAWBPAY-IUCAKERBSA-O
,CC1(C)C2(C#N)C(=O)NC(=O)C12C#N,NaN,NaN,0,FOMVWDRGKOOUGP-UHFFFAOYSA-N
,C=CCNC1=C(C(=O)CCC(=O)OC)C(=O)CC(C)(C)C1,NaN,NaN,0,JVOGKHZEEQZWDF-UHFFFAOYSA-N
,C#CC(C)(C)OC(=O)C1CN=CNC1,NaN,NaN,0,OSCUXIANHOPRJM-UHFFFAOYSA-N
,C[NH+]1CCCC(C2CCC[NH+]2C)C1,NaN,NaN,0,LGMQKWYKBNHSOY-UHFFFAOYSA-P
,CCOC(=O)C(=O)NC1CCSC1=O,NaN,NaN,0,RWJLXVIKSKTOGN-UHFFFAOYSA-N
,CC(C)/C=c1\[nH]c(=O)/c(=C/C(C)C)[nH]c1=O,NaN,NaN,0,MZULNKGUJMEMFD-OZDSWYPASA-N
,C1CCC([NH2+]C2CC[NH2+]CC2)C1,NaN,NaN,0,WRJYRNIARRMKLN-UHFFFAOYSA-P
,CC1SC(O)C(O)C(O)C1O,NaN,NaN,0,QVIFEFBNURQVKR-UHFFFAOYSA-N
,O=C([O-])c1nc2cc(Cl)ccc2[nH]c1=O,NaN,NaN,0,MBMPVNKCWNUXHU-UHFFFAOYSA-M
,O=C1C=C(NCCBr)C(=O)C=C1NCCBr,NaN,NaN,0,WDFILABNOIUBQY-UHFFFAOYSA-N
,Clc1cnc2c(N3CC[NH2+]CC3)nccn12,NaN,NaN,0,CFMLRIQUSHTHJE-UHFFFAOYSA-O
,O=C(N1CCCC1)N1C[C@@H]2C[NH2+]C[C@@H](C2)C1,NaN,NaN,0,UPSLIVIDGRNKID-PHIMTYICSA-O
,CC(C)C1C2CC(C[NH+](C)C2)C[NH+]1C,NaN,NaN,0,WXRPZVYVKFMVSN-UHFFFAOYSA-P
,[NH3+]C1CC[NH+](CC2CCCC2)CC1,NaN,NaN,0,PWPPWWYNPCKJIJ-UHFFFAOYSA-P
,O=C([O-])/C=C1\SC(=O)NC1=O,NaN,NaN,0,GZMAUGAAAMRIDY-UPHRSURJSA-M
,Cc1cc(=O)[nH]c(=O)n1C1C=CC(O)C1,NaN,NaN,0,GBMIPVMEEVKWIO-UHFFFAOYSA-N
,COC1OC(C(C)O)C2OC(C)(C)OC12,NaN,NaN,0,GSNRIRGBWBCNKC-UHFFFAOYSA-N
,[NH3+]C1CC[NH+](CC2CCCC2)C1,NaN,NaN,0,RNXHKXQZFWIFAD-UHFFFAOYSA-P
,CN1CNS(=O)(=O)c2cc(F)cnc21,NaN,NaN,0,OEPDWESDUZAOGM-UHFFFAOYSA-N
,CCC1NC(=S)NC(=O)C1C#N,NaN,NaN,0,GLBUNNIPERPWCK-UHFFFAOYSA-N
,c1nnn(C2C[NH+]3CCC2CC3)n1,NaN,NaN,0,AMJXIOSRIOJUEM-UHFFFAOYSA-O
,COC1C=CC(O)C(CO)O1,NaN,NaN,0,BDSSJXGPGYQORZ-UHFFFAOYSA-N
,Cc1ncc(C(=O)N2C[C@@H]3CCC[NH2+][C@@H]3C2)cn1,NaN,NaN,0,RCNLVFDBEXIBAA-CMPLNLGQSA-O
,C[NH+]1CC23CC4CC2(CC4C3)C1,NaN,NaN,0,OOWDGAPHMGJIQL-UHFFFAOYSA-O
,C[NH+]1CCN(c2nc(O)c3c(n2)CCC3)CC1,NaN,NaN,0,HNUCZRIXNYRSNB-UHFFFAOYSA-O
,O=C([O-])C1CC[NH+]1C1CCCCC1,NaN,NaN,0,BFUBLGGCORUBBM-UHFFFAOYSA-N
,CCC(NC(=O)Nn1cnnc1)(C(F)(F)F)C(F)(F)F,NaN,NaN,0,XZDJLQPOYUSHRN-UHFFFAOYSA-N
,CC(C)[NH+]1CC2CCC(C1)C2[NH3+],NaN,NaN,0,SHYSXJBPBGOXED-UHFFFAOYSA-P
,C=CC[NH+]1CC[N+]2(CCCC2)CC1,NaN,NaN,0,SUYXAYPEGKYFPI-UHFFFAOYSA-O
,COc1ccc(S(=O)(=O)c2ccc(NC(=O)C(C)(O)C(F)(F)F)cc2)cc1,NaN,NaN,0,LNUKHBDRUABSFD-UHFFFAOYSA-N
,O=S(=O)(Nc1ccc2sc(CO)nc2c1)c1ccc(Br)cc1,NaN,NaN,0,LKCWZFXZDKCNOI-UHFFFAOYSA-N
,CCC(C)N(C)c1ncc(C#Cc2ccc(CC(C)NC(C)=O)cc2)cn1,NaN,NaN,0,XDXDXOIRVRSAJL-UHFFFAOYSA-N
,O=C1C=CC(=O)c2c(O)c(N(CCCl)CCCl)c(Cl)c(O)c21,NaN,NaN,0,VKJVVZBPJMASCF-UHFFFAOYSA-N
,Fc1nc(F)c(F)c(NCCCNc2c(F)c(F)nc(F)c2F)c1F,NaN,NaN,0,SXFVOOSWOKCVKQ-UHFFFAOYSA-N
,CCNC(=O)c1c(NC(=O)C23CC4CC(CC2C4)C3)sc2c1CCOC2,NaN,NaN,0,OENRDPZAKUHRRQ-UHFFFAOYSA-N
,O=C1NC(=S)NC(=O)C1=Cc1ccc(/C=C/C(=O)c2ccc(Cl)cc2)cc1,NaN,NaN,0,VBXOOXYVXYYBOG-BJMVGYQFSA-N
,N#CCCN(Cc1cccs1)S(=O)(=O)c1ccc(Br)cc1,NaN,NaN,0,HXRMBLGBFRHNFD-UHFFFAOYSA-N
,N#CCCN(Cc1ccco1)S(=O)(=O)c1ccc(Br)cc1,NaN,NaN,0,LTZJDONSXSGMCU-UHFFFAOYSA-N
,CCS(=O)(=O)c1ccc(CC(=O)Nc2ccc([C@H](O)C(F)(F)F)cc2)cc1,NaN,NaN,0,MJJOITFJPXICIV-KRWDZBQOSA-N
,O=S(=O)(Cc1ccc(C(F)(F)F)cc1)Nc1ccc(Cl)nc1O,NaN,NaN,0,JODNXYVYEVCMNI-UHFFFAOYSA-N
,CCCNC(=O)c1c(NC(=O)C2C(C)(C)C2(C)C)sc2c1CCOC2,NaN,NaN,0,AGYKJMUYQFTAJK-UHFFFAOYSA-N
,OCCC1([NH2+]CC(F)(F)F)CCOCC1,0,NaN,NaN,CWGRSGPYLPZQEH-UHFFFAOYSA-O
,CN(C)S(=O)(=O)N(CC(=O)Nc1ccc(C(F)(F)F)cc1)c1ccccc1,0,NaN,NaN,YEPRQOVDHHCQKY-UHFFFAOYSA-N
,O=C(/C=C/c1ccc(O)c(O)c1)c1ccc(NS(=O)(=O)c2ccccc2)cc1,0,NaN,NaN,ORKQCUFUKCAVIV-WUXMJOGZSA-N
,O=C(/C=C/c1ccc(O)cc1)c1cccc(NS(=O)(=O)c2cccc(O)c2)c1,0,NaN,NaN,WNXJCEVDFVATRB-FMIVXFBMSA-N
,O=C(/C=C/c1ccc(NS(=O)(=O)c2ccc(-c3ccccc3)cc2)cc1)NO,0,NaN,NaN,CITNMKKLNPYCDV-OVCLIPMQSA-N
,Cc1c(NC(=O)NC(=O)c2c(F)cccc2F)ccc(SC(F)(F)C(F)Cl)c1C,0,NaN,NaN,COTDVYWZNRMARX-UHFFFAOYSA-N
,O=P(O)(O)C(O)(C1CCCCC1)P(=O)(O)O,0,NaN,NaN,YMOJUZRGXNRXAD-UHFFFAOYSA-N
,OCC(O)[C@H]1O[C@@H]2O[C@H](C(Cl)(Cl)Cl)O[C@@H]2[C@H]1O,0,NaN,NaN,OJYGBLRPYBAHRT-YCNXOVPFSA-N
,CC(C)(O)C(C)(C)OB(OC(C)(C)C(C)(C)O)c1cc(Br)cnc1F,0,NaN,NaN,CAQAQLAJVPRMGC-UHFFFAOYSA-N
,CNC(=O)c1ccc(S(=O)(=O)Nc2cc(OC)c(Cl)cc2OC)cc1,0,NaN,NaN,UKVGBTHMOATKQC-UHFFFAOYSA-N
,COc1cc(/C=N/NS(=O)(=O)c2ccc(Br)cc2)ccc1O,0,NaN,NaN,YEPNXDSKPZILNX-CXUHLZMHSA-N
,CS(=O)(=O)c1ccc(Oc2cc(F)cc(Cl)c2)c(Br)c1,0,NaN,NaN,DEHILFOXGDHTTI-UHFFFAOYSA-N
,C[C@](O)(C(=O)NC1C2CC3CC(C2)CC1C3)C(F)(F)F,0,NaN,NaN,DTQJMECBCKLARG-KGSGTGJWSA-N
,NS(=O)(=O)c1ccc(Sc2cccc(F)c2)s1,0,NaN,NaN,WIQJJQDWOZBXHI-UHFFFAOYSA-N
,Cc1c(F)cc(C(=O)NCC(F)(F)F)cc1NCC(=O)N(C)C,0,NaN,NaN,BVMKWANHPOMMDM-UHFFFAOYSA-N
,Cc1cc(C)c2c(CSC(=S)N(C)C)cc(=O)oc2c1,0,NaN,NaN,XXXLZZNVZFSWQW-UHFFFAOYSA-N
,O=[As](O)(O)c1ccc(/N=N\c2ccc(O)cc2)cc1,0,NaN,NaN,DJCIIHFJCDJYHI-PFONDFGASA-N
,COC(=O)C12C3C4C1C1C2C3C41I,0,NaN,NaN,YAHYLPAQBZZHKI-UHFFFAOYSA-N
,Nc1nnc(C(F)(F)S(N)(=O)=O)s1,0,NaN,NaN,XGFIHSGMBUMCQS-UHFFFAOYSA-N
,C=CCc1ccc(O[C@@H]2O[C@H](CO)[C@@H](O)[C@H](O)[C@H]2O)c(O)c1,0,NaN,NaN,SUXVWSIPTXXPOZ-UXXRCYHCSA-N
,C(=C/COc1ccc(C2=[NH+]CCN2)cc1)\COc1ccc(C2=[NH+]CCN2)cc1,0,NaN,NaN,DTXPQWHAEILBLI-OWOJBTEDSA-P
,CCCCCCCCCCCCOCC#CCOC[C@H]1O[C@@H]2OC(C)(C)O[C@@H]2[C@H]2OCO[C@H]21,0,NaN,NaN,BVJDEHVBMDCSNR-ZLOLNMDISA-N
,[NH3+]CCOCCOCC[NH2+]Cc1cc(=O)[nH]c2c([N+](=O)[O-])cccc12,0,NaN,NaN,JSGZBMIEEQYKFR-UHFFFAOYSA-P
,C/N=C1\C(O)=C(N2CC2)/C(=N\C)C(O)=C1N1CC1,0,NaN,NaN,BOOSEQGZYKWWMN-MFUUIURDSA-N
,OC[C@H]1O[C@@H](OC/C=C/c2ccccc2)[C@H](O)[C@@H](O)[C@@H]1O,0,NaN,NaN,KHPCPRHQVVSZAH-GUNCLKARSA-N
,Nc1ncnc2c1ncn2C1O[C@H](CSCCCl)[C@@H](O)[C@H]1O,0,NaN,NaN,FVGIUFRYMWAPRK-PUXKXDTASA-N
,C[NH+](C)CCCOC1CC(C)(C)[NH+](C)C(C)(C)C1,0,NaN,NaN,GCBWOTFSWXWNDL-UHFFFAOYSA-P
,OCc1ccccc1-c1ccc(O[C@H]2O[C@H](CO)[C@@H](O)[C@H](O)[C@@H]2O)cc1,0,NaN,NaN,WVFILZJKRCVQTK-GFEQUFNTSA-N
,CC(C)C[NH+]1CC[NH+](Cc2c[nH]c3ccccc23)CC1CCO,0,NaN,NaN,BPVDFJMEFUTYIS-UHFFFAOYSA-P
,CCCCCCCCCCCC#Cc1cn([C@H]2C[C@H](F)[C@@H](CO)O2)c(=O)[nH]c1=O,0,NaN,NaN,YWHJSVUVKNMQKL-XUVXKRRUSA-N
,C(=C1\CCCN(c2ccc(C3=[NH+]CCN3)cc2)C1)\c1ccc(C2=[NH+]CCN2)cc1,0,NaN,NaN,YYVFIGGEWQGLMO-KNTRCKAVSA-P
,Cc1c(C2[NH+]3C[C@]4(C(C)C)C[NH+]2C[C@](C(C)C)(C3)C4=O)[nH]c(=O)[nH]c1=O,0,NaN,NaN,OKVCZGRVRAJOTO-QNBRMCRTSA-P
,OCCCc1cn(CCCCCCCCCCCCI)nn1,0,NaN,NaN,WTIKILIGBDXIMG-UHFFFAOYSA-N
,C[C@@H]1OC(=O)[C@H]1NC(=O)OC(C)(C)C,0,NaN,NaN,ZITVZMOAHYMMJY-WDSKDSINSA-N
,CCCCCCCC[C@H](C)C(=O)N1CCC[C@H]1C(=O)O[C@@H](C(=O)O[C@@H](C)C(=O)[O-])[C@@H](C)CC,0,NaN,NaN,NHPBYMFQSUHYPK-UQVNRYHBSA-M
,O=C(CCCCCCCCCCBr)CC(=O)N[C@H]1CCOC1=O,0,NaN,NaN,HITQIRLWGOWKEQ-HNNXBMFYSA-N
,CC(=O)Nc1ccc(S(=O)(=O)c2ccc(NC(C)=O)cc2Cl)cc1,0,NaN,NaN,JLPTYDIQCXFHRJ-UHFFFAOYSA-N
,CCCCCCCCOCC#CCOC[C@H]1O[C@H](O)[C@H](O)[C@@H](O)[C@H]1O,NaN,NaN,0,ZVRLQNBKIBNORM-ICUGJSFKSA-N
,NS(=O)(=O)c1nnc(NS(=O)(=O)C(F)(F)C(F)(F)C(F)(F)C(F)(F)F)s1,NaN,NaN,0,ZIZPSSXZSNIUPK-UHFFFAOYSA-N
,CC(=O)CC(C)(C)C1CCCCC1,NaN,NaN,0,OAFJAALOFJVHMK-UHFFFAOYSA-N
,CN(C)c1ccc(/C=C/C(=O)NS(=O)(=O)c2ccc(Cl)cc2)cc1,NaN,NaN,0,RDBBPXBLYAMHTF-LFYBBSHMSA-N
,Cc1c(O)nnc2sc(C(=O)NC3CN(c4ncc(C(F)(F)F)cn4)C3)c(N)c12,NaN,NaN,0,XHHXDHAYIZAGPD-UHFFFAOYSA-N
,CCCCCCSc1nc(N)c2ncn([C@@H]3O[C@H](CO)[C@@H](O)[C@H]3O)c2n1,NaN,NaN,0,NVINXDUHMZXGJN-SDBHATRESA-N
,Nc1cc(-c2ccc(Cl)cc2)nn1-c1ccc(Br)cc1,NaN,NaN,0,ZPAQVDQEDAOJPJ-UHFFFAOYSA-N
,CCCC(Sc1nc2cc(Cl)ccc2s1)C(=O)NS(C)(=O)=O,NaN,NaN,0,PSOLULMELWKRFF-UHFFFAOYSA-N
,C[C@@](CCc1ccc(-c2ccc(O)cc2)cc1)(C(=O)NO)S(C)(=O)=O,NaN,NaN,0,LICRIQHQBZYTRN-GOSISDBHSA-N
,O=C(NCCCCCc1nnn[nH]1)C(F)(F)C(F)(F)C(F)(F)F,NaN,NaN,0,JUGZETTYVICBNU-UHFFFAOYSA-N
,CC(C)(C)c1nnn(CC#CI)n1,NaN,NaN,0,OXYRYMOSCVMRSJ-UHFFFAOYSA-N
,CC(=O)OCC(F)(COC(C)=O)Cc1c(C)c(=O)[nH]c(=O)n1C,NaN,NaN,0,NUHSOJAIELGNLA-UHFFFAOYSA-N
,C=C(C)C[NH+](CC)Cc1nc(C(C)(C)C)no1,NaN,NaN,0,BPGKDTBAWJOHKP-UHFFFAOYSA-O
,CN(c1ccc(Br)cc1)S(=O)(=O)c1ccc(N)cc1,NaN,NaN,0,ZFSXITHSMAVWHE-UHFFFAOYSA-N
,CC(C)[C@@H](C)Nc1c(-c2c(F)cc(F)cc2F)c(Cl)nc2ncnn12,NaN,NaN,0,BMVBXRJVLUMWNN-MRVPVSSYSA-N
,CC[C@@H](C)[C@H]1C=C[C@H]2[C@H](O)[C@H](O)C[C@@H](C)[C@@H]2[C@@]1(C)C(=O)/C=C/OC,NaN,NaN,0,RGGZASMNPBPUCJ-ALEDJNDKSA-N
,CC1(C)[C@@H](Br)CC[C@@]2(C)[C@H]1CC[C@@](C)(O)[C@H]2CO,NaN,NaN,0,GXAPUVTZASMJLL-ZCRGAIPPSA-N
,CC(C)C(=O)NC(=S)Nc1ccc(S(=O)(=O)Nc2nccs2)cc1,NaN,NaN,0,GUGPYLPNNMTUHI-UHFFFAOYSA-N
,COC(=O)[C@@H]1[C@H](C(=O)OC)[C@]1(Br)CBr,NaN,NaN,0,DOUBHCUUZBHXSK-UAJQPJLXSA-N
,Cc1nc2c([se]1)C(=O)C=C(Nc1cc(Cl)cc(Cl)c1)C2=O,NaN,NaN,0,QPROHTCTRNWWMD-UHFFFAOYSA-N
,CCCCCCC[C@H]1O[C@@H]1C(OC(=O)CCCCCBr)C(=O)NC(C)(C)C,NaN,NaN,0,WMTKNWVDCHUBKF-FAZYOCGDSA-N
,CCCCC[C@H](O)/C=C/[C@@H]1[C@@H](C/C=C\CCCP(C)(=O)O)[C@@H](O)C[C@H]1O,NaN,NaN,0,ROXZAUCDLDATPM-LFZNYWNYSA-N
,CCCCCCCCOCC#CCOC[C@H]1O[C@@H]2OC(C)(C)O[C@@H]2[C@H]2OCO[C@H]21,NaN,NaN,0,ZDUTZYNMYRNIKD-XDWAVFMPSA-N
,CCC1(C)CC(C)(C(F)(F)F)OC1=O,NaN,NaN,0,BFJKFTNDFNNWRE-UHFFFAOYSA-N
,CCCCCCCCCCCCC#Cc1cn([C@H]2C[C@H](O)[C@@H](CO)O2)c(=O)[nH]c1=O,NaN,NaN,0,WRZPEEWYUHHKPC-PWRODBHTSA-N
,CC(C)[C@H](NC(=O)OC(C)(C)C)C(=S)N1CCSC1,NaN,NaN,0,KYZRUJHTCAYTCM-JTQLQIEISA-N
,CC(C)=CCC/C(C)=C/Cn1cc(CC(C)(P(=O)(O)O)P(=O)(O)O)nn1,NaN,NaN,0,GYDWCQXCCIWZQO-MDWZMJQESA-N
,O=S(=O)(NCCc1c[nH]cn1)C(F)(F)C(F)(F)C(F)(F)C(F)(F)F,NaN,NaN,0,SPRXPRWLIQHXMK-UHFFFAOYSA-N
,Oc1nc2cc(Br)cc(C(F)(F)F)c2nc1O,NaN,NaN,0,KJZDWJGZFGTVOI-UHFFFAOYSA-N
,Cc1c(Br)c(O)c(Br)c2sc(=O)oc12,NaN,NaN,0,UUKUAOFWZRKMLE-UHFFFAOYSA-N
,CC(=O)NC(C)Cc1ccc(C#Cc2ccnc(OC(C)C)n2)cc1,NaN,NaN,0,RDFABIZAJIFNLV-UHFFFAOYSA-N
,FC1(F)C(F)(F)[C@@](F)(Cl)[C@@]1(F)Cl,NaN,NaN,0,LMHAGAHDHRQIMB-XIXRPRMCSA-N
,CC(O)Cn1cnc2c(Cl)nc(I)nc21,NaN,NaN,0,GIZZOWHQIPWFSN-UHFFFAOYSA-N
,CC(=O)N[C@@H](C)C(=O)N1CCC[C@H]1C(=O)N[C@H](C(=O)C(F)(F)F)C(C)C,NaN,NaN,0,UIVHXYHBMDPWME-DLOVCJGASA-N
,O=C(CBr)c1sc(Br)cc1Br,NaN,NaN,0,VLASTNAYSUDRTA-UHFFFAOYSA-N
,CCCC(=O)OCC(=O)[C@@]1(OC(C)=O)CCC2C3CCC4=CC(=O)CCC4(C)C3C(O)CC21C,NaN,NaN,0,GUIOIDQMLKECTG-FULDRHPDSA-N
,C/C(=N\NC(=S)N(C)C)c1cnccn1,NaN,NaN,0,DHRWTXJFSSOZAA-KPKJPENVSA-N
,O=C1C=CC(=O)c2c(O)nc(CBr)nc21,NaN,NaN,0,BZVJZLZRJOJGMJ-UHFFFAOYSA-N
,Cc1ccc(NC(=O)/C(C#N)=C(\N)C(Cl)(Cl)Cl)nc1,NaN,NaN,0,BPICEFQNJLNAQX-CLFYSBASSA-N
,C=CC#CC1(O)CC(C)[NH+](C)CC1C,NaN,NaN,0,HERPIZXRZSGXDN-UHFFFAOYSA-O
,CCCCSC(S)=NC1CCS(=O)(=O)C1,NaN,NaN,0,QSGNHKKTKNNSEW-UHFFFAOYSA-N
,O=C1C(CO)=C[C@@H](O)[C@@H](O)[C@H]1Br,NaN,NaN,0,LEAJUGIPDBPIEB-JCGDXUMPSA-N
,C/C=C/C=c1\[nH]c(=O)/c(=C/CCCCC)[nH]c1=O,NaN,NaN,0,OKORZRVYEVCGMK-WDMVWXPDSA-N
,CSC(C)(C)CNC(=O)NC1CCSCC1,NaN,NaN,0,DWMOHPYBWSCLIN-UHFFFAOYSA-N
,CC(=O)C1=C(C)C(C)(OCC[N+](=O)[O-])NC1=O,NaN,NaN,0,PQMMHBFJXURLKX-UHFFFAOYSA-N
,CSc1nnc(S)n1N,NaN,NaN,0,PXELSCOPADHBHR-UHFFFAOYSA-N
,COc1ccc(S(=O)(=O)c2ccc([C@H](C)NC(=O)C(F)(F)F)cc2)cc1,NaN,NaN,0,SQYIOMVVUUXDFL-NSHDSACASA-N
,O=C(COC(=O)C12CC3CC(CC(O)(C3)C1)C2)NC12CC3CC(CC(C3)C1)C2,NaN,NaN,0,XCDQNQOMMMNKBJ-UHFFFAOYSA-N
,CC(=O)N(/N=C/c1ccc(Cl)cc1)c1nc(C)c[se]1,NaN,NaN,0,QEIBNKQWERDYJV-VIZOYTHASA-N
,C[C@H](CO)C1=C2C3=CC=C(C=O)C[C@H](O)[C@]3(C)CC[C@@]2(C)CC1,NaN,NaN,0,HFBBAANNESGPQZ-ISJOWMGUSA-N
